
FAILURE: Build failed with an exception.

* What went wrong:
Execution failed for task ':react-native-reanimated:buildCMakeRelWithDebInfo[arm64-v8a][reanimated]'.
> com.android.ide.common.process.ProcessException: ninja: Entering directory `D:\Projects\touch\touch-mobile\node_modules\react-native-reanimated\android\.cxx\RelWithDebInfo\6a3i4o4y\arm64-v8a'
  [0/2] Re-checking globbed directories...
  [1/79] Building CXX object CMakeFiles/reanimated.dir/33b91de4d264c572fb056fa8a2284a61/react-native-reanimated/Common/cpp/reanimated/CSS/easing/cubicBezier.cpp.o
  [2/79] Building CXX object CMakeFiles/reanimated.dir/33b91de4d264c572fb056fa8a2284a61/react-native-reanimated/Common/cpp/reanimated/CSS/easing/steps.cpp.o
  [3/79] Building CXX object CMakeFiles/reanimated.dir/994c0676b2314ffd6b40f7be9b05d1a6/Common/cpp/reanimated/CSS/easing/EasingFunctions.cpp.o
  [4/79] Building CXX object CMakeFiles/reanimated.dir/994c0676b2314ffd6b40f7be9b05d1a6/Common/cpp/reanimated/CSS/configs/CSSTransitionConfig.cpp.o
  [5/79] Building CXX object CMakeFiles/reanimated.dir/994c0676b2314ffd6b40f7be9b05d1a6/Common/cpp/reanimated/CSS/interpolation/filters/FilterOperation.cpp.o
  FAILED: CMakeFiles/reanimated.dir/994c0676b2314ffd6b40f7be9b05d1a6/Common/cpp/reanimated/CSS/interpolation/filters/FilterOperation.cpp.o 
  D:\AndroidStudioProjects\Sdk\ndk\28.2.13676358\toolchains\llvm\prebuilt\windows-x86_64\bin\clang++.exe --target=aarch64-none-linux-android24 --sysroot=D:/AndroidStudioProjects/Sdk/ndk/28.2.13676358/toolchains/llvm/prebuilt/windows-x86_64/sysroot -DRN_SERIALIZABLE_STATE -Dreanimated_EXPORTS -ID:/Projects/touch/touch-mobile/node_modules/react-native-reanimated/android/../Common/cpp -ID:/Projects/touch/touch-mobile/node_modules/react-native-reanimated/android/src/main/cpp -ID:/Projects/touch/touch-mobile/node_modules/react-native/ReactCommon -ID:/Projects/touch/touch-mobile/node_modules/react-native/ReactCommon/yoga -ID:/Projects/touch/touch-mobile/node_modules/react-native/ReactAndroid/src/main/jni/react/turbomodule -ID:/Projects/touch/touch-mobile/node_modules/react-native/ReactCommon/callinvoker -ID:/Projects/touch/touch-mobile/node_modules/react-native/ReactCommon/runtimeexecutor -ID:/Projects/touch/touch-mobile/node_modules/react-native/ReactCommon/jsiexecutor -ID:/Projects/touch/touch-mobile/node_modules/react-native/ReactCommon/react/renderer/graphics/platform/cxx -isystem D:/AndroidStudioProjects/.gradle/caches/8.13/transforms/761d13cc5b0f08ac09c3c16bb3bc519a/transformed/jetified-react-android-0.81.5-release/prefab/modules/reactnative/include -isystem D:/AndroidStudioProjects/.gradle/caches/8.13/transforms/761d13cc5b0f08ac09c3c16bb3bc519a/transformed/jetified-react-android-0.81.5-release/prefab/modules/jsi/include -isystem D:/AndroidStudioProjects/.gradle/caches/8.13/transforms/496183c206113a51ea543412a7084c83/transformed/jetified-fbjni-0.7.0/prefab/modules/fbjni/include -isystem D:/Projects/touch/touch-mobile/node_modules/react-native-worklets/android/build/prefab-headers/worklets -g -DANDROID -fdata-sections -ffunction-sections -funwind-tables -fstack-protector-strong -no-canonical-prefixes -D_FORTIFY_SOURCE=2 -Wformat -Werror=format-security   -DREACT_NATIVE_MINOR_VERSION=81    -DREANIMATED_VERSION=4.3.1    -DREANIMATED_FEATURE_FLAGS="[EXPERIMENTAL_CSS_ANIMATIONS_FOR_SVG_COMPONENTS:false][RUNTIME_TEST_FLAG:false][DISABLE_COMMIT_PAUSING_MECHANISM:false][ANDROID_SYNCHRONOUSLY_UPDATE_UI_PROPS:false][USE_SYNCHRONIZABLE_FOR_MUTABLES:true][FORCE_REACT_RENDER_FOR_SETTLED_ANIMATIONS:true][ENABLE_SHARED_ELEMENT_TRANSITIONS:false][IOS_SYNCHRONOUSLY_UPDATE_UI_PROPS:false][USE_COMMIT_HOOK_ONLY_FOR_REACT_COMMITS:true]" -fno-omit-frame-pointer -fstack-protector-all -fvisibility=hidden -DNDEBUG -flto=thin -O2 -g -DNDEBUG -fPIC -DFOLLY_NO_CONFIG=1 -DFOLLY_HAVE_CLOCK_GETTIME=1 -DFOLLY_USE_LIBCPP=1 -DFOLLY_CFG_NO_COROUTINES=1 -DFOLLY_MOBILE=1 -DFOLLY_HAVE_RECVMMSG=1 -DFOLLY_HAVE_PTHREAD=1 -DFOLLY_HAVE_XSI_STRERROR_R=1 -Wall -Werror -fexceptions -frtti -std=c++20 -DLOG_TAG=\"ReactNative\" -std=gnu++20 -MD -MT CMakeFiles/reanimated.dir/994c0676b2314ffd6b40f7be9b05d1a6/Common/cpp/reanimated/CSS/interpolation/filters/FilterOperation.cpp.o -MF CMakeFiles\reanimated.dir\994c0676b2314ffd6b40f7be9b05d1a6\Common\cpp\reanimated\CSS\interpolation\filters\FilterOperation.cpp.o.d -o CMakeFiles/reanimated.dir/994c0676b2314ffd6b40f7be9b05d1a6/Common/cpp/reanimated/CSS/interpolation/filters/FilterOperation.cpp.o -c D:/Projects/touch/touch-mobile/node_modules/react-native-reanimated/Common/cpp/reanimated/CSS/interpolation/filters/FilterOperation.cpp
  LLVM ERROR: out of memory
  Allocation failed
  PLEASE submit a bug report to https://github.com/android-ndk/ndk/issues and include the crash backtrace, preprocessed source, and associated run script.
  Stack dump:
  0.	Program arguments: D:\\AndroidStudioProjects\\Sdk\\ndk\\28.2.13676358\\toolchains\\llvm\\prebuilt\\windows-x86_64\\bin\\clang++.exe --target=aarch64-none-linux-android24 --sysroot=D:/AndroidStudioProjects/Sdk/ndk/28.2.13676358/toolchains/llvm/prebuilt/windows-x86_64/sysroot -DRN_SERIALIZABLE_STATE -Dreanimated_EXPORTS -ID:/Projects/touch/touch-mobile/node_modules/react-native-reanimated/android/../Common/cpp -ID:/Projects/touch/touch-mobile/node_modules/react-native-reanimated/android/src/main/cpp -ID:/Projects/touch/touch-mobile/node_modules/react-native/ReactCommon -ID:/Projects/touch/touch-mobile/node_modules/react-native/ReactCommon/yoga -ID:/Projects/touch/touch-mobile/node_modules/react-native/ReactAndroid/src/main/jni/react/turbomodule -ID:/Projects/touch/touch-mobile/node_modules/react-native/ReactCommon/callinvoker -ID:/Projects/touch/touch-mobile/node_modules/react-native/ReactCommon/runtimeexecutor -ID:/Projects/touch/touch-mobile/node_modules/react-native/ReactCommon/jsiexecutor -ID:/Projects/touch/touch-mobile/node_modules/react-native/ReactCommon/react/renderer/graphics/platform/cxx -isystem D:/AndroidStudioProjects/.gradle/caches/8.13/transforms/761d13cc5b0f08ac09c3c16bb3bc519a/transformed/jetified-react-android-0.81.5-release/prefab/modules/reactnative/include -isystem D:/AndroidStudioProjects/.gradle/caches/8.13/transforms/761d13cc5b0f08ac09c3c16bb3bc519a/transformed/jetified-react-android-0.81.5-release/prefab/modules/jsi/include -isystem D:/AndroidStudioProjects/.gradle/caches/8.13/transforms/496183c206113a51ea543412a7084c83/transformed/jetified-fbjni-0.7.0/prefab/modules/fbjni/include -isystem D:/Projects/touch/touch-mobile/node_modules/react-native-worklets/android/build/prefab-headers/worklets -g -DANDROID -fdata-sections -ffunction-sections -funwind-tables -fstack-protector-strong -no-canonical-prefixes -D_FORTIFY_SOURCE=2 -Wformat -Werror=format-security -DREACT_NATIVE_MINOR_VERSION=81 -DREANIMATED_VERSION=4.3.1 -DREANIMATED_FEATURE_FLAGS=[EXPERIMENTAL_CSS_ANIMATIONS_FOR_SVG_COMPONENTS:false][RUNTIME_TEST_FLAG:false][DISABLE_COMMIT_PAUSING_MECHANISM:false][ANDROID_SYNCHRONOUSLY_UPDATE_UI_PROPS:false][USE_SYNCHRONIZABLE_FOR_MUTABLES:true][FORCE_REACT_RENDER_FOR_SETTLED_ANIMATIONS:true][ENABLE_SHARED_ELEMENT_TRANSITIONS:false][IOS_SYNCHRONOUSLY_UPDATE_UI_PROPS:false][USE_COMMIT_HOOK_ONLY_FOR_REACT_COMMITS:true] -fno-omit-frame-pointer -fstack-protector-all -fvisibility=hidden -DNDEBUG -flto=thin -O2 -g -DNDEBUG -fPIC -DFOLLY_NO_CONFIG=1 -DFOLLY_HAVE_CLOCK_GETTIME=1 -DFOLLY_USE_LIBCPP=1 -DFOLLY_CFG_NO_COROUTINES=1 -DFOLLY_MOBILE=1 -DFOLLY_HAVE_RECVMMSG=1 -DFOLLY_HAVE_PTHREAD=1 -DFOLLY_HAVE_XSI_STRERROR_R=1 -Wall -Werror -fexceptions -frtti -std=c++20 -DLOG_TAG=\"ReactNative\" -std=gnu++20 -MD -MT CMakeFiles/reanimated.dir/994c0676b2314ffd6b40f7be9b05d1a6/Common/cpp/reanimated/CSS/interpolation/filters/FilterOperation.cpp.o -MF CMakeFiles\\reanimated.dir\\994c0676b2314ffd6b40f7be9b05d1a6\\Common\\cpp\\reanimated\\CSS\\interpolation\\filters\\FilterOperation.cpp.o.d -o CMakeFiles/reanimated.dir/994c0676b2314ffd6b40f7be9b05d1a6/Common/cpp/reanimated/CSS/interpolation/filters/FilterOperation.cpp.o -c D:/Projects/touch/touch-mobile/node_modules/react-native-reanimated/Common/cpp/reanimated/CSS/interpolation/filters/FilterOperation.cpp
  1.	D:/AndroidStudioProjects/Sdk/ndk/28.2.13676358/toolchains/llvm/prebuilt/windows-x86_64/sysroot/usr/include/c++/v1/__atomic/atomic.h:323:1 <Spelling=D:/AndroidStudioProjects/Sdk/ndk/28.2.13676358/toolchains/llvm/prebuilt/windows-x86_64/sysroot/usr/include/c++/v1/__config:814:38>: current parser token '_LIBCPP_TOSTRING'
  2.	D:/AndroidStudioProjects/Sdk/ndk/28.2.13676358/toolchains/llvm/prebuilt/windows-x86_64/sysroot/usr/include/c++/v1/__atomic/atomic.h:33:1 <Spelling=D:/AndroidStudioProjects/Sdk/ndk/28.2.13676358/toolchains/llvm/prebuilt/windows-x86_64/sysroot/usr/include/c++/v1/__config:865:39>: parsing namespace 'std'
  3.	D:/AndroidStudioProjects/Sdk/ndk/28.2.13676358/toolchains/llvm/prebuilt/windows-x86_64/sysroot/usr/include/c++/v1/__atomic/atomic.h:33:1 <Spelling=D:/AndroidStudioProjects/Sdk/ndk/28.2.13676358/toolchains/llvm/prebuilt/windows-x86_64/sysroot/usr/include/c++/v1/__config:866:39>: parsing namespace 'std::__ndk1'
  Exception Code: 0xC000001D
  0x00007FF792D6CDB6 <unknown module>
  0x00007FFC6EDF2139 <unknown module>
  0x0000000000000016 <unknown module>
  0x000000D8143F87F0 <unknown module>
  0x00000000002FFFE8 <unknown module>
  0x0000000000000016 <unknown module>
  0x00000000002FFFE8 <unknown module>
  clang++: error: clang frontend command failed due to signal (use -v to see invocation)
  Android (13624864, based on r530567e) clang version 19.0.1 (https://android.googlesource.com/toolchain/llvm-project 97a699bf4812a18fb657c2779f5296a4ab2694d2)
  Target: aarch64-none-linux-android24
  Thread model: posix
  InstalledDir: D:/AndroidStudioProjects/Sdk/ndk/28.2.13676358/toolchains/llvm/prebuilt/windows-x86_64/bin
  clang++: error: unable to execute command: Couldn't execute program 'D:/AndroidStudioProjects/Sdk/ndk/28.2.13676358/toolchains/llvm/prebuilt/windows-x86_64/bin/clang++.exe': Insufficient system resources exist to complete the requested service.  (0x5AA)
  clang++: note: diagnostic msg: Error generating preprocessed source(s).
  [6/79] Building CXX object CMakeFiles/reanimated.dir/994c0676b2314ffd6b40f7be9b05d1a6/Common/cpp/reanimated/CSS/common/values/CSSDiscreteArray.cpp.o
  FAILED: CMakeFiles/reanimated.dir/994c0676b2314ffd6b40f7be9b05d1a6/Common/cpp/reanimated/CSS/common/values/CSSDiscreteArray.cpp.o 
  D:\AndroidStudioProjects\Sdk\ndk\28.2.13676358\toolchains\llvm\prebuilt\windows-x86_64\bin\clang++.exe --target=aarch64-none-linux-android24 --sysroot=D:/AndroidStudioProjects/Sdk/ndk/28.2.13676358/toolchains/llvm/prebuilt/windows-x86_64/sysroot -DRN_SERIALIZABLE_STATE -Dreanimated_EXPORTS -ID:/Projects/touch/touch-mobile/node_modules/react-native-reanimated/android/../Common/cpp -ID:/Projects/touch/touch-mobile/node_modules/react-native-reanimated/android/src/main/cpp -ID:/Projects/touch/touch-mobile/node_modules/react-native/ReactCommon -ID:/Projects/touch/touch-mobile/node_modules/react-native/ReactCommon/yoga -ID:/Projects/touch/touch-mobile/node_modules/react-native/ReactAndroid/src/main/jni/react/turbomodule -ID:/Projects/touch/touch-mobile/node_modules/react-native/ReactCommon/callinvoker -ID:/Projects/touch/touch-mobile/node_modules/react-native/ReactCommon/runtimeexecutor -ID:/Projects/touch/touch-mobile/node_modules/react-native/ReactCommon/jsiexecutor -ID:/Projects/touch/touch-mobile/node_modules/react-native/ReactCommon/react/renderer/graphics/platform/cxx -isystem D:/AndroidStudioProjects/.gradle/caches/8.13/transforms/761d13cc5b0f08ac09c3c16bb3bc519a/transformed/jetified-react-android-0.81.5-release/prefab/modules/reactnative/include -isystem D:/AndroidStudioProjects/.gradle/caches/8.13/transforms/761d13cc5b0f08ac09c3c16bb3bc519a/transformed/jetified-react-android-0.81.5-release/prefab/modules/jsi/include -isystem D:/AndroidStudioProjects/.gradle/caches/8.13/transforms/496183c206113a51ea543412a7084c83/transformed/jetified-fbjni-0.7.0/prefab/modules/fbjni/include -isystem D:/Projects/touch/touch-mobile/node_modules/react-native-worklets/android/build/prefab-headers/worklets -g -DANDROID -fdata-sections -ffunction-sections -funwind-tables -fstack-protector-strong -no-canonical-prefixes -D_FORTIFY_SOURCE=2 -Wformat -Werror=format-security   -DREACT_NATIVE_MINOR_VERSION=81    -DREANIMATED_VERSION=4.3.1    -DREANIMATED_FEATURE_FLAGS="[EXPERIMENTAL_CSS_ANIMATIONS_FOR_SVG_COMPONENTS:false][RUNTIME_TEST_FLAG:false][DISABLE_COMMIT_PAUSING_MECHANISM:false][ANDROID_SYNCHRONOUSLY_UPDATE_UI_PROPS:false][USE_SYNCHRONIZABLE_FOR_MUTABLES:true][FORCE_REACT_RENDER_FOR_SETTLED_ANIMATIONS:true][ENABLE_SHARED_ELEMENT_TRANSITIONS:false][IOS_SYNCHRONOUSLY_UPDATE_UI_PROPS:false][USE_COMMIT_HOOK_ONLY_FOR_REACT_COMMITS:true]" -fno-omit-frame-pointer -fstack-protector-all -fvisibility=hidden -DNDEBUG -flto=thin -O2 -g -DNDEBUG -fPIC -DFOLLY_NO_CONFIG=1 -DFOLLY_HAVE_CLOCK_GETTIME=1 -DFOLLY_USE_LIBCPP=1 -DFOLLY_CFG_NO_COROUTINES=1 -DFOLLY_MOBILE=1 -DFOLLY_HAVE_RECVMMSG=1 -DFOLLY_HAVE_PTHREAD=1 -DFOLLY_HAVE_XSI_STRERROR_R=1 -Wall -Werror -fexceptions -frtti -std=c++20 -DLOG_TAG=\"ReactNative\" -std=gnu++20 -MD -MT CMakeFiles/reanimated.dir/994c0676b2314ffd6b40f7be9b05d1a6/Common/cpp/reanimated/CSS/common/values/CSSDiscreteArray.cpp.o -MF CMakeFiles\reanimated.dir\994c0676b2314ffd6b40f7be9b05d1a6\Common\cpp\reanimated\CSS\common\values\CSSDiscreteArray.cpp.o.d -o CMakeFiles/reanimated.dir/994c0676b2314ffd6b40f7be9b05d1a6/Common/cpp/reanimated/CSS/common/values/CSSDiscreteArray.cpp.o -c D:/Projects/touch/touch-mobile/node_modules/react-native-reanimated/Common/cpp/reanimated/CSS/common/values/CSSDiscreteArray.cpp
  LLVM ERROR: out of memory
  Allocation failed
  PLEASE submit a bug report to https://github.com/android-ndk/ndk/issues and include the crash backtrace, preprocessed source, and associated run script.
  Stack dump:
  0.	Program arguments: D:\\AndroidStudioProjects\\Sdk\\ndk\\28.2.13676358\\toolchains\\llvm\\prebuilt\\windows-x86_64\\bin\\clang++.exe --target=aarch64-none-linux-android24 --sysroot=D:/AndroidStudioProjects/Sdk/ndk/28.2.13676358/toolchains/llvm/prebuilt/windows-x86_64/sysroot -DRN_SERIALIZABLE_STATE -Dreanimated_EXPORTS -ID:/Projects/touch/touch-mobile/node_modules/react-native-reanimated/android/../Common/cpp -ID:/Projects/touch/touch-mobile/node_modules/react-native-reanimated/android/src/main/cpp -ID:/Projects/touch/touch-mobile/node_modules/react-native/ReactCommon -ID:/Projects/touch/touch-mobile/node_modules/react-native/ReactCommon/yoga -ID:/Projects/touch/touch-mobile/node_modules/react-native/ReactAndroid/src/main/jni/react/turbomodule -ID:/Projects/touch/touch-mobile/node_modules/react-native/ReactCommon/callinvoker -ID:/Projects/touch/touch-mobile/node_modules/react-native/ReactCommon/runtimeexecutor -ID:/Projects/touch/touch-mobile/node_modules/react-native/ReactCommon/jsiexecutor -ID:/Projects/touch/touch-mobile/node_modules/react-native/ReactCommon/react/renderer/graphics/platform/cxx -isystem D:/AndroidStudioProjects/.gradle/caches/8.13/transforms/761d13cc5b0f08ac09c3c16bb3bc519a/transformed/jetified-react-android-0.81.5-release/prefab/modules/reactnative/include -isystem D:/AndroidStudioProjects/.gradle/caches/8.13/transforms/761d13cc5b0f08ac09c3c16bb3bc519a/transformed/jetified-react-android-0.81.5-release/prefab/modules/jsi/include -isystem D:/AndroidStudioProjects/.gradle/caches/8.13/transforms/496183c206113a51ea543412a7084c83/transformed/jetified-fbjni-0.7.0/prefab/modules/fbjni/include -isystem D:/Projects/touch/touch-mobile/node_modules/react-native-worklets/android/build/prefab-headers/worklets -g -DANDROID -fdata-sections -ffunction-sections -funwind-tables -fstack-protector-strong -no-canonical-prefixes -D_FORTIFY_SOURCE=2 -Wformat -Werror=format-security -DREACT_NATIVE_MINOR_VERSION=81 -DREANIMATED_VERSION=4.3.1 -DREANIMATED_FEATURE_FLAGS=[EXPERIMENTAL_CSS_ANIMATIONS_FOR_SVG_COMPONENTS:false][RUNTIME_TEST_FLAG:false][DISABLE_COMMIT_PAUSING_MECHANISM:false][ANDROID_SYNCHRONOUSLY_UPDATE_UI_PROPS:false][USE_SYNCHRONIZABLE_FOR_MUTABLES:true][FORCE_REACT_RENDER_FOR_SETTLED_ANIMATIONS:true][ENABLE_SHARED_ELEMENT_TRANSITIONS:false][IOS_SYNCHRONOUSLY_UPDATE_UI_PROPS:false][USE_COMMIT_HOOK_ONLY_FOR_REACT_COMMITS:true] -fno-omit-frame-pointer -fstack-protector-all -fvisibility=hidden -DNDEBUG -flto=thin -O2 -g -DNDEBUG -fPIC -DFOLLY_NO_CONFIG=1 -DFOLLY_HAVE_CLOCK_GETTIME=1 -DFOLLY_USE_LIBCPP=1 -DFOLLY_CFG_NO_COROUTINES=1 -DFOLLY_MOBILE=1 -DFOLLY_HAVE_RECVMMSG=1 -DFOLLY_HAVE_PTHREAD=1 -DFOLLY_HAVE_XSI_STRERROR_R=1 -Wall -Werror -fexceptions -frtti -std=c++20 -DLOG_TAG=\"ReactNative\" -std=gnu++20 -MD -MT CMakeFiles/reanimated.dir/994c0676b2314ffd6b40f7be9b05d1a6/Common/cpp/reanimated/CSS/common/values/CSSDiscreteArray.cpp.o -MF CMakeFiles\\reanimated.dir\\994c0676b2314ffd6b40f7be9b05d1a6\\Common\\cpp\\reanimated\\CSS\\common\\values\\CSSDiscreteArray.cpp.o.d -o CMakeFiles/reanimated.dir/994c0676b2314ffd6b40f7be9b05d1a6/Common/cpp/reanimated/CSS/common/values/CSSDiscreteArray.cpp.o -c D:/Projects/touch/touch-mobile/node_modules/react-native-reanimated/Common/cpp/reanimated/CSS/common/values/CSSDiscreteArray.cpp
  1.	<eof> parser at end of file
  2.	D:/AndroidStudioProjects/.gradle/caches/8.13/transforms/761d13cc5b0f08ac09c3c16bb3bc519a/transformed/jetified-react-android-0.81.5-release/prefab/modules/reactnative/include/fmt/format.h:1780:6: instantiating function definition 'fmt::detail::find_escape<char>'
  3.	D:/AndroidStudioProjects/Sdk/ndk/28.2.13676358/toolchains/llvm/prebuilt/windows-x86_64/sysroot/usr/include/c++/v1/__type_traits/conditional.h:39:29: instantiating class definition 'std::conditional<true, std::make_unsigned<char>, fmt::type_identity<unsigned int>>'
  Exception Code: 0xC000001D
  0x00007FF792D6CDB6, D:\AndroidStudioProjects\Sdk\ndk\28.2.13676358\toolchains\llvm\prebuilt\windows-x86_64\bin\clang++.exe(0x00007FF792730000) + 0x63CDB6 byte(s)
  0x00007FFC6EDF2139, C:\WINDOWS\System32\ucrtbase.dll(0x00007FFC6ED30000) + 0xC2139 byte(s), raise() + 0x1D9 byte(s)
  0x00007FFC6EDD5261, C:\WINDOWS\System32\ucrtbase.dll(0x00007FFC6ED30000) + 0xA5261 byte(s), abort() + 0x31 byte(s)
  0x00007FF792D4D05B, D:\AndroidStudioProjects\Sdk\ndk\28.2.13676358\toolchains\llvm\prebuilt\windows-x86_64\bin\clang++.exe(0x00007FF792730000) + 0x61D05B byte(s)
  0x00007FF792D4D072, D:\AndroidStudioProjects\Sdk\ndk\28.2.13676358\toolchains\llvm\prebuilt\windows-x86_64\bin\clang++.exe(0x00007FF792730000) + 0x61D072 byte(s)
  0x00007FF79273741C, D:\AndroidStudioProjects\Sdk\ndk\28.2.13676358\toolchains\llvm\prebuilt\windows-x86_64\bin\clang++.exe(0x00007FF792730000) + 0x741C byte(s)
  0x00007FF792A809FE, D:\AndroidStudioProjects\Sdk\ndk\28.2.13676358\toolchains\llvm\prebuilt\windows-x86_64\bin\clang++.exe(0x00007FF792730000) + 0x3509FE byte(s)
  0x00007FF793CC4DC5, D:\AndroidStudioProjects\Sdk\ndk\28.2.13676358\toolchains\llvm\prebuilt\windows-x86_64\bin\clang++.exe(0x00007FF792730000) + 0x1594DC5 byte(s)
  0x00007FF795B772FB, D:\AndroidStudioProjects\Sdk\ndk\28.2.13676358\toolchains\llvm\prebuilt\windows-x86_64\bin\clang++.exe(0x00007FF792730000) + 0x34472FB byte(s)
  0x00007FF795B7AEC7, D:\AndroidStudioProjects\Sdk\ndk\28.2.13676358\toolchains\llvm\prebuilt\windows-x86_64\bin\clang++.exe(0x00007FF792730000) + 0x344AEC7 byte(s)
  0x00007FF795CB286D, D:\AndroidStudioProjects\Sdk\ndk\28.2.13676358\toolchains\llvm\prebuilt\windows-x86_64\bin\clang++.exe(0x00007FF792730000) + 0x358286D byte(s)
  0x00007FF795CB4CC6, D:\AndroidStudioProjects\Sdk\ndk\28.2.13676358\toolchains\llvm\prebuilt\windows-x86_64\bin\clang++.exe(0x00007FF792730000) + 0x3584CC6 byte(s)
  0x00007FF795EF9701, D:\AndroidStudioProjects\Sdk\ndk\28.2.13676358\toolchains\llvm\prebuilt\windows-x86_64\bin\clang++.exe(0x00007FF792730000) + 0x37C9701 byte(s)
  0x00007FF7940E07E2, D:\AndroidStudioProjects\Sdk\ndk\28.2.13676358\toolchains\llvm\prebuilt\windows-x86_64\bin\clang++.exe(0x00007FF792730000) + 0x19B07E2 byte(s)
  0x00007FF795EE14DF, D:\AndroidStudioProjects\Sdk\ndk\28.2.13676358\toolchains\llvm\prebuilt\windows-x86_64\bin\clang++.exe(0x00007FF792730000) + 0x37B14DF byte(s)
  0x00007FF795EE0CDC, D:\AndroidStudioProjects\Sdk\ndk\28.2.13676358\toolchains\llvm\prebuilt\windows-x86_64\bin\clang++.exe(0x00007FF792730000) + 0x37B0CDC byte(s)
  0x00007FF795EC7ADC, D:\AndroidStudioProjects\Sdk\ndk\28.2.13676358\toolchains\llvm\prebuilt\windows-x86_64\bin\clang++.exe(0x00007FF792730000) + 0x3797ADC byte(s)
  0x00007FF7971BBEC6, D:\AndroidStudioProjects\Sdk\ndk\28.2.13676358\toolchains\llvm\prebuilt\windows-x86_64\bin\clang++.exe(0x00007FF792730000) + 0x4A8BEC6 byte(s)
  0x00007FF795CD770C, D:\AndroidStudioProjects\Sdk\ndk\28.2.13676358\toolchains\llvm\prebuilt\windows-x86_64\bin\clang++.exe(0x00007FF792730000) + 0x35A770C byte(s)
  0x00007FF795CAE575, D:\AndroidStudioProjects\Sdk\ndk\28.2.13676358\toolchains\llvm\prebuilt\windows-x86_64\bin\clang++.exe(0x00007FF792730000) + 0x357E575 byte(s)
  0x00007FF795CADD7E, D:\AndroidStudioProjects\Sdk\ndk\28.2.13676358\toolchains\llvm\prebuilt\windows-x86_64\bin\clang++.exe(0x00007FF792730000) + 0x357DD7E byte(s)
  0x00007FF795CAEA01, D:\AndroidStudioProjects\Sdk\ndk\28.2.13676358\toolchains\llvm\prebuilt\windows-x86_64\bin\clang++.exe(0x00007FF792730000) + 0x357EA01 byte(s)
  0x00007FF79719ADF2, D:\AndroidStudioProjects\Sdk\ndk\28.2.13676358\toolchains\llvm\prebuilt\windows-x86_64\bin\clang++.exe(0x00007FF792730000) + 0x4A6ADF2 byte(s)
  0x00007FF795CD5C5D, D:\AndroidStudioProjects\Sdk\ndk\28.2.13676358\toolchains\llvm\prebuilt\windows-x86_64\bin\clang++.exe(0x00007FF792730000) + 0x35A5C5D byte(s)
  0x00007FF795CD563B, D:\AndroidStudioProjects\Sdk\ndk\28.2.13676358\toolchains\llvm\prebuilt\windows-x86_64\bin\clang++.exe(0x00007FF792730000) + 0x35A563B byte(s)
  0x00007FF795CB886C, D:\AndroidStudioProjects\Sdk\ndk\28.2.13676358\toolchains\llvm\prebuilt\windows-x86_64\bin\clang++.exe(0x00007FF792730000) + 0x358886C byte(s)
  0x00007FF795CD75A9, D:\AndroidStudioProjects\Sdk\ndk\28.2.13676358\toolchains\llvm\prebuilt\windows-x86_64\bin\clang++.exe(0x00007FF792730000) + 0x35A75A9 byte(s)
  0x00007FF795CAE575, D:\AndroidStudioProjects\Sdk\ndk\28.2.13676358\toolchains\llvm\prebuilt\windows-x86_64\bin\clang++.exe(0x00007FF792730000) + 0x357E575 byte(s)
  0x00007FF795CADD7E, D:\AndroidStudioProjects\Sdk\ndk\28.2.13676358\toolchains\llvm\prebuilt\windows-x86_64\bin\clang++.exe(0x00007FF792730000) + 0x357DD7E byte(s)
  0x00007FF795CAEA01, D:\AndroidStudioProjects\Sdk\ndk\28.2.13676358\toolchains\llvm\prebuilt\windows-x86_64\bin\clang++.exe(0x00007FF792730000) + 0x357EA01 byte(s)
  0x00007FF79719ADF2, D:\AndroidStudioProjects\Sdk\ndk\28.2.13676358\toolchains\llvm\prebuilt\windows-x86_64\bin\clang++.exe(0x00007FF792730000) + 0x4A6ADF2 byte(s)
  0x00007FF795CD5C5D, D:\AndroidStudioProjects\Sdk\ndk\28.2.13676358\toolchains\llvm\prebuilt\windows-x86_64\bin\clang++.exe(0x00007FF792730000) + 0x35A5C5D byte(s)
  0x00007FF795CDF034, D:\AndroidStudioProjects\Sdk\ndk\28.2.13676358\toolchains\llvm\prebuilt\windows-x86_64\bin\clang++.exe(0x00007FF792730000) + 0x35AF034 byte(s)
  0x00007FF795CAE3A8, D:\AndroidStudioProjects\Sdk\ndk\28.2.13676358\toolchains\llvm\prebuilt\windows-x86_64\bin\clang++.exe(0x00007FF792730000) + 0x357E3A8 byte(s)
  0x00007FF795CDB894, D:\AndroidStudioProjects\Sdk\ndk\28.2.13676358\toolchains\llvm\prebuilt\windows-x86_64\bin\clang++.exe(0x00007FF792730000) + 0x35AB894 byte(s)
  0x00007FF795CAE5F9, D:\AndroidStudioProjects\Sdk\ndk\28.2.13676358\toolchains\llvm\prebuilt\windows-x86_64\bin\clang++.exe(0x00007FF792730000) + 0x357E5F9 byte(s)
  0x00007FF795CADD7E, D:\AndroidStudioProjects\Sdk\ndk\28.2.13676358\toolchains\llvm\prebuilt\windows-x86_64\bin\clang++.exe(0x00007FF792730000) + 0x357DD7E byte(s)
  0x00007FF795CD5068, D:\AndroidStudioProjects\Sdk\ndk\28.2.13676358\toolchains\llvm\prebuilt\windows-x86_64\bin\clang++.exe(0x00007FF792730000) + 0x35A5068 byte(s)
  0x00007FF795B8A6FF, D:\AndroidStudioProjects\Sdk\ndk\28.2.13676358\toolchains\llvm\prebuilt\windows-x86_64\bin\clang++.exe(0x00007FF792730000) + 0x345A6FF byte(s)
  0x00007FF795B79D92, D:\AndroidStudioProjects\Sdk\ndk\28.2.13676358\toolchains\llvm\prebuilt\windows-x86_64\bin\clang++.exe(0x00007FF792730000) + 0x3449D92 byte(s)
  0x00007FF795B78F39, D:\AndroidStudioProjects\Sdk\ndk\28.2.13676358\toolchains\llvm\prebuilt\windows-x86_64\bin\clang++.exe(0x00007FF792730000) + 0x3448F39 byte(s)
  0x00007FF795B8C6D6, D:\AndroidStudioProjects\Sdk\ndk\28.2.13676358\toolchains\llvm\prebuilt\windows-x86_64\bin\clang++.exe(0x00007FF792730000) + 0x345C6D6 byte(s)
  0x00007FF795CE506A, D:\AndroidStudioProjects\Sdk\ndk\28.2.13676358\toolchains\llvm\prebuilt\windows-x86_64\bin\clang++.exe(0x00007FF792730000) + 0x35B506A byte(s)
  0x00007FF795CCB1BA, D:\AndroidStudioProjects\Sdk\ndk\28.2.13676358\toolchains\llvm\prebuilt\windows-x86_64\bin\clang++.exe(0x00007FF792730000) + 0x359B1BA byte(s)
  0x00007FF795CE4E9C, D:\AndroidStudioProjects\Sdk\ndk\28.2.13676358\toolchains\llvm\prebuilt\windows-x86_64\bin\clang++.exe(0x00007FF792730000) + 0x35B4E9C byte(s)
  0x00007FF795CCB1BA, D:\AndroidStudioProjects\Sdk\ndk\28.2.13676358\toolchains\llvm\prebuilt\windows-x86_64\bin\clang++.exe(0x00007FF792730000) + 0x359B1BA byte(s)
  0x00007FF795CB5827, D:\AndroidStudioProjects\Sdk\ndk\28.2.13676358\toolchains\llvm\prebuilt\windows-x86_64\bin\clang++.exe(0x00007FF792730000) + 0x3585827 byte(s)
  0x00007FF795B8E691, D:\AndroidStudioProjects\Sdk\ndk\28.2.13676358\toolchains\llvm\prebuilt\windows-x86_64\bin\clang++.exe(0x00007FF792730000) + 0x345E691 byte(s)
  0x00007FF795B9246C, D:\AndroidStudioProjects\Sdk\ndk\28.2.13676358\toolchains\llvm\prebuilt\windows-x86_64\bin\clang++.exe(0x00007FF792730000) + 0x346246C byte(s)
  0x00007FF7940E3FD2, D:\AndroidStudioProjects\Sdk\ndk\28.2.13676358\toolchains\llvm\prebuilt\windows-x86_64\bin\clang++.exe(0x00007FF792730000) + 0x19B3FD2 byte(s)
  0x00007FF7940E47BC, D:\AndroidStudioProjects\Sdk\ndk\28.2.13676358\toolchains\llvm\prebuilt\windows-x86_64\bin\clang++.exe(0x00007FF792730000) + 0x19B47BC byte(s)
  0x00007FF797608854, D:\AndroidStudioProjects\Sdk\ndk\28.2.13676358\toolchains\llvm\prebuilt\windows-x86_64\bin\clang++.exe(0x00007FF792730000) + 0x4ED8854 byte(s)
  0x00007FF795FE76AE, D:\AndroidStudioProjects\Sdk\ndk\28.2.13676358\toolchains\llvm\prebuilt\windows-x86_64\bin\clang++.exe(0x00007FF792730000) + 0x38B76AE byte(s)
  0x00007FF794103B5E, D:\AndroidStudioProjects\Sdk\ndk\28.2.13676358\toolchains\llvm\prebuilt\windows-x86_64\bin\clang++.exe(0x00007FF792730000) + 0x19D3B5E byte(s)
  0x00007FF792E6B250, D:\AndroidStudioProjects\Sdk\ndk\28.2.13676358\toolchains\llvm\prebuilt\windows-x86_64\bin\clang++.exe(0x00007FF792730000) + 0x73B250 byte(s)
  0x00007FF792F04FD5, D:\AndroidStudioProjects\Sdk\ndk\28.2.13676358\toolchains\llvm\prebuilt\windows-x86_64\bin\clang++.exe(0x00007FF792730000) + 0x7D4FD5 byte(s)
  0x00007FF79286F7E8, D:\AndroidStudioProjects\Sdk\ndk\28.2.13676358\toolchains\llvm\prebuilt\windows-x86_64\bin\clang++.exe(0x00007FF792730000) + 0x13F7E8 byte(s)
  0x00007FF79286C8B0, D:\AndroidStudioProjects\Sdk\ndk\28.2.13676358\toolchains\llvm\prebuilt\windows-x86_64\bin\clang++.exe(0x00007FF792730000) + 0x13C8B0 byte(s)
  0x00007FF793E7829D, D:\AndroidStudioProjects\Sdk\ndk\28.2.13676358\toolchains\llvm\prebuilt\windows-x86_64\bin\clang++.exe(0x00007FF792730000) + 0x174829D byte(s)
  0x00007FF792D47ACD, D:\AndroidStudioProjects\Sdk\ndk\28.2.13676358\toolchains\llvm\prebuilt\windows-x86_64\bin\clang++.exe(0x00007FF792730000) + 0x617ACD byte(s)
  0x00007FF793E77CD5, D:\AndroidStudioProjects\Sdk\ndk\28.2.13676358\toolchains\llvm\prebuilt\windows-x86_64\bin\clang++.exe(0x00007FF792730000) + 0x1747CD5 byte(s)
  0x00007FF792E166C6, D:\AndroidStudioProjects\Sdk\ndk\28.2.13676358\toolchains\llvm\prebuilt\windows-x86_64\bin\clang++.exe(0x00007FF792730000) + 0x6E66C6 byte(s)
  0x00007FF792E3A8AD, D:\AndroidStudioProjects\Sdk\ndk\28.2.13676358\toolchains\llvm\prebuilt\windows-x86_64\bin\clang++.exe(0x00007FF792730000) + 0x70A8AD byte(s)
  0x00007FF79286B80E, D:\AndroidStudioProjects\Sdk\ndk\28.2.13676358\toolchains\llvm\prebuilt\windows-x86_64\bin\clang++.exe(0x00007FF792730000) + 0x13B80E byte(s)
  0x00007FF79287CA4D, D:\AndroidStudioProjects\Sdk\ndk\28.2.13676358\toolchains\llvm\prebuilt\windows-x86_64\bin\clang++.exe(0x00007FF792730000) + 0x14CA4D byte(s)
  0x00007FF792731395, D:\AndroidStudioProjects\Sdk\ndk\28.2.13676358\toolchains\llvm\prebuilt\windows-x86_64\bin\clang++.exe(0x00007FF792730000) + 0x1395 byte(s)
  0x00007FF7927314C8, D:\AndroidStudioProjects\Sdk\ndk\28.2.13676358\toolchains\llvm\prebuilt\windows-x86_64\bin\clang++.exe(0x00007FF792730000) + 0x14C8 byte(s)
  0x00007FFC6FCDCD87, C:\WINDOWS\System32\KERNEL32.DLL(0x00007FFC6FCB0000) + 0x2CD87 byte(s), BaseThreadInitThunk() + 0x17 byte(s)
  0x00007FFC719ECAEC, C:\WINDOWS\SYSTEM32\ntdll.dll(0x00007FFC71940000) + 0xACAEC byte(s), RtlUserThreadStart() + 0x2C byte(s)
  clang++: error: clang frontend command failed due to signal (use -v to see invocation)
  Android (13624864, based on r530567e) clang version 19.0.1 (https://android.googlesource.com/toolchain/llvm-project 97a699bf4812a18fb657c2779f5296a4ab2694d2)
  Target: aarch64-none-linux-android24
  Thread model: posix
  InstalledDir: D:/AndroidStudioProjects/Sdk/ndk/28.2.13676358/toolchains/llvm/prebuilt/windows-x86_64/bin
  clang++: error: unable to execute command: Couldn't execute program 'D:/AndroidStudioProjects/Sdk/ndk/28.2.13676358/toolchains/llvm/prebuilt/windows-x86_64/bin/clang++.exe': The paging file is too small for this operation to complete.  (0x5AF)
  clang++: note: diagnostic msg: Error generating preprocessed source(s).
  [7/79] Building CXX object CMakeFiles/reanimated.dir/994c0676b2314ffd6b40f7be9b05d1a6/Common/cpp/reanimated/CSS/common/values/CSSAngle.cpp.o
  FAILED: CMakeFiles/reanimated.dir/994c0676b2314ffd6b40f7be9b05d1a6/Common/cpp/reanimated/CSS/common/values/CSSAngle.cpp.o 
  D:\AndroidStudioProjects\Sdk\ndk\28.2.13676358\toolchains\llvm\prebuilt\windows-x86_64\bin\clang++.exe --target=aarch64-none-linux-android24 --sysroot=D:/AndroidStudioProjects/Sdk/ndk/28.2.13676358/toolchains/llvm/prebuilt/windows-x86_64/sysroot -DRN_SERIALIZABLE_STATE -Dreanimated_EXPORTS -ID:/Projects/touch/touch-mobile/node_modules/react-native-reanimated/android/../Common/cpp -ID:/Projects/touch/touch-mobile/node_modules/react-native-reanimated/android/src/main/cpp -ID:/Projects/touch/touch-mobile/node_modules/react-native/ReactCommon -ID:/Projects/touch/touch-mobile/node_modules/react-native/ReactCommon/yoga -ID:/Projects/touch/touch-mobile/node_modules/react-native/ReactAndroid/src/main/jni/react/turbomodule -ID:/Projects/touch/touch-mobile/node_modules/react-native/ReactCommon/callinvoker -ID:/Projects/touch/touch-mobile/node_modules/react-native/ReactCommon/runtimeexecutor -ID:/Projects/touch/touch-mobile/node_modules/react-native/ReactCommon/jsiexecutor -ID:/Projects/touch/touch-mobile/node_modules/react-native/ReactCommon/react/renderer/graphics/platform/cxx -isystem D:/AndroidStudioProjects/.gradle/caches/8.13/transforms/761d13cc5b0f08ac09c3c16bb3bc519a/transformed/jetified-react-android-0.81.5-release/prefab/modules/reactnative/include -isystem D:/AndroidStudioProjects/.gradle/caches/8.13/transforms/761d13cc5b0f08ac09c3c16bb3bc519a/transformed/jetified-react-android-0.81.5-release/prefab/modules/jsi/include -isystem D:/AndroidStudioProjects/.gradle/caches/8.13/transforms/496183c206113a51ea543412a7084c83/transformed/jetified-fbjni-0.7.0/prefab/modules/fbjni/include -isystem D:/Projects/touch/touch-mobile/node_modules/react-native-worklets/android/build/prefab-headers/worklets -g -DANDROID -fdata-sections -ffunction-sections -funwind-tables -fstack-protector-strong -no-canonical-prefixes -D_FORTIFY_SOURCE=2 -Wformat -Werror=format-security   -DREACT_NATIVE_MINOR_VERSION=81    -DREANIMATED_VERSION=4.3.1    -DREANIMATED_FEATURE_FLAGS="[EXPERIMENTAL_CSS_ANIMATIONS_FOR_SVG_COMPONENTS:false][RUNTIME_TEST_FLAG:false][DISABLE_COMMIT_PAUSING_MECHANISM:false][ANDROID_SYNCHRONOUSLY_UPDATE_UI_PROPS:false][USE_SYNCHRONIZABLE_FOR_MUTABLES:true][FORCE_REACT_RENDER_FOR_SETTLED_ANIMATIONS:true][ENABLE_SHARED_ELEMENT_TRANSITIONS:false][IOS_SYNCHRONOUSLY_UPDATE_UI_PROPS:false][USE_COMMIT_HOOK_ONLY_FOR_REACT_COMMITS:true]" -fno-omit-frame-pointer -fstack-protector-all -fvisibility=hidden -DNDEBUG -flto=thin -O2 -g -DNDEBUG -fPIC -DFOLLY_NO_CONFIG=1 -DFOLLY_HAVE_CLOCK_GETTIME=1 -DFOLLY_USE_LIBCPP=1 -DFOLLY_CFG_NO_COROUTINES=1 -DFOLLY_MOBILE=1 -DFOLLY_HAVE_RECVMMSG=1 -DFOLLY_HAVE_PTHREAD=1 -DFOLLY_HAVE_XSI_STRERROR_R=1 -Wall -Werror -fexceptions -frtti -std=c++20 -DLOG_TAG=\"ReactNative\" -std=gnu++20 -MD -MT CMakeFiles/reanimated.dir/994c0676b2314ffd6b40f7be9b05d1a6/Common/cpp/reanimated/CSS/common/values/CSSAngle.cpp.o -MF CMakeFiles\reanimated.dir\994c0676b2314ffd6b40f7be9b05d1a6\Common\cpp\reanimated\CSS\common\values\CSSAngle.cpp.o.d -o CMakeFiles/reanimated.dir/994c0676b2314ffd6b40f7be9b05d1a6/Common/cpp/reanimated/CSS/common/values/CSSAngle.cpp.o -c D:/Projects/touch/touch-mobile/node_modules/react-native-reanimated/Common/cpp/reanimated/CSS/common/values/CSSAngle.cpp
  LLVM ERROR: out of memory
  Allocation failed
  PLEASE submit a bug report to https://github.com/android-ndk/ndk/issues and include the crash backtrace, preprocessed source, and associated run script.
  Stack dump:
  0.	Program arguments: D:\\AndroidStudioProjects\\Sdk\\ndk\\28.2.13676358\\toolchains\\llvm\\prebuilt\\windows-x86_64\\bin\\clang++.exe --target=aarch64-none-linux-android24 --sysroot=D:/AndroidStudioProjects/Sdk/ndk/28.2.13676358/toolchains/llvm/prebuilt/windows-x86_64/sysroot -DRN_SERIALIZABLE_STATE -Dreanimated_EXPORTS -ID:/Projects/touch/touch-mobile/node_modules/react-native-reanimated/android/../Common/cpp -ID:/Projects/touch/touch-mobile/node_modules/react-native-reanimated/android/src/main/cpp -ID:/Projects/touch/touch-mobile/node_modules/react-native/ReactCommon -ID:/Projects/touch/touch-mobile/node_modules/react-native/ReactCommon/yoga -ID:/Projects/touch/touch-mobile/node_modules/react-native/ReactAndroid/src/main/jni/react/turbomodule -ID:/Projects/touch/touch-mobile/node_modules/react-native/ReactCommon/callinvoker -ID:/Projects/touch/touch-mobile/node_modules/react-native/ReactCommon/runtimeexecutor -ID:/Projects/touch/touch-mobile/node_modules/react-native/ReactCommon/jsiexecutor -ID:/Projects/touch/touch-mobile/node_modules/react-native/ReactCommon/react/renderer/graphics/platform/cxx -isystem D:/AndroidStudioProjects/.gradle/caches/8.13/transforms/761d13cc5b0f08ac09c3c16bb3bc519a/transformed/jetified-react-android-0.81.5-release/prefab/modules/reactnative/include -isystem D:/AndroidStudioProjects/.gradle/caches/8.13/transforms/761d13cc5b0f08ac09c3c16bb3bc519a/transformed/jetified-react-android-0.81.5-release/prefab/modules/jsi/include -isystem D:/AndroidStudioProjects/.gradle/caches/8.13/transforms/496183c206113a51ea543412a7084c83/transformed/jetified-fbjni-0.7.0/prefab/modules/fbjni/include -isystem D:/Projects/touch/touch-mobile/node_modules/react-native-worklets/android/build/prefab-headers/worklets -g -DANDROID -fdata-sections -ffunction-sections -funwind-tables -fstack-protector-strong -no-canonical-prefixes -D_FORTIFY_SOURCE=2 -Wformat -Werror=format-security -DREACT_NATIVE_MINOR_VERSION=81 -DREANIMATED_VERSION=4.3.1 -DREANIMATED_FEATURE_FLAGS=[EXPERIMENTAL_CSS_ANIMATIONS_FOR_SVG_COMPONENTS:false][RUNTIME_TEST_FLAG:false][DISABLE_COMMIT_PAUSING_MECHANISM:false][ANDROID_SYNCHRONOUSLY_UPDATE_UI_PROPS:false][USE_SYNCHRONIZABLE_FOR_MUTABLES:true][FORCE_REACT_RENDER_FOR_SETTLED_ANIMATIONS:true][ENABLE_SHARED_ELEMENT_TRANSITIONS:false][IOS_SYNCHRONOUSLY_UPDATE_UI_PROPS:false][USE_COMMIT_HOOK_ONLY_FOR_REACT_COMMITS:true] -fno-omit-frame-pointer -fstack-protector-all -fvisibility=hidden -DNDEBUG -flto=thin -O2 -g -DNDEBUG -fPIC -DFOLLY_NO_CONFIG=1 -DFOLLY_HAVE_CLOCK_GETTIME=1 -DFOLLY_USE_LIBCPP=1 -DFOLLY_CFG_NO_COROUTINES=1 -DFOLLY_MOBILE=1 -DFOLLY_HAVE_RECVMMSG=1 -DFOLLY_HAVE_PTHREAD=1 -DFOLLY_HAVE_XSI_STRERROR_R=1 -Wall -Werror -fexceptions -frtti -std=c++20 -DLOG_TAG=\"ReactNative\" -std=gnu++20 -MD -MT CMakeFiles/reanimated.dir/994c0676b2314ffd6b40f7be9b05d1a6/Common/cpp/reanimated/CSS/common/values/CSSAngle.cpp.o -MF CMakeFiles\\reanimated.dir\\994c0676b2314ffd6b40f7be9b05d1a6\\Common\\cpp\\reanimated\\CSS\\common\\values\\CSSAngle.cpp.o.d -o CMakeFiles/reanimated.dir/994c0676b2314ffd6b40f7be9b05d1a6/Common/cpp/reanimated/CSS/common/values/CSSAngle.cpp.o -c D:/Projects/touch/touch-mobile/node_modules/react-native-reanimated/Common/cpp/reanimated/CSS/common/values/CSSAngle.cpp
  1.	<eof> parser at end of file
  2.	D:/AndroidStudioProjects/.gradle/caches/8.13/transforms/761d13cc5b0f08ac09c3c16bb3bc519a/transformed/jetified-react-android-0.81.5-release/prefab/modules/reactnative/include/folly/json/dynamic-inl.h:627:64: instantiating function definition 'folly::dynamic::operator[]<const folly::dynamic &>'
  3.	D:/AndroidStudioProjects/.gradle/caches/8.13/transforms/761d13cc5b0f08ac09c3c16bb3bc519a/transformed/jetified-react-android-0.81.5-release/prefab/modules/reactnative/include/folly/container/detail/F14MapFallback.h:201:29: instantiating function definition 'folly::f14::detail::F14BasicMap<folly::dynamic, folly::dynamic, folly::detail::DynamicHasher, folly::detail::DynamicKeyEqual, std::allocator<std::pair<const folly::dynamic, folly::dynamic>>>::emplace<const folly::dynamic &, std::nullptr_t>'
  4.	D:/AndroidStudioProjects/.gradle/caches/8.13/transforms/761d13cc5b0f08ac09c3c16bb3bc519a/transformed/jetified-react-android-0.81.5-release/prefab/modules/reactnative/include/folly/container/detail/Util.h:210:6: instantiating function definition 'folly::detail::callWithExtractedKey<folly::dynamic, folly::dynamic, folly::f14::detail::F14BasicMap<folly::dynamic, folly::dynamic, folly::detail::DynamicHasher, folly::detail::DynamicKeyEqual, std::allocator<std::pair<const folly::dynamic, folly::dynamic>>>::UsableAsKey, std::allocator<std::pair<const folly::dynamic, folly::dynamic>>, (lambda at D:/AndroidStudioProjects/.gradle/caches/8.13/transforms/761d13cc5b0f08ac09c3c16bb3bc519a/transformed/jetified-react-android-0.81.5-release/prefab/modules/reactnative/include/folly/container/detail/F14MapFallback.h:206:13), const folly::dynamic &, std::nullptr_t>'
  5.	D:/AndroidStudioProjects/Sdk/ndk/28.2.13676358/toolchains/llvm/prebuilt/windows-x86_64/sysroot/usr/include/c++/v1/tuple:1143:76: instantiating function definition 'std::forward_as_tuple<std::nullptr_t>'
  6.	D:/AndroidStudioProjects/Sdk/ndk/28.2.13676358/toolchains/llvm/prebuilt/windows-x86_64/sysroot/usr/include/c++/v1/tuple:532:28: instantiating class definition 'std::tuple<std::nullptr_t &&>'
  Exception Code: 0xC000001D
  0x00007FF792D6CDB6, D:\AndroidStudioProjects\Sdk\ndk\28.2.13676358\toolchains\llvm\prebuilt\windows-x86_64\bin\clang++.exe(0x00007FF792730000) + 0x63CDB6 byte(s)
  0x00007FFC6EDF2139, C:\WINDOWS\System32\ucrtbase.dll(0x00007FFC6ED30000) + 0xC2139 byte(s), raise() + 0x1D9 byte(s)
  0x00007FFC6EDD5261, C:\WINDOWS\System32\ucrtbase.dll(0x00007FFC6ED30000) + 0xA5261 byte(s), abort() + 0x31 byte(s)
  0x00007FF792D4D05B, D:\AndroidStudioProjects\Sdk\ndk\28.2.13676358\toolchains\llvm\prebuilt\windows-x86_64\bin\clang++.exe(0x00007FF792730000) + 0x61D05B byte(s)
  0x00007FF792D4D072, D:\AndroidStudioProjects\Sdk\ndk\28.2.13676358\toolchains\llvm\prebuilt\windows-x86_64\bin\clang++.exe(0x00007FF792730000) + 0x61D072 byte(s)
  0x00007FF79273741C, D:\AndroidStudioProjects\Sdk\ndk\28.2.13676358\toolchains\llvm\prebuilt\windows-x86_64\bin\clang++.exe(0x00007FF792730000) + 0x741C byte(s)
  0x00007FF792A809FE, D:\AndroidStudioProjects\Sdk\ndk\28.2.13676358\toolchains\llvm\prebuilt\windows-x86_64\bin\clang++.exe(0x00007FF792730000) + 0x3509FE byte(s)
  0x00007FF793D0E234, D:\AndroidStudioProjects\Sdk\ndk\28.2.13676358\toolchains\llvm\prebuilt\windows-x86_64\bin\clang++.exe(0x00007FF792730000) + 0x15DE234 byte(s)
  0x00007FF793D0E133, D:\AndroidStudioProjects\Sdk\ndk\28.2.13676358\toolchains\llvm\prebuilt\windows-x86_64\bin\clang++.exe(0x00007FF792730000) + 0x15DE133 byte(s)
  0x00007FF79719B2AD, D:\AndroidStudioProjects\Sdk\ndk\28.2.13676358\toolchains\llvm\prebuilt\windows-x86_64\bin\clang++.exe(0x00007FF792730000) + 0x4A6B2AD byte(s)
  0x00007FF795CD5C5D, D:\AndroidStudioProjects\Sdk\ndk\28.2.13676358\toolchains\llvm\prebuilt\windows-x86_64\bin\clang++.exe(0x00007FF792730000) + 0x35A5C5D byte(s)
  0x00007FF795CDF034, D:\AndroidStudioProjects\Sdk\ndk\28.2.13676358\toolchains\llvm\prebuilt\windows-x86_64\bin\clang++.exe(0x00007FF792730000) + 0x35AF034 byte(s)
  0x00007FF795CAE3A8, D:\AndroidStudioProjects\Sdk\ndk\28.2.13676358\toolchains\llvm\prebuilt\windows-x86_64\bin\clang++.exe(0x00007FF792730000) + 0x357E3A8 byte(s)
  0x00007FF795CDB894, D:\AndroidStudioProjects\Sdk\ndk\28.2.13676358\toolchains\llvm\prebuilt\windows-x86_64\bin\clang++.exe(0x00007FF792730000) + 0x35AB894 byte(s)
  0x00007FF795CAE5F9, D:\AndroidStudioProjects\Sdk\ndk\28.2.13676358\toolchains\llvm\prebuilt\windows-x86_64\bin\clang++.exe(0x00007FF792730000) + 0x357E5F9 byte(s)
  0x00007FF795CADD7E, D:\AndroidStudioProjects\Sdk\ndk\28.2.13676358\toolchains\llvm\prebuilt\windows-x86_64\bin\clang++.exe(0x00007FF792730000) + 0x357DD7E byte(s)
  0x00007FF795CB64BD, D:\AndroidStudioProjects\Sdk\ndk\28.2.13676358\toolchains\llvm\prebuilt\windows-x86_64\bin\clang++.exe(0x00007FF792730000) + 0x35864BD byte(s)
  0x00007FF795CD6101, D:\AndroidStudioProjects\Sdk\ndk\28.2.13676358\toolchains\llvm\prebuilt\windows-x86_64\bin\clang++.exe(0x00007FF792730000) + 0x35A6101 byte(s)
  0x00007FF795CD563B, D:\AndroidStudioProjects\Sdk\ndk\28.2.13676358\toolchains\llvm\prebuilt\windows-x86_64\bin\clang++.exe(0x00007FF792730000) + 0x35A563B byte(s)
  0x00007FF795CB886C, D:\AndroidStudioProjects\Sdk\ndk\28.2.13676358\toolchains\llvm\prebuilt\windows-x86_64\bin\clang++.exe(0x00007FF792730000) + 0x358886C byte(s)
  0x00007FF795CCA4AD, D:\AndroidStudioProjects\Sdk\ndk\28.2.13676358\toolchains\llvm\prebuilt\windows-x86_64\bin\clang++.exe(0x00007FF792730000) + 0x359A4AD byte(s)
  0x00007FF795CB6429, D:\AndroidStudioProjects\Sdk\ndk\28.2.13676358\toolchains\llvm\prebuilt\windows-x86_64\bin\clang++.exe(0x00007FF792730000) + 0x3586429 byte(s)
  0x00007FF795CD683E, D:\AndroidStudioProjects\Sdk\ndk\28.2.13676358\toolchains\llvm\prebuilt\windows-x86_64\bin\clang++.exe(0x00007FF792730000) + 0x35A683E byte(s)
  0x00007FF795CDF034, D:\AndroidStudioProjects\Sdk\ndk\28.2.13676358\toolchains\llvm\prebuilt\windows-x86_64\bin\clang++.exe(0x00007FF792730000) + 0x35AF034 byte(s)
  0x00007FF795CAE3A8, D:\AndroidStudioProjects\Sdk\ndk\28.2.13676358\toolchains\llvm\prebuilt\windows-x86_64\bin\clang++.exe(0x00007FF792730000) + 0x357E3A8 byte(s)
  0x00007FF795CDB894, D:\AndroidStudioProjects\Sdk\ndk\28.2.13676358\toolchains\llvm\prebuilt\windows-x86_64\bin\clang++.exe(0x00007FF792730000) + 0x35AB894 byte(s)
  0x00007FF795CAE5F9, D:\AndroidStudioProjects\Sdk\ndk\28.2.13676358\toolchains\llvm\prebuilt\windows-x86_64\bin\clang++.exe(0x00007FF792730000) + 0x357E5F9 byte(s)
  0x00007FF795CADD7E, D:\AndroidStudioProjects\Sdk\ndk\28.2.13676358\toolchains\llvm\prebuilt\windows-x86_64\bin\clang++.exe(0x00007FF792730000) + 0x357DD7E byte(s)
  0x00007FF795B863B0, D:\AndroidStudioProjects\Sdk\ndk\28.2.13676358\toolchains\llvm\prebuilt\windows-x86_64\bin\clang++.exe(0x00007FF792730000) + 0x34563B0 byte(s)
  0x00007FF795B786EF, D:\AndroidStudioProjects\Sdk\ndk\28.2.13676358\toolchains\llvm\prebuilt\windows-x86_64\bin\clang++.exe(0x00007FF792730000) + 0x34486EF byte(s)
  0x00007FF795B7EEAE, D:\AndroidStudioProjects\Sdk\ndk\28.2.13676358\toolchains\llvm\prebuilt\windows-x86_64\bin\clang++.exe(0x00007FF792730000) + 0x344EEAE byte(s)
  0x00007FF795CB286D, D:\AndroidStudioProjects\Sdk\ndk\28.2.13676358\toolchains\llvm\prebuilt\windows-x86_64\bin\clang++.exe(0x00007FF792730000) + 0x358286D byte(s)
  0x00007FF795CB4CC6, D:\AndroidStudioProjects\Sdk\ndk\28.2.13676358\toolchains\llvm\prebuilt\windows-x86_64\bin\clang++.exe(0x00007FF792730000) + 0x3584CC6 byte(s)
  0x00007FF795EF9701, D:\AndroidStudioProjects\Sdk\ndk\28.2.13676358\toolchains\llvm\prebuilt\windows-x86_64\bin\clang++.exe(0x00007FF792730000) + 0x37C9701 byte(s)
  0x00007FF7940E07E2, D:\AndroidStudioProjects\Sdk\ndk\28.2.13676358\toolchains\llvm\prebuilt\windows-x86_64\bin\clang++.exe(0x00007FF792730000) + 0x19B07E2 byte(s)
  0x00007FF795EE14DF, D:\AndroidStudioProjects\Sdk\ndk\28.2.13676358\toolchains\llvm\prebuilt\windows-x86_64\bin\clang++.exe(0x00007FF792730000) + 0x37B14DF byte(s)
  0x00007FF795EE0CDC, D:\AndroidStudioProjects\Sdk\ndk\28.2.13676358\toolchains\llvm\prebuilt\windows-x86_64\bin\clang++.exe(0x00007FF792730000) + 0x37B0CDC byte(s)
  0x00007FF7958B8108, D:\AndroidStudioProjects\Sdk\ndk\28.2.13676358\toolchains\llvm\prebuilt\windows-x86_64\bin\clang++.exe(0x00007FF792730000) + 0x3188108 byte(s)
  0x00007FF795B8E464, D:\AndroidStudioProjects\Sdk\ndk\28.2.13676358\toolchains\llvm\prebuilt\windows-x86_64\bin\clang++.exe(0x00007FF792730000) + 0x345E464 byte(s)
  0x00007FF795E958ED, D:\AndroidStudioProjects\Sdk\ndk\28.2.13676358\toolchains\llvm\prebuilt\windows-x86_64\bin\clang++.exe(0x00007FF792730000) + 0x37658ED byte(s)
  0x00007FF795D94B41, D:\AndroidStudioProjects\Sdk\ndk\28.2.13676358\toolchains\llvm\prebuilt\windows-x86_64\bin\clang++.exe(0x00007FF792730000) + 0x3664B41 byte(s)
  0x00007FF795D9A45C, D:\AndroidStudioProjects\Sdk\ndk\28.2.13676358\toolchains\llvm\prebuilt\windows-x86_64\bin\clang++.exe(0x00007FF792730000) + 0x366A45C byte(s)
  0x00007FF795D5067A, D:\AndroidStudioProjects\Sdk\ndk\28.2.13676358\toolchains\llvm\prebuilt\windows-x86_64\bin\clang++.exe(0x00007FF792730000) + 0x362067A byte(s)
  0x00007FF795D50077, D:\AndroidStudioProjects\Sdk\ndk\28.2.13676358\toolchains\llvm\prebuilt\windows-x86_64\bin\clang++.exe(0x00007FF792730000) + 0x3620077 byte(s)
  0x00007FF795D2132D, D:\AndroidStudioProjects\Sdk\ndk\28.2.13676358\toolchains\llvm\prebuilt\windows-x86_64\bin\clang++.exe(0x00007FF792730000) + 0x35F132D byte(s)
  0x00007FF795D2332D, D:\AndroidStudioProjects\Sdk\ndk\28.2.13676358\toolchains\llvm\prebuilt\windows-x86_64\bin\clang++.exe(0x00007FF792730000) + 0x35F332D byte(s)
  0x00007FF795D231AC, D:\AndroidStudioProjects\Sdk\ndk\28.2.13676358\toolchains\llvm\prebuilt\windows-x86_64\bin\clang++.exe(0x00007FF792730000) + 0x35F31AC byte(s)
  0x00007FF795D48DF6, D:\AndroidStudioProjects\Sdk\ndk\28.2.13676358\toolchains\llvm\prebuilt\windows-x86_64\bin\clang++.exe(0x00007FF792730000) + 0x3618DF6 byte(s)
  0x00007FF795D6AC92, D:\AndroidStudioProjects\Sdk\ndk\28.2.13676358\toolchains\llvm\prebuilt\windows-x86_64\bin\clang++.exe(0x00007FF792730000) + 0x363AC92 byte(s)
  0x00007FF795CC4E77, D:\AndroidStudioProjects\Sdk\ndk\28.2.13676358\toolchains\llvm\prebuilt\windows-x86_64\bin\clang++.exe(0x00007FF792730000) + 0x3594E77 byte(s)
  0x00007FF795CB7D26, D:\AndroidStudioProjects\Sdk\ndk\28.2.13676358\toolchains\llvm\prebuilt\windows-x86_64\bin\clang++.exe(0x00007FF792730000) + 0x3587D26 byte(s)
  0x00007FF795CC4CD1, D:\AndroidStudioProjects\Sdk\ndk\28.2.13676358\toolchains\llvm\prebuilt\windows-x86_64\bin\clang++.exe(0x00007FF792730000) + 0x3594CD1 byte(s)
  0x00007FF795CE1BE8, D:\AndroidStudioProjects\Sdk\ndk\28.2.13676358\toolchains\llvm\prebuilt\windows-x86_64\bin\clang++.exe(0x00007FF792730000) + 0x35B1BE8 byte(s)
  0x00007FF795CCB1BA, D:\AndroidStudioProjects\Sdk\ndk\28.2.13676358\toolchains\llvm\prebuilt\windows-x86_64\bin\clang++.exe(0x00007FF792730000) + 0x359B1BA byte(s)
  0x00007FF795CB5827, D:\AndroidStudioProjects\Sdk\ndk\28.2.13676358\toolchains\llvm\prebuilt\windows-x86_64\bin\clang++.exe(0x00007FF792730000) + 0x3585827 byte(s)
  0x00007FF795B8E691, D:\AndroidStudioProjects\Sdk\ndk\28.2.13676358\toolchains\llvm\prebuilt\windows-x86_64\bin\clang++.exe(0x00007FF792730000) + 0x345E691 byte(s)
  0x00007FF7972BC031, D:\AndroidStudioProjects\Sdk\ndk\28.2.13676358\toolchains\llvm\prebuilt\windows-x86_64\bin\clang++.exe(0x00007FF792730000) + 0x4B8C031 byte(s)
  0x00007FF795D43300, D:\AndroidStudioProjects\Sdk\ndk\28.2.13676358\toolchains\llvm\prebuilt\windows-x86_64\bin\clang++.exe(0x00007FF792730000) + 0x3613300 byte(s)
  0x00007FF795D2330A, D:\AndroidStudioProjects\Sdk\ndk\28.2.13676358\toolchains\llvm\prebuilt\windows-x86_64\bin\clang++.exe(0x00007FF792730000) + 0x35F330A byte(s)
  0x00007FF795D231AC, D:\AndroidStudioProjects\Sdk\ndk\28.2.13676358\toolchains\llvm\prebuilt\windows-x86_64\bin\clang++.exe(0x00007FF792730000) + 0x35F31AC byte(s)
  0x00007FF795D48DF6, D:\AndroidStudioProjects\Sdk\ndk\28.2.13676358\toolchains\llvm\prebuilt\windows-x86_64\bin\clang++.exe(0x00007FF792730000) + 0x3618DF6 byte(s)
  0x00007FF795D6AC92, D:\AndroidStudioProjects\Sdk\ndk\28.2.13676358\toolchains\llvm\prebuilt\windows-x86_64\bin\clang++.exe(0x00007FF792730000) + 0x363AC92 byte(s)
  0x00007FF795CC4E77, D:\AndroidStudioProjects\Sdk\ndk\28.2.13676358\toolchains\llvm\prebuilt\windows-x86_64\bin\clang++.exe(0x00007FF792730000) + 0x3594E77 byte(s)
  0x00007FF795CE1BE8, D:\AndroidStudioProjects\Sdk\ndk\28.2.13676358\toolchains\llvm\prebuilt\windows-x86_64\bin\clang++.exe(0x00007FF792730000) + 0x35B1BE8 byte(s)
  0x00007FF795CCB1BA, D:\AndroidStudioProjects\Sdk\ndk\28.2.13676358\toolchains\llvm\prebuilt\windows-x86_64\bin\clang++.exe(0x00007FF792730000) + 0x359B1BA byte(s)
  0x00007FF795CB5827, D:\AndroidStudioProjects\Sdk\ndk\28.2.13676358\toolchains\llvm\prebuilt\windows-x86_64\bin\clang++.exe(0x00007FF792730000) + 0x3585827 byte(s)
  0x00007FF795B8E691, D:\AndroidStudioProjects\Sdk\ndk\28.2.13676358\toolchains\llvm\prebuilt\windows-x86_64\bin\clang++.exe(0x00007FF792730000) + 0x345E691 byte(s)
  0x00007FF795B9246C, D:\AndroidStudioProjects\Sdk\ndk\28.2.13676358\toolchains\llvm\prebuilt\windows-x86_64\bin\clang++.exe(0x00007FF792730000) + 0x346246C byte(s)
  0x00007FF795B8E7E9, D:\AndroidStudioProjects\Sdk\ndk\28.2.13676358\toolchains\llvm\prebuilt\windows-x86_64\bin\clang++.exe(0x00007FF792730000) + 0x345E7E9 byte(s)
  0x00007FF795B9246C, D:\AndroidStudioProjects\Sdk\ndk\28.2.13676358\toolchains\llvm\prebuilt\windows-x86_64\bin\clang++.exe(0x00007FF792730000) + 0x346246C byte(s)
  0x00007FF7940E3FD2, D:\AndroidStudioProjects\Sdk\ndk\28.2.13676358\toolchains\llvm\prebuilt\windows-x86_64\bin\clang++.exe(0x00007FF792730000) + 0x19B3FD2 byte(s)
  0x00007FF7940E47BC, D:\AndroidStudioProjects\Sdk\ndk\28.2.13676358\toolchains\llvm\prebuilt\windows-x86_64\bin\clang++.exe(0x00007FF792730000) + 0x19B47BC byte(s)
  0x00007FF797608854, D:\AndroidStudioProjects\Sdk\ndk\28.2.13676358\toolchains\llvm\prebuilt\windows-x86_64\bin\clang++.exe(0x00007FF792730000) + 0x4ED8854 byte(s)
  0x00007FF795FE76AE, D:\AndroidStudioProjects\Sdk\ndk\28.2.13676358\toolchains\llvm\prebuilt\windows-x86_64\bin\clang++.exe(0x00007FF792730000) + 0x38B76AE byte(s)
  0x00007FF794103B5E, D:\AndroidStudioProjects\Sdk\ndk\28.2.13676358\toolchains\llvm\prebuilt\windows-x86_64\bin\clang++.exe(0x00007FF792730000) + 0x19D3B5E byte(s)
  0x00007FF792E6B250, D:\AndroidStudioProjects\Sdk\ndk\28.2.13676358\toolchains\llvm\prebuilt\windows-x86_64\bin\clang++.exe(0x00007FF792730000) + 0x73B250 byte(s)
  0x00007FF792F04FD5, D:\AndroidStudioProjects\Sdk\ndk\28.2.13676358\toolchains\llvm\prebuilt\windows-x86_64\bin\clang++.exe(0x00007FF792730000) + 0x7D4FD5 byte(s)
  0x00007FF79286F7E8, D:\AndroidStudioProjects\Sdk\ndk\28.2.13676358\toolchains\llvm\prebuilt\windows-x86_64\bin\clang++.exe(0x00007FF792730000) + 0x13F7E8 byte(s)
  0x00007FF79286C8B0, D:\AndroidStudioProjects\Sdk\ndk\28.2.13676358\toolchains\llvm\prebuilt\windows-x86_64\bin\clang++.exe(0x00007FF792730000) + 0x13C8B0 byte(s)
  0x00007FF793E7829D, D:\AndroidStudioProjects\Sdk\ndk\28.2.13676358\toolchains\llvm\prebuilt\windows-x86_64\bin\clang++.exe(0x00007FF792730000) + 0x174829D byte(s)
  0x00007FF792D47ACD, D:\AndroidStudioProjects\Sdk\ndk\28.2.13676358\toolchains\llvm\prebuilt\windows-x86_64\bin\clang++.exe(0x00007FF792730000) + 0x617ACD byte(s)
  0x00007FF793E77CD5, D:\AndroidStudioProjects\Sdk\ndk\28.2.13676358\toolchains\llvm\prebuilt\windows-x86_64\bin\clang++.exe(0x00007FF792730000) + 0x1747CD5 byte(s)
  0x00007FF792E166C6, D:\AndroidStudioProjects\Sdk\ndk\28.2.13676358\toolchains\llvm\prebuilt\windows-x86_64\bin\clang++.exe(0x00007FF792730000) + 0x6E66C6 byte(s)
  0x00007FF792E3A8AD, D:\AndroidStudioProjects\Sdk\ndk\28.2.13676358\toolchains\llvm\prebuilt\windows-x86_64\bin\clang++.exe(0x00007FF792730000) + 0x70A8AD byte(s)
  0x00007FF79286B80E, D:\AndroidStudioProjects\Sdk\ndk\28.2.13676358\toolchains\llvm\prebuilt\windows-x86_64\bin\clang++.exe(0x00007FF792730000) + 0x13B80E byte(s)
  0x00007FF79287CA4D, D:\AndroidStudioProjects\Sdk\ndk\28.2.13676358\toolchains\llvm\prebuilt\windows-x86_64\bin\clang++.exe(0x00007FF792730000) + 0x14CA4D byte(s)
  0x00007FF792731395, D:\AndroidStudioProjects\Sdk\ndk\28.2.13676358\toolchains\llvm\prebuilt\windows-x86_64\bin\clang++.exe(0x00007FF792730000) + 0x1395 byte(s)
  0x00007FF7927314C8, D:\AndroidStudioProjects\Sdk\ndk\28.2.13676358\toolchains\llvm\prebuilt\windows-x86_64\bin\clang++.exe(0x00007FF792730000) + 0x14C8 byte(s)
  0x00007FFC6FCDCD87, C:\WINDOWS\System32\KERNEL32.DLL(0x00007FFC6FCB0000) + 0x2CD87 byte(s), BaseThreadInitThunk() + 0x17 byte(s)
  0x00007FFC719ECAEC, C:\WINDOWS\SYSTEM32\ntdll.dll(0x00007FFC71940000) + 0xACAEC byte(s), RtlUserThreadStart() + 0x2C byte(s)
  clang++: error: clang frontend command failed due to signal (use -v to see invocation)
  Android (13624864, based on r530567e) clang version 19.0.1 (https://android.googlesource.com/toolchain/llvm-project 97a699bf4812a18fb657c2779f5296a4ab2694d2)
  Target: aarch64-none-linux-android24
  Thread model: posix
  InstalledDir: D:/AndroidStudioProjects/Sdk/ndk/28.2.13676358/toolchains/llvm/prebuilt/windows-x86_64/bin
  clang++: error: unable to execute command: Couldn't execute program 'D:/AndroidStudioProjects/Sdk/ndk/28.2.13676358/toolchains/llvm/prebuilt/windows-x86_64/bin/clang++.exe': The paging file is too small for this operation to complete.  (0x5AF)
  clang++: note: diagnostic msg: Error generating preprocessed source(s).
  [8/79] Building CXX object CMakeFiles/reanimated.dir/994c0676b2314ffd6b40f7be9b05d1a6/Common/cpp/reanimated/CSS/common/values/CSSKeyword.cpp.o
  FAILED: CMakeFiles/reanimated.dir/994c0676b2314ffd6b40f7be9b05d1a6/Common/cpp/reanimated/CSS/common/values/CSSKeyword.cpp.o 
  D:\AndroidStudioProjects\Sdk\ndk\28.2.13676358\toolchains\llvm\prebuilt\windows-x86_64\bin\clang++.exe --target=aarch64-none-linux-android24 --sysroot=D:/AndroidStudioProjects/Sdk/ndk/28.2.13676358/toolchains/llvm/prebuilt/windows-x86_64/sysroot -DRN_SERIALIZABLE_STATE -Dreanimated_EXPORTS -ID:/Projects/touch/touch-mobile/node_modules/react-native-reanimated/android/../Common/cpp -ID:/Projects/touch/touch-mobile/node_modules/react-native-reanimated/android/src/main/cpp -ID:/Projects/touch/touch-mobile/node_modules/react-native/ReactCommon -ID:/Projects/touch/touch-mobile/node_modules/react-native/ReactCommon/yoga -ID:/Projects/touch/touch-mobile/node_modules/react-native/ReactAndroid/src/main/jni/react/turbomodule -ID:/Projects/touch/touch-mobile/node_modules/react-native/ReactCommon/callinvoker -ID:/Projects/touch/touch-mobile/node_modules/react-native/ReactCommon/runtimeexecutor -ID:/Projects/touch/touch-mobile/node_modules/react-native/ReactCommon/jsiexecutor -ID:/Projects/touch/touch-mobile/node_modules/react-native/ReactCommon/react/renderer/graphics/platform/cxx -isystem D:/AndroidStudioProjects/.gradle/caches/8.13/transforms/761d13cc5b0f08ac09c3c16bb3bc519a/transformed/jetified-react-android-0.81.5-release/prefab/modules/reactnative/include -isystem D:/AndroidStudioProjects/.gradle/caches/8.13/transforms/761d13cc5b0f08ac09c3c16bb3bc519a/transformed/jetified-react-android-0.81.5-release/prefab/modules/jsi/include -isystem D:/AndroidStudioProjects/.gradle/caches/8.13/transforms/496183c206113a51ea543412a7084c83/transformed/jetified-fbjni-0.7.0/prefab/modules/fbjni/include -isystem D:/Projects/touch/touch-mobile/node_modules/react-native-worklets/android/build/prefab-headers/worklets -g -DANDROID -fdata-sections -ffunction-sections -funwind-tables -fstack-protector-strong -no-canonical-prefixes -D_FORTIFY_SOURCE=2 -Wformat -Werror=format-security   -DREACT_NATIVE_MINOR_VERSION=81    -DREANIMATED_VERSION=4.3.1    -DREANIMATED_FEATURE_FLAGS="[EXPERIMENTAL_CSS_ANIMATIONS_FOR_SVG_COMPONENTS:false][RUNTIME_TEST_FLAG:false][DISABLE_COMMIT_PAUSING_MECHANISM:false][ANDROID_SYNCHRONOUSLY_UPDATE_UI_PROPS:false][USE_SYNCHRONIZABLE_FOR_MUTABLES:true][FORCE_REACT_RENDER_FOR_SETTLED_ANIMATIONS:true][ENABLE_SHARED_ELEMENT_TRANSITIONS:false][IOS_SYNCHRONOUSLY_UPDATE_UI_PROPS:false][USE_COMMIT_HOOK_ONLY_FOR_REACT_COMMITS:true]" -fno-omit-frame-pointer -fstack-protector-all -fvisibility=hidden -DNDEBUG -flto=thin -O2 -g -DNDEBUG -fPIC -DFOLLY_NO_CONFIG=1 -DFOLLY_HAVE_CLOCK_GETTIME=1 -DFOLLY_USE_LIBCPP=1 -DFOLLY_CFG_NO_COROUTINES=1 -DFOLLY_MOBILE=1 -DFOLLY_HAVE_RECVMMSG=1 -DFOLLY_HAVE_PTHREAD=1 -DFOLLY_HAVE_XSI_STRERROR_R=1 -Wall -Werror -fexceptions -frtti -std=c++20 -DLOG_TAG=\"ReactNative\" -std=gnu++20 -MD -MT CMakeFiles/reanimated.dir/994c0676b2314ffd6b40f7be9b05d1a6/Common/cpp/reanimated/CSS/common/values/CSSKeyword.cpp.o -MF CMakeFiles\reanimated.dir\994c0676b2314ffd6b40f7be9b05d1a6\Common\cpp\reanimated\CSS\common\values\CSSKeyword.cpp.o.d -o CMakeFiles/reanimated.dir/994c0676b2314ffd6b40f7be9b05d1a6/Common/cpp/reanimated/CSS/common/values/CSSKeyword.cpp.o -c D:/Projects/touch/touch-mobile/node_modules/react-native-reanimated/Common/cpp/reanimated/CSS/common/values/CSSKeyword.cpp
  LLVM ERROR: out of memory
  Allocation failed
  PLEASE submit a bug report to https://github.com/android-ndk/ndk/issues and include the crash backtrace, preprocessed source, and associated run script.
  Stack dump:
  0.	Program arguments: D:\\AndroidStudioProjects\\Sdk\\ndk\\28.2.13676358\\toolchains\\llvm\\prebuilt\\windows-x86_64\\bin\\clang++.exe --target=aarch64-none-linux-android24 --sysroot=D:/AndroidStudioProjects/Sdk/ndk/28.2.13676358/toolchains/llvm/prebuilt/windows-x86_64/sysroot -DRN_SERIALIZABLE_STATE -Dreanimated_EXPORTS -ID:/Projects/touch/touch-mobile/node_modules/react-native-reanimated/android/../Common/cpp -ID:/Projects/touch/touch-mobile/node_modules/react-native-reanimated/android/src/main/cpp -ID:/Projects/touch/touch-mobile/node_modules/react-native/ReactCommon -ID:/Projects/touch/touch-mobile/node_modules/react-native/ReactCommon/yoga -ID:/Projects/touch/touch-mobile/node_modules/react-native/ReactAndroid/src/main/jni/react/turbomodule -ID:/Projects/touch/touch-mobile/node_modules/react-native/ReactCommon/callinvoker -ID:/Projects/touch/touch-mobile/node_modules/react-native/ReactCommon/runtimeexecutor -ID:/Projects/touch/touch-mobile/node_modules/react-native/ReactCommon/jsiexecutor -ID:/Projects/touch/touch-mobile/node_modules/react-native/ReactCommon/react/renderer/graphics/platform/cxx -isystem D:/AndroidStudioProjects/.gradle/caches/8.13/transforms/761d13cc5b0f08ac09c3c16bb3bc519a/transformed/jetified-react-android-0.81.5-release/prefab/modules/reactnative/include -isystem D:/AndroidStudioProjects/.gradle/caches/8.13/transforms/761d13cc5b0f08ac09c3c16bb3bc519a/transformed/jetified-react-android-0.81.5-release/prefab/modules/jsi/include -isystem D:/AndroidStudioProjects/.gradle/caches/8.13/transforms/496183c206113a51ea543412a7084c83/transformed/jetified-fbjni-0.7.0/prefab/modules/fbjni/include -isystem D:/Projects/touch/touch-mobile/node_modules/react-native-worklets/android/build/prefab-headers/worklets -g -DANDROID -fdata-sections -ffunction-sections -funwind-tables -fstack-protector-strong -no-canonical-prefixes -D_FORTIFY_SOURCE=2 -Wformat -Werror=format-security -DREACT_NATIVE_MINOR_VERSION=81 -DREANIMATED_VERSION=4.3.1 -DREANIMATED_FEATURE_FLAGS=[EXPERIMENTAL_CSS_ANIMATIONS_FOR_SVG_COMPONENTS:false][RUNTIME_TEST_FLAG:false][DISABLE_COMMIT_PAUSING_MECHANISM:false][ANDROID_SYNCHRONOUSLY_UPDATE_UI_PROPS:false][USE_SYNCHRONIZABLE_FOR_MUTABLES:true][FORCE_REACT_RENDER_FOR_SETTLED_ANIMATIONS:true][ENABLE_SHARED_ELEMENT_TRANSITIONS:false][IOS_SYNCHRONOUSLY_UPDATE_UI_PROPS:false][USE_COMMIT_HOOK_ONLY_FOR_REACT_COMMITS:true] -fno-omit-frame-pointer -fstack-protector-all -fvisibility=hidden -DNDEBUG -flto=thin -O2 -g -DNDEBUG -fPIC -DFOLLY_NO_CONFIG=1 -DFOLLY_HAVE_CLOCK_GETTIME=1 -DFOLLY_USE_LIBCPP=1 -DFOLLY_CFG_NO_COROUTINES=1 -DFOLLY_MOBILE=1 -DFOLLY_HAVE_RECVMMSG=1 -DFOLLY_HAVE_PTHREAD=1 -DFOLLY_HAVE_XSI_STRERROR_R=1 -Wall -Werror -fexceptions -frtti -std=c++20 -DLOG_TAG=\"ReactNative\" -std=gnu++20 -MD -MT CMakeFiles/reanimated.dir/994c0676b2314ffd6b40f7be9b05d1a6/Common/cpp/reanimated/CSS/common/values/CSSKeyword.cpp.o -MF CMakeFiles\\reanimated.dir\\994c0676b2314ffd6b40f7be9b05d1a6\\Common\\cpp\\reanimated\\CSS\\common\\values\\CSSKeyword.cpp.o.d -o CMakeFiles/reanimated.dir/994c0676b2314ffd6b40f7be9b05d1a6/Common/cpp/reanimated/CSS/common/values/CSSKeyword.cpp.o -c D:/Projects/touch/touch-mobile/node_modules/react-native-reanimated/Common/cpp/reanimated/CSS/common/values/CSSKeyword.cpp
  1.	<eof> parser at end of file
  2.	D:/AndroidStudioProjects/.gradle/caches/8.13/transforms/761d13cc5b0f08ac09c3c16bb3bc519a/transformed/jetified-react-android-0.81.5-release/prefab/modules/reactnative/include/folly/container/detail/F14MapFallback.h:405:47: instantiating function definition 'folly::f14::detail::F14BasicMap<folly::dynamic, folly::dynamic, folly::detail::DynamicHasher, folly::detail::DynamicKeyEqual, std::allocator<std::pair<const folly::dynamic, folly::dynamic>>>::find<folly::Range<const char *>>'
  3.	D:/AndroidStudioProjects/.gradle/caches/8.13/transforms/761d13cc5b0f08ac09c3c16bb3bc519a/transformed/jetified-react-android-0.81.5-release/prefab/modules/reactnative/include/folly/container/detail/F14MapFallback.h:385:15: instantiating function definition 'folly::f14::detail::F14BasicMap<folly::dynamic, folly::dynamic, folly::detail::DynamicHasher, folly::detail::DynamicKeyEqual, std::allocator<std::pair<const folly::dynamic, folly::dynamic>>>::findImpl<std::__hash_map_const_iterator<std::__hash_const_iterator<std::__hash_node<std::__hash_value_type<folly::dynamic, folly::dynamic>, void *> *>>, const folly::f14::detail::F14BasicMap<folly::dynamic, folly::dynamic, folly::detail::DynamicHasher, folly::detail::DynamicKeyEqual, std::allocator<std::pair<const folly::dynamic, folly::dynamic>>>, folly::Range<const char *>>'
  4.	D:/AndroidStudioProjects/.gradle/caches/8.13/transforms/761d13cc5b0f08ac09c3c16bb3bc519a/transformed/jetified-react-android-0.81.5-release/prefab/modules/reactnative/include/folly/container/detail/F14MapFallback.h:288:15: instantiating function definition 'folly::f14::detail::F14BasicMap<folly::dynamic, folly::dynamic, folly::detail::DynamicHasher, folly::detail::DynamicKeyEqual, std::allocator<std::pair<const folly::dynamic, folly::dynamic>>>::findLocal<const folly::f14::detail::F14BasicMap<folly::dynamic, folly::dynamic, folly::detail::DynamicHasher, folly::detail::DynamicKeyEqual, std::allocator<std::pair<const folly::dynamic, folly::dynamic>>>, folly::Range<const char *>>'
  5.	D:/AndroidStudioProjects/Sdk/ndk/28.2.13676358/toolchains/llvm/prebuilt/windows-x86_64/sysroot/usr/include/c++/v1/__algorithm/none_of.h:23:1: instantiating function definition 'std::none_of<std::__hash_map_const_iterator<std::__hash_const_iterator<std::__hash_node<std::__hash_value_type<folly::dynamic, folly::dynamic>, void *> *>>, (lambda at D:/AndroidStudioProjects/.gradle/caches/8.13/transforms/761d13cc5b0f08ac09c3c16bb3bc519a/transformed/jetified-react-android-0.81.5-release/prefab/modules/reactnative/include/folly/container/detail/F14MapFallback.h:308:5)>'
  6.	D:/AndroidStudioProjects/.gradle/caches/8.13/transforms/761d13cc5b0f08ac09c3c16bb3bc519a/transformed/jetified-react-android-0.81.5-release/prefab/modules/reactnative/include/folly/container/detail/F14MapFallback.h:308:5 <Spelling=D:/AndroidStudioProjects/.gradle/caches/8.13/transforms/761d13cc5b0f08ac09c3c16bb3bc519a/transformed/jetified-react-android-0.81.5-release/prefab/modules/reactnative/include/folly/container/detail/F14MapFallback.h:313:17>: instantiating function definition 'folly::f14::detail::F14BasicMap<folly::dynamic, folly::dynamic, folly::detail::DynamicHasher, folly::detail::DynamicKeyEqual, std::allocator<std::pair<const folly::dynamic, folly::dynamic>>>::findLocal(const folly::f14::detail::F14BasicMap<folly::dynamic, folly::dynamic, folly::detail::DynamicHasher, folly::detail::DynamicKeyEqual, std::allocator<std::pair<const folly::dynamic, folly::dynamic>>> &, const folly::Range<const char *> &)::(anonymous class)::operator()<std::pair<const folly::dynamic, folly::dynamic>>'
  Exception Code: 0xC000001D
  0x00007FF792D6CDB6, D:\AndroidStudioProjects\Sdk\ndk\28.2.13676358\toolchains\llvm\prebuilt\windows-x86_64\bin\clang++.exe(0x00007FF792730000) + 0x63CDB6 byte(s)
  0x00007FFC6EDF2139, C:\WINDOWS\System32\ucrtbase.dll(0x00007FFC6ED30000) + 0xC2139 byte(s), raise() + 0x1D9 byte(s)
  0x00007FFC6EDD5261, C:\WINDOWS\System32\ucrtbase.dll(0x00007FFC6ED30000) + 0xA5261 byte(s), abort() + 0x31 byte(s)
  0x00007FF792D4D05B, D:\AndroidStudioProjects\Sdk\ndk\28.2.13676358\toolchains\llvm\prebuilt\windows-x86_64\bin\clang++.exe(0x00007FF792730000) + 0x61D05B byte(s)
  0x00007FF792D4D072, D:\AndroidStudioProjects\Sdk\ndk\28.2.13676358\toolchains\llvm\prebuilt\windows-x86_64\bin\clang++.exe(0x00007FF792730000) + 0x61D072 byte(s)
  0x00007FF79273741C, D:\AndroidStudioProjects\Sdk\ndk\28.2.13676358\toolchains\llvm\prebuilt\windows-x86_64\bin\clang++.exe(0x00007FF792730000) + 0x741C byte(s)
  0x00007FF7971AFE9A, D:\AndroidStudioProjects\Sdk\ndk\28.2.13676358\toolchains\llvm\prebuilt\windows-x86_64\bin\clang++.exe(0x00007FF792730000) + 0x4A7FE9A byte(s)
  0x00007FF7971AFAE3, D:\AndroidStudioProjects\Sdk\ndk\28.2.13676358\toolchains\llvm\prebuilt\windows-x86_64\bin\clang++.exe(0x00007FF792730000) + 0x4A7FAE3 byte(s)
  0x00007FF795CCAA22, D:\AndroidStudioProjects\Sdk\ndk\28.2.13676358\toolchains\llvm\prebuilt\windows-x86_64\bin\clang++.exe(0x00007FF792730000) + 0x359AA22 byte(s)
  0x00007FF795CC428A, D:\AndroidStudioProjects\Sdk\ndk\28.2.13676358\toolchains\llvm\prebuilt\windows-x86_64\bin\clang++.exe(0x00007FF792730000) + 0x359428A byte(s)
  0x00007FF795CB6429, D:\AndroidStudioProjects\Sdk\ndk\28.2.13676358\toolchains\llvm\prebuilt\windows-x86_64\bin\clang++.exe(0x00007FF792730000) + 0x3586429 byte(s)
  0x00007FF795CD683E, D:\AndroidStudioProjects\Sdk\ndk\28.2.13676358\toolchains\llvm\prebuilt\windows-x86_64\bin\clang++.exe(0x00007FF792730000) + 0x35A683E byte(s)
  0x00007FF795CD563B, D:\AndroidStudioProjects\Sdk\ndk\28.2.13676358\toolchains\llvm\prebuilt\windows-x86_64\bin\clang++.exe(0x00007FF792730000) + 0x35A563B byte(s)
  0x00007FF795CB886C, D:\AndroidStudioProjects\Sdk\ndk\28.2.13676358\toolchains\llvm\prebuilt\windows-x86_64\bin\clang++.exe(0x00007FF792730000) + 0x358886C byte(s)
  0x00007FF795CD75A9, D:\AndroidStudioProjects\Sdk\ndk\28.2.13676358\toolchains\llvm\prebuilt\windows-x86_64\bin\clang++.exe(0x00007FF792730000) + 0x35A75A9 byte(s)
  0x00007FF795CAE575, D:\AndroidStudioProjects\Sdk\ndk\28.2.13676358\toolchains\llvm\prebuilt\windows-x86_64\bin\clang++.exe(0x00007FF792730000) + 0x357E575 byte(s)
  0x00007FF795CADD7E, D:\AndroidStudioProjects\Sdk\ndk\28.2.13676358\toolchains\llvm\prebuilt\windows-x86_64\bin\clang++.exe(0x00007FF792730000) + 0x357DD7E byte(s)
  0x00007FF795CAEA01, D:\AndroidStudioProjects\Sdk\ndk\28.2.13676358\toolchains\llvm\prebuilt\windows-x86_64\bin\clang++.exe(0x00007FF792730000) + 0x357EA01 byte(s)
  0x00007FF79719ADF2, D:\AndroidStudioProjects\Sdk\ndk\28.2.13676358\toolchains\llvm\prebuilt\windows-x86_64\bin\clang++.exe(0x00007FF792730000) + 0x4A6ADF2 byte(s)
  0x00007FF795CD5C5D, D:\AndroidStudioProjects\Sdk\ndk\28.2.13676358\toolchains\llvm\prebuilt\windows-x86_64\bin\clang++.exe(0x00007FF792730000) + 0x35A5C5D byte(s)
  0x00007FF795CDF034, D:\AndroidStudioProjects\Sdk\ndk\28.2.13676358\toolchains\llvm\prebuilt\windows-x86_64\bin\clang++.exe(0x00007FF792730000) + 0x35AF034 byte(s)
  0x00007FF795CAE3A8, D:\AndroidStudioProjects\Sdk\ndk\28.2.13676358\toolchains\llvm\prebuilt\windows-x86_64\bin\clang++.exe(0x00007FF792730000) + 0x357E3A8 byte(s)
  0x00007FF795CDB894, D:\AndroidStudioProjects\Sdk\ndk\28.2.13676358\toolchains\llvm\prebuilt\windows-x86_64\bin\clang++.exe(0x00007FF792730000) + 0x35AB894 byte(s)
  0x00007FF795CAE5F9, D:\AndroidStudioProjects\Sdk\ndk\28.2.13676358\toolchains\llvm\prebuilt\windows-x86_64\bin\clang++.exe(0x00007FF792730000) + 0x357E5F9 byte(s)
  0x00007FF795CADD7E, D:\AndroidStudioProjects\Sdk\ndk\28.2.13676358\toolchains\llvm\prebuilt\windows-x86_64\bin\clang++.exe(0x00007FF792730000) + 0x357DD7E byte(s)
  0x00007FF795CAEA01, D:\AndroidStudioProjects\Sdk\ndk\28.2.13676358\toolchains\llvm\prebuilt\windows-x86_64\bin\clang++.exe(0x00007FF792730000) + 0x357EA01 byte(s)
  0x00007FF7971A94C0, D:\AndroidStudioProjects\Sdk\ndk\28.2.13676358\toolchains\llvm\prebuilt\windows-x86_64\bin\clang++.exe(0x00007FF792730000) + 0x4A794C0 byte(s)
  0x00007FF7972B5B4E, D:\AndroidStudioProjects\Sdk\ndk\28.2.13676358\toolchains\llvm\prebuilt\windows-x86_64\bin\clang++.exe(0x00007FF792730000) + 0x4B85B4E byte(s)
  0x00007FF7972BCE0E, D:\AndroidStudioProjects\Sdk\ndk\28.2.13676358\toolchains\llvm\prebuilt\windows-x86_64\bin\clang++.exe(0x00007FF792730000) + 0x4B8CE0E byte(s)
  0x00007FF795D0FF6C, D:\AndroidStudioProjects\Sdk\ndk\28.2.13676358\toolchains\llvm\prebuilt\windows-x86_64\bin\clang++.exe(0x00007FF792730000) + 0x35DFF6C byte(s)
  0x00007FF795CFF0C9, D:\AndroidStudioProjects\Sdk\ndk\28.2.13676358\toolchains\llvm\prebuilt\windows-x86_64\bin\clang++.exe(0x00007FF792730000) + 0x35CF0C9 byte(s)
  0x00007FF795D36933, D:\AndroidStudioProjects\Sdk\ndk\28.2.13676358\toolchains\llvm\prebuilt\windows-x86_64\bin\clang++.exe(0x00007FF792730000) + 0x3606933 byte(s)
  0x00007FF795CF908B, D:\AndroidStudioProjects\Sdk\ndk\28.2.13676358\toolchains\llvm\prebuilt\windows-x86_64\bin\clang++.exe(0x00007FF792730000) + 0x35C908B byte(s)
  0x00007FF795D39AE8, D:\AndroidStudioProjects\Sdk\ndk\28.2.13676358\toolchains\llvm\prebuilt\windows-x86_64\bin\clang++.exe(0x00007FF792730000) + 0x3609AE8 byte(s)
  0x00007FF795D0ACFE, D:\AndroidStudioProjects\Sdk\ndk\28.2.13676358\toolchains\llvm\prebuilt\windows-x86_64\bin\clang++.exe(0x00007FF792730000) + 0x35DACFE byte(s)
  0x00007FF795D2F665, D:\AndroidStudioProjects\Sdk\ndk\28.2.13676358\toolchains\llvm\prebuilt\windows-x86_64\bin\clang++.exe(0x00007FF792730000) + 0x35FF665 byte(s)
  0x00007FF795D48D6B, D:\AndroidStudioProjects\Sdk\ndk\28.2.13676358\toolchains\llvm\prebuilt\windows-x86_64\bin\clang++.exe(0x00007FF792730000) + 0x3618D6B byte(s)
  0x00007FF795D6AC92, D:\AndroidStudioProjects\Sdk\ndk\28.2.13676358\toolchains\llvm\prebuilt\windows-x86_64\bin\clang++.exe(0x00007FF792730000) + 0x363AC92 byte(s)
  0x00007FF795CC4E77, D:\AndroidStudioProjects\Sdk\ndk\28.2.13676358\toolchains\llvm\prebuilt\windows-x86_64\bin\clang++.exe(0x00007FF792730000) + 0x3594E77 byte(s)
  0x00007FF795CE1BE8, D:\AndroidStudioProjects\Sdk\ndk\28.2.13676358\toolchains\llvm\prebuilt\windows-x86_64\bin\clang++.exe(0x00007FF792730000) + 0x35B1BE8 byte(s)
  0x00007FF795CCB1BA, D:\AndroidStudioProjects\Sdk\ndk\28.2.13676358\toolchains\llvm\prebuilt\windows-x86_64\bin\clang++.exe(0x00007FF792730000) + 0x359B1BA byte(s)
  0x00007FF795CB5827, D:\AndroidStudioProjects\Sdk\ndk\28.2.13676358\toolchains\llvm\prebuilt\windows-x86_64\bin\clang++.exe(0x00007FF792730000) + 0x3585827 byte(s)
  0x00007FF795B8E691, D:\AndroidStudioProjects\Sdk\ndk\28.2.13676358\toolchains\llvm\prebuilt\windows-x86_64\bin\clang++.exe(0x00007FF792730000) + 0x345E691 byte(s)
  0x00007FF7972BC031, D:\AndroidStudioProjects\Sdk\ndk\28.2.13676358\toolchains\llvm\prebuilt\windows-x86_64\bin\clang++.exe(0x00007FF792730000) + 0x4B8C031 byte(s)
  0x00007FF795D43300, D:\AndroidStudioProjects\Sdk\ndk\28.2.13676358\toolchains\llvm\prebuilt\windows-x86_64\bin\clang++.exe(0x00007FF792730000) + 0x3613300 byte(s)
  0x00007FF795D255E7, D:\AndroidStudioProjects\Sdk\ndk\28.2.13676358\toolchains\llvm\prebuilt\windows-x86_64\bin\clang++.exe(0x00007FF792730000) + 0x35F55E7 byte(s)
  0x00007FF795D3193A, D:\AndroidStudioProjects\Sdk\ndk\28.2.13676358\toolchains\llvm\prebuilt\windows-x86_64\bin\clang++.exe(0x00007FF792730000) + 0x360193A byte(s)
  0x00007FF795D48D6B, D:\AndroidStudioProjects\Sdk\ndk\28.2.13676358\toolchains\llvm\prebuilt\windows-x86_64\bin\clang++.exe(0x00007FF792730000) + 0x3618D6B byte(s)
  0x00007FF795D6AC92, D:\AndroidStudioProjects\Sdk\ndk\28.2.13676358\toolchains\llvm\prebuilt\windows-x86_64\bin\clang++.exe(0x00007FF792730000) + 0x363AC92 byte(s)
  0x00007FF795CC4E77, D:\AndroidStudioProjects\Sdk\ndk\28.2.13676358\toolchains\llvm\prebuilt\windows-x86_64\bin\clang++.exe(0x00007FF792730000) + 0x3594E77 byte(s)
  0x00007FF795CE6CC3, D:\AndroidStudioProjects\Sdk\ndk\28.2.13676358\toolchains\llvm\prebuilt\windows-x86_64\bin\clang++.exe(0x00007FF792730000) + 0x35B6CC3 byte(s)
  0x00007FF795CE4872, D:\AndroidStudioProjects\Sdk\ndk\28.2.13676358\toolchains\llvm\prebuilt\windows-x86_64\bin\clang++.exe(0x00007FF792730000) + 0x35B4872 byte(s)
  0x00007FF795CE4E9C, D:\AndroidStudioProjects\Sdk\ndk\28.2.13676358\toolchains\llvm\prebuilt\windows-x86_64\bin\clang++.exe(0x00007FF792730000) + 0x35B4E9C byte(s)
  0x00007FF795CCB1BA, D:\AndroidStudioProjects\Sdk\ndk\28.2.13676358\toolchains\llvm\prebuilt\windows-x86_64\bin\clang++.exe(0x00007FF792730000) + 0x359B1BA byte(s)
  0x00007FF795CB5827, D:\AndroidStudioProjects\Sdk\ndk\28.2.13676358\toolchains\llvm\prebuilt\windows-x86_64\bin\clang++.exe(0x00007FF792730000) + 0x3585827 byte(s)
  0x00007FF795B8E691, D:\AndroidStudioProjects\Sdk\ndk\28.2.13676358\toolchains\llvm\prebuilt\windows-x86_64\bin\clang++.exe(0x00007FF792730000) + 0x345E691 byte(s)
  0x00007FF795E958ED, D:\AndroidStudioProjects\Sdk\ndk\28.2.13676358\toolchains\llvm\prebuilt\windows-x86_64\bin\clang++.exe(0x00007FF792730000) + 0x37658ED byte(s)
  0x00007FF795D94B41, D:\AndroidStudioProjects\Sdk\ndk\28.2.13676358\toolchains\llvm\prebuilt\windows-x86_64\bin\clang++.exe(0x00007FF792730000) + 0x3664B41 byte(s)
  0x00007FF795D9A45C, D:\AndroidStudioProjects\Sdk\ndk\28.2.13676358\toolchains\llvm\prebuilt\windows-x86_64\bin\clang++.exe(0x00007FF792730000) + 0x366A45C byte(s)
  0x00007FF795D5067A, D:\AndroidStudioProjects\Sdk\ndk\28.2.13676358\toolchains\llvm\prebuilt\windows-x86_64\bin\clang++.exe(0x00007FF792730000) + 0x362067A byte(s)
  0x00007FF795D50077, D:\AndroidStudioProjects\Sdk\ndk\28.2.13676358\toolchains\llvm\prebuilt\windows-x86_64\bin\clang++.exe(0x00007FF792730000) + 0x3620077 byte(s)
  0x00007FF795D2132D, D:\AndroidStudioProjects\Sdk\ndk\28.2.13676358\toolchains\llvm\prebuilt\windows-x86_64\bin\clang++.exe(0x00007FF792730000) + 0x35F132D byte(s)
  0x00007FF795D2332D, D:\AndroidStudioProjects\Sdk\ndk\28.2.13676358\toolchains\llvm\prebuilt\windows-x86_64\bin\clang++.exe(0x00007FF792730000) + 0x35F332D byte(s)
  0x00007FF795D231AC, D:\AndroidStudioProjects\Sdk\ndk\28.2.13676358\toolchains\llvm\prebuilt\windows-x86_64\bin\clang++.exe(0x00007FF792730000) + 0x35F31AC byte(s)
  0x00007FF795D48DF6, D:\AndroidStudioProjects\Sdk\ndk\28.2.13676358\toolchains\llvm\prebuilt\windows-x86_64\bin\clang++.exe(0x00007FF792730000) + 0x3618DF6 byte(s)
  0x00007FF795D6AC92, D:\AndroidStudioProjects\Sdk\ndk\28.2.13676358\toolchains\llvm\prebuilt\windows-x86_64\bin\clang++.exe(0x00007FF792730000) + 0x363AC92 byte(s)
  0x00007FF795CC4E77, D:\AndroidStudioProjects\Sdk\ndk\28.2.13676358\toolchains\llvm\prebuilt\windows-x86_64\bin\clang++.exe(0x00007FF792730000) + 0x3594E77 byte(s)
  0x00007FF795CC9B6C, D:\AndroidStudioProjects\Sdk\ndk\28.2.13676358\toolchains\llvm\prebuilt\windows-x86_64\bin\clang++.exe(0x00007FF792730000) + 0x3599B6C byte(s)
  0x00007FF795CD5089, D:\AndroidStudioProjects\Sdk\ndk\28.2.13676358\toolchains\llvm\prebuilt\windows-x86_64\bin\clang++.exe(0x00007FF792730000) + 0x35A5089 byte(s)
  0x00007FF795CBB596, D:\AndroidStudioProjects\Sdk\ndk\28.2.13676358\toolchains\llvm\prebuilt\windows-x86_64\bin\clang++.exe(0x00007FF792730000) + 0x358B596 byte(s)
  0x00007FF795CC9B6C, D:\AndroidStudioProjects\Sdk\ndk\28.2.13676358\toolchains\llvm\prebuilt\windows-x86_64\bin\clang++.exe(0x00007FF792730000) + 0x3599B6C byte(s)
  0x00007FF795CE6CC3, D:\AndroidStudioProjects\Sdk\ndk\28.2.13676358\toolchains\llvm\prebuilt\windows-x86_64\bin\clang++.exe(0x00007FF792730000) + 0x35B6CC3 byte(s)
  0x00007FF795CE4872, D:\AndroidStudioProjects\Sdk\ndk\28.2.13676358\toolchains\llvm\prebuilt\windows-x86_64\bin\clang++.exe(0x00007FF792730000) + 0x35B4872 byte(s)
  0x00007FF795CCB1BA, D:\AndroidStudioProjects\Sdk\ndk\28.2.13676358\toolchains\llvm\prebuilt\windows-x86_64\bin\clang++.exe(0x00007FF792730000) + 0x359B1BA byte(s)
  0x00007FF795CE4F6B, D:\AndroidStudioProjects\Sdk\ndk\28.2.13676358\toolchains\llvm\prebuilt\windows-x86_64\bin\clang++.exe(0x00007FF792730000) + 0x35B4F6B byte(s)
  0x00007FF795CCB1BA, D:\AndroidStudioProjects\Sdk\ndk\28.2.13676358\toolchains\llvm\prebuilt\windows-x86_64\bin\clang++.exe(0x00007FF792730000) + 0x359B1BA byte(s)
  0x00007FF795CB5827, D:\AndroidStudioProjects\Sdk\ndk\28.2.13676358\toolchains\llvm\prebuilt\windows-x86_64\bin\clang++.exe(0x00007FF792730000) + 0x3585827 byte(s)
  0x00007FF795B8E691, D:\AndroidStudioProjects\Sdk\ndk\28.2.13676358\toolchains\llvm\prebuilt\windows-x86_64\bin\clang++.exe(0x00007FF792730000) + 0x345E691 byte(s)
  0x00007FF795B9246C, D:\AndroidStudioProjects\Sdk\ndk\28.2.13676358\toolchains\llvm\prebuilt\windows-x86_64\bin\clang++.exe(0x00007FF792730000) + 0x346246C byte(s)
  0x00007FF795B8E7E9, D:\AndroidStudioProjects\Sdk\ndk\28.2.13676358\toolchains\llvm\prebuilt\windows-x86_64\bin\clang++.exe(0x00007FF792730000) + 0x345E7E9 byte(s)
  0x00007FF795B9246C, D:\AndroidStudioProjects\Sdk\ndk\28.2.13676358\toolchains\llvm\prebuilt\windows-x86_64\bin\clang++.exe(0x00007FF792730000) + 0x346246C byte(s)
  0x00007FF795B8E7E9, D:\AndroidStudioProjects\Sdk\ndk\28.2.13676358\toolchains\llvm\prebuilt\windows-x86_64\bin\clang++.exe(0x00007FF792730000) + 0x345E7E9 byte(s)
  0x00007FF795B9246C, D:\AndroidStudioProjects\Sdk\ndk\28.2.13676358\toolchains\llvm\prebuilt\windows-x86_64\bin\clang++.exe(0x00007FF792730000) + 0x346246C byte(s)
  0x00007FF7940E3FD2, D:\AndroidStudioProjects\Sdk\ndk\28.2.13676358\toolchains\llvm\prebuilt\windows-x86_64\bin\clang++.exe(0x00007FF792730000) + 0x19B3FD2 byte(s)
  0x00007FF7940E47BC, D:\AndroidStudioProjects\Sdk\ndk\28.2.13676358\toolchains\llvm\prebuilt\windows-x86_64\bin\clang++.exe(0x00007FF792730000) + 0x19B47BC byte(s)
  0x00007FF797608854, D:\AndroidStudioProjects\Sdk\ndk\28.2.13676358\toolchains\llvm\prebuilt\windows-x86_64\bin\clang++.exe(0x00007FF792730000) + 0x4ED8854 byte(s)
  0x00007FF795FE76AE, D:\AndroidStudioProjects\Sdk\ndk\28.2.13676358\toolchains\llvm\prebuilt\windows-x86_64\bin\clang++.exe(0x00007FF792730000) + 0x38B76AE byte(s)
  0x00007FF794103B5E, D:\AndroidStudioProjects\Sdk\ndk\28.2.13676358\toolchains\llvm\prebuilt\windows-x86_64\bin\clang++.exe(0x00007FF792730000) + 0x19D3B5E byte(s)
  0x00007FF792E6B250, D:\AndroidStudioProjects\Sdk\ndk\28.2.13676358\toolchains\llvm\prebuilt\windows-x86_64\bin\clang++.exe(0x00007FF792730000) + 0x73B250 byte(s)
  0x00007FF792F04FD5, D:\AndroidStudioProjects\Sdk\ndk\28.2.13676358\toolchains\llvm\prebuilt\windows-x86_64\bin\clang++.exe(0x00007FF792730000) + 0x7D4FD5 byte(s)
  0x00007FF79286F7E8, D:\AndroidStudioProjects\Sdk\ndk\28.2.13676358\toolchains\llvm\prebuilt\windows-x86_64\bin\clang++.exe(0x00007FF792730000) + 0x13F7E8 byte(s)
  0x00007FF79286C8B0, D:\AndroidStudioProjects\Sdk\ndk\28.2.13676358\toolchains\llvm\prebuilt\windows-x86_64\bin\clang++.exe(0x00007FF792730000) + 0x13C8B0 byte(s)
  0x00007FF793E7829D, D:\AndroidStudioProjects\Sdk\ndk\28.2.13676358\toolchains\llvm\prebuilt\windows-x86_64\bin\clang++.exe(0x00007FF792730000) + 0x174829D byte(s)
  0x00007FF792D47ACD, D:\AndroidStudioProjects\Sdk\ndk\28.2.13676358\toolchains\llvm\prebuilt\windows-x86_64\bin\clang++.exe(0x00007FF792730000) + 0x617ACD byte(s)
  0x00007FF793E77CD5, D:\AndroidStudioProjects\Sdk\ndk\28.2.13676358\toolchains\llvm\prebuilt\windows-x86_64\bin\clang++.exe(0x00007FF792730000) + 0x1747CD5 byte(s)
  0x00007FF792E166C6, D:\AndroidStudioProjects\Sdk\ndk\28.2.13676358\toolchains\llvm\prebuilt\windows-x86_64\bin\clang++.exe(0x00007FF792730000) + 0x6E66C6 byte(s)
  0x00007FF792E3A8AD, D:\AndroidStudioProjects\Sdk\ndk\28.2.13676358\toolchains\llvm\prebuilt\windows-x86_64\bin\clang++.exe(0x00007FF792730000) + 0x70A8AD byte(s)
  0x00007FF79286B80E, D:\AndroidStudioProjects\Sdk\ndk\28.2.13676358\toolchains\llvm\prebuilt\windows-x86_64\bin\clang++.exe(0x00007FF792730000) + 0x13B80E byte(s)
  0x00007FF79287CA4D, D:\AndroidStudioProjects\Sdk\ndk\28.2.13676358\toolchains\llvm\prebuilt\windows-x86_64\bin\clang++.exe(0x00007FF792730000) + 0x14CA4D byte(s)
  0x00007FF792731395, D:\AndroidStudioProjects\Sdk\ndk\28.2.13676358\toolchains\llvm\prebuilt\windows-x86_64\bin\clang++.exe(0x00007FF792730000) + 0x1395 byte(s)
  0x00007FF7927314C8, D:\AndroidStudioProjects\Sdk\ndk\28.2.13676358\toolchains\llvm\prebuilt\windows-x86_64\bin\clang++.exe(0x00007FF792730000) + 0x14C8 byte(s)
  0x00007FFC6FCDCD87, C:\WINDOWS\System32\KERNEL32.DLL(0x00007FFC6FCB0000) + 0x2CD87 byte(s)
  0x00007FFC719ECAEC, C:\WINDOWS\SYSTEM32\ntdll.dll(0x00007FFC71940000) + 0xACAEC byte(s), RtlUserThreadStart() + 0x2C byte(s)
  clang++: error: clang frontend command failed due to signal (use -v to see invocation)
  Android (13624864, based on r530567e) clang version 19.0.1 (https://android.googlesource.com/toolchain/llvm-project 97a699bf4812a18fb657c2779f5296a4ab2694d2)
  Target: aarch64-none-linux-android24
  Thread model: posix
  InstalledDir: D:/AndroidStudioProjects/Sdk/ndk/28.2.13676358/toolchains/llvm/prebuilt/windows-x86_64/bin
  clang++: error: unable to execute command: Couldn't execute program 'D:/AndroidStudioProjects/Sdk/ndk/28.2.13676358/toolchains/llvm/prebuilt/windows-x86_64/bin/clang++.exe': Insufficient system resources exist to complete the requested service.  (0x5AA)
  clang++: note: diagnostic msg: Error generating preprocessed source(s).
  [9/79] Building CXX object CMakeFiles/reanimated.dir/33b91de4d264c572fb056fa8a2284a61/react-native-reanimated/Common/cpp/reanimated/CSS/easing/linear.cpp.o
  FAILED: CMakeFiles/reanimated.dir/33b91de4d264c572fb056fa8a2284a61/react-native-reanimated/Common/cpp/reanimated/CSS/easing/linear.cpp.o 
  D:\AndroidStudioProjects\Sdk\ndk\28.2.13676358\toolchains\llvm\prebuilt\windows-x86_64\bin\clang++.exe --target=aarch64-none-linux-android24 --sysroot=D:/AndroidStudioProjects/Sdk/ndk/28.2.13676358/toolchains/llvm/prebuilt/windows-x86_64/sysroot -DRN_SERIALIZABLE_STATE -Dreanimated_EXPORTS -ID:/Projects/touch/touch-mobile/node_modules/react-native-reanimated/android/../Common/cpp -ID:/Projects/touch/touch-mobile/node_modules/react-native-reanimated/android/src/main/cpp -ID:/Projects/touch/touch-mobile/node_modules/react-native/ReactCommon -ID:/Projects/touch/touch-mobile/node_modules/react-native/ReactCommon/yoga -ID:/Projects/touch/touch-mobile/node_modules/react-native/ReactAndroid/src/main/jni/react/turbomodule -ID:/Projects/touch/touch-mobile/node_modules/react-native/ReactCommon/callinvoker -ID:/Projects/touch/touch-mobile/node_modules/react-native/ReactCommon/runtimeexecutor -ID:/Projects/touch/touch-mobile/node_modules/react-native/ReactCommon/jsiexecutor -ID:/Projects/touch/touch-mobile/node_modules/react-native/ReactCommon/react/renderer/graphics/platform/cxx -isystem D:/AndroidStudioProjects/.gradle/caches/8.13/transforms/761d13cc5b0f08ac09c3c16bb3bc519a/transformed/jetified-react-android-0.81.5-release/prefab/modules/reactnative/include -isystem D:/AndroidStudioProjects/.gradle/caches/8.13/transforms/761d13cc5b0f08ac09c3c16bb3bc519a/transformed/jetified-react-android-0.81.5-release/prefab/modules/jsi/include -isystem D:/AndroidStudioProjects/.gradle/caches/8.13/transforms/496183c206113a51ea543412a7084c83/transformed/jetified-fbjni-0.7.0/prefab/modules/fbjni/include -isystem D:/Projects/touch/touch-mobile/node_modules/react-native-worklets/android/build/prefab-headers/worklets -g -DANDROID -fdata-sections -ffunction-sections -funwind-tables -fstack-protector-strong -no-canonical-prefixes -D_FORTIFY_SOURCE=2 -Wformat -Werror=format-security   -DREACT_NATIVE_MINOR_VERSION=81    -DREANIMATED_VERSION=4.3.1    -DREANIMATED_FEATURE_FLAGS="[EXPERIMENTAL_CSS_ANIMATIONS_FOR_SVG_COMPONENTS:false][RUNTIME_TEST_FLAG:false][DISABLE_COMMIT_PAUSING_MECHANISM:false][ANDROID_SYNCHRONOUSLY_UPDATE_UI_PROPS:false][USE_SYNCHRONIZABLE_FOR_MUTABLES:true][FORCE_REACT_RENDER_FOR_SETTLED_ANIMATIONS:true][ENABLE_SHARED_ELEMENT_TRANSITIONS:false][IOS_SYNCHRONOUSLY_UPDATE_UI_PROPS:false][USE_COMMIT_HOOK_ONLY_FOR_REACT_COMMITS:true]" -fno-omit-frame-pointer -fstack-protector-all -fvisibility=hidden -DNDEBUG -flto=thin -O2 -g -DNDEBUG -fPIC -DFOLLY_NO_CONFIG=1 -DFOLLY_HAVE_CLOCK_GETTIME=1 -DFOLLY_USE_LIBCPP=1 -DFOLLY_CFG_NO_COROUTINES=1 -DFOLLY_MOBILE=1 -DFOLLY_HAVE_RECVMMSG=1 -DFOLLY_HAVE_PTHREAD=1 -DFOLLY_HAVE_XSI_STRERROR_R=1 -Wall -Werror -fexceptions -frtti -std=c++20 -DLOG_TAG=\"ReactNative\" -std=gnu++20 -MD -MT CMakeFiles/reanimated.dir/33b91de4d264c572fb056fa8a2284a61/react-native-reanimated/Common/cpp/reanimated/CSS/easing/linear.cpp.o -MF CMakeFiles\reanimated.dir\33b91de4d264c572fb056fa8a2284a61\react-native-reanimated\Common\cpp\reanimated\CSS\easing\linear.cpp.o.d -o CMakeFiles/reanimated.dir/33b91de4d264c572fb056fa8a2284a61/react-native-reanimated/Common/cpp/reanimated/CSS/easing/linear.cpp.o -c D:/Projects/touch/touch-mobile/node_modules/react-native-reanimated/Common/cpp/reanimated/CSS/easing/linear.cpp
  LLVM ERROR: out of memory
  Allocation failed
  PLEASE submit a bug report to https://github.com/android-ndk/ndk/issues and include the crash backtrace, preprocessed source, and associated run script.
  Stack dump:
  0.	Program arguments: D:\\AndroidStudioProjects\\Sdk\\ndk\\28.2.13676358\\toolchains\\llvm\\prebuilt\\windows-x86_64\\bin\\clang++.exe --target=aarch64-none-linux-android24 --sysroot=D:/AndroidStudioProjects/Sdk/ndk/28.2.13676358/toolchains/llvm/prebuilt/windows-x86_64/sysroot -DRN_SERIALIZABLE_STATE -Dreanimated_EXPORTS -ID:/Projects/touch/touch-mobile/node_modules/react-native-reanimated/android/../Common/cpp -ID:/Projects/touch/touch-mobile/node_modules/react-native-reanimated/android/src/main/cpp -ID:/Projects/touch/touch-mobile/node_modules/react-native/ReactCommon -ID:/Projects/touch/touch-mobile/node_modules/react-native/ReactCommon/yoga -ID:/Projects/touch/touch-mobile/node_modules/react-native/ReactAndroid/src/main/jni/react/turbomodule -ID:/Projects/touch/touch-mobile/node_modules/react-native/ReactCommon/callinvoker -ID:/Projects/touch/touch-mobile/node_modules/react-native/ReactCommon/runtimeexecutor -ID:/Projects/touch/touch-mobile/node_modules/react-native/ReactCommon/jsiexecutor -ID:/Projects/touch/touch-mobile/node_modules/react-native/ReactCommon/react/renderer/graphics/platform/cxx -isystem D:/AndroidStudioProjects/.gradle/caches/8.13/transforms/761d13cc5b0f08ac09c3c16bb3bc519a/transformed/jetified-react-android-0.81.5-release/prefab/modules/reactnative/include -isystem D:/AndroidStudioProjects/.gradle/caches/8.13/transforms/761d13cc5b0f08ac09c3c16bb3bc519a/transformed/jetified-react-android-0.81.5-release/prefab/modules/jsi/include -isystem D:/AndroidStudioProjects/.gradle/caches/8.13/transforms/496183c206113a51ea543412a7084c83/transformed/jetified-fbjni-0.7.0/prefab/modules/fbjni/include -isystem D:/Projects/touch/touch-mobile/node_modules/react-native-worklets/android/build/prefab-headers/worklets -g -DANDROID -fdata-sections -ffunction-sections -funwind-tables -fstack-protector-strong -no-canonical-prefixes -D_FORTIFY_SOURCE=2 -Wformat -Werror=format-security -DREACT_NATIVE_MINOR_VERSION=81 -DREANIMATED_VERSION=4.3.1 -DREANIMATED_FEATURE_FLAGS=[EXPERIMENTAL_CSS_ANIMATIONS_FOR_SVG_COMPONENTS:false][RUNTIME_TEST_FLAG:false][DISABLE_COMMIT_PAUSING_MECHANISM:false][ANDROID_SYNCHRONOUSLY_UPDATE_UI_PROPS:false][USE_SYNCHRONIZABLE_FOR_MUTABLES:true][FORCE_REACT_RENDER_FOR_SETTLED_ANIMATIONS:true][ENABLE_SHARED_ELEMENT_TRANSITIONS:false][IOS_SYNCHRONOUSLY_UPDATE_UI_PROPS:false][USE_COMMIT_HOOK_ONLY_FOR_REACT_COMMITS:true] -fno-omit-frame-pointer -fstack-protector-all -fvisibility=hidden -DNDEBUG -flto=thin -O2 -g -DNDEBUG -fPIC -DFOLLY_NO_CONFIG=1 -DFOLLY_HAVE_CLOCK_GETTIME=1 -DFOLLY_USE_LIBCPP=1 -DFOLLY_CFG_NO_COROUTINES=1 -DFOLLY_MOBILE=1 -DFOLLY_HAVE_RECVMMSG=1 -DFOLLY_HAVE_PTHREAD=1 -DFOLLY_HAVE_XSI_STRERROR_R=1 -Wall -Werror -fexceptions -frtti -std=c++20 -DLOG_TAG=\"ReactNative\" -std=gnu++20 -MD -MT CMakeFiles/reanimated.dir/33b91de4d264c572fb056fa8a2284a61/react-native-reanimated/Common/cpp/reanimated/CSS/easing/linear.cpp.o -MF CMakeFiles\\reanimated.dir\\33b91de4d264c572fb056fa8a2284a61\\react-native-reanimated\\Common\\cpp\\reanimated\\CSS\\easing\\linear.cpp.o.d -o CMakeFiles/reanimated.dir/33b91de4d264c572fb056fa8a2284a61/react-native-reanimated/Common/cpp/reanimated/CSS/easing/linear.cpp.o -c D:/Projects/touch/touch-mobile/node_modules/react-native-reanimated/Common/cpp/reanimated/CSS/easing/linear.cpp
  1.	D:/AndroidStudioProjects/Sdk/ndk/28.2.13676358/toolchains/llvm/prebuilt/windows-x86_64/sysroot/usr/include/c++/v1/__functional/bind_front.h:31:24: current parser token '{'
  2.	D:/AndroidStudioProjects/Sdk/ndk/28.2.13676358/toolchains/llvm/prebuilt/windows-x86_64/sysroot/usr/include/c++/v1/__functional/bind_front.h:27:1 <Spelling=D:/AndroidStudioProjects/Sdk/ndk/28.2.13676358/toolchains/llvm/prebuilt/windows-x86_64/sysroot/usr/include/c++/v1/__config:865:39>: parsing namespace 'std'
  3.	D:/AndroidStudioProjects/Sdk/ndk/28.2.13676358/toolchains/llvm/prebuilt/windows-x86_64/sysroot/usr/include/c++/v1/__functional/bind_front.h:27:1 <Spelling=D:/AndroidStudioProjects/Sdk/ndk/28.2.13676358/toolchains/llvm/prebuilt/windows-x86_64/sysroot/usr/include/c++/v1/__config:866:39>: parsing namespace 'std::__ndk1'
  Exception Code: 0xC000001D
   #0 0x00007ff792d6cdb6 (D:\AndroidStudioProjects\Sdk\ndk\28.2.13676358\toolchains\llvm\prebuilt\windows-x86_64\bin\clang++.exe+0x63cdb6)
   #1 0x00007ffc6edf2139 (C:\WINDOWS\System32\ucrtbase.dll+0xc2139)
   #2 0x00007ffc6edd5261 (C:\WINDOWS\System32\ucrtbase.dll+0xa5261)
   #3 0x00007ff792d4d05b (D:\AndroidStudioProjects\Sdk\ndk\28.2.13676358\toolchains\llvm\prebuilt\windows-x86_64\bin\clang++.exe+0x61d05b)
   #4 0x00007ff792d4d072 (D:\AndroidStudioProjects\Sdk\ndk\28.2.13676358\toolchains\llvm\prebuilt\windows-x86_64\bin\clang++.exe+0x61d072)
   #5 0x00007ff79273741c (D:\AndroidStudioProjects\Sdk\ndk\28.2.13676358\toolchains\llvm\prebuilt\windows-x86_64\bin\clang++.exe+0x741c)
   #6 0x00007ff793d6fb64 (D:\AndroidStudioProjects\Sdk\ndk\28.2.13676358\toolchains\llvm\prebuilt\windows-x86_64\bin\clang++.exe+0x163fb64)
   #7 0x00007ff7958c17b6 (D:\AndroidStudioProjects\Sdk\ndk\28.2.13676358\toolchains\llvm\prebuilt\windows-x86_64\bin\clang++.exe+0x31917b6)
   #8 0x00007ff797f7d9b8 (D:\AndroidStudioProjects\Sdk\ndk\28.2.13676358\toolchains\llvm\prebuilt\windows-x86_64\bin\clang++.exe+0x584d9b8)
   #9 0x00007ff797fa8251 (D:\AndroidStudioProjects\Sdk\ndk\28.2.13676358\toolchains\llvm\prebuilt\windows-x86_64\bin\clang++.exe+0x5878251)
  #10 0x00007ff79760ba18 (D:\AndroidStudioProjects\Sdk\ndk\28.2.13676358\toolchains\llvm\prebuilt\windows-x86_64\bin\clang++.exe+0x4edba18)
  #11 0x00007ff79760b7f2 (D:\AndroidStudioProjects\Sdk\ndk\28.2.13676358\toolchains\llvm\prebuilt\windows-x86_64\bin\clang++.exe+0x4edb7f2)
  #12 0x00007ff79760a933 (D:\AndroidStudioProjects\Sdk\ndk\28.2.13676358\toolchains\llvm\prebuilt\windows-x86_64\bin\clang++.exe+0x4eda933)
  #13 0x00007ff797f74d6e (D:\AndroidStudioProjects\Sdk\ndk\28.2.13676358\toolchains\llvm\prebuilt\windows-x86_64\bin\clang++.exe+0x5844d6e)
  #14 0x00007ff797f745e2 (D:\AndroidStudioProjects\Sdk\ndk\28.2.13676358\toolchains\llvm\prebuilt\windows-x86_64\bin\clang++.exe+0x58445e2)
  #15 0x00007ff797fa0bd4 (D:\AndroidStudioProjects\Sdk\ndk\28.2.13676358\toolchains\llvm\prebuilt\windows-x86_64\bin\clang++.exe+0x5870bd4)
  #16 0x00007ff79760a1db (D:\AndroidStudioProjects\Sdk\ndk\28.2.13676358\toolchains\llvm\prebuilt\windows-x86_64\bin\clang++.exe+0x4eda1db)
  #17 0x00007ff797f74d6e (D:\AndroidStudioProjects\Sdk\ndk\28.2.13676358\toolchains\llvm\prebuilt\windows-x86_64\bin\clang++.exe+0x5844d6e)
  #18 0x00007ff797f745e2 (D:\AndroidStudioProjects\Sdk\ndk\28.2.13676358\toolchains\llvm\prebuilt\windows-x86_64\bin\clang++.exe+0x58445e2)
  #19 0x00007ff797fa0bd4 (D:\AndroidStudioProjects\Sdk\ndk\28.2.13676358\toolchains\llvm\prebuilt\windows-x86_64\bin\clang++.exe+0x5870bd4)
  #20 0x00007ff79760a1db (D:\AndroidStudioProjects\Sdk\ndk\28.2.13676358\toolchains\llvm\prebuilt\windows-x86_64\bin\clang++.exe+0x4eda1db)
  #21 0x00007ff79760869d (D:\AndroidStudioProjects\Sdk\ndk\28.2.13676358\toolchains\llvm\prebuilt\windows-x86_64\bin\clang++.exe+0x4ed869d)
  #22 0x00007ff795fe76ae (D:\AndroidStudioProjects\Sdk\ndk\28.2.13676358\toolchains\llvm\prebuilt\windows-x86_64\bin\clang++.exe+0x38b76ae)
  #23 0x00007ff794103b5e (D:\AndroidStudioProjects\Sdk\ndk\28.2.13676358\toolchains\llvm\prebuilt\windows-x86_64\bin\clang++.exe+0x19d3b5e)
  #24 0x00007ff792e6b250 (D:\AndroidStudioProjects\Sdk\ndk\28.2.13676358\toolchains\llvm\prebuilt\windows-x86_64\bin\clang++.exe+0x73b250)
  #25 0x00007ff792f04fd5 (D:\AndroidStudioProjects\Sdk\ndk\28.2.13676358\toolchains\llvm\prebuilt\windows-x86_64\bin\clang++.exe+0x7d4fd5)
  #26 0x00007ff79286f7e8 (D:\AndroidStudioProjects\Sdk\ndk\28.2.13676358\toolchains\llvm\prebuilt\windows-x86_64\bin\clang++.exe+0x13f7e8)
  #27 0x00007ff79286c8b0 (D:\AndroidStudioProjects\Sdk\ndk\28.2.13676358\toolchains\llvm\prebuilt\windows-x86_64\bin\clang++.exe+0x13c8b0)
  #28 0x00007ff793e7829d (D:\AndroidStudioProjects\Sdk\ndk\28.2.13676358\toolchains\llvm\prebuilt\windows-x86_64\bin\clang++.exe+0x174829d)
  #29 0x00007ff792d47acd (D:\AndroidStudioProjects\Sdk\ndk\28.2.13676358\toolchains\llvm\prebuilt\windows-x86_64\bin\clang++.exe+0x617acd)
  #30 0x00007ff793e77cd5 (D:\AndroidStudioProjects\Sdk\ndk\28.2.13676358\toolchains\llvm\prebuilt\windows-x86_64\bin\clang++.exe+0x1747cd5)
  #31 0x00007ff792e166c6 (D:\AndroidStudioProjects\Sdk\ndk\28.2.13676358\toolchains\llvm\prebuilt\windows-x86_64\bin\clang++.exe+0x6e66c6)
  #32 0x00007ff792e3a8ad (D:\AndroidStudioProjects\Sdk\ndk\28.2.13676358\toolchains\llvm\prebuilt\windows-x86_64\bin\clang++.exe+0x70a8ad)
  #33 0x00007ff79286b80e (D:\AndroidStudioProjects\Sdk\ndk\28.2.13676358\toolchains\llvm\prebuilt\windows-x86_64\bin\clang++.exe+0x13b80e)
  #34 0x00007ff79287ca4d (D:\AndroidStudioProjects\Sdk\ndk\28.2.13676358\toolchains\llvm\prebuilt\windows-x86_64\bin\clang++.exe+0x14ca4d)
  #35 0x00007ff792731395 (D:\AndroidStudioProjects\Sdk\ndk\28.2.13676358\toolchains\llvm\prebuilt\windows-x86_64\bin\clang++.exe+0x1395)
  #36 0x00007ff7927314c8 (D:\AndroidStudioProjects\Sdk\ndk\28.2.13676358\toolchains\llvm\prebuilt\windows-x86_64\bin\clang++.exe+0x14c8)
  #37 0x00007ffc6fcdcd87 (C:\WINDOWS\System32\KERNEL32.DLL+0x2cd87)
  #38 0x00007ffc719ecaec (C:\WINDOWS\SYSTEM32\ntdll.dll+0xacaec)
  clang++: error: clang frontend command failed due to signal (use -v to see invocation)
  Android (13624864, based on r530567e) clang version 19.0.1 (https://android.googlesource.com/toolchain/llvm-project 97a699bf4812a18fb657c2779f5296a4ab2694d2)
  Target: aarch64-none-linux-android24
  Thread model: posix
  InstalledDir: D:/AndroidStudioProjects/Sdk/ndk/28.2.13676358/toolchains/llvm/prebuilt/windows-x86_64/bin
  clang++: note: diagnostic msg: 
  ********************
  
  PLEASE ATTACH THE FOLLOWING FILES TO THE BUG REPORT:
  Preprocessed source(s) and associated run script(s) are located at:
  clang++: note: diagnostic msg: C:/Users/roybe/AppData/Local/Temp/linear-27908b.cpp
  clang++: note: diagnostic msg: C:/Users/roybe/AppData/Local/Temp/linear-27908b.sh
  clang++: note: diagnostic msg: 
  
  ********************
  [10/79] Building CXX object CMakeFiles/reanimated.dir/28589d058a79ca378130da8b28ff56a7/cpp/reanimated/CSS/interpolation/filters/FilterStyleInterpolator.cpp.o
  FAILED: CMakeFiles/reanimated.dir/28589d058a79ca378130da8b28ff56a7/cpp/reanimated/CSS/interpolation/filters/FilterStyleInterpolator.cpp.o 
  D:\AndroidStudioProjects\Sdk\ndk\28.2.13676358\toolchains\llvm\prebuilt\windows-x86_64\bin\clang++.exe --target=aarch64-none-linux-android24 --sysroot=D:/AndroidStudioProjects/Sdk/ndk/28.2.13676358/toolchains/llvm/prebuilt/windows-x86_64/sysroot -DRN_SERIALIZABLE_STATE -Dreanimated_EXPORTS -ID:/Projects/touch/touch-mobile/node_modules/react-native-reanimated/android/../Common/cpp -ID:/Projects/touch/touch-mobile/node_modules/react-native-reanimated/android/src/main/cpp -ID:/Projects/touch/touch-mobile/node_modules/react-native/ReactCommon -ID:/Projects/touch/touch-mobile/node_modules/react-native/ReactCommon/yoga -ID:/Projects/touch/touch-mobile/node_modules/react-native/ReactAndroid/src/main/jni/react/turbomodule -ID:/Projects/touch/touch-mobile/node_modules/react-native/ReactCommon/callinvoker -ID:/Projects/touch/touch-mobile/node_modules/react-native/ReactCommon/runtimeexecutor -ID:/Projects/touch/touch-mobile/node_modules/react-native/ReactCommon/jsiexecutor -ID:/Projects/touch/touch-mobile/node_modules/react-native/ReactCommon/react/renderer/graphics/platform/cxx -isystem D:/AndroidStudioProjects/.gradle/caches/8.13/transforms/761d13cc5b0f08ac09c3c16bb3bc519a/transformed/jetified-react-android-0.81.5-release/prefab/modules/reactnative/include -isystem D:/AndroidStudioProjects/.gradle/caches/8.13/transforms/761d13cc5b0f08ac09c3c16bb3bc519a/transformed/jetified-react-android-0.81.5-release/prefab/modules/jsi/include -isystem D:/AndroidStudioProjects/.gradle/caches/8.13/transforms/496183c206113a51ea543412a7084c83/transformed/jetified-fbjni-0.7.0/prefab/modules/fbjni/include -isystem D:/Projects/touch/touch-mobile/node_modules/react-native-worklets/android/build/prefab-headers/worklets -g -DANDROID -fdata-sections -ffunction-sections -funwind-tables -fstack-protector-strong -no-canonical-prefixes -D_FORTIFY_SOURCE=2 -Wformat -Werror=format-security   -DREACT_NATIVE_MINOR_VERSION=81    -DREANIMATED_VERSION=4.3.1    -DREANIMATED_FEATURE_FLAGS="[EXPERIMENTAL_CSS_ANIMATIONS_FOR_SVG_COMPONENTS:false][RUNTIME_TEST_FLAG:false][DISABLE_COMMIT_PAUSING_MECHANISM:false][ANDROID_SYNCHRONOUSLY_UPDATE_UI_PROPS:false][USE_SYNCHRONIZABLE_FOR_MUTABLES:true][FORCE_REACT_RENDER_FOR_SETTLED_ANIMATIONS:true][ENABLE_SHARED_ELEMENT_TRANSITIONS:false][IOS_SYNCHRONOUSLY_UPDATE_UI_PROPS:false][USE_COMMIT_HOOK_ONLY_FOR_REACT_COMMITS:true]" -fno-omit-frame-pointer -fstack-protector-all -fvisibility=hidden -DNDEBUG -flto=thin -O2 -g -DNDEBUG -fPIC -DFOLLY_NO_CONFIG=1 -DFOLLY_HAVE_CLOCK_GETTIME=1 -DFOLLY_USE_LIBCPP=1 -DFOLLY_CFG_NO_COROUTINES=1 -DFOLLY_MOBILE=1 -DFOLLY_HAVE_RECVMMSG=1 -DFOLLY_HAVE_PTHREAD=1 -DFOLLY_HAVE_XSI_STRERROR_R=1 -Wall -Werror -fexceptions -frtti -std=c++20 -DLOG_TAG=\"ReactNative\" -std=gnu++20 -MD -MT CMakeFiles/reanimated.dir/28589d058a79ca378130da8b28ff56a7/cpp/reanimated/CSS/interpolation/filters/FilterStyleInterpolator.cpp.o -MF CMakeFiles\reanimated.dir\28589d058a79ca378130da8b28ff56a7\cpp\reanimated\CSS\interpolation\filters\FilterStyleInterpolator.cpp.o.d -o CMakeFiles/reanimated.dir/28589d058a79ca378130da8b28ff56a7/cpp/reanimated/CSS/interpolation/filters/FilterStyleInterpolator.cpp.o -c D:/Projects/touch/touch-mobile/node_modules/react-native-reanimated/Common/cpp/reanimated/CSS/interpolation/filters/FilterStyleInterpolator.cpp
  LLVM ERROR: out of memory
  Allocation failed
  PLEASE submit a bug report to https://github.com/android-ndk/ndk/issues and include the crash backtrace, preprocessed source, and associated run script.
  Stack dump:
  0.	Program arguments: D:\\AndroidStudioProjects\\Sdk\\ndk\\28.2.13676358\\toolchains\\llvm\\prebuilt\\windows-x86_64\\bin\\clang++.exe --target=aarch64-none-linux-android24 --sysroot=D:/AndroidStudioProjects/Sdk/ndk/28.2.13676358/toolchains/llvm/prebuilt/windows-x86_64/sysroot -DRN_SERIALIZABLE_STATE -Dreanimated_EXPORTS -ID:/Projects/touch/touch-mobile/node_modules/react-native-reanimated/android/../Common/cpp -ID:/Projects/touch/touch-mobile/node_modules/react-native-reanimated/android/src/main/cpp -ID:/Projects/touch/touch-mobile/node_modules/react-native/ReactCommon -ID:/Projects/touch/touch-mobile/node_modules/react-native/ReactCommon/yoga -ID:/Projects/touch/touch-mobile/node_modules/react-native/ReactAndroid/src/main/jni/react/turbomodule -ID:/Projects/touch/touch-mobile/node_modules/react-native/ReactCommon/callinvoker -ID:/Projects/touch/touch-mobile/node_modules/react-native/ReactCommon/runtimeexecutor -ID:/Projects/touch/touch-mobile/node_modules/react-native/ReactCommon/jsiexecutor -ID:/Projects/touch/touch-mobile/node_modules/react-native/ReactCommon/react/renderer/graphics/platform/cxx -isystem D:/AndroidStudioProjects/.gradle/caches/8.13/transforms/761d13cc5b0f08ac09c3c16bb3bc519a/transformed/jetified-react-android-0.81.5-release/prefab/modules/reactnative/include -isystem D:/AndroidStudioProjects/.gradle/caches/8.13/transforms/761d13cc5b0f08ac09c3c16bb3bc519a/transformed/jetified-react-android-0.81.5-release/prefab/modules/jsi/include -isystem D:/AndroidStudioProjects/.gradle/caches/8.13/transforms/496183c206113a51ea543412a7084c83/transformed/jetified-fbjni-0.7.0/prefab/modules/fbjni/include -isystem D:/Projects/touch/touch-mobile/node_modules/react-native-worklets/android/build/prefab-headers/worklets -g -DANDROID -fdata-sections -ffunction-sections -funwind-tables -fstack-protector-strong -no-canonical-prefixes -D_FORTIFY_SOURCE=2 -Wformat -Werror=format-security -DREACT_NATIVE_MINOR_VERSION=81 -DREANIMATED_VERSION=4.3.1 -DREANIMATED_FEATURE_FLAGS=[EXPERIMENTAL_CSS_ANIMATIONS_FOR_SVG_COMPONENTS:false][RUNTIME_TEST_FLAG:false][DISABLE_COMMIT_PAUSING_MECHANISM:false][ANDROID_SYNCHRONOUSLY_UPDATE_UI_PROPS:false][USE_SYNCHRONIZABLE_FOR_MUTABLES:true][FORCE_REACT_RENDER_FOR_SETTLED_ANIMATIONS:true][ENABLE_SHARED_ELEMENT_TRANSITIONS:false][IOS_SYNCHRONOUSLY_UPDATE_UI_PROPS:false][USE_COMMIT_HOOK_ONLY_FOR_REACT_COMMITS:true] -fno-omit-frame-pointer -fstack-protector-all -fvisibility=hidden -DNDEBUG -flto=thin -O2 -g -DNDEBUG -fPIC -DFOLLY_NO_CONFIG=1 -DFOLLY_HAVE_CLOCK_GETTIME=1 -DFOLLY_USE_LIBCPP=1 -DFOLLY_CFG_NO_COROUTINES=1 -DFOLLY_MOBILE=1 -DFOLLY_HAVE_RECVMMSG=1 -DFOLLY_HAVE_PTHREAD=1 -DFOLLY_HAVE_XSI_STRERROR_R=1 -Wall -Werror -fexceptions -frtti -std=c++20 -DLOG_TAG=\"ReactNative\" -std=gnu++20 -MD -MT CMakeFiles/reanimated.dir/28589d058a79ca378130da8b28ff56a7/cpp/reanimated/CSS/interpolation/filters/FilterStyleInterpolator.cpp.o -MF CMakeFiles\\reanimated.dir\\28589d058a79ca378130da8b28ff56a7\\cpp\\reanimated\\CSS\\interpolation\\filters\\FilterStyleInterpolator.cpp.o.d -o CMakeFiles/reanimated.dir/28589d058a79ca378130da8b28ff56a7/cpp/reanimated/CSS/interpolation/filters/FilterStyleInterpolator.cpp.o -c D:/Projects/touch/touch-mobile/node_modules/react-native-reanimated/Common/cpp/reanimated/CSS/interpolation/filters/FilterStyleInterpolator.cpp
  1.	D:/AndroidStudioProjects/Sdk/ndk/28.2.13676358/toolchains/llvm/prebuilt/windows-x86_64/sysroot/usr/include/c++/v1/bitset:575:94: current parser token '{'
  2.	D:/AndroidStudioProjects/Sdk/ndk/28.2.13676358/toolchains/llvm/prebuilt/windows-x86_64/sysroot/usr/include/c++/v1/bitset:156:1 <Spelling=D:/AndroidStudioProjects/Sdk/ndk/28.2.13676358/toolchains/llvm/prebuilt/windows-x86_64/sysroot/usr/include/c++/v1/__config:865:39>: parsing namespace 'std'
  3.	D:/AndroidStudioProjects/Sdk/ndk/28.2.13676358/toolchains/llvm/prebuilt/windows-x86_64/sysroot/usr/include/c++/v1/bitset:156:1 <Spelling=D:/AndroidStudioProjects/Sdk/ndk/28.2.13676358/toolchains/llvm/prebuilt/windows-x86_64/sysroot/usr/include/c++/v1/__config:866:39>: parsing namespace 'std::__ndk1'
  4.	D:/AndroidStudioProjects/Sdk/ndk/28.2.13676358/toolchains/llvm/prebuilt/windows-x86_64/sysroot/usr/include/c++/v1/bitset:543:1: parsing struct/union/class body 'std::__bitset<0, 0>'
  Exception Code: 0xC000001D
   #0 0x00007ff792d6cdb6 (D:\AndroidStudioProjects\Sdk\ndk\28.2.13676358\toolchains\llvm\prebuilt\windows-x86_64\bin\clang++.exe+0x63cdb6)
   #1 0x00007ffc6edf2139 (C:\WINDOWS\System32\ucrtbase.dll+0xc2139)
   #2 0x00007ffc6edd5261 (C:\WINDOWS\System32\ucrtbase.dll+0xa5261)
   #3 0x00007ff792d4d05b (D:\AndroidStudioProjects\Sdk\ndk\28.2.13676358\toolchains\llvm\prebuilt\windows-x86_64\bin\clang++.exe+0x61d05b)
   #4 0x00007ff792d4d072 (D:\AndroidStudioProjects\Sdk\ndk\28.2.13676358\toolchains\llvm\prebuilt\windows-x86_64\bin\clang++.exe+0x61d072)
   #5 0x00007ff79273741c (D:\AndroidStudioProjects\Sdk\ndk\28.2.13676358\toolchains\llvm\prebuilt\windows-x86_64\bin\clang++.exe+0x741c)
   #6 0x00007ff792a809fe (D:\AndroidStudioProjects\Sdk\ndk\28.2.13676358\toolchains\llvm\prebuilt\windows-x86_64\bin\clang++.exe+0x3509fe)
   #7 0x00007ff793cc4dc5 (D:\AndroidStudioProjects\Sdk\ndk\28.2.13676358\toolchains\llvm\prebuilt\windows-x86_64\bin\clang++.exe+0x1594dc5)
   #8 0x00007ff79588eb62 (D:\AndroidStudioProjects\Sdk\ndk\28.2.13676358\toolchains\llvm\prebuilt\windows-x86_64\bin\clang++.exe+0x315eb62)
   #9 0x00007ff79588bbeb (D:\AndroidStudioProjects\Sdk\ndk\28.2.13676358\toolchains\llvm\prebuilt\windows-x86_64\bin\clang++.exe+0x315bbeb)
  #10 0x00007ff795aafc24 (D:\AndroidStudioProjects\Sdk\ndk\28.2.13676358\toolchains\llvm\prebuilt\windows-x86_64\bin\clang++.exe+0x337fc24)
  #11 0x00007ff797fd0aa7 (D:\AndroidStudioProjects\Sdk\ndk\28.2.13676358\toolchains\llvm\prebuilt\windows-x86_64\bin\clang++.exe+0x58a0aa7)
  #12 0x00007ff797f88451 (D:\AndroidStudioProjects\Sdk\ndk\28.2.13676358\toolchains\llvm\prebuilt\windows-x86_64\bin\clang++.exe+0x5858451)
  #13 0x00007ff797f894da (D:\AndroidStudioProjects\Sdk\ndk\28.2.13676358\toolchains\llvm\prebuilt\windows-x86_64\bin\clang++.exe+0x58594da)
  #14 0x00007ff797f8096d (D:\AndroidStudioProjects\Sdk\ndk\28.2.13676358\toolchains\llvm\prebuilt\windows-x86_64\bin\clang++.exe+0x585096d)
  #15 0x00007ff797fa8251 (D:\AndroidStudioProjects\Sdk\ndk\28.2.13676358\toolchains\llvm\prebuilt\windows-x86_64\bin\clang++.exe+0x5878251)
  #16 0x00007ff797f3a3bd (D:\AndroidStudioProjects\Sdk\ndk\28.2.13676358\toolchains\llvm\prebuilt\windows-x86_64\bin\clang++.exe+0x580a3bd)
  #17 0x00007ff797f36dad (D:\AndroidStudioProjects\Sdk\ndk\28.2.13676358\toolchains\llvm\prebuilt\windows-x86_64\bin\clang++.exe+0x5806dad)
  #18 0x00007ff797f36566 (D:\AndroidStudioProjects\Sdk\ndk\28.2.13676358\toolchains\llvm\prebuilt\windows-x86_64\bin\clang++.exe+0x5806566)
  #19 0x00007ff797fa0799 (D:\AndroidStudioProjects\Sdk\ndk\28.2.13676358\toolchains\llvm\prebuilt\windows-x86_64\bin\clang++.exe+0x5870799)
  #20 0x00007ff79760a1db (D:\AndroidStudioProjects\Sdk\ndk\28.2.13676358\toolchains\llvm\prebuilt\windows-x86_64\bin\clang++.exe+0x4eda1db)
  #21 0x00007ff797f74d6e (D:\AndroidStudioProjects\Sdk\ndk\28.2.13676358\toolchains\llvm\prebuilt\windows-x86_64\bin\clang++.exe+0x5844d6e)
  #22 0x00007ff797f745e2 (D:\AndroidStudioProjects\Sdk\ndk\28.2.13676358\toolchains\llvm\prebuilt\windows-x86_64\bin\clang++.exe+0x58445e2)
  #23 0x00007ff797fa0bd4 (D:\AndroidStudioProjects\Sdk\ndk\28.2.13676358\toolchains\llvm\prebuilt\windows-x86_64\bin\clang++.exe+0x5870bd4)
  #24 0x00007ff79760a1db (D:\AndroidStudioProjects\Sdk\ndk\28.2.13676358\toolchains\llvm\prebuilt\windows-x86_64\bin\clang++.exe+0x4eda1db)
  #25 0x00007ff797f74d6e (D:\AndroidStudioProjects\Sdk\ndk\28.2.13676358\toolchains\llvm\prebuilt\windows-x86_64\bin\clang++.exe+0x5844d6e)
  #26 0x00007ff797f745e2 (D:\AndroidStudioProjects\Sdk\ndk\28.2.13676358\toolchains\llvm\prebuilt\windows-x86_64\bin\clang++.exe+0x58445e2)
  #27 0x00007ff797fa0bd4 (D:\AndroidStudioProjects\Sdk\ndk\28.2.13676358\toolchains\llvm\prebuilt\windows-x86_64\bin\clang++.exe+0x5870bd4)
  #28 0x00007ff79760a1db (D:\AndroidStudioProjects\Sdk\ndk\28.2.13676358\toolchains\llvm\prebuilt\windows-x86_64\bin\clang++.exe+0x4eda1db)
  #29 0x00007ff79760869d (D:\AndroidStudioProjects\Sdk\ndk\28.2.13676358\toolchains\llvm\prebuilt\windows-x86_64\bin\clang++.exe+0x4ed869d)
  #30 0x00007ff795fe76ae (D:\AndroidStudioProjects\Sdk\ndk\28.2.13676358\toolchains\llvm\prebuilt\windows-x86_64\bin\clang++.exe+0x38b76ae)
  #31 0x00007ff794103b5e (D:\AndroidStudioProjects\Sdk\ndk\28.2.13676358\toolchains\llvm\prebuilt\windows-x86_64\bin\clang++.exe+0x19d3b5e)
  #32 0x00007ff792e6b250 (D:\AndroidStudioProjects\Sdk\ndk\28.2.13676358\toolchains\llvm\prebuilt\windows-x86_64\bin\clang++.exe+0x73b250)
  #33 0x00007ff792f04fd5 (D:\AndroidStudioProjects\Sdk\ndk\28.2.13676358\toolchains\llvm\prebuilt\windows-x86_64\bin\clang++.exe+0x7d4fd5)
  #34 0x00007ff79286f7e8 (D:\AndroidStudioProjects\Sdk\ndk\28.2.13676358\toolchains\llvm\prebuilt\windows-x86_64\bin\clang++.exe+0x13f7e8)
  #35 0x00007ff79286c8b0 (D:\AndroidStudioProjects\Sdk\ndk\28.2.13676358\toolchains\llvm\prebuilt\windows-x86_64\bin\clang++.exe+0x13c8b0)
  #36 0x00007ff793e7829d (D:\AndroidStudioProjects\Sdk\ndk\28.2.13676358\toolchains\llvm\prebuilt\windows-x86_64\bin\clang++.exe+0x174829d)
  #37 0x00007ff792d47acd (D:\AndroidStudioProjects\Sdk\ndk\28.2.13676358\toolchains\llvm\prebuilt\windows-x86_64\bin\clang++.exe+0x617acd)
  #38 0x00007ff793e77cd5 (D:\AndroidStudioProjects\Sdk\ndk\28.2.13676358\toolchains\llvm\prebuilt\windows-x86_64\bin\clang++.exe+0x1747cd5)
  #39 0x00007ff792e166c6 (D:\AndroidStudioProjects\Sdk\ndk\28.2.13676358\toolchains\llvm\prebuilt\windows-x86_64\bin\clang++.exe+0x6e66c6)
  #40 0x00007ff792e3a8ad (D:\AndroidStudioProjects\Sdk\ndk\28.2.13676358\toolchains\llvm\prebuilt\windows-x86_64\bin\clang++.exe+0x70a8ad)
  #41 0x00007ff79286b80e (D:\AndroidStudioProjects\Sdk\ndk\28.2.13676358\toolchains\llvm\prebuilt\windows-x86_64\bin\clang++.exe+0x13b80e)
  #42 0x00007ff79287ca4d (D:\AndroidStudioProjects\Sdk\ndk\28.2.13676358\toolchains\llvm\prebuilt\windows-x86_64\bin\clang++.exe+0x14ca4d)
  #43 0x00007ff792731395 (D:\AndroidStudioProjects\Sdk\ndk\28.2.13676358\toolchains\llvm\prebuilt\windows-x86_64\bin\clang++.exe+0x1395)
  #44 0x00007ff7927314c8 (D:\AndroidStudioProjects\Sdk\ndk\28.2.13676358\toolchains\llvm\prebuilt\windows-x86_64\bin\clang++.exe+0x14c8)
  #45 0x00007ffc6fcdcd87 (C:\WINDOWS\System32\KERNEL32.DLL+0x2cd87)
  #46 0x00007ffc719ecaec (C:\WINDOWS\SYSTEM32\ntdll.dll+0xacaec)
  clang++: error: clang frontend command failed due to signal (use -v to see invocation)
  Android (13624864, based on r530567e) clang version 19.0.1 (https://android.googlesource.com/toolchain/llvm-project 97a699bf4812a18fb657c2779f5296a4ab2694d2)
  Target: aarch64-none-linux-android24
  Thread model: posix
  InstalledDir: D:/AndroidStudioProjects/Sdk/ndk/28.2.13676358/toolchains/llvm/prebuilt/windows-x86_64/bin
  clang++: note: diagnostic msg: 
  ********************
  
  PLEASE ATTACH THE FOLLOWING FILES TO THE BUG REPORT:
  Preprocessed source(s) and associated run script(s) are located at:
  clang++: note: diagnostic msg: C:/Users/roybe/AppData/Local/Temp/FilterStyleInterpolator-4c7b7f.cpp
  clang++: note: diagnostic msg: C:/Users/roybe/AppData/Local/Temp/FilterStyleInterpolator-4c7b7f.sh
  clang++: note: diagnostic msg: 
  
  ********************
  [11/79] Building CXX object CMakeFiles/reanimated.dir/994c0676b2314ffd6b40f7be9b05d1a6/Common/cpp/reanimated/CSS/common/transforms/TransformMatrix3D.cpp.o
  FAILED: CMakeFiles/reanimated.dir/994c0676b2314ffd6b40f7be9b05d1a6/Common/cpp/reanimated/CSS/common/transforms/TransformMatrix3D.cpp.o 
  D:\AndroidStudioProjects\Sdk\ndk\28.2.13676358\toolchains\llvm\prebuilt\windows-x86_64\bin\clang++.exe --target=aarch64-none-linux-android24 --sysroot=D:/AndroidStudioProjects/Sdk/ndk/28.2.13676358/toolchains/llvm/prebuilt/windows-x86_64/sysroot -DRN_SERIALIZABLE_STATE -Dreanimated_EXPORTS -ID:/Projects/touch/touch-mobile/node_modules/react-native-reanimated/android/../Common/cpp -ID:/Projects/touch/touch-mobile/node_modules/react-native-reanimated/android/src/main/cpp -ID:/Projects/touch/touch-mobile/node_modules/react-native/ReactCommon -ID:/Projects/touch/touch-mobile/node_modules/react-native/ReactCommon/yoga -ID:/Projects/touch/touch-mobile/node_modules/react-native/ReactAndroid/src/main/jni/react/turbomodule -ID:/Projects/touch/touch-mobile/node_modules/react-native/ReactCommon/callinvoker -ID:/Projects/touch/touch-mobile/node_modules/react-native/ReactCommon/runtimeexecutor -ID:/Projects/touch/touch-mobile/node_modules/react-native/ReactCommon/jsiexecutor -ID:/Projects/touch/touch-mobile/node_modules/react-native/ReactCommon/react/renderer/graphics/platform/cxx -isystem D:/AndroidStudioProjects/.gradle/caches/8.13/transforms/761d13cc5b0f08ac09c3c16bb3bc519a/transformed/jetified-react-android-0.81.5-release/prefab/modules/reactnative/include -isystem D:/AndroidStudioProjects/.gradle/caches/8.13/transforms/761d13cc5b0f08ac09c3c16bb3bc519a/transformed/jetified-react-android-0.81.5-release/prefab/modules/jsi/include -isystem D:/AndroidStudioProjects/.gradle/caches/8.13/transforms/496183c206113a51ea543412a7084c83/transformed/jetified-fbjni-0.7.0/prefab/modules/fbjni/include -isystem D:/Projects/touch/touch-mobile/node_modules/react-native-worklets/android/build/prefab-headers/worklets -g -DANDROID -fdata-sections -ffunction-sections -funwind-tables -fstack-protector-strong -no-canonical-prefixes -D_FORTIFY_SOURCE=2 -Wformat -Werror=format-security   -DREACT_NATIVE_MINOR_VERSION=81    -DREANIMATED_VERSION=4.3.1    -DREANIMATED_FEATURE_FLAGS="[EXPERIMENTAL_CSS_ANIMATIONS_FOR_SVG_COMPONENTS:false][RUNTIME_TEST_FLAG:false][DISABLE_COMMIT_PAUSING_MECHANISM:false][ANDROID_SYNCHRONOUSLY_UPDATE_UI_PROPS:false][USE_SYNCHRONIZABLE_FOR_MUTABLES:true][FORCE_REACT_RENDER_FOR_SETTLED_ANIMATIONS:true][ENABLE_SHARED_ELEMENT_TRANSITIONS:false][IOS_SYNCHRONOUSLY_UPDATE_UI_PROPS:false][USE_COMMIT_HOOK_ONLY_FOR_REACT_COMMITS:true]" -fno-omit-frame-pointer -fstack-protector-all -fvisibility=hidden -DNDEBUG -flto=thin -O2 -g -DNDEBUG -fPIC -DFOLLY_NO_CONFIG=1 -DFOLLY_HAVE_CLOCK_GETTIME=1 -DFOLLY_USE_LIBCPP=1 -DFOLLY_CFG_NO_COROUTINES=1 -DFOLLY_MOBILE=1 -DFOLLY_HAVE_RECVMMSG=1 -DFOLLY_HAVE_PTHREAD=1 -DFOLLY_HAVE_XSI_STRERROR_R=1 -Wall -Werror -fexceptions -frtti -std=c++20 -DLOG_TAG=\"ReactNative\" -std=gnu++20 -MD -MT CMakeFiles/reanimated.dir/994c0676b2314ffd6b40f7be9b05d1a6/Common/cpp/reanimated/CSS/common/transforms/TransformMatrix3D.cpp.o -MF CMakeFiles\reanimated.dir\994c0676b2314ffd6b40f7be9b05d1a6\Common\cpp\reanimated\CSS\common\transforms\TransformMatrix3D.cpp.o.d -o CMakeFiles/reanimated.dir/994c0676b2314ffd6b40f7be9b05d1a6/Common/cpp/reanimated/CSS/common/transforms/TransformMatrix3D.cpp.o -c D:/Projects/touch/touch-mobile/node_modules/react-native-reanimated/Common/cpp/reanimated/CSS/common/transforms/TransformMatrix3D.cpp
  LLVM ERROR: out of memory
  Allocation failed
  PLEASE submit a bug report to https://github.com/android-ndk/ndk/issues and include the crash backtrace, preprocessed source, and associated run script.
  Stack dump:
  0.	Program arguments: D:\\AndroidStudioProjects\\Sdk\\ndk\\28.2.13676358\\toolchains\\llvm\\prebuilt\\windows-x86_64\\bin\\clang++.exe --target=aarch64-none-linux-android24 --sysroot=D:/AndroidStudioProjects/Sdk/ndk/28.2.13676358/toolchains/llvm/prebuilt/windows-x86_64/sysroot -DRN_SERIALIZABLE_STATE -Dreanimated_EXPORTS -ID:/Projects/touch/touch-mobile/node_modules/react-native-reanimated/android/../Common/cpp -ID:/Projects/touch/touch-mobile/node_modules/react-native-reanimated/android/src/main/cpp -ID:/Projects/touch/touch-mobile/node_modules/react-native/ReactCommon -ID:/Projects/touch/touch-mobile/node_modules/react-native/ReactCommon/yoga -ID:/Projects/touch/touch-mobile/node_modules/react-native/ReactAndroid/src/main/jni/react/turbomodule -ID:/Projects/touch/touch-mobile/node_modules/react-native/ReactCommon/callinvoker -ID:/Projects/touch/touch-mobile/node_modules/react-native/ReactCommon/runtimeexecutor -ID:/Projects/touch/touch-mobile/node_modules/react-native/ReactCommon/jsiexecutor -ID:/Projects/touch/touch-mobile/node_modules/react-native/ReactCommon/react/renderer/graphics/platform/cxx -isystem D:/AndroidStudioProjects/.gradle/caches/8.13/transforms/761d13cc5b0f08ac09c3c16bb3bc519a/transformed/jetified-react-android-0.81.5-release/prefab/modules/reactnative/include -isystem D:/AndroidStudioProjects/.gradle/caches/8.13/transforms/761d13cc5b0f08ac09c3c16bb3bc519a/transformed/jetified-react-android-0.81.5-release/prefab/modules/jsi/include -isystem D:/AndroidStudioProjects/.gradle/caches/8.13/transforms/496183c206113a51ea543412a7084c83/transformed/jetified-fbjni-0.7.0/prefab/modules/fbjni/include -isystem D:/Projects/touch/touch-mobile/node_modules/react-native-worklets/android/build/prefab-headers/worklets -g -DANDROID -fdata-sections -ffunction-sections -funwind-tables -fstack-protector-strong -no-canonical-prefixes -D_FORTIFY_SOURCE=2 -Wformat -Werror=format-security -DREACT_NATIVE_MINOR_VERSION=81 -DREANIMATED_VERSION=4.3.1 -DREANIMATED_FEATURE_FLAGS=[EXPERIMENTAL_CSS_ANIMATIONS_FOR_SVG_COMPONENTS:false][RUNTIME_TEST_FLAG:false][DISABLE_COMMIT_PAUSING_MECHANISM:false][ANDROID_SYNCHRONOUSLY_UPDATE_UI_PROPS:false][USE_SYNCHRONIZABLE_FOR_MUTABLES:true][FORCE_REACT_RENDER_FOR_SETTLED_ANIMATIONS:true][ENABLE_SHARED_ELEMENT_TRANSITIONS:false][IOS_SYNCHRONOUSLY_UPDATE_UI_PROPS:false][USE_COMMIT_HOOK_ONLY_FOR_REACT_COMMITS:true] -fno-omit-frame-pointer -fstack-protector-all -fvisibility=hidden -DNDEBUG -flto=thin -O2 -g -DNDEBUG -fPIC -DFOLLY_NO_CONFIG=1 -DFOLLY_HAVE_CLOCK_GETTIME=1 -DFOLLY_USE_LIBCPP=1 -DFOLLY_CFG_NO_COROUTINES=1 -DFOLLY_MOBILE=1 -DFOLLY_HAVE_RECVMMSG=1 -DFOLLY_HAVE_PTHREAD=1 -DFOLLY_HAVE_XSI_STRERROR_R=1 -Wall -Werror -fexceptions -frtti -std=c++20 -DLOG_TAG=\"ReactNative\" -std=gnu++20 -MD -MT CMakeFiles/reanimated.dir/994c0676b2314ffd6b40f7be9b05d1a6/Common/cpp/reanimated/CSS/common/transforms/TransformMatrix3D.cpp.o -MF CMakeFiles\\reanimated.dir\\994c0676b2314ffd6b40f7be9b05d1a6\\Common\\cpp\\reanimated\\CSS\\common\\transforms\\TransformMatrix3D.cpp.o.d -o CMakeFiles/reanimated.dir/994c0676b2314ffd6b40f7be9b05d1a6/Common/cpp/reanimated/CSS/common/transforms/TransformMatrix3D.cpp.o -c D:/Projects/touch/touch-mobile/node_modules/react-native-reanimated/Common/cpp/reanimated/CSS/common/transforms/TransformMatrix3D.cpp
  1.	D:/Projects/touch/touch-mobile/node_modules/react-native/ReactCommon/react/renderer/mounting/MountingCoordinator.h:140:33: current parser token ';'
  2.	D:/Projects/touch/touch-mobile/node_modules/react-native/ReactCommon/react/renderer/mounting/MountingCoordinator.h:25:1: parsing namespace 'facebook'
  3.	D:/Projects/touch/touch-mobile/node_modules/react-native/ReactCommon/react/renderer/mounting/MountingCoordinator.h:34:1: parsing struct/union/class body 'facebook::react::MountingCoordinator'
  4.	D:/AndroidStudioProjects/Sdk/ndk/28.2.13676358/toolchains/llvm/prebuilt/windows-x86_64/sysroot/usr/include/c++/v1/vector:388:28: instantiating class definition 'std::vector<std::weak_ptr<const facebook::react::MountingOverrideDelegate>>'
  Exception Code: 0xC000001D
   #0 0x00007ff792d6cdb6 (D:\AndroidStudioProjects\Sdk\ndk\28.2.13676358\toolchains\llvm\prebuilt\windows-x86_64\bin\clang++.exe+0x63cdb6)
   #1 0x00007ffc6edf2139 (C:\WINDOWS\System32\ucrtbase.dll+0xc2139)
   #2 0x00007ffc6edd5261 (C:\WINDOWS\System32\ucrtbase.dll+0xa5261)
   #3 0x00007ff792d4d05b (D:\AndroidStudioProjects\Sdk\ndk\28.2.13676358\toolchains\llvm\prebuilt\windows-x86_64\bin\clang++.exe+0x61d05b)
   #4 0x00007ff792d4d072 (D:\AndroidStudioProjects\Sdk\ndk\28.2.13676358\toolchains\llvm\prebuilt\windows-x86_64\bin\clang++.exe+0x61d072)
   #5 0x00007ff79273741c (D:\AndroidStudioProjects\Sdk\ndk\28.2.13676358\toolchains\llvm\prebuilt\windows-x86_64\bin\clang++.exe+0x741c)
   #6 0x00007ff792a809fe (D:\AndroidStudioProjects\Sdk\ndk\28.2.13676358\toolchains\llvm\prebuilt\windows-x86_64\bin\clang++.exe+0x3509fe)
   #7 0x00007ff793cc4dc5 (D:\AndroidStudioProjects\Sdk\ndk\28.2.13676358\toolchains\llvm\prebuilt\windows-x86_64\bin\clang++.exe+0x1594dc5)
   #8 0x00007ff795b80256 (D:\AndroidStudioProjects\Sdk\ndk\28.2.13676358\toolchains\llvm\prebuilt\windows-x86_64\bin\clang++.exe+0x3450256)
   #9 0x00007ff795cb286d (D:\AndroidStudioProjects\Sdk\ndk\28.2.13676358\toolchains\llvm\prebuilt\windows-x86_64\bin\clang++.exe+0x358286d)
  #10 0x00007ff795cb4cc6 (D:\AndroidStudioProjects\Sdk\ndk\28.2.13676358\toolchains\llvm\prebuilt\windows-x86_64\bin\clang++.exe+0x3584cc6)
  #11 0x00007ff795ef9701 (D:\AndroidStudioProjects\Sdk\ndk\28.2.13676358\toolchains\llvm\prebuilt\windows-x86_64\bin\clang++.exe+0x37c9701)
  #12 0x00007ff7940e07e2 (D:\AndroidStudioProjects\Sdk\ndk\28.2.13676358\toolchains\llvm\prebuilt\windows-x86_64\bin\clang++.exe+0x19b07e2)
  #13 0x00007ff795ee14df (D:\AndroidStudioProjects\Sdk\ndk\28.2.13676358\toolchains\llvm\prebuilt\windows-x86_64\bin\clang++.exe+0x37b14df)
  #14 0x00007ff795ee0cdc (D:\AndroidStudioProjects\Sdk\ndk\28.2.13676358\toolchains\llvm\prebuilt\windows-x86_64\bin\clang++.exe+0x37b0cdc)
  #15 0x00007ff7958c4076 (D:\AndroidStudioProjects\Sdk\ndk\28.2.13676358\toolchains\llvm\prebuilt\windows-x86_64\bin\clang++.exe+0x3194076)
  #16 0x00007ff7958c3dba (D:\AndroidStudioProjects\Sdk\ndk\28.2.13676358\toolchains\llvm\prebuilt\windows-x86_64\bin\clang++.exe+0x3193dba)
  #17 0x00007ff795ab0400 (D:\AndroidStudioProjects\Sdk\ndk\28.2.13676358\toolchains\llvm\prebuilt\windows-x86_64\bin\clang++.exe+0x3380400)
  #18 0x00007ff797f87595 (D:\AndroidStudioProjects\Sdk\ndk\28.2.13676358\toolchains\llvm\prebuilt\windows-x86_64\bin\clang++.exe+0x5857595)
  #19 0x00007ff797f894da (D:\AndroidStudioProjects\Sdk\ndk\28.2.13676358\toolchains\llvm\prebuilt\windows-x86_64\bin\clang++.exe+0x58594da)
  #20 0x00007ff797f8096d (D:\AndroidStudioProjects\Sdk\ndk\28.2.13676358\toolchains\llvm\prebuilt\windows-x86_64\bin\clang++.exe+0x585096d)
  #21 0x00007ff797fa8251 (D:\AndroidStudioProjects\Sdk\ndk\28.2.13676358\toolchains\llvm\prebuilt\windows-x86_64\bin\clang++.exe+0x5878251)
  #22 0x00007ff79760ba18 (D:\AndroidStudioProjects\Sdk\ndk\28.2.13676358\toolchains\llvm\prebuilt\windows-x86_64\bin\clang++.exe+0x4edba18)
  #23 0x00007ff79760b7f2 (D:\AndroidStudioProjects\Sdk\ndk\28.2.13676358\toolchains\llvm\prebuilt\windows-x86_64\bin\clang++.exe+0x4edb7f2)
  #24 0x00007ff79760a933 (D:\AndroidStudioProjects\Sdk\ndk\28.2.13676358\toolchains\llvm\prebuilt\windows-x86_64\bin\clang++.exe+0x4eda933)
  #25 0x00007ff797f74d6e (D:\AndroidStudioProjects\Sdk\ndk\28.2.13676358\toolchains\llvm\prebuilt\windows-x86_64\bin\clang++.exe+0x5844d6e)
  #26 0x00007ff797f74eec (D:\AndroidStudioProjects\Sdk\ndk\28.2.13676358\toolchains\llvm\prebuilt\windows-x86_64\bin\clang++.exe+0x5844eec)
  #27 0x00007ff797f745e2 (D:\AndroidStudioProjects\Sdk\ndk\28.2.13676358\toolchains\llvm\prebuilt\windows-x86_64\bin\clang++.exe+0x58445e2)
  #28 0x00007ff797fa0bd4 (D:\AndroidStudioProjects\Sdk\ndk\28.2.13676358\toolchains\llvm\prebuilt\windows-x86_64\bin\clang++.exe+0x5870bd4)
  #29 0x00007ff79760a1db (D:\AndroidStudioProjects\Sdk\ndk\28.2.13676358\toolchains\llvm\prebuilt\windows-x86_64\bin\clang++.exe+0x4eda1db)
  #30 0x00007ff79760869d (D:\AndroidStudioProjects\Sdk\ndk\28.2.13676358\toolchains\llvm\prebuilt\windows-x86_64\bin\clang++.exe+0x4ed869d)
  #31 0x00007ff795fe76ae (D:\AndroidStudioProjects\Sdk\ndk\28.2.13676358\toolchains\llvm\prebuilt\windows-x86_64\bin\clang++.exe+0x38b76ae)
  #32 0x00007ff794103b5e (D:\AndroidStudioProjects\Sdk\ndk\28.2.13676358\toolchains\llvm\prebuilt\windows-x86_64\bin\clang++.exe+0x19d3b5e)
  #33 0x00007ff792e6b250 (D:\AndroidStudioProjects\Sdk\ndk\28.2.13676358\toolchains\llvm\prebuilt\windows-x86_64\bin\clang++.exe+0x73b250)
  #34 0x00007ff792f04fd5 (D:\AndroidStudioProjects\Sdk\ndk\28.2.13676358\toolchains\llvm\prebuilt\windows-x86_64\bin\clang++.exe+0x7d4fd5)
  #35 0x00007ff79286f7e8 (D:\AndroidStudioProjects\Sdk\ndk\28.2.13676358\toolchains\llvm\prebuilt\windows-x86_64\bin\clang++.exe+0x13f7e8)
  #36 0x00007ff79286c8b0 (D:\AndroidStudioProjects\Sdk\ndk\28.2.13676358\toolchains\llvm\prebuilt\windows-x86_64\bin\clang++.exe+0x13c8b0)
  #37 0x00007ff793e7829d (D:\AndroidStudioProjects\Sdk\ndk\28.2.13676358\toolchains\llvm\prebuilt\windows-x86_64\bin\clang++.exe+0x174829d)
  #38 0x00007ff792d47acd (D:\AndroidStudioProjects\Sdk\ndk\28.2.13676358\toolchains\llvm\prebuilt\windows-x86_64\bin\clang++.exe+0x617acd)
  #39 0x00007ff793e77cd5 (D:\AndroidStudioProjects\Sdk\ndk\28.2.13676358\toolchains\llvm\prebuilt\windows-x86_64\bin\clang++.exe+0x1747cd5)
  #40 0x00007ff792e166c6 (D:\AndroidStudioProjects\Sdk\ndk\28.2.13676358\toolchains\llvm\prebuilt\windows-x86_64\bin\clang++.exe+0x6e66c6)
  #41 0x00007ff792e3a8ad (D:\AndroidStudioProjects\Sdk\ndk\28.2.13676358\toolchains\llvm\prebuilt\windows-x86_64\bin\clang++.exe+0x70a8ad)
  #42 0x00007ff79286b80e (D:\AndroidStudioProjects\Sdk\ndk\28.2.13676358\toolchains\llvm\prebuilt\windows-x86_64\bin\clang++.exe+0x13b80e)
  #43 0x00007ff79287ca4d (D:\AndroidStudioProjects\Sdk\ndk\28.2.13676358\toolchains\llvm\prebuilt\windows-x86_64\bin\clang++.exe+0x14ca4d)
  #44 0x00007ff792731395 (D:\AndroidStudioProjects\Sdk\ndk\28.2.13676358\toolchains\llvm\prebuilt\windows-x86_64\bin\clang++.exe+0x1395)
  #45 0x00007ff7927314c8 (D:\AndroidStudioProjects\Sdk\ndk\28.2.13676358\toolchains\llvm\prebuilt\windows-x86_64\bin\clang++.exe+0x14c8)
  #46 0x00007ffc6fcdcd87 (C:\WINDOWS\System32\KERNEL32.DLL+0x2cd87)
  #47 0x00007ffc719ecaec (C:\WINDOWS\SYSTEM32\ntdll.dll+0xacaec)
  clang++: error: clang frontend command failed due to signal (use -v to see invocation)
  Android (13624864, based on r530567e) clang version 19.0.1 (https://android.googlesource.com/toolchain/llvm-project 97a699bf4812a18fb657c2779f5296a4ab2694d2)
  Target: aarch64-none-linux-android24
  Thread model: posix
  InstalledDir: D:/AndroidStudioProjects/Sdk/ndk/28.2.13676358/toolchains/llvm/prebuilt/windows-x86_64/bin
  clang++: note: diagnostic msg: 
  ********************
  
  PLEASE ATTACH THE FOLLOWING FILES TO THE BUG REPORT:
  Preprocessed source(s) and associated run script(s) are located at:
  clang++: note: diagnostic msg: C:/Users/roybe/AppData/Local/Temp/TransformMatrix3D-1a067d.cpp
  clang++: note: diagnostic msg: C:/Users/roybe/AppData/Local/Temp/TransformMatrix3D-1a067d.sh
  clang++: note: diagnostic msg: 
  
  ********************
  [12/79] Building CXX object CMakeFiles/reanimated.dir/994c0676b2314ffd6b40f7be9b05d1a6/Common/cpp/reanimated/CSS/common/values/complex/CSSDropShadow.cpp.o
  FAILED: CMakeFiles/reanimated.dir/994c0676b2314ffd6b40f7be9b05d1a6/Common/cpp/reanimated/CSS/common/values/complex/CSSDropShadow.cpp.o 
  D:\AndroidStudioProjects\Sdk\ndk\28.2.13676358\toolchains\llvm\prebuilt\windows-x86_64\bin\clang++.exe --target=aarch64-none-linux-android24 --sysroot=D:/AndroidStudioProjects/Sdk/ndk/28.2.13676358/toolchains/llvm/prebuilt/windows-x86_64/sysroot -DRN_SERIALIZABLE_STATE -Dreanimated_EXPORTS -ID:/Projects/touch/touch-mobile/node_modules/react-native-reanimated/android/../Common/cpp -ID:/Projects/touch/touch-mobile/node_modules/react-native-reanimated/android/src/main/cpp -ID:/Projects/touch/touch-mobile/node_modules/react-native/ReactCommon -ID:/Projects/touch/touch-mobile/node_modules/react-native/ReactCommon/yoga -ID:/Projects/touch/touch-mobile/node_modules/react-native/ReactAndroid/src/main/jni/react/turbomodule -ID:/Projects/touch/touch-mobile/node_modules/react-native/ReactCommon/callinvoker -ID:/Projects/touch/touch-mobile/node_modules/react-native/ReactCommon/runtimeexecutor -ID:/Projects/touch/touch-mobile/node_modules/react-native/ReactCommon/jsiexecutor -ID:/Projects/touch/touch-mobile/node_modules/react-native/ReactCommon/react/renderer/graphics/platform/cxx -isystem D:/AndroidStudioProjects/.gradle/caches/8.13/transforms/761d13cc5b0f08ac09c3c16bb3bc519a/transformed/jetified-react-android-0.81.5-release/prefab/modules/reactnative/include -isystem D:/AndroidStudioProjects/.gradle/caches/8.13/transforms/761d13cc5b0f08ac09c3c16bb3bc519a/transformed/jetified-react-android-0.81.5-release/prefab/modules/jsi/include -isystem D:/AndroidStudioProjects/.gradle/caches/8.13/transforms/496183c206113a51ea543412a7084c83/transformed/jetified-fbjni-0.7.0/prefab/modules/fbjni/include -isystem D:/Projects/touch/touch-mobile/node_modules/react-native-worklets/android/build/prefab-headers/worklets -g -DANDROID -fdata-sections -ffunction-sections -funwind-tables -fstack-protector-strong -no-canonical-prefixes -D_FORTIFY_SOURCE=2 -Wformat -Werror=format-security   -DREACT_NATIVE_MINOR_VERSION=81    -DREANIMATED_VERSION=4.3.1    -DREANIMATED_FEATURE_FLAGS="[EXPERIMENTAL_CSS_ANIMATIONS_FOR_SVG_COMPONENTS:false][RUNTIME_TEST_FLAG:false][DISABLE_COMMIT_PAUSING_MECHANISM:false][ANDROID_SYNCHRONOUSLY_UPDATE_UI_PROPS:false][USE_SYNCHRONIZABLE_FOR_MUTABLES:true][FORCE_REACT_RENDER_FOR_SETTLED_ANIMATIONS:true][ENABLE_SHARED_ELEMENT_TRANSITIONS:false][IOS_SYNCHRONOUSLY_UPDATE_UI_PROPS:false][USE_COMMIT_HOOK_ONLY_FOR_REACT_COMMITS:true]" -fno-omit-frame-pointer -fstack-protector-all -fvisibility=hidden -DNDEBUG -flto=thin -O2 -g -DNDEBUG -fPIC -DFOLLY_NO_CONFIG=1 -DFOLLY_HAVE_CLOCK_GETTIME=1 -DFOLLY_USE_LIBCPP=1 -DFOLLY_CFG_NO_COROUTINES=1 -DFOLLY_MOBILE=1 -DFOLLY_HAVE_RECVMMSG=1 -DFOLLY_HAVE_PTHREAD=1 -DFOLLY_HAVE_XSI_STRERROR_R=1 -Wall -Werror -fexceptions -frtti -std=c++20 -DLOG_TAG=\"ReactNative\" -std=gnu++20 -MD -MT CMakeFiles/reanimated.dir/994c0676b2314ffd6b40f7be9b05d1a6/Common/cpp/reanimated/CSS/common/values/complex/CSSDropShadow.cpp.o -MF CMakeFiles\reanimated.dir\994c0676b2314ffd6b40f7be9b05d1a6\Common\cpp\reanimated\CSS\common\values\complex\CSSDropShadow.cpp.o.d -o CMakeFiles/reanimated.dir/994c0676b2314ffd6b40f7be9b05d1a6/Common/cpp/reanimated/CSS/common/values/complex/CSSDropShadow.cpp.o -c D:/Projects/touch/touch-mobile/node_modules/react-native-reanimated/Common/cpp/reanimated/CSS/common/values/complex/CSSDropShadow.cpp
  LLVM ERROR: out of memory
  Allocation failed
  PLEASE submit a bug report to https://github.com/android-ndk/ndk/issues and include the crash backtrace, preprocessed source, and associated run script.
  Stack dump:
  0.	Program arguments: D:\\AndroidStudioProjects\\Sdk\\ndk\\28.2.13676358\\toolchains\\llvm\\prebuilt\\windows-x86_64\\bin\\clang++.exe --target=aarch64-none-linux-android24 --sysroot=D:/AndroidStudioProjects/Sdk/ndk/28.2.13676358/toolchains/llvm/prebuilt/windows-x86_64/sysroot -DRN_SERIALIZABLE_STATE -Dreanimated_EXPORTS -ID:/Projects/touch/touch-mobile/node_modules/react-native-reanimated/android/../Common/cpp -ID:/Projects/touch/touch-mobile/node_modules/react-native-reanimated/android/src/main/cpp -ID:/Projects/touch/touch-mobile/node_modules/react-native/ReactCommon -ID:/Projects/touch/touch-mobile/node_modules/react-native/ReactCommon/yoga -ID:/Projects/touch/touch-mobile/node_modules/react-native/ReactAndroid/src/main/jni/react/turbomodule -ID:/Projects/touch/touch-mobile/node_modules/react-native/ReactCommon/callinvoker -ID:/Projects/touch/touch-mobile/node_modules/react-native/ReactCommon/runtimeexecutor -ID:/Projects/touch/touch-mobile/node_modules/react-native/ReactCommon/jsiexecutor -ID:/Projects/touch/touch-mobile/node_modules/react-native/ReactCommon/react/renderer/graphics/platform/cxx -isystem D:/AndroidStudioProjects/.gradle/caches/8.13/transforms/761d13cc5b0f08ac09c3c16bb3bc519a/transformed/jetified-react-android-0.81.5-release/prefab/modules/reactnative/include -isystem D:/AndroidStudioProjects/.gradle/caches/8.13/transforms/761d13cc5b0f08ac09c3c16bb3bc519a/transformed/jetified-react-android-0.81.5-release/prefab/modules/jsi/include -isystem D:/AndroidStudioProjects/.gradle/caches/8.13/transforms/496183c206113a51ea543412a7084c83/transformed/jetified-fbjni-0.7.0/prefab/modules/fbjni/include -isystem D:/Projects/touch/touch-mobile/node_modules/react-native-worklets/android/build/prefab-headers/worklets -g -DANDROID -fdata-sections -ffunction-sections -funwind-tables -fstack-protector-strong -no-canonical-prefixes -D_FORTIFY_SOURCE=2 -Wformat -Werror=format-security -DREACT_NATIVE_MINOR_VERSION=81 -DREANIMATED_VERSION=4.3.1 -DREANIMATED_FEATURE_FLAGS=[EXPERIMENTAL_CSS_ANIMATIONS_FOR_SVG_COMPONENTS:false][RUNTIME_TEST_FLAG:false][DISABLE_COMMIT_PAUSING_MECHANISM:false][ANDROID_SYNCHRONOUSLY_UPDATE_UI_PROPS:false][USE_SYNCHRONIZABLE_FOR_MUTABLES:true][FORCE_REACT_RENDER_FOR_SETTLED_ANIMATIONS:true][ENABLE_SHARED_ELEMENT_TRANSITIONS:false][IOS_SYNCHRONOUSLY_UPDATE_UI_PROPS:false][USE_COMMIT_HOOK_ONLY_FOR_REACT_COMMITS:true] -fno-omit-frame-pointer -fstack-protector-all -fvisibility=hidden -DNDEBUG -flto=thin -O2 -g -DNDEBUG -fPIC -DFOLLY_NO_CONFIG=1 -DFOLLY_HAVE_CLOCK_GETTIME=1 -DFOLLY_USE_LIBCPP=1 -DFOLLY_CFG_NO_COROUTINES=1 -DFOLLY_MOBILE=1 -DFOLLY_HAVE_RECVMMSG=1 -DFOLLY_HAVE_PTHREAD=1 -DFOLLY_HAVE_XSI_STRERROR_R=1 -Wall -Werror -fexceptions -frtti -std=c++20 -DLOG_TAG=\"ReactNative\" -std=gnu++20 -MD -MT CMakeFiles/reanimated.dir/994c0676b2314ffd6b40f7be9b05d1a6/Common/cpp/reanimated/CSS/common/values/complex/CSSDropShadow.cpp.o -MF CMakeFiles\\reanimated.dir\\994c0676b2314ffd6b40f7be9b05d1a6\\Common\\cpp\\reanimated\\CSS\\common\\values\\complex\\CSSDropShadow.cpp.o.d -o CMakeFiles/reanimated.dir/994c0676b2314ffd6b40f7be9b05d1a6/Common/cpp/reanimated/CSS/common/values/complex/CSSDropShadow.cpp.o -c D:/Projects/touch/touch-mobile/node_modules/react-native-reanimated/Common/cpp/reanimated/CSS/common/values/complex/CSSDropShadow.cpp
  1.	D:/Projects/touch/touch-mobile/node_modules/react-native-reanimated/android/../Common/cpp/reanimated/Fabric/updates/UpdatesRegistry.h:58:31: current parser token ';'
  2.	D:/Projects/touch/touch-mobile/node_modules/react-native-reanimated/android/../Common/cpp/reanimated/Fabric/updates/UpdatesRegistry.h:15:1: parsing namespace 'reanimated'
  3.	D:/Projects/touch/touch-mobile/node_modules/react-native-reanimated/android/../Common/cpp/reanimated/Fabric/updates/UpdatesRegistry.h:32:1: parsing struct/union/class body 'reanimated::UpdatesRegistry'
  4.	D:/AndroidStudioProjects/Sdk/ndk/28.2.13676358/toolchains/llvm/prebuilt/windows-x86_64/sysroot/usr/include/c++/v1/unordered_map:1029:28: instantiating class definition 'std::unordered_map<int, std::pair<std::shared_ptr<const facebook::react::ShadowNode>, folly::dynamic>>'
  Exception Code: 0xC000001D
   #0 0x00007ff792d6cdb6 (D:\AndroidStudioProjects\Sdk\ndk\28.2.13676358\toolchains\llvm\prebuilt\windows-x86_64\bin\clang++.exe+0x63cdb6)
   #1 0x00007ffc6edf2139 (C:\WINDOWS\System32\ucrtbase.dll+0xc2139)
   #2 0x00007ffc6edd5261 (C:\WINDOWS\System32\ucrtbase.dll+0xa5261)
   #3 0x00007ff792d4d05b (D:\AndroidStudioProjects\Sdk\ndk\28.2.13676358\toolchains\llvm\prebuilt\windows-x86_64\bin\clang++.exe+0x61d05b)
   #4 0x00007ff792d4d072 (D:\AndroidStudioProjects\Sdk\ndk\28.2.13676358\toolchains\llvm\prebuilt\windows-x86_64\bin\clang++.exe+0x61d072)
   #5 0x00007ff79273741c (D:\AndroidStudioProjects\Sdk\ndk\28.2.13676358\toolchains\llvm\prebuilt\windows-x86_64\bin\clang++.exe+0x741c)
   #6 0x00007ff792a809fe (D:\AndroidStudioProjects\Sdk\ndk\28.2.13676358\toolchains\llvm\prebuilt\windows-x86_64\bin\clang++.exe+0x3509fe)
   #7 0x00007ff793d0eae2 (D:\AndroidStudioProjects\Sdk\ndk\28.2.13676358\toolchains\llvm\prebuilt\windows-x86_64\bin\clang++.exe+0x15deae2)
   #8 0x00007ff795cdbdab (D:\AndroidStudioProjects\Sdk\ndk\28.2.13676358\toolchains\llvm\prebuilt\windows-x86_64\bin\clang++.exe+0x35abdab)
   #9 0x00007ff795cae5f9 (D:\AndroidStudioProjects\Sdk\ndk\28.2.13676358\toolchains\llvm\prebuilt\windows-x86_64\bin\clang++.exe+0x357e5f9)
  #10 0x00007ff795cadd7e (D:\AndroidStudioProjects\Sdk\ndk\28.2.13676358\toolchains\llvm\prebuilt\windows-x86_64\bin\clang++.exe+0x357dd7e)
  #11 0x00007ff795caff32 (D:\AndroidStudioProjects\Sdk\ndk\28.2.13676358\toolchains\llvm\prebuilt\windows-x86_64\bin\clang++.exe+0x357ff32)
  #12 0x00007ff795ccf58e (D:\AndroidStudioProjects\Sdk\ndk\28.2.13676358\toolchains\llvm\prebuilt\windows-x86_64\bin\clang++.exe+0x359f58e)
  #13 0x00007ff795caf3f0 (D:\AndroidStudioProjects\Sdk\ndk\28.2.13676358\toolchains\llvm\prebuilt\windows-x86_64\bin\clang++.exe+0x357f3f0)
  #14 0x00007ff795b841f6 (D:\AndroidStudioProjects\Sdk\ndk\28.2.13676358\toolchains\llvm\prebuilt\windows-x86_64\bin\clang++.exe+0x34541f6)
  #15 0x00007ff795b7f88f (D:\AndroidStudioProjects\Sdk\ndk\28.2.13676358\toolchains\llvm\prebuilt\windows-x86_64\bin\clang++.exe+0x344f88f)
  #16 0x00007ff795cb286d (D:\AndroidStudioProjects\Sdk\ndk\28.2.13676358\toolchains\llvm\prebuilt\windows-x86_64\bin\clang++.exe+0x358286d)
  #17 0x00007ff795cb4cc6 (D:\AndroidStudioProjects\Sdk\ndk\28.2.13676358\toolchains\llvm\prebuilt\windows-x86_64\bin\clang++.exe+0x3584cc6)
  #18 0x00007ff795ef9701 (D:\AndroidStudioProjects\Sdk\ndk\28.2.13676358\toolchains\llvm\prebuilt\windows-x86_64\bin\clang++.exe+0x37c9701)
  #19 0x00007ff7940e07e2 (D:\AndroidStudioProjects\Sdk\ndk\28.2.13676358\toolchains\llvm\prebuilt\windows-x86_64\bin\clang++.exe+0x19b07e2)
  #20 0x00007ff795ee14df (D:\AndroidStudioProjects\Sdk\ndk\28.2.13676358\toolchains\llvm\prebuilt\windows-x86_64\bin\clang++.exe+0x37b14df)
  #21 0x00007ff795ee0cdc (D:\AndroidStudioProjects\Sdk\ndk\28.2.13676358\toolchains\llvm\prebuilt\windows-x86_64\bin\clang++.exe+0x37b0cdc)
  #22 0x00007ff7958c4076 (D:\AndroidStudioProjects\Sdk\ndk\28.2.13676358\toolchains\llvm\prebuilt\windows-x86_64\bin\clang++.exe+0x3194076)
  #23 0x00007ff7958c3dba (D:\AndroidStudioProjects\Sdk\ndk\28.2.13676358\toolchains\llvm\prebuilt\windows-x86_64\bin\clang++.exe+0x3193dba)
  #24 0x00007ff795ab0400 (D:\AndroidStudioProjects\Sdk\ndk\28.2.13676358\toolchains\llvm\prebuilt\windows-x86_64\bin\clang++.exe+0x3380400)
  #25 0x00007ff797f87595 (D:\AndroidStudioProjects\Sdk\ndk\28.2.13676358\toolchains\llvm\prebuilt\windows-x86_64\bin\clang++.exe+0x5857595)
  #26 0x00007ff797f894da (D:\AndroidStudioProjects\Sdk\ndk\28.2.13676358\toolchains\llvm\prebuilt\windows-x86_64\bin\clang++.exe+0x58594da)
  #27 0x00007ff797f8096d (D:\AndroidStudioProjects\Sdk\ndk\28.2.13676358\toolchains\llvm\prebuilt\windows-x86_64\bin\clang++.exe+0x585096d)
  #28 0x00007ff797fa8251 (D:\AndroidStudioProjects\Sdk\ndk\28.2.13676358\toolchains\llvm\prebuilt\windows-x86_64\bin\clang++.exe+0x5878251)
  #29 0x00007ff79760ba18 (D:\AndroidStudioProjects\Sdk\ndk\28.2.13676358\toolchains\llvm\prebuilt\windows-x86_64\bin\clang++.exe+0x4edba18)
  #30 0x00007ff79760b7f2 (D:\AndroidStudioProjects\Sdk\ndk\28.2.13676358\toolchains\llvm\prebuilt\windows-x86_64\bin\clang++.exe+0x4edb7f2)
  #31 0x00007ff79760a933 (D:\AndroidStudioProjects\Sdk\ndk\28.2.13676358\toolchains\llvm\prebuilt\windows-x86_64\bin\clang++.exe+0x4eda933)
  #32 0x00007ff797f74d6e (D:\AndroidStudioProjects\Sdk\ndk\28.2.13676358\toolchains\llvm\prebuilt\windows-x86_64\bin\clang++.exe+0x5844d6e)
  #33 0x00007ff797f745e2 (D:\AndroidStudioProjects\Sdk\ndk\28.2.13676358\toolchains\llvm\prebuilt\windows-x86_64\bin\clang++.exe+0x58445e2)
  #34 0x00007ff797fa0bd4 (D:\AndroidStudioProjects\Sdk\ndk\28.2.13676358\toolchains\llvm\prebuilt\windows-x86_64\bin\clang++.exe+0x5870bd4)
  #35 0x00007ff79760a1db (D:\AndroidStudioProjects\Sdk\ndk\28.2.13676358\toolchains\llvm\prebuilt\windows-x86_64\bin\clang++.exe+0x4eda1db)
  #36 0x00007ff79760869d (D:\AndroidStudioProjects\Sdk\ndk\28.2.13676358\toolchains\llvm\prebuilt\windows-x86_64\bin\clang++.exe+0x4ed869d)
  #37 0x00007ff795fe76ae (D:\AndroidStudioProjects\Sdk\ndk\28.2.13676358\toolchains\llvm\prebuilt\windows-x86_64\bin\clang++.exe+0x38b76ae)
  #38 0x00007ff794103b5e (D:\AndroidStudioProjects\Sdk\ndk\28.2.13676358\toolchains\llvm\prebuilt\windows-x86_64\bin\clang++.exe+0x19d3b5e)
  #39 0x00007ff792e6b250 (D:\AndroidStudioProjects\Sdk\ndk\28.2.13676358\toolchains\llvm\prebuilt\windows-x86_64\bin\clang++.exe+0x73b250)
  #40 0x00007ff792f04fd5 (D:\AndroidStudioProjects\Sdk\ndk\28.2.13676358\toolchains\llvm\prebuilt\windows-x86_64\bin\clang++.exe+0x7d4fd5)
  #41 0x00007ff79286f7e8 (D:\AndroidStudioProjects\Sdk\ndk\28.2.13676358\toolchains\llvm\prebuilt\windows-x86_64\bin\clang++.exe+0x13f7e8)
  #42 0x00007ff79286c8b0 (D:\AndroidStudioProjects\Sdk\ndk\28.2.13676358\toolchains\llvm\prebuilt\windows-x86_64\bin\clang++.exe+0x13c8b0)
  #43 0x00007ff793e7829d (D:\AndroidStudioProjects\Sdk\ndk\28.2.13676358\toolchains\llvm\prebuilt\windows-x86_64\bin\clang++.exe+0x174829d)
  #44 0x00007ff792d47acd (D:\AndroidStudioProjects\Sdk\ndk\28.2.13676358\toolchains\llvm\prebuilt\windows-x86_64\bin\clang++.exe+0x617acd)
  #45 0x00007ff793e77cd5 (D:\AndroidStudioProjects\Sdk\ndk\28.2.13676358\toolchains\llvm\prebuilt\windows-x86_64\bin\clang++.exe+0x1747cd5)
  #46 0x00007ff792e166c6 (D:\AndroidStudioProjects\Sdk\ndk\28.2.13676358\toolchains\llvm\prebuilt\windows-x86_64\bin\clang++.exe+0x6e66c6)
  #47 0x00007ff792e3a8ad (D:\AndroidStudioProjects\Sdk\ndk\28.2.13676358\toolchains\llvm\prebuilt\windows-x86_64\bin\clang++.exe+0x70a8ad)
  #48 0x00007ff79286b80e (D:\AndroidStudioProjects\Sdk\ndk\28.2.13676358\toolchains\llvm\prebuilt\windows-x86_64\bin\clang++.exe+0x13b80e)
  #49 0x00007ff79287ca4d (D:\AndroidStudioProjects\Sdk\ndk\28.2.13676358\toolchains\llvm\prebuilt\windows-x86_64\bin\clang++.exe+0x14ca4d)
  #50 0x00007ff792731395 (D:\AndroidStudioProjects\Sdk\ndk\28.2.13676358\toolchains\llvm\prebuilt\windows-x86_64\bin\clang++.exe+0x1395)
  #51 0x00007ff7927314c8 (D:\AndroidStudioProjects\Sdk\ndk\28.2.13676358\toolchains\llvm\prebuilt\windows-x86_64\bin\clang++.exe+0x14c8)
  #52 0x00007ffc6fcdcd87 (C:\WINDOWS\System32\KERNEL32.DLL+0x2cd87)
  #53 0x00007ffc719ecaec (C:\WINDOWS\SYSTEM32\ntdll.dll+0xacaec)
  clang++: error: clang frontend command failed due to signal (use -v to see invocation)
  Android (13624864, based on r530567e) clang version 19.0.1 (https://android.googlesource.com/toolchain/llvm-project 97a699bf4812a18fb657c2779f5296a4ab2694d2)
  Target: aarch64-none-linux-android24
  Thread model: posix
  InstalledDir: D:/AndroidStudioProjects/Sdk/ndk/28.2.13676358/toolchains/llvm/prebuilt/windows-x86_64/bin
  clang++: note: diagnostic msg: 
  ********************
  
  PLEASE ATTACH THE FOLLOWING FILES TO THE BUG REPORT:
  Preprocessed source(s) and associated run script(s) are located at:
  clang++: note: diagnostic msg: C:/Users/roybe/AppData/Local/Temp/CSSDropShadow-6fbae6.cpp
  clang++: note: diagnostic msg: C:/Users/roybe/AppData/Local/Temp/CSSDropShadow-6fbae6.sh
  clang++: note: diagnostic msg: 
  
  ********************
  [13/79] Building CXX object CMakeFiles/reanimated.dir/28589d058a79ca378130da8b28ff56a7/cpp/reanimated/CSS/interpolation/filters/FilterOperationInterpolator.cpp.o
  FAILED: CMakeFiles/reanimated.dir/28589d058a79ca378130da8b28ff56a7/cpp/reanimated/CSS/interpolation/filters/FilterOperationInterpolator.cpp.o 
  D:\AndroidStudioProjects\Sdk\ndk\28.2.13676358\toolchains\llvm\prebuilt\windows-x86_64\bin\clang++.exe --target=aarch64-none-linux-android24 --sysroot=D:/AndroidStudioProjects/Sdk/ndk/28.2.13676358/toolchains/llvm/prebuilt/windows-x86_64/sysroot -DRN_SERIALIZABLE_STATE -Dreanimated_EXPORTS -ID:/Projects/touch/touch-mobile/node_modules/react-native-reanimated/android/../Common/cpp -ID:/Projects/touch/touch-mobile/node_modules/react-native-reanimated/android/src/main/cpp -ID:/Projects/touch/touch-mobile/node_modules/react-native/ReactCommon -ID:/Projects/touch/touch-mobile/node_modules/react-native/ReactCommon/yoga -ID:/Projects/touch/touch-mobile/node_modules/react-native/ReactAndroid/src/main/jni/react/turbomodule -ID:/Projects/touch/touch-mobile/node_modules/react-native/ReactCommon/callinvoker -ID:/Projects/touch/touch-mobile/node_modules/react-native/ReactCommon/runtimeexecutor -ID:/Projects/touch/touch-mobile/node_modules/react-native/ReactCommon/jsiexecutor -ID:/Projects/touch/touch-mobile/node_modules/react-native/ReactCommon/react/renderer/graphics/platform/cxx -isystem D:/AndroidStudioProjects/.gradle/caches/8.13/transforms/761d13cc5b0f08ac09c3c16bb3bc519a/transformed/jetified-react-android-0.81.5-release/prefab/modules/reactnative/include -isystem D:/AndroidStudioProjects/.gradle/caches/8.13/transforms/761d13cc5b0f08ac09c3c16bb3bc519a/transformed/jetified-react-android-0.81.5-release/prefab/modules/jsi/include -isystem D:/AndroidStudioProjects/.gradle/caches/8.13/transforms/496183c206113a51ea543412a7084c83/transformed/jetified-fbjni-0.7.0/prefab/modules/fbjni/include -isystem D:/Projects/touch/touch-mobile/node_modules/react-native-worklets/android/build/prefab-headers/worklets -g -DANDROID -fdata-sections -ffunction-sections -funwind-tables -fstack-protector-strong -no-canonical-prefixes -D_FORTIFY_SOURCE=2 -Wformat -Werror=format-security   -DREACT_NATIVE_MINOR_VERSION=81    -DREANIMATED_VERSION=4.3.1    -DREANIMATED_FEATURE_FLAGS="[EXPERIMENTAL_CSS_ANIMATIONS_FOR_SVG_COMPONENTS:false][RUNTIME_TEST_FLAG:false][DISABLE_COMMIT_PAUSING_MECHANISM:false][ANDROID_SYNCHRONOUSLY_UPDATE_UI_PROPS:false][USE_SYNCHRONIZABLE_FOR_MUTABLES:true][FORCE_REACT_RENDER_FOR_SETTLED_ANIMATIONS:true][ENABLE_SHARED_ELEMENT_TRANSITIONS:false][IOS_SYNCHRONOUSLY_UPDATE_UI_PROPS:false][USE_COMMIT_HOOK_ONLY_FOR_REACT_COMMITS:true]" -fno-omit-frame-pointer -fstack-protector-all -fvisibility=hidden -DNDEBUG -flto=thin -O2 -g -DNDEBUG -fPIC -DFOLLY_NO_CONFIG=1 -DFOLLY_HAVE_CLOCK_GETTIME=1 -DFOLLY_USE_LIBCPP=1 -DFOLLY_CFG_NO_COROUTINES=1 -DFOLLY_MOBILE=1 -DFOLLY_HAVE_RECVMMSG=1 -DFOLLY_HAVE_PTHREAD=1 -DFOLLY_HAVE_XSI_STRERROR_R=1 -Wall -Werror -fexceptions -frtti -std=c++20 -DLOG_TAG=\"ReactNative\" -std=gnu++20 -MD -MT CMakeFiles/reanimated.dir/28589d058a79ca378130da8b28ff56a7/cpp/reanimated/CSS/interpolation/filters/FilterOperationInterpolator.cpp.o -MF CMakeFiles\reanimated.dir\28589d058a79ca378130da8b28ff56a7\cpp\reanimated\CSS\interpolation\filters\FilterOperationInterpolator.cpp.o.d -o CMakeFiles/reanimated.dir/28589d058a79ca378130da8b28ff56a7/cpp/reanimated/CSS/interpolation/filters/FilterOperationInterpolator.cpp.o -c D:/Projects/touch/touch-mobile/node_modules/react-native-reanimated/Common/cpp/reanimated/CSS/interpolation/filters/FilterOperationInterpolator.cpp
  LLVM ERROR: out of memory
  Allocation failed
  PLEASE submit a bug report to https://github.com/android-ndk/ndk/issues and include the crash backtrace, preprocessed source, and associated run script.
  Stack dump:
  0.	Program arguments: D:\\AndroidStudioProjects\\Sdk\\ndk\\28.2.13676358\\toolchains\\llvm\\prebuilt\\windows-x86_64\\bin\\clang++.exe --target=aarch64-none-linux-android24 --sysroot=D:/AndroidStudioProjects/Sdk/ndk/28.2.13676358/toolchains/llvm/prebuilt/windows-x86_64/sysroot -DRN_SERIALIZABLE_STATE -Dreanimated_EXPORTS -ID:/Projects/touch/touch-mobile/node_modules/react-native-reanimated/android/../Common/cpp -ID:/Projects/touch/touch-mobile/node_modules/react-native-reanimated/android/src/main/cpp -ID:/Projects/touch/touch-mobile/node_modules/react-native/ReactCommon -ID:/Projects/touch/touch-mobile/node_modules/react-native/ReactCommon/yoga -ID:/Projects/touch/touch-mobile/node_modules/react-native/ReactAndroid/src/main/jni/react/turbomodule -ID:/Projects/touch/touch-mobile/node_modules/react-native/ReactCommon/callinvoker -ID:/Projects/touch/touch-mobile/node_modules/react-native/ReactCommon/runtimeexecutor -ID:/Projects/touch/touch-mobile/node_modules/react-native/ReactCommon/jsiexecutor -ID:/Projects/touch/touch-mobile/node_modules/react-native/ReactCommon/react/renderer/graphics/platform/cxx -isystem D:/AndroidStudioProjects/.gradle/caches/8.13/transforms/761d13cc5b0f08ac09c3c16bb3bc519a/transformed/jetified-react-android-0.81.5-release/prefab/modules/reactnative/include -isystem D:/AndroidStudioProjects/.gradle/caches/8.13/transforms/761d13cc5b0f08ac09c3c16bb3bc519a/transformed/jetified-react-android-0.81.5-release/prefab/modules/jsi/include -isystem D:/AndroidStudioProjects/.gradle/caches/8.13/transforms/496183c206113a51ea543412a7084c83/transformed/jetified-fbjni-0.7.0/prefab/modules/fbjni/include -isystem D:/Projects/touch/touch-mobile/node_modules/react-native-worklets/android/build/prefab-headers/worklets -g -DANDROID -fdata-sections -ffunction-sections -funwind-tables -fstack-protector-strong -no-canonical-prefixes -D_FORTIFY_SOURCE=2 -Wformat -Werror=format-security -DREACT_NATIVE_MINOR_VERSION=81 -DREANIMATED_VERSION=4.3.1 -DREANIMATED_FEATURE_FLAGS=[EXPERIMENTAL_CSS_ANIMATIONS_FOR_SVG_COMPONENTS:false][RUNTIME_TEST_FLAG:false][DISABLE_COMMIT_PAUSING_MECHANISM:false][ANDROID_SYNCHRONOUSLY_UPDATE_UI_PROPS:false][USE_SYNCHRONIZABLE_FOR_MUTABLES:true][FORCE_REACT_RENDER_FOR_SETTLED_ANIMATIONS:true][ENABLE_SHARED_ELEMENT_TRANSITIONS:false][IOS_SYNCHRONOUSLY_UPDATE_UI_PROPS:false][USE_COMMIT_HOOK_ONLY_FOR_REACT_COMMITS:true] -fno-omit-frame-pointer -fstack-protector-all -fvisibility=hidden -DNDEBUG -flto=thin -O2 -g -DNDEBUG -fPIC -DFOLLY_NO_CONFIG=1 -DFOLLY_HAVE_CLOCK_GETTIME=1 -DFOLLY_USE_LIBCPP=1 -DFOLLY_CFG_NO_COROUTINES=1 -DFOLLY_MOBILE=1 -DFOLLY_HAVE_RECVMMSG=1 -DFOLLY_HAVE_PTHREAD=1 -DFOLLY_HAVE_XSI_STRERROR_R=1 -Wall -Werror -fexceptions -frtti -std=c++20 -DLOG_TAG=\"ReactNative\" -std=gnu++20 -MD -MT CMakeFiles/reanimated.dir/28589d058a79ca378130da8b28ff56a7/cpp/reanimated/CSS/interpolation/filters/FilterOperationInterpolator.cpp.o -MF CMakeFiles\\reanimated.dir\\28589d058a79ca378130da8b28ff56a7\\cpp\\reanimated\\CSS\\interpolation\\filters\\FilterOperationInterpolator.cpp.o.d -o CMakeFiles/reanimated.dir/28589d058a79ca378130da8b28ff56a7/cpp/reanimated/CSS/interpolation/filters/FilterOperationInterpolator.cpp.o -c D:/Projects/touch/touch-mobile/node_modules/react-native-reanimated/Common/cpp/reanimated/CSS/interpolation/filters/FilterOperationInterpolator.cpp
  1.	D:/AndroidStudioProjects/Sdk/ndk/28.2.13676358/toolchains/llvm/prebuilt/windows-x86_64/sysroot/usr/include/c++/v1/__algorithm/sort.h:377:20: current parser token ','
  2.	D:/AndroidStudioProjects/Sdk/ndk/28.2.13676358/toolchains/llvm/prebuilt/windows-x86_64/sysroot/usr/include/c++/v1/__algorithm/sort.h:45:1 <Spelling=D:/AndroidStudioProjects/Sdk/ndk/28.2.13676358/toolchains/llvm/prebuilt/windows-x86_64/sysroot/usr/include/c++/v1/__config:865:39>: parsing namespace 'std'
  3.	D:/AndroidStudioProjects/Sdk/ndk/28.2.13676358/toolchains/llvm/prebuilt/windows-x86_64/sysroot/usr/include/c++/v1/__algorithm/sort.h:45:1 <Spelling=D:/AndroidStudioProjects/Sdk/ndk/28.2.13676358/toolchains/llvm/prebuilt/windows-x86_64/sysroot/usr/include/c++/v1/__config:866:39>: parsing namespace 'std::__ndk1'
  4.	D:/AndroidStudioProjects/Sdk/ndk/28.2.13676358/toolchains/llvm/prebuilt/windows-x86_64/sysroot/usr/include/c++/v1/__algorithm/sort.h:342:104: parsing function body 'std::__insertion_sort_incomplete'
  5.	D:/AndroidStudioProjects/Sdk/ndk/28.2.13676358/toolchains/llvm/prebuilt/windows-x86_64/sysroot/usr/include/c++/v1/__algorithm/sort.h:342:104: in compound statement ('{}')
  6.	D:/AndroidStudioProjects/Sdk/ndk/28.2.13676358/toolchains/llvm/prebuilt/windows-x86_64/sysroot/usr/include/c++/v1/__algorithm/sort.h:376:84: in compound statement ('{}')
  Exception Code: 0xC000001D
   #0 0x00007ff792d6cdb6 (D:\AndroidStudioProjects\Sdk\ndk\28.2.13676358\toolchains\llvm\prebuilt\windows-x86_64\bin\clang++.exe+0x63cdb6)
   #1 0x00007ffc6edf2139 (C:\WINDOWS\System32\ucrtbase.dll+0xc2139)
   #2 0x00007ffc6edd5261 (C:\WINDOWS\System32\ucrtbase.dll+0xa5261)
   #3 0x00007ff792d4d05b (D:\AndroidStudioProjects\Sdk\ndk\28.2.13676358\toolchains\llvm\prebuilt\windows-x86_64\bin\clang++.exe+0x61d05b)
   #4 0x00007ff792d4d072 (D:\AndroidStudioProjects\Sdk\ndk\28.2.13676358\toolchains\llvm\prebuilt\windows-x86_64\bin\clang++.exe+0x61d072)
   #5 0x00007ff79273741c (D:\AndroidStudioProjects\Sdk\ndk\28.2.13676358\toolchains\llvm\prebuilt\windows-x86_64\bin\clang++.exe+0x741c)
   #6 0x00007ff792a809fe (D:\AndroidStudioProjects\Sdk\ndk\28.2.13676358\toolchains\llvm\prebuilt\windows-x86_64\bin\clang++.exe+0x3509fe)
   #7 0x00007ff795d4fffe (D:\AndroidStudioProjects\Sdk\ndk\28.2.13676358\toolchains\llvm\prebuilt\windows-x86_64\bin\clang++.exe+0x361fffe)
   #8 0x00007ff795d4feb0 (D:\AndroidStudioProjects\Sdk\ndk\28.2.13676358\toolchains\llvm\prebuilt\windows-x86_64\bin\clang++.exe+0x361feb0)
   #9 0x00007ff795d55c77 (D:\AndroidStudioProjects\Sdk\ndk\28.2.13676358\toolchains\llvm\prebuilt\windows-x86_64\bin\clang++.exe+0x3625c77)
  #10 0x00007ff795d53471 (D:\AndroidStudioProjects\Sdk\ndk\28.2.13676358\toolchains\llvm\prebuilt\windows-x86_64\bin\clang++.exe+0x3623471)
  #11 0x00007ff795d4882b (D:\AndroidStudioProjects\Sdk\ndk\28.2.13676358\toolchains\llvm\prebuilt\windows-x86_64\bin\clang++.exe+0x361882b)
  #12 0x00007ff797fe388e (D:\AndroidStudioProjects\Sdk\ndk\28.2.13676358\toolchains\llvm\prebuilt\windows-x86_64\bin\clang++.exe+0x58b388e)
  #13 0x00007ff797fde7ea (D:\AndroidStudioProjects\Sdk\ndk\28.2.13676358\toolchains\llvm\prebuilt\windows-x86_64\bin\clang++.exe+0x58ae7ea)
  #14 0x00007ff797fd8957 (D:\AndroidStudioProjects\Sdk\ndk\28.2.13676358\toolchains\llvm\prebuilt\windows-x86_64\bin\clang++.exe+0x58a8957)
  #15 0x00007ff797fe8f7a (D:\AndroidStudioProjects\Sdk\ndk\28.2.13676358\toolchains\llvm\prebuilt\windows-x86_64\bin\clang++.exe+0x58b8f7a)
  #16 0x00007ff797fdc92e (D:\AndroidStudioProjects\Sdk\ndk\28.2.13676358\toolchains\llvm\prebuilt\windows-x86_64\bin\clang++.exe+0x58ac92e)
  #17 0x00007ff797fe3e20 (D:\AndroidStudioProjects\Sdk\ndk\28.2.13676358\toolchains\llvm\prebuilt\windows-x86_64\bin\clang++.exe+0x58b3e20)
  #18 0x00007ff797fd8957 (D:\AndroidStudioProjects\Sdk\ndk\28.2.13676358\toolchains\llvm\prebuilt\windows-x86_64\bin\clang++.exe+0x58a8957)
  #19 0x00007ff797ffcf3e (D:\AndroidStudioProjects\Sdk\ndk\28.2.13676358\toolchains\llvm\prebuilt\windows-x86_64\bin\clang++.exe+0x58ccf3e)
  #20 0x00007ff797fce5db (D:\AndroidStudioProjects\Sdk\ndk\28.2.13676358\toolchains\llvm\prebuilt\windows-x86_64\bin\clang++.exe+0x589e5db)
  #21 0x00007ff797fc7a0e (D:\AndroidStudioProjects\Sdk\ndk\28.2.13676358\toolchains\llvm\prebuilt\windows-x86_64\bin\clang++.exe+0x5897a0e)
  #22 0x00007ff797fc3873 (D:\AndroidStudioProjects\Sdk\ndk\28.2.13676358\toolchains\llvm\prebuilt\windows-x86_64\bin\clang++.exe+0x5893873)
  #23 0x00007ff797fc1f9a (D:\AndroidStudioProjects\Sdk\ndk\28.2.13676358\toolchains\llvm\prebuilt\windows-x86_64\bin\clang++.exe+0x5891f9a)
  #24 0x00007ff797fcdc23 (D:\AndroidStudioProjects\Sdk\ndk\28.2.13676358\toolchains\llvm\prebuilt\windows-x86_64\bin\clang++.exe+0x589dc23)
  #25 0x00007ff797fc3af2 (D:\AndroidStudioProjects\Sdk\ndk\28.2.13676358\toolchains\llvm\prebuilt\windows-x86_64\bin\clang++.exe+0x5893af2)
  #26 0x00007ff797fc1f9a (D:\AndroidStudioProjects\Sdk\ndk\28.2.13676358\toolchains\llvm\prebuilt\windows-x86_64\bin\clang++.exe+0x5891f9a)
  #27 0x00007ff797fc9ce1 (D:\AndroidStudioProjects\Sdk\ndk\28.2.13676358\toolchains\llvm\prebuilt\windows-x86_64\bin\clang++.exe+0x5899ce1)
  #28 0x00007ff797fc40dc (D:\AndroidStudioProjects\Sdk\ndk\28.2.13676358\toolchains\llvm\prebuilt\windows-x86_64\bin\clang++.exe+0x58940dc)
  #29 0x00007ff797fc1f9a (D:\AndroidStudioProjects\Sdk\ndk\28.2.13676358\toolchains\llvm\prebuilt\windows-x86_64\bin\clang++.exe+0x5891f9a)
  #30 0x00007ff797fcdc23 (D:\AndroidStudioProjects\Sdk\ndk\28.2.13676358\toolchains\llvm\prebuilt\windows-x86_64\bin\clang++.exe+0x589dc23)
  #31 0x00007ff797fced78 (D:\AndroidStudioProjects\Sdk\ndk\28.2.13676358\toolchains\llvm\prebuilt\windows-x86_64\bin\clang++.exe+0x589ed78)
  #32 0x00007ff79760e79d (D:\AndroidStudioProjects\Sdk\ndk\28.2.13676358\toolchains\llvm\prebuilt\windows-x86_64\bin\clang++.exe+0x4ede79d)
  #33 0x00007ff797fa37ce (D:\AndroidStudioProjects\Sdk\ndk\28.2.13676358\toolchains\llvm\prebuilt\windows-x86_64\bin\clang++.exe+0x58737ce)
  #34 0x00007ff797f3a664 (D:\AndroidStudioProjects\Sdk\ndk\28.2.13676358\toolchains\llvm\prebuilt\windows-x86_64\bin\clang++.exe+0x580a664)
  #35 0x00007ff797f36dad (D:\AndroidStudioProjects\Sdk\ndk\28.2.13676358\toolchains\llvm\prebuilt\windows-x86_64\bin\clang++.exe+0x5806dad)
  #36 0x00007ff797f36566 (D:\AndroidStudioProjects\Sdk\ndk\28.2.13676358\toolchains\llvm\prebuilt\windows-x86_64\bin\clang++.exe+0x5806566)
  #37 0x00007ff797fa0799 (D:\AndroidStudioProjects\Sdk\ndk\28.2.13676358\toolchains\llvm\prebuilt\windows-x86_64\bin\clang++.exe+0x5870799)
  #38 0x00007ff79760a1db (D:\AndroidStudioProjects\Sdk\ndk\28.2.13676358\toolchains\llvm\prebuilt\windows-x86_64\bin\clang++.exe+0x4eda1db)
  #39 0x00007ff797f74d6e (D:\AndroidStudioProjects\Sdk\ndk\28.2.13676358\toolchains\llvm\prebuilt\windows-x86_64\bin\clang++.exe+0x5844d6e)
  #40 0x00007ff797f745e2 (D:\AndroidStudioProjects\Sdk\ndk\28.2.13676358\toolchains\llvm\prebuilt\windows-x86_64\bin\clang++.exe+0x58445e2)
  #41 0x00007ff797fa0bd4 (D:\AndroidStudioProjects\Sdk\ndk\28.2.13676358\toolchains\llvm\prebuilt\windows-x86_64\bin\clang++.exe+0x5870bd4)
  #42 0x00007ff79760a1db (D:\AndroidStudioProjects\Sdk\ndk\28.2.13676358\toolchains\llvm\prebuilt\windows-x86_64\bin\clang++.exe+0x4eda1db)
  #43 0x00007ff797f74d6e (D:\AndroidStudioProjects\Sdk\ndk\28.2.13676358\toolchains\llvm\prebuilt\windows-x86_64\bin\clang++.exe+0x5844d6e)
  #44 0x00007ff797f745e2 (D:\AndroidStudioProjects\Sdk\ndk\28.2.13676358\toolchains\llvm\prebuilt\windows-x86_64\bin\clang++.exe+0x58445e2)
  #45 0x00007ff797fa0bd4 (D:\AndroidStudioProjects\Sdk\ndk\28.2.13676358\toolchains\llvm\prebuilt\windows-x86_64\bin\clang++.exe+0x5870bd4)
  #46 0x00007ff79760a1db (D:\AndroidStudioProjects\Sdk\ndk\28.2.13676358\toolchains\llvm\prebuilt\windows-x86_64\bin\clang++.exe+0x4eda1db)
  #47 0x00007ff79760869d (D:\AndroidStudioProjects\Sdk\ndk\28.2.13676358\toolchains\llvm\prebuilt\windows-x86_64\bin\clang++.exe+0x4ed869d)
  #48 0x00007ff795fe76ae (D:\AndroidStudioProjects\Sdk\ndk\28.2.13676358\toolchains\llvm\prebuilt\windows-x86_64\bin\clang++.exe+0x38b76ae)
  #49 0x00007ff794103b5e (D:\AndroidStudioProjects\Sdk\ndk\28.2.13676358\toolchains\llvm\prebuilt\windows-x86_64\bin\clang++.exe+0x19d3b5e)
  #50 0x00007ff792e6b250 (D:\AndroidStudioProjects\Sdk\ndk\28.2.13676358\toolchains\llvm\prebuilt\windows-x86_64\bin\clang++.exe+0x73b250)
  #51 0x00007ff792f04fd5 (D:\AndroidStudioProjects\Sdk\ndk\28.2.13676358\toolchains\llvm\prebuilt\windows-x86_64\bin\clang++.exe+0x7d4fd5)
  #52 0x00007ff79286f7e8 (D:\AndroidStudioProjects\Sdk\ndk\28.2.13676358\toolchains\llvm\prebuilt\windows-x86_64\bin\clang++.exe+0x13f7e8)
  #53 0x00007ff79286c8b0 (D:\AndroidStudioProjects\Sdk\ndk\28.2.13676358\toolchains\llvm\prebuilt\windows-x86_64\bin\clang++.exe+0x13c8b0)
  #54 0x00007ff793e7829d (D:\AndroidStudioProjects\Sdk\ndk\28.2.13676358\toolchains\llvm\prebuilt\windows-x86_64\bin\clang++.exe+0x174829d)
  #55 0x00007ff792d47acd (D:\AndroidStudioProjects\Sdk\ndk\28.2.13676358\toolchains\llvm\prebuilt\windows-x86_64\bin\clang++.exe+0x617acd)
  #56 0x00007ff793e77cd5 (D:\AndroidStudioProjects\Sdk\ndk\28.2.13676358\toolchains\llvm\prebuilt\windows-x86_64\bin\clang++.exe+0x1747cd5)
  #57 0x00007ff792e166c6 (D:\AndroidStudioProjects\Sdk\ndk\28.2.13676358\toolchains\llvm\prebuilt\windows-x86_64\bin\clang++.exe+0x6e66c6)
  #58 0x00007ff792e3a8ad (D:\AndroidStudioProjects\Sdk\ndk\28.2.13676358\toolchains\llvm\prebuilt\windows-x86_64\bin\clang++.exe+0x70a8ad)
  #59 0x00007ff79286b80e (D:\AndroidStudioProjects\Sdk\ndk\28.2.13676358\toolchains\llvm\prebuilt\windows-x86_64\bin\clang++.exe+0x13b80e)
  #60 0x00007ff79287ca4d (D:\AndroidStudioProjects\Sdk\ndk\28.2.13676358\toolchains\llvm\prebuilt\windows-x86_64\bin\clang++.exe+0x14ca4d)
  #61 0x00007ff792731395 (D:\AndroidStudioProjects\Sdk\ndk\28.2.13676358\toolchains\llvm\prebuilt\windows-x86_64\bin\clang++.exe+0x1395)
  #62 0x00007ff7927314c8 (D:\AndroidStudioProjects\Sdk\ndk\28.2.13676358\toolchains\llvm\prebuilt\windows-x86_64\bin\clang++.exe+0x14c8)
  #63 0x00007ffc6fcdcd87 (C:\WINDOWS\System32\KERNEL32.DLL+0x2cd87)
  #64 0x00007ffc719ecaec (C:\WINDOWS\SYSTEM32\ntdll.dll+0xacaec)
  clang++: error: clang frontend command failed due to signal (use -v to see invocation)
  Android (13624864, based on r530567e) clang version 19.0.1 (https://android.googlesource.com/toolchain/llvm-project 97a699bf4812a18fb657c2779f5296a4ab2694d2)
  Target: aarch64-none-linux-android24
  Thread model: posix
  InstalledDir: D:/AndroidStudioProjects/Sdk/ndk/28.2.13676358/toolchains/llvm/prebuilt/windows-x86_64/bin
  clang++: note: diagnostic msg: 
  ********************
  
  PLEASE ATTACH THE FOLLOWING FILES TO THE BUG REPORT:
  Preprocessed source(s) and associated run script(s) are located at:
  clang++: note: diagnostic msg: C:/Users/roybe/AppData/Local/Temp/FilterOperationInterpolator-0c89ac.cpp
  clang++: note: diagnostic msg: C:/Users/roybe/AppData/Local/Temp/FilterOperationInterpolator-0c89ac.sh
  clang++: note: diagnostic msg: 
  
  ********************
  [14/79] Building CXX object CMakeFiles/reanimated.dir/994c0676b2314ffd6b40f7be9b05d1a6/Common/cpp/reanimated/CSS/common/values/complex/CSSBoxShadow.cpp.o
  FAILED: CMakeFiles/reanimated.dir/994c0676b2314ffd6b40f7be9b05d1a6/Common/cpp/reanimated/CSS/common/values/complex/CSSBoxShadow.cpp.o 
  D:\AndroidStudioProjects\Sdk\ndk\28.2.13676358\toolchains\llvm\prebuilt\windows-x86_64\bin\clang++.exe --target=aarch64-none-linux-android24 --sysroot=D:/AndroidStudioProjects/Sdk/ndk/28.2.13676358/toolchains/llvm/prebuilt/windows-x86_64/sysroot -DRN_SERIALIZABLE_STATE -Dreanimated_EXPORTS -ID:/Projects/touch/touch-mobile/node_modules/react-native-reanimated/android/../Common/cpp -ID:/Projects/touch/touch-mobile/node_modules/react-native-reanimated/android/src/main/cpp -ID:/Projects/touch/touch-mobile/node_modules/react-native/ReactCommon -ID:/Projects/touch/touch-mobile/node_modules/react-native/ReactCommon/yoga -ID:/Projects/touch/touch-mobile/node_modules/react-native/ReactAndroid/src/main/jni/react/turbomodule -ID:/Projects/touch/touch-mobile/node_modules/react-native/ReactCommon/callinvoker -ID:/Projects/touch/touch-mobile/node_modules/react-native/ReactCommon/runtimeexecutor -ID:/Projects/touch/touch-mobile/node_modules/react-native/ReactCommon/jsiexecutor -ID:/Projects/touch/touch-mobile/node_modules/react-native/ReactCommon/react/renderer/graphics/platform/cxx -isystem D:/AndroidStudioProjects/.gradle/caches/8.13/transforms/761d13cc5b0f08ac09c3c16bb3bc519a/transformed/jetified-react-android-0.81.5-release/prefab/modules/reactnative/include -isystem D:/AndroidStudioProjects/.gradle/caches/8.13/transforms/761d13cc5b0f08ac09c3c16bb3bc519a/transformed/jetified-react-android-0.81.5-release/prefab/modules/jsi/include -isystem D:/AndroidStudioProjects/.gradle/caches/8.13/transforms/496183c206113a51ea543412a7084c83/transformed/jetified-fbjni-0.7.0/prefab/modules/fbjni/include -isystem D:/Projects/touch/touch-mobile/node_modules/react-native-worklets/android/build/prefab-headers/worklets -g -DANDROID -fdata-sections -ffunction-sections -funwind-tables -fstack-protector-strong -no-canonical-prefixes -D_FORTIFY_SOURCE=2 -Wformat -Werror=format-security   -DREACT_NATIVE_MINOR_VERSION=81    -DREANIMATED_VERSION=4.3.1    -DREANIMATED_FEATURE_FLAGS="[EXPERIMENTAL_CSS_ANIMATIONS_FOR_SVG_COMPONENTS:false][RUNTIME_TEST_FLAG:false][DISABLE_COMMIT_PAUSING_MECHANISM:false][ANDROID_SYNCHRONOUSLY_UPDATE_UI_PROPS:false][USE_SYNCHRONIZABLE_FOR_MUTABLES:true][FORCE_REACT_RENDER_FOR_SETTLED_ANIMATIONS:true][ENABLE_SHARED_ELEMENT_TRANSITIONS:false][IOS_SYNCHRONOUSLY_UPDATE_UI_PROPS:false][USE_COMMIT_HOOK_ONLY_FOR_REACT_COMMITS:true]" -fno-omit-frame-pointer -fstack-protector-all -fvisibility=hidden -DNDEBUG -flto=thin -O2 -g -DNDEBUG -fPIC -DFOLLY_NO_CONFIG=1 -DFOLLY_HAVE_CLOCK_GETTIME=1 -DFOLLY_USE_LIBCPP=1 -DFOLLY_CFG_NO_COROUTINES=1 -DFOLLY_MOBILE=1 -DFOLLY_HAVE_RECVMMSG=1 -DFOLLY_HAVE_PTHREAD=1 -DFOLLY_HAVE_XSI_STRERROR_R=1 -Wall -Werror -fexceptions -frtti -std=c++20 -DLOG_TAG=\"ReactNative\" -std=gnu++20 -MD -MT CMakeFiles/reanimated.dir/994c0676b2314ffd6b40f7be9b05d1a6/Common/cpp/reanimated/CSS/common/values/complex/CSSBoxShadow.cpp.o -MF CMakeFiles\reanimated.dir\994c0676b2314ffd6b40f7be9b05d1a6\Common\cpp\reanimated\CSS\common\values\complex\CSSBoxShadow.cpp.o.d -o CMakeFiles/reanimated.dir/994c0676b2314ffd6b40f7be9b05d1a6/Common/cpp/reanimated/CSS/common/values/complex/CSSBoxShadow.cpp.o -c D:/Projects/touch/touch-mobile/node_modules/react-native-reanimated/Common/cpp/reanimated/CSS/common/values/complex/CSSBoxShadow.cpp
  LLVM ERROR: out of memory
  Allocation failed
  PLEASE submit a bug report to https://github.com/android-ndk/ndk/issues and include the crash backtrace, preprocessed source, and associated run script.
  Stack dump:
  0.	Program arguments: D:\\AndroidStudioProjects\\Sdk\\ndk\\28.2.13676358\\toolchains\\llvm\\prebuilt\\windows-x86_64\\bin\\clang++.exe --target=aarch64-none-linux-android24 --sysroot=D:/AndroidStudioProjects/Sdk/ndk/28.2.13676358/toolchains/llvm/prebuilt/windows-x86_64/sysroot -DRN_SERIALIZABLE_STATE -Dreanimated_EXPORTS -ID:/Projects/touch/touch-mobile/node_modules/react-native-reanimated/android/../Common/cpp -ID:/Projects/touch/touch-mobile/node_modules/react-native-reanimated/android/src/main/cpp -ID:/Projects/touch/touch-mobile/node_modules/react-native/ReactCommon -ID:/Projects/touch/touch-mobile/node_modules/react-native/ReactCommon/yoga -ID:/Projects/touch/touch-mobile/node_modules/react-native/ReactAndroid/src/main/jni/react/turbomodule -ID:/Projects/touch/touch-mobile/node_modules/react-native/ReactCommon/callinvoker -ID:/Projects/touch/touch-mobile/node_modules/react-native/ReactCommon/runtimeexecutor -ID:/Projects/touch/touch-mobile/node_modules/react-native/ReactCommon/jsiexecutor -ID:/Projects/touch/touch-mobile/node_modules/react-native/ReactCommon/react/renderer/graphics/platform/cxx -isystem D:/AndroidStudioProjects/.gradle/caches/8.13/transforms/761d13cc5b0f08ac09c3c16bb3bc519a/transformed/jetified-react-android-0.81.5-release/prefab/modules/reactnative/include -isystem D:/AndroidStudioProjects/.gradle/caches/8.13/transforms/761d13cc5b0f08ac09c3c16bb3bc519a/transformed/jetified-react-android-0.81.5-release/prefab/modules/jsi/include -isystem D:/AndroidStudioProjects/.gradle/caches/8.13/transforms/496183c206113a51ea543412a7084c83/transformed/jetified-fbjni-0.7.0/prefab/modules/fbjni/include -isystem D:/Projects/touch/touch-mobile/node_modules/react-native-worklets/android/build/prefab-headers/worklets -g -DANDROID -fdata-sections -ffunction-sections -funwind-tables -fstack-protector-strong -no-canonical-prefixes -D_FORTIFY_SOURCE=2 -Wformat -Werror=format-security -DREACT_NATIVE_MINOR_VERSION=81 -DREANIMATED_VERSION=4.3.1 -DREANIMATED_FEATURE_FLAGS=[EXPERIMENTAL_CSS_ANIMATIONS_FOR_SVG_COMPONENTS:false][RUNTIME_TEST_FLAG:false][DISABLE_COMMIT_PAUSING_MECHANISM:false][ANDROID_SYNCHRONOUSLY_UPDATE_UI_PROPS:false][USE_SYNCHRONIZABLE_FOR_MUTABLES:true][FORCE_REACT_RENDER_FOR_SETTLED_ANIMATIONS:true][ENABLE_SHARED_ELEMENT_TRANSITIONS:false][IOS_SYNCHRONOUSLY_UPDATE_UI_PROPS:false][USE_COMMIT_HOOK_ONLY_FOR_REACT_COMMITS:true] -fno-omit-frame-pointer -fstack-protector-all -fvisibility=hidden -DNDEBUG -flto=thin -O2 -g -DNDEBUG -fPIC -DFOLLY_NO_CONFIG=1 -DFOLLY_HAVE_CLOCK_GETTIME=1 -DFOLLY_USE_LIBCPP=1 -DFOLLY_CFG_NO_COROUTINES=1 -DFOLLY_MOBILE=1 -DFOLLY_HAVE_RECVMMSG=1 -DFOLLY_HAVE_PTHREAD=1 -DFOLLY_HAVE_XSI_STRERROR_R=1 -Wall -Werror -fexceptions -frtti -std=c++20 -DLOG_TAG=\"ReactNative\" -std=gnu++20 -MD -MT CMakeFiles/reanimated.dir/994c0676b2314ffd6b40f7be9b05d1a6/Common/cpp/reanimated/CSS/common/values/complex/CSSBoxShadow.cpp.o -MF CMakeFiles\\reanimated.dir\\994c0676b2314ffd6b40f7be9b05d1a6\\Common\\cpp\\reanimated\\CSS\\common\\values\\complex\\CSSBoxShadow.cpp.o.d -o CMakeFiles/reanimated.dir/994c0676b2314ffd6b40f7be9b05d1a6/Common/cpp/reanimated/CSS/common/values/complex/CSSBoxShadow.cpp.o -c D:/Projects/touch/touch-mobile/node_modules/react-native-reanimated/Common/cpp/reanimated/CSS/common/values/complex/CSSBoxShadow.cpp
  1.	D:/Projects/touch/touch-mobile/node_modules/react-native/ReactCommon/react/renderer/mounting/ShadowTreeRegistry.h:66:16: current parser token ';'
  2.	D:/Projects/touch/touch-mobile/node_modules/react-native/ReactCommon/react/renderer/mounting/ShadowTreeRegistry.h:16:1: parsing namespace 'facebook'
  3.	D:/Projects/touch/touch-mobile/node_modules/react-native/ReactCommon/react/renderer/mounting/ShadowTreeRegistry.h:21:1: parsing struct/union/class body 'facebook::react::ShadowTreeRegistry'
  4.	D:/AndroidStudioProjects/Sdk/ndk/28.2.13676358/toolchains/llvm/prebuilt/windows-x86_64/sysroot/usr/include/c++/v1/unordered_map:1029:28: instantiating class definition 'std::unordered_map<int, std::unique_ptr<facebook::react::ShadowTree>>'
  5.	D:/AndroidStudioProjects/Sdk/ndk/28.2.13676358/toolchains/llvm/prebuilt/windows-x86_64/sysroot/usr/include/c++/v1/__memory/allocator_traits.h:247:29: instantiating class definition 'std::allocator_traits<std::allocator<std::pair<const int, std::unique_ptr<facebook::react::ShadowTree>>>>'
  6.	D:/AndroidStudioProjects/Sdk/ndk/28.2.13676358/toolchains/llvm/prebuilt/windows-x86_64/sysroot/usr/include/c++/v1/__memory/allocator_traits.h:152:8: instantiating class definition 'std::__is_always_equal<std::allocator<std::pair<const int, std::unique_ptr<facebook::react::ShadowTree>>>>'
  Exception Code: 0xC000001D
   #0 0x00007ff792d6cdb6 (D:\AndroidStudioProjects\Sdk\ndk\28.2.13676358\toolchains\llvm\prebuilt\windows-x86_64\bin\clang++.exe+0x63cdb6)
   #1 0x00007ffc6edf2139 (C:\WINDOWS\System32\ucrtbase.dll+0xc2139)
   #2 0x00007ffc6edd5261 (C:\WINDOWS\System32\ucrtbase.dll+0xa5261)
   #3 0x00007ff792d4d05b (D:\AndroidStudioProjects\Sdk\ndk\28.2.13676358\toolchains\llvm\prebuilt\windows-x86_64\bin\clang++.exe+0x61d05b)
   #4 0x00007ff792d4d072 (D:\AndroidStudioProjects\Sdk\ndk\28.2.13676358\toolchains\llvm\prebuilt\windows-x86_64\bin\clang++.exe+0x61d072)
   #5 0x00007ff79273741c (D:\AndroidStudioProjects\Sdk\ndk\28.2.13676358\toolchains\llvm\prebuilt\windows-x86_64\bin\clang++.exe+0x741c)
   #6 0x00007ff792a809fe (D:\AndroidStudioProjects\Sdk\ndk\28.2.13676358\toolchains\llvm\prebuilt\windows-x86_64\bin\clang++.exe+0x3509fe)
   #7 0x00007ff793d0eae2 (D:\AndroidStudioProjects\Sdk\ndk\28.2.13676358\toolchains\llvm\prebuilt\windows-x86_64\bin\clang++.exe+0x15deae2)
   #8 0x00007ff7971bc74f (D:\AndroidStudioProjects\Sdk\ndk\28.2.13676358\toolchains\llvm\prebuilt\windows-x86_64\bin\clang++.exe+0x4a8c74f)
   #9 0x00007ff795cd770c (D:\AndroidStudioProjects\Sdk\ndk\28.2.13676358\toolchains\llvm\prebuilt\windows-x86_64\bin\clang++.exe+0x35a770c)
  #10 0x00007ff795cae575 (D:\AndroidStudioProjects\Sdk\ndk\28.2.13676358\toolchains\llvm\prebuilt\windows-x86_64\bin\clang++.exe+0x357e575)
  #11 0x00007ff795cadd7e (D:\AndroidStudioProjects\Sdk\ndk\28.2.13676358\toolchains\llvm\prebuilt\windows-x86_64\bin\clang++.exe+0x357dd7e)
  #12 0x00007ff795b77088 (D:\AndroidStudioProjects\Sdk\ndk\28.2.13676358\toolchains\llvm\prebuilt\windows-x86_64\bin\clang++.exe+0x3447088)
  #13 0x00007ff795b7aec7 (D:\AndroidStudioProjects\Sdk\ndk\28.2.13676358\toolchains\llvm\prebuilt\windows-x86_64\bin\clang++.exe+0x344aec7)
  #14 0x00007ff795cb286d (D:\AndroidStudioProjects\Sdk\ndk\28.2.13676358\toolchains\llvm\prebuilt\windows-x86_64\bin\clang++.exe+0x358286d)
  #15 0x00007ff795cb4cc6 (D:\AndroidStudioProjects\Sdk\ndk\28.2.13676358\toolchains\llvm\prebuilt\windows-x86_64\bin\clang++.exe+0x3584cc6)
  #16 0x00007ff795ef9701 (D:\AndroidStudioProjects\Sdk\ndk\28.2.13676358\toolchains\llvm\prebuilt\windows-x86_64\bin\clang++.exe+0x37c9701)
  #17 0x00007ff7940e07e2 (D:\AndroidStudioProjects\Sdk\ndk\28.2.13676358\toolchains\llvm\prebuilt\windows-x86_64\bin\clang++.exe+0x19b07e2)
  #18 0x00007ff795ee14df (D:\AndroidStudioProjects\Sdk\ndk\28.2.13676358\toolchains\llvm\prebuilt\windows-x86_64\bin\clang++.exe+0x37b14df)
  #19 0x00007ff795ee0cdc (D:\AndroidStudioProjects\Sdk\ndk\28.2.13676358\toolchains\llvm\prebuilt\windows-x86_64\bin\clang++.exe+0x37b0cdc)
  #20 0x00007ff795ec7adc (D:\AndroidStudioProjects\Sdk\ndk\28.2.13676358\toolchains\llvm\prebuilt\windows-x86_64\bin\clang++.exe+0x3797adc)
  #21 0x00007ff7971bbec6 (D:\AndroidStudioProjects\Sdk\ndk\28.2.13676358\toolchains\llvm\prebuilt\windows-x86_64\bin\clang++.exe+0x4a8bec6)
  #22 0x00007ff795cd770c (D:\AndroidStudioProjects\Sdk\ndk\28.2.13676358\toolchains\llvm\prebuilt\windows-x86_64\bin\clang++.exe+0x35a770c)
  #23 0x00007ff795cae575 (D:\AndroidStudioProjects\Sdk\ndk\28.2.13676358\toolchains\llvm\prebuilt\windows-x86_64\bin\clang++.exe+0x357e575)
  #24 0x00007ff795cadd7e (D:\AndroidStudioProjects\Sdk\ndk\28.2.13676358\toolchains\llvm\prebuilt\windows-x86_64\bin\clang++.exe+0x357dd7e)
  #25 0x00007ff795b77088 (D:\AndroidStudioProjects\Sdk\ndk\28.2.13676358\toolchains\llvm\prebuilt\windows-x86_64\bin\clang++.exe+0x3447088)
  #26 0x00007ff795b7aec7 (D:\AndroidStudioProjects\Sdk\ndk\28.2.13676358\toolchains\llvm\prebuilt\windows-x86_64\bin\clang++.exe+0x344aec7)
  #27 0x00007ff795cb286d (D:\AndroidStudioProjects\Sdk\ndk\28.2.13676358\toolchains\llvm\prebuilt\windows-x86_64\bin\clang++.exe+0x358286d)
  #28 0x00007ff795cb4cc6 (D:\AndroidStudioProjects\Sdk\ndk\28.2.13676358\toolchains\llvm\prebuilt\windows-x86_64\bin\clang++.exe+0x3584cc6)
  #29 0x00007ff795ef9701 (D:\AndroidStudioProjects\Sdk\ndk\28.2.13676358\toolchains\llvm\prebuilt\windows-x86_64\bin\clang++.exe+0x37c9701)
  #30 0x00007ff7940e07e2 (D:\AndroidStudioProjects\Sdk\ndk\28.2.13676358\toolchains\llvm\prebuilt\windows-x86_64\bin\clang++.exe+0x19b07e2)
  #31 0x00007ff795ee14df (D:\AndroidStudioProjects\Sdk\ndk\28.2.13676358\toolchains\llvm\prebuilt\windows-x86_64\bin\clang++.exe+0x37b14df)
  #32 0x00007ff795ee0cdc (D:\AndroidStudioProjects\Sdk\ndk\28.2.13676358\toolchains\llvm\prebuilt\windows-x86_64\bin\clang++.exe+0x37b0cdc)
  #33 0x00007ff795ec7adc (D:\AndroidStudioProjects\Sdk\ndk\28.2.13676358\toolchains\llvm\prebuilt\windows-x86_64\bin\clang++.exe+0x3797adc)
  #34 0x00007ff79718a71b (D:\AndroidStudioProjects\Sdk\ndk\28.2.13676358\toolchains\llvm\prebuilt\windows-x86_64\bin\clang++.exe+0x4a5a71b)
  #35 0x00007ff79718a274 (D:\AndroidStudioProjects\Sdk\ndk\28.2.13676358\toolchains\llvm\prebuilt\windows-x86_64\bin\clang++.exe+0x4a5a274)
  #36 0x00007ff7971a63a2 (D:\AndroidStudioProjects\Sdk\ndk\28.2.13676358\toolchains\llvm\prebuilt\windows-x86_64\bin\clang++.exe+0x4a763a2)
  #37 0x00007ff795cdb17f (D:\AndroidStudioProjects\Sdk\ndk\28.2.13676358\toolchains\llvm\prebuilt\windows-x86_64\bin\clang++.exe+0x35ab17f)
  #38 0x00007ff795cae7f1 (D:\AndroidStudioProjects\Sdk\ndk\28.2.13676358\toolchains\llvm\prebuilt\windows-x86_64\bin\clang++.exe+0x357e7f1)
  #39 0x00007ff795cadd7e (D:\AndroidStudioProjects\Sdk\ndk\28.2.13676358\toolchains\llvm\prebuilt\windows-x86_64\bin\clang++.exe+0x357dd7e)
  #40 0x00007ff795caea01 (D:\AndroidStudioProjects\Sdk\ndk\28.2.13676358\toolchains\llvm\prebuilt\windows-x86_64\bin\clang++.exe+0x357ea01)
  #41 0x00007ff79719adf2 (D:\AndroidStudioProjects\Sdk\ndk\28.2.13676358\toolchains\llvm\prebuilt\windows-x86_64\bin\clang++.exe+0x4a6adf2)
  #42 0x00007ff795cd5c5d (D:\AndroidStudioProjects\Sdk\ndk\28.2.13676358\toolchains\llvm\prebuilt\windows-x86_64\bin\clang++.exe+0x35a5c5d)
  #43 0x00007ff795cdf034 (D:\AndroidStudioProjects\Sdk\ndk\28.2.13676358\toolchains\llvm\prebuilt\windows-x86_64\bin\clang++.exe+0x35af034)
  #44 0x00007ff795cae3a8 (D:\AndroidStudioProjects\Sdk\ndk\28.2.13676358\toolchains\llvm\prebuilt\windows-x86_64\bin\clang++.exe+0x357e3a8)
  #45 0x00007ff795cdb894 (D:\AndroidStudioProjects\Sdk\ndk\28.2.13676358\toolchains\llvm\prebuilt\windows-x86_64\bin\clang++.exe+0x35ab894)
  #46 0x00007ff795cae5f9 (D:\AndroidStudioProjects\Sdk\ndk\28.2.13676358\toolchains\llvm\prebuilt\windows-x86_64\bin\clang++.exe+0x357e5f9)
  #47 0x00007ff795cadd7e (D:\AndroidStudioProjects\Sdk\ndk\28.2.13676358\toolchains\llvm\prebuilt\windows-x86_64\bin\clang++.exe+0x357dd7e)
  #48 0x00007ff795b77088 (D:\AndroidStudioProjects\Sdk\ndk\28.2.13676358\toolchains\llvm\prebuilt\windows-x86_64\bin\clang++.exe+0x3447088)
  #49 0x00007ff795b7af22 (D:\AndroidStudioProjects\Sdk\ndk\28.2.13676358\toolchains\llvm\prebuilt\windows-x86_64\bin\clang++.exe+0x344af22)
  #50 0x00007ff795cb286d (D:\AndroidStudioProjects\Sdk\ndk\28.2.13676358\toolchains\llvm\prebuilt\windows-x86_64\bin\clang++.exe+0x358286d)
  #51 0x00007ff795cb4cc6 (D:\AndroidStudioProjects\Sdk\ndk\28.2.13676358\toolchains\llvm\prebuilt\windows-x86_64\bin\clang++.exe+0x3584cc6)
  #52 0x00007ff795ef9701 (D:\AndroidStudioProjects\Sdk\ndk\28.2.13676358\toolchains\llvm\prebuilt\windows-x86_64\bin\clang++.exe+0x37c9701)
  #53 0x00007ff7940e07e2 (D:\AndroidStudioProjects\Sdk\ndk\28.2.13676358\toolchains\llvm\prebuilt\windows-x86_64\bin\clang++.exe+0x19b07e2)
  #54 0x00007ff795ee14df (D:\AndroidStudioProjects\Sdk\ndk\28.2.13676358\toolchains\llvm\prebuilt\windows-x86_64\bin\clang++.exe+0x37b14df)
  #55 0x00007ff795ee0cdc (D:\AndroidStudioProjects\Sdk\ndk\28.2.13676358\toolchains\llvm\prebuilt\windows-x86_64\bin\clang++.exe+0x37b0cdc)
  #56 0x00007ff7958c4076 (D:\AndroidStudioProjects\Sdk\ndk\28.2.13676358\toolchains\llvm\prebuilt\windows-x86_64\bin\clang++.exe+0x3194076)
  #57 0x00007ff7958c3dba (D:\AndroidStudioProjects\Sdk\ndk\28.2.13676358\toolchains\llvm\prebuilt\windows-x86_64\bin\clang++.exe+0x3193dba)
  #58 0x00007ff795ab0400 (D:\AndroidStudioProjects\Sdk\ndk\28.2.13676358\toolchains\llvm\prebuilt\windows-x86_64\bin\clang++.exe+0x3380400)
  #59 0x00007ff797f87595 (D:\AndroidStudioProjects\Sdk\ndk\28.2.13676358\toolchains\llvm\prebuilt\windows-x86_64\bin\clang++.exe+0x5857595)
  #60 0x00007ff797f894da (D:\AndroidStudioProjects\Sdk\ndk\28.2.13676358\toolchains\llvm\prebuilt\windows-x86_64\bin\clang++.exe+0x58594da)
  #61 0x00007ff797f8096d (D:\AndroidStudioProjects\Sdk\ndk\28.2.13676358\toolchains\llvm\prebuilt\windows-x86_64\bin\clang++.exe+0x585096d)
  #62 0x00007ff797fa8251 (D:\AndroidStudioProjects\Sdk\ndk\28.2.13676358\toolchains\llvm\prebuilt\windows-x86_64\bin\clang++.exe+0x5878251)
  #63 0x00007ff79760ba18 (D:\AndroidStudioProjects\Sdk\ndk\28.2.13676358\toolchains\llvm\prebuilt\windows-x86_64\bin\clang++.exe+0x4edba18)
  #64 0x00007ff79760b7f2 (D:\AndroidStudioProjects\Sdk\ndk\28.2.13676358\toolchains\llvm\prebuilt\windows-x86_64\bin\clang++.exe+0x4edb7f2)
  #65 0x00007ff79760a933 (D:\AndroidStudioProjects\Sdk\ndk\28.2.13676358\toolchains\llvm\prebuilt\windows-x86_64\bin\clang++.exe+0x4eda933)
  #66 0x00007ff797f74d6e (D:\AndroidStudioProjects\Sdk\ndk\28.2.13676358\toolchains\llvm\prebuilt\windows-x86_64\bin\clang++.exe+0x5844d6e)
  #67 0x00007ff797f74eec (D:\AndroidStudioProjects\Sdk\ndk\28.2.13676358\toolchains\llvm\prebuilt\windows-x86_64\bin\clang++.exe+0x5844eec)
  #68 0x00007ff797f745e2 (D:\AndroidStudioProjects\Sdk\ndk\28.2.13676358\toolchains\llvm\prebuilt\windows-x86_64\bin\clang++.exe+0x58445e2)
  #69 0x00007ff797fa0bd4 (D:\AndroidStudioProjects\Sdk\ndk\28.2.13676358\toolchains\llvm\prebuilt\windows-x86_64\bin\clang++.exe+0x5870bd4)
  #70 0x00007ff79760a1db (D:\AndroidStudioProjects\Sdk\ndk\28.2.13676358\toolchains\llvm\prebuilt\windows-x86_64\bin\clang++.exe+0x4eda1db)
  #71 0x00007ff79760869d (D:\AndroidStudioProjects\Sdk\ndk\28.2.13676358\toolchains\llvm\prebuilt\windows-x86_64\bin\clang++.exe+0x4ed869d)
  #72 0x00007ff795fe76ae (D:\AndroidStudioProjects\Sdk\ndk\28.2.13676358\toolchains\llvm\prebuilt\windows-x86_64\bin\clang++.exe+0x38b76ae)
  #73 0x00007ff794103b5e (D:\AndroidStudioProjects\Sdk\ndk\28.2.13676358\toolchains\llvm\prebuilt\windows-x86_64\bin\clang++.exe+0x19d3b5e)
  #74 0x00007ff792e6b250 (D:\AndroidStudioProjects\Sdk\ndk\28.2.13676358\toolchains\llvm\prebuilt\windows-x86_64\bin\clang++.exe+0x73b250)
  #75 0x00007ff792f04fd5 (D:\AndroidStudioProjects\Sdk\ndk\28.2.13676358\toolchains\llvm\prebuilt\windows-x86_64\bin\clang++.exe+0x7d4fd5)
  #76 0x00007ff79286f7e8 (D:\AndroidStudioProjects\Sdk\ndk\28.2.13676358\toolchains\llvm\prebuilt\windows-x86_64\bin\clang++.exe+0x13f7e8)
  #77 0x00007ff79286c8b0 (D:\AndroidStudioProjects\Sdk\ndk\28.2.13676358\toolchains\llvm\prebuilt\windows-x86_64\bin\clang++.exe+0x13c8b0)
  #78 0x00007ff793e7829d (D:\AndroidStudioProjects\Sdk\ndk\28.2.13676358\toolchains\llvm\prebuilt\windows-x86_64\bin\clang++.exe+0x174829d)
  #79 0x00007ff792d47acd (D:\AndroidStudioProjects\Sdk\ndk\28.2.13676358\toolchains\llvm\prebuilt\windows-x86_64\bin\clang++.exe+0x617acd)
  #80 0x00007ff793e77cd5 (D:\AndroidStudioProjects\Sdk\ndk\28.2.13676358\toolchains\llvm\prebuilt\windows-x86_64\bin\clang++.exe+0x1747cd5)
  #81 0x00007ff792e166c6 (D:\AndroidStudioProjects\Sdk\ndk\28.2.13676358\toolchains\llvm\prebuilt\windows-x86_64\bin\clang++.exe+0x6e66c6)
  #82 0x00007ff792e3a8ad (D:\AndroidStudioProjects\Sdk\ndk\28.2.13676358\toolchains\llvm\prebuilt\windows-x86_64\bin\clang++.exe+0x70a8ad)
  #83 0x00007ff79286b80e (D:\AndroidStudioProjects\Sdk\ndk\28.2.13676358\toolchains\llvm\prebuilt\windows-x86_64\bin\clang++.exe+0x13b80e)
  #84 0x00007ff79287ca4d (D:\AndroidStudioProjects\Sdk\ndk\28.2.13676358\toolchains\llvm\prebuilt\windows-x86_64\bin\clang++.exe+0x14ca4d)
  #85 0x00007ff792731395 (D:\AndroidStudioProjects\Sdk\ndk\28.2.13676358\toolchains\llvm\prebuilt\windows-x86_64\bin\clang++.exe+0x1395)
  #86 0x00007ff7927314c8 (D:\AndroidStudioProjects\Sdk\ndk\28.2.13676358\toolchains\llvm\prebuilt\windows-x86_64\bin\clang++.exe+0x14c8)
  #87 0x00007ffc6fcdcd87 (C:\WINDOWS\System32\KERNEL32.DLL+0x2cd87)
  #88 0x00007ffc719ecaec (C:\WINDOWS\SYSTEM32\ntdll.dll+0xacaec)
  clang++: error: clang frontend command failed due to signal (use -v to see invocation)
  Android (13624864, based on r530567e) clang version 19.0.1 (https://android.googlesource.com/toolchain/llvm-project 97a699bf4812a18fb657c2779f5296a4ab2694d2)
  Target: aarch64-none-linux-android24
  Thread model: posix
  InstalledDir: D:/AndroidStudioProjects/Sdk/ndk/28.2.13676358/toolchains/llvm/prebuilt/windows-x86_64/bin
  clang++: note: diagnostic msg: 
  ********************
  
  PLEASE ATTACH THE FOLLOWING FILES TO THE BUG REPORT:
  Preprocessed source(s) and associated run script(s) are located at:
  clang++: note: diagnostic msg: C:/Users/roybe/AppData/Local/Temp/CSSBoxShadow-6057d3.cpp
  clang++: note: diagnostic msg: C:/Users/roybe/AppData/Local/Temp/CSSBoxShadow-6057d3.sh
  clang++: note: diagnostic msg: 
  
  ********************
  [15/79] Building CXX object CMakeFiles/reanimated.dir/33b91de4d264c572fb056fa8a2284a61/react-native-reanimated/Common/cpp/reanimated/CSS/core/CSSTransition.cpp.o
  FAILED: CMakeFiles/reanimated.dir/33b91de4d264c572fb056fa8a2284a61/react-native-reanimated/Common/cpp/reanimated/CSS/core/CSSTransition.cpp.o 
  D:\AndroidStudioProjects\Sdk\ndk\28.2.13676358\toolchains\llvm\prebuilt\windows-x86_64\bin\clang++.exe --target=aarch64-none-linux-android24 --sysroot=D:/AndroidStudioProjects/Sdk/ndk/28.2.13676358/toolchains/llvm/prebuilt/windows-x86_64/sysroot -DRN_SERIALIZABLE_STATE -Dreanimated_EXPORTS -ID:/Projects/touch/touch-mobile/node_modules/react-native-reanimated/android/../Common/cpp -ID:/Projects/touch/touch-mobile/node_modules/react-native-reanimated/android/src/main/cpp -ID:/Projects/touch/touch-mobile/node_modules/react-native/ReactCommon -ID:/Projects/touch/touch-mobile/node_modules/react-native/ReactCommon/yoga -ID:/Projects/touch/touch-mobile/node_modules/react-native/ReactAndroid/src/main/jni/react/turbomodule -ID:/Projects/touch/touch-mobile/node_modules/react-native/ReactCommon/callinvoker -ID:/Projects/touch/touch-mobile/node_modules/react-native/ReactCommon/runtimeexecutor -ID:/Projects/touch/touch-mobile/node_modules/react-native/ReactCommon/jsiexecutor -ID:/Projects/touch/touch-mobile/node_modules/react-native/ReactCommon/react/renderer/graphics/platform/cxx -isystem D:/AndroidStudioProjects/.gradle/caches/8.13/transforms/761d13cc5b0f08ac09c3c16bb3bc519a/transformed/jetified-react-android-0.81.5-release/prefab/modules/reactnative/include -isystem D:/AndroidStudioProjects/.gradle/caches/8.13/transforms/761d13cc5b0f08ac09c3c16bb3bc519a/transformed/jetified-react-android-0.81.5-release/prefab/modules/jsi/include -isystem D:/AndroidStudioProjects/.gradle/caches/8.13/transforms/496183c206113a51ea543412a7084c83/transformed/jetified-fbjni-0.7.0/prefab/modules/fbjni/include -isystem D:/Projects/touch/touch-mobile/node_modules/react-native-worklets/android/build/prefab-headers/worklets -g -DANDROID -fdata-sections -ffunction-sections -funwind-tables -fstack-protector-strong -no-canonical-prefixes -D_FORTIFY_SOURCE=2 -Wformat -Werror=format-security   -DREACT_NATIVE_MINOR_VERSION=81    -DREANIMATED_VERSION=4.3.1    -DREANIMATED_FEATURE_FLAGS="[EXPERIMENTAL_CSS_ANIMATIONS_FOR_SVG_COMPONENTS:false][RUNTIME_TEST_FLAG:false][DISABLE_COMMIT_PAUSING_MECHANISM:false][ANDROID_SYNCHRONOUSLY_UPDATE_UI_PROPS:false][USE_SYNCHRONIZABLE_FOR_MUTABLES:true][FORCE_REACT_RENDER_FOR_SETTLED_ANIMATIONS:true][ENABLE_SHARED_ELEMENT_TRANSITIONS:false][IOS_SYNCHRONOUSLY_UPDATE_UI_PROPS:false][USE_COMMIT_HOOK_ONLY_FOR_REACT_COMMITS:true]" -fno-omit-frame-pointer -fstack-protector-all -fvisibility=hidden -DNDEBUG -flto=thin -O2 -g -DNDEBUG -fPIC -DFOLLY_NO_CONFIG=1 -DFOLLY_HAVE_CLOCK_GETTIME=1 -DFOLLY_USE_LIBCPP=1 -DFOLLY_CFG_NO_COROUTINES=1 -DFOLLY_MOBILE=1 -DFOLLY_HAVE_RECVMMSG=1 -DFOLLY_HAVE_PTHREAD=1 -DFOLLY_HAVE_XSI_STRERROR_R=1 -Wall -Werror -fexceptions -frtti -std=c++20 -DLOG_TAG=\"ReactNative\" -std=gnu++20 -MD -MT CMakeFiles/reanimated.dir/33b91de4d264c572fb056fa8a2284a61/react-native-reanimated/Common/cpp/reanimated/CSS/core/CSSTransition.cpp.o -MF CMakeFiles\reanimated.dir\33b91de4d264c572fb056fa8a2284a61\react-native-reanimated\Common\cpp\reanimated\CSS\core\CSSTransition.cpp.o.d -o CMakeFiles/reanimated.dir/33b91de4d264c572fb056fa8a2284a61/react-native-reanimated/Common/cpp/reanimated/CSS/core/CSSTransition.cpp.o -c D:/Projects/touch/touch-mobile/node_modules/react-native-reanimated/Common/cpp/reanimated/CSS/core/CSSTransition.cpp
  LLVM ERROR: out of memory
  Allocation failed
  PLEASE submit a bug report to https://github.com/android-ndk/ndk/issues and include the crash backtrace, preprocessed source, and associated run script.
  Stack dump:
  0.	Program arguments: D:\\AndroidStudioProjects\\Sdk\\ndk\\28.2.13676358\\toolchains\\llvm\\prebuilt\\windows-x86_64\\bin\\clang++.exe --target=aarch64-none-linux-android24 --sysroot=D:/AndroidStudioProjects/Sdk/ndk/28.2.13676358/toolchains/llvm/prebuilt/windows-x86_64/sysroot -DRN_SERIALIZABLE_STATE -Dreanimated_EXPORTS -ID:/Projects/touch/touch-mobile/node_modules/react-native-reanimated/android/../Common/cpp -ID:/Projects/touch/touch-mobile/node_modules/react-native-reanimated/android/src/main/cpp -ID:/Projects/touch/touch-mobile/node_modules/react-native/ReactCommon -ID:/Projects/touch/touch-mobile/node_modules/react-native/ReactCommon/yoga -ID:/Projects/touch/touch-mobile/node_modules/react-native/ReactAndroid/src/main/jni/react/turbomodule -ID:/Projects/touch/touch-mobile/node_modules/react-native/ReactCommon/callinvoker -ID:/Projects/touch/touch-mobile/node_modules/react-native/ReactCommon/runtimeexecutor -ID:/Projects/touch/touch-mobile/node_modules/react-native/ReactCommon/jsiexecutor -ID:/Projects/touch/touch-mobile/node_modules/react-native/ReactCommon/react/renderer/graphics/platform/cxx -isystem D:/AndroidStudioProjects/.gradle/caches/8.13/transforms/761d13cc5b0f08ac09c3c16bb3bc519a/transformed/jetified-react-android-0.81.5-release/prefab/modules/reactnative/include -isystem D:/AndroidStudioProjects/.gradle/caches/8.13/transforms/761d13cc5b0f08ac09c3c16bb3bc519a/transformed/jetified-react-android-0.81.5-release/prefab/modules/jsi/include -isystem D:/AndroidStudioProjects/.gradle/caches/8.13/transforms/496183c206113a51ea543412a7084c83/transformed/jetified-fbjni-0.7.0/prefab/modules/fbjni/include -isystem D:/Projects/touch/touch-mobile/node_modules/react-native-worklets/android/build/prefab-headers/worklets -g -DANDROID -fdata-sections -ffunction-sections -funwind-tables -fstack-protector-strong -no-canonical-prefixes -D_FORTIFY_SOURCE=2 -Wformat -Werror=format-security -DREACT_NATIVE_MINOR_VERSION=81 -DREANIMATED_VERSION=4.3.1 -DREANIMATED_FEATURE_FLAGS=[EXPERIMENTAL_CSS_ANIMATIONS_FOR_SVG_COMPONENTS:false][RUNTIME_TEST_FLAG:false][DISABLE_COMMIT_PAUSING_MECHANISM:false][ANDROID_SYNCHRONOUSLY_UPDATE_UI_PROPS:false][USE_SYNCHRONIZABLE_FOR_MUTABLES:true][FORCE_REACT_RENDER_FOR_SETTLED_ANIMATIONS:true][ENABLE_SHARED_ELEMENT_TRANSITIONS:false][IOS_SYNCHRONOUSLY_UPDATE_UI_PROPS:false][USE_COMMIT_HOOK_ONLY_FOR_REACT_COMMITS:true] -fno-omit-frame-pointer -fstack-protector-all -fvisibility=hidden -DNDEBUG -flto=thin -O2 -g -DNDEBUG -fPIC -DFOLLY_NO_CONFIG=1 -DFOLLY_HAVE_CLOCK_GETTIME=1 -DFOLLY_USE_LIBCPP=1 -DFOLLY_CFG_NO_COROUTINES=1 -DFOLLY_MOBILE=1 -DFOLLY_HAVE_RECVMMSG=1 -DFOLLY_HAVE_PTHREAD=1 -DFOLLY_HAVE_XSI_STRERROR_R=1 -Wall -Werror -fexceptions -frtti -std=c++20 -DLOG_TAG=\"ReactNative\" -std=gnu++20 -MD -MT CMakeFiles/reanimated.dir/33b91de4d264c572fb056fa8a2284a61/react-native-reanimated/Common/cpp/reanimated/CSS/core/CSSTransition.cpp.o -MF CMakeFiles\\reanimated.dir\\33b91de4d264c572fb056fa8a2284a61\\react-native-reanimated\\Common\\cpp\\reanimated\\CSS\\core\\CSSTransition.cpp.o.d -o CMakeFiles/reanimated.dir/33b91de4d264c572fb056fa8a2284a61/react-native-reanimated/Common/cpp/reanimated/CSS/core/CSSTransition.cpp.o -c D:/Projects/touch/touch-mobile/node_modules/react-native-reanimated/Common/cpp/reanimated/CSS/core/CSSTransition.cpp
  1.	D:/Projects/touch/touch-mobile/node_modules/react-native/ReactCommon/react/renderer/uimanager/primitives.h:106:39: current parser token ')'
  2.	D:/Projects/touch/touch-mobile/node_modules/react-native/ReactCommon/react/renderer/uimanager/primitives.h:17:1: parsing namespace 'facebook'
  3.	D:/Projects/touch/touch-mobile/node_modules/react-native/ReactCommon/react/renderer/uimanager/primitives.h:98:63: parsing function body 'facebook::react::shadowNodeListFromWeakList'
  4.	D:/Projects/touch/touch-mobile/node_modules/react-native/ReactCommon/react/renderer/uimanager/primitives.h:98:63: in compound statement ('{}')
  5.	D:/Projects/touch/touch-mobile/node_modules/react-native/ReactCommon/react/renderer/uimanager/primitives.h:101:58: in compound statement ('{}')
  6.	D:/AndroidStudioProjects/Sdk/ndk/28.2.13676358/toolchains/llvm/prebuilt/windows-x86_64/sysroot/usr/include/c++/v1/vector:1479:26: instantiating function definition 'std::vector<std::shared_ptr<const facebook::react::ShadowNode>>::push_back'
  7.	D:/AndroidStudioProjects/Sdk/ndk/28.2.13676358/toolchains/llvm/prebuilt/windows-x86_64/sysroot/usr/include/c++/v1/vector:901:60: instantiating function definition 'std::vector<std::shared_ptr<const facebook::react::ShadowNode>>::__construct_one_at_end<const std::shared_ptr<const facebook::react::ShadowNode> &>'
  Exception Code: 0xC000001D
   #0 0x00007ff792d6cdb6 (D:\AndroidStudioProjects\Sdk\ndk\28.2.13676358\toolchains\llvm\prebuilt\windows-x86_64\bin\clang++.exe+0x63cdb6)
   #1 0x00007ffc6edf2139 (C:\WINDOWS\System32\ucrtbase.dll+0xc2139)
   #2 0x00007ffc6edd5261 (C:\WINDOWS\System32\ucrtbase.dll+0xa5261)
   #3 0x00007ff792d4d05b (D:\AndroidStudioProjects\Sdk\ndk\28.2.13676358\toolchains\llvm\prebuilt\windows-x86_64\bin\clang++.exe+0x61d05b)
   #4 0x00007ff792d4d072 (D:\AndroidStudioProjects\Sdk\ndk\28.2.13676358\toolchains\llvm\prebuilt\windows-x86_64\bin\clang++.exe+0x61d072)
   #5 0x00007ff79273741c (D:\AndroidStudioProjects\Sdk\ndk\28.2.13676358\toolchains\llvm\prebuilt\windows-x86_64\bin\clang++.exe+0x741c)
   #6 0x00007ff792a809fe (D:\AndroidStudioProjects\Sdk\ndk\28.2.13676358\toolchains\llvm\prebuilt\windows-x86_64\bin\clang++.exe+0x3509fe)
   #7 0x00007ff793d0e234 (D:\AndroidStudioProjects\Sdk\ndk\28.2.13676358\toolchains\llvm\prebuilt\windows-x86_64\bin\clang++.exe+0x15de234)
   #8 0x00007ff793d0e133 (D:\AndroidStudioProjects\Sdk\ndk\28.2.13676358\toolchains\llvm\prebuilt\windows-x86_64\bin\clang++.exe+0x15de133)
   #9 0x00007ff79719b2ad (D:\AndroidStudioProjects\Sdk\ndk\28.2.13676358\toolchains\llvm\prebuilt\windows-x86_64\bin\clang++.exe+0x4a6b2ad)
  #10 0x00007ff795cd5c5d (D:\AndroidStudioProjects\Sdk\ndk\28.2.13676358\toolchains\llvm\prebuilt\windows-x86_64\bin\clang++.exe+0x35a5c5d)
  #11 0x00007ff795cd563b (D:\AndroidStudioProjects\Sdk\ndk\28.2.13676358\toolchains\llvm\prebuilt\windows-x86_64\bin\clang++.exe+0x35a563b)
  #12 0x00007ff795cb886c (D:\AndroidStudioProjects\Sdk\ndk\28.2.13676358\toolchains\llvm\prebuilt\windows-x86_64\bin\clang++.exe+0x358886c)
  #13 0x00007ff795cca4ad (D:\AndroidStudioProjects\Sdk\ndk\28.2.13676358\toolchains\llvm\prebuilt\windows-x86_64\bin\clang++.exe+0x359a4ad)
  #14 0x00007ff795cbb596 (D:\AndroidStudioProjects\Sdk\ndk\28.2.13676358\toolchains\llvm\prebuilt\windows-x86_64\bin\clang++.exe+0x358b596)
  #15 0x00007ff795cb6429 (D:\AndroidStudioProjects\Sdk\ndk\28.2.13676358\toolchains\llvm\prebuilt\windows-x86_64\bin\clang++.exe+0x3586429)
  #16 0x00007ff795cd683e (D:\AndroidStudioProjects\Sdk\ndk\28.2.13676358\toolchains\llvm\prebuilt\windows-x86_64\bin\clang++.exe+0x35a683e)
  #17 0x00007ff795cdf034 (D:\AndroidStudioProjects\Sdk\ndk\28.2.13676358\toolchains\llvm\prebuilt\windows-x86_64\bin\clang++.exe+0x35af034)
  #18 0x00007ff795cae3a8 (D:\AndroidStudioProjects\Sdk\ndk\28.2.13676358\toolchains\llvm\prebuilt\windows-x86_64\bin\clang++.exe+0x357e3a8)
  #19 0x00007ff795cdb894 (D:\AndroidStudioProjects\Sdk\ndk\28.2.13676358\toolchains\llvm\prebuilt\windows-x86_64\bin\clang++.exe+0x35ab894)
  #20 0x00007ff795cae5f9 (D:\AndroidStudioProjects\Sdk\ndk\28.2.13676358\toolchains\llvm\prebuilt\windows-x86_64\bin\clang++.exe+0x357e5f9)
  #21 0x00007ff795cadd7e (D:\AndroidStudioProjects\Sdk\ndk\28.2.13676358\toolchains\llvm\prebuilt\windows-x86_64\bin\clang++.exe+0x357dd7e)
  #22 0x00007ff795caea01 (D:\AndroidStudioProjects\Sdk\ndk\28.2.13676358\toolchains\llvm\prebuilt\windows-x86_64\bin\clang++.exe+0x357ea01)
  #23 0x00007ff7971a94c0 (D:\AndroidStudioProjects\Sdk\ndk\28.2.13676358\toolchains\llvm\prebuilt\windows-x86_64\bin\clang++.exe+0x4a794c0)
  #24 0x00007ff7972b5b4e (D:\AndroidStudioProjects\Sdk\ndk\28.2.13676358\toolchains\llvm\prebuilt\windows-x86_64\bin\clang++.exe+0x4b85b4e)
  #25 0x00007ff7972b82b1 (D:\AndroidStudioProjects\Sdk\ndk\28.2.13676358\toolchains\llvm\prebuilt\windows-x86_64\bin\clang++.exe+0x4b882b1)
  #26 0x00007ff795d0de6f (D:\AndroidStudioProjects\Sdk\ndk\28.2.13676358\toolchains\llvm\prebuilt\windows-x86_64\bin\clang++.exe+0x35dde6f)
  #27 0x00007ff795d2cd71 (D:\AndroidStudioProjects\Sdk\ndk\28.2.13676358\toolchains\llvm\prebuilt\windows-x86_64\bin\clang++.exe+0x35fcd71)
  #28 0x00007ff795d48e93 (D:\AndroidStudioProjects\Sdk\ndk\28.2.13676358\toolchains\llvm\prebuilt\windows-x86_64\bin\clang++.exe+0x3618e93)
  #29 0x00007ff795d6ac92 (D:\AndroidStudioProjects\Sdk\ndk\28.2.13676358\toolchains\llvm\prebuilt\windows-x86_64\bin\clang++.exe+0x363ac92)
  #30 0x00007ff795cc4e77 (D:\AndroidStudioProjects\Sdk\ndk\28.2.13676358\toolchains\llvm\prebuilt\windows-x86_64\bin\clang++.exe+0x3594e77)
  #31 0x00007ff795cb5887 (D:\AndroidStudioProjects\Sdk\ndk\28.2.13676358\toolchains\llvm\prebuilt\windows-x86_64\bin\clang++.exe+0x3585887)
  #32 0x00007ff795ccb1ba (D:\AndroidStudioProjects\Sdk\ndk\28.2.13676358\toolchains\llvm\prebuilt\windows-x86_64\bin\clang++.exe+0x359b1ba)
  #33 0x00007ff795cb5827 (D:\AndroidStudioProjects\Sdk\ndk\28.2.13676358\toolchains\llvm\prebuilt\windows-x86_64\bin\clang++.exe+0x3585827)
  #34 0x00007ff795b8e691 (D:\AndroidStudioProjects\Sdk\ndk\28.2.13676358\toolchains\llvm\prebuilt\windows-x86_64\bin\clang++.exe+0x345e691)
  #35 0x00007ff795e958ed (D:\AndroidStudioProjects\Sdk\ndk\28.2.13676358\toolchains\llvm\prebuilt\windows-x86_64\bin\clang++.exe+0x37658ed)
  #36 0x00007ff795d94b41 (D:\AndroidStudioProjects\Sdk\ndk\28.2.13676358\toolchains\llvm\prebuilt\windows-x86_64\bin\clang++.exe+0x3664b41)
  #37 0x00007ff795d9a45c (D:\AndroidStudioProjects\Sdk\ndk\28.2.13676358\toolchains\llvm\prebuilt\windows-x86_64\bin\clang++.exe+0x366a45c)
  #38 0x00007ff7972af729 (D:\AndroidStudioProjects\Sdk\ndk\28.2.13676358\toolchains\llvm\prebuilt\windows-x86_64\bin\clang++.exe+0x4b7f729)
  #39 0x00007ff795d2181e (D:\AndroidStudioProjects\Sdk\ndk\28.2.13676358\toolchains\llvm\prebuilt\windows-x86_64\bin\clang++.exe+0x35f181e)
  #40 0x00007ff795d2cfb1 (D:\AndroidStudioProjects\Sdk\ndk\28.2.13676358\toolchains\llvm\prebuilt\windows-x86_64\bin\clang++.exe+0x35fcfb1)
  #41 0x00007ff795d48e93 (D:\AndroidStudioProjects\Sdk\ndk\28.2.13676358\toolchains\llvm\prebuilt\windows-x86_64\bin\clang++.exe+0x3618e93)
  #42 0x00007ff795d6ac92 (D:\AndroidStudioProjects\Sdk\ndk\28.2.13676358\toolchains\llvm\prebuilt\windows-x86_64\bin\clang++.exe+0x363ac92)
  #43 0x00007ff795cc4e77 (D:\AndroidStudioProjects\Sdk\ndk\28.2.13676358\toolchains\llvm\prebuilt\windows-x86_64\bin\clang++.exe+0x3594e77)
  #44 0x00007ff795cb5887 (D:\AndroidStudioProjects\Sdk\ndk\28.2.13676358\toolchains\llvm\prebuilt\windows-x86_64\bin\clang++.exe+0x3585887)
  #45 0x00007ff795ccb1ba (D:\AndroidStudioProjects\Sdk\ndk\28.2.13676358\toolchains\llvm\prebuilt\windows-x86_64\bin\clang++.exe+0x359b1ba)
  #46 0x00007ff795ce47e6 (D:\AndroidStudioProjects\Sdk\ndk\28.2.13676358\toolchains\llvm\prebuilt\windows-x86_64\bin\clang++.exe+0x35b47e6)
  #47 0x00007ff795ccb1ba (D:\AndroidStudioProjects\Sdk\ndk\28.2.13676358\toolchains\llvm\prebuilt\windows-x86_64\bin\clang++.exe+0x359b1ba)
  #48 0x00007ff795cb5827 (D:\AndroidStudioProjects\Sdk\ndk\28.2.13676358\toolchains\llvm\prebuilt\windows-x86_64\bin\clang++.exe+0x3585827)
  #49 0x00007ff795b8e691 (D:\AndroidStudioProjects\Sdk\ndk\28.2.13676358\toolchains\llvm\prebuilt\windows-x86_64\bin\clang++.exe+0x345e691)
  #50 0x00007ff795e958ed (D:\AndroidStudioProjects\Sdk\ndk\28.2.13676358\toolchains\llvm\prebuilt\windows-x86_64\bin\clang++.exe+0x37658ed)
  #51 0x00007ff795d94b41 (D:\AndroidStudioProjects\Sdk\ndk\28.2.13676358\toolchains\llvm\prebuilt\windows-x86_64\bin\clang++.exe+0x3664b41)
  #52 0x00007ff795d9a45c (D:\AndroidStudioProjects\Sdk\ndk\28.2.13676358\toolchains\llvm\prebuilt\windows-x86_64\bin\clang++.exe+0x366a45c)
  #53 0x00007ff7972af729 (D:\AndroidStudioProjects\Sdk\ndk\28.2.13676358\toolchains\llvm\prebuilt\windows-x86_64\bin\clang++.exe+0x4b7f729)
  #54 0x00007ff795d2181e (D:\AndroidStudioProjects\Sdk\ndk\28.2.13676358\toolchains\llvm\prebuilt\windows-x86_64\bin\clang++.exe+0x35f181e)
  #55 0x00007ff795d2cfb1 (D:\AndroidStudioProjects\Sdk\ndk\28.2.13676358\toolchains\llvm\prebuilt\windows-x86_64\bin\clang++.exe+0x35fcfb1)
  #56 0x00007ff795d48e93 (D:\AndroidStudioProjects\Sdk\ndk\28.2.13676358\toolchains\llvm\prebuilt\windows-x86_64\bin\clang++.exe+0x3618e93)
  #57 0x00007ff795d6ac92 (D:\AndroidStudioProjects\Sdk\ndk\28.2.13676358\toolchains\llvm\prebuilt\windows-x86_64\bin\clang++.exe+0x363ac92)
  #58 0x00007ff797fdcb55 (D:\AndroidStudioProjects\Sdk\ndk\28.2.13676358\toolchains\llvm\prebuilt\windows-x86_64\bin\clang++.exe+0x58acb55)
  #59 0x00007ff797fe3e20 (D:\AndroidStudioProjects\Sdk\ndk\28.2.13676358\toolchains\llvm\prebuilt\windows-x86_64\bin\clang++.exe+0x58b3e20)
  #60 0x00007ff797fd8957 (D:\AndroidStudioProjects\Sdk\ndk\28.2.13676358\toolchains\llvm\prebuilt\windows-x86_64\bin\clang++.exe+0x58a8957)
  #61 0x00007ff797fc2aa1 (D:\AndroidStudioProjects\Sdk\ndk\28.2.13676358\toolchains\llvm\prebuilt\windows-x86_64\bin\clang++.exe+0x5892aa1)
  #62 0x00007ff797fc1f9a (D:\AndroidStudioProjects\Sdk\ndk\28.2.13676358\toolchains\llvm\prebuilt\windows-x86_64\bin\clang++.exe+0x5891f9a)
  #63 0x00007ff797fcdc23 (D:\AndroidStudioProjects\Sdk\ndk\28.2.13676358\toolchains\llvm\prebuilt\windows-x86_64\bin\clang++.exe+0x589dc23)
  #64 0x00007ff797fc3af2 (D:\AndroidStudioProjects\Sdk\ndk\28.2.13676358\toolchains\llvm\prebuilt\windows-x86_64\bin\clang++.exe+0x5893af2)
  #65 0x00007ff797fc1f9a (D:\AndroidStudioProjects\Sdk\ndk\28.2.13676358\toolchains\llvm\prebuilt\windows-x86_64\bin\clang++.exe+0x5891f9a)
  #66 0x00007ff797fc9ce1 (D:\AndroidStudioProjects\Sdk\ndk\28.2.13676358\toolchains\llvm\prebuilt\windows-x86_64\bin\clang++.exe+0x5899ce1)
  #67 0x00007ff797fc40dc (D:\AndroidStudioProjects\Sdk\ndk\28.2.13676358\toolchains\llvm\prebuilt\windows-x86_64\bin\clang++.exe+0x58940dc)
  #68 0x00007ff797fc1f9a (D:\AndroidStudioProjects\Sdk\ndk\28.2.13676358\toolchains\llvm\prebuilt\windows-x86_64\bin\clang++.exe+0x5891f9a)
  #69 0x00007ff797fcdc23 (D:\AndroidStudioProjects\Sdk\ndk\28.2.13676358\toolchains\llvm\prebuilt\windows-x86_64\bin\clang++.exe+0x589dc23)
  #70 0x00007ff797fced78 (D:\AndroidStudioProjects\Sdk\ndk\28.2.13676358\toolchains\llvm\prebuilt\windows-x86_64\bin\clang++.exe+0x589ed78)
  #71 0x00007ff79760e79d (D:\AndroidStudioProjects\Sdk\ndk\28.2.13676358\toolchains\llvm\prebuilt\windows-x86_64\bin\clang++.exe+0x4ede79d)
  #72 0x00007ff797fa37ce (D:\AndroidStudioProjects\Sdk\ndk\28.2.13676358\toolchains\llvm\prebuilt\windows-x86_64\bin\clang++.exe+0x58737ce)
  #73 0x00007ff79760bd0b (D:\AndroidStudioProjects\Sdk\ndk\28.2.13676358\toolchains\llvm\prebuilt\windows-x86_64\bin\clang++.exe+0x4edbd0b)
  #74 0x00007ff79760b7f2 (D:\AndroidStudioProjects\Sdk\ndk\28.2.13676358\toolchains\llvm\prebuilt\windows-x86_64\bin\clang++.exe+0x4edb7f2)
  #75 0x00007ff79760a933 (D:\AndroidStudioProjects\Sdk\ndk\28.2.13676358\toolchains\llvm\prebuilt\windows-x86_64\bin\clang++.exe+0x4eda933)
  #76 0x00007ff797f74d6e (D:\AndroidStudioProjects\Sdk\ndk\28.2.13676358\toolchains\llvm\prebuilt\windows-x86_64\bin\clang++.exe+0x5844d6e)
  #77 0x00007ff797f74eec (D:\AndroidStudioProjects\Sdk\ndk\28.2.13676358\toolchains\llvm\prebuilt\windows-x86_64\bin\clang++.exe+0x5844eec)
  #78 0x00007ff797f745e2 (D:\AndroidStudioProjects\Sdk\ndk\28.2.13676358\toolchains\llvm\prebuilt\windows-x86_64\bin\clang++.exe+0x58445e2)
  #79 0x00007ff797fa0bd4 (D:\AndroidStudioProjects\Sdk\ndk\28.2.13676358\toolchains\llvm\prebuilt\windows-x86_64\bin\clang++.exe+0x5870bd4)
  #80 0x00007ff79760a1db (D:\AndroidStudioProjects\Sdk\ndk\28.2.13676358\toolchains\llvm\prebuilt\windows-x86_64\bin\clang++.exe+0x4eda1db)
  #81 0x00007ff79760869d (D:\AndroidStudioProjects\Sdk\ndk\28.2.13676358\toolchains\llvm\prebuilt\windows-x86_64\bin\clang++.exe+0x4ed869d)
  #82 0x00007ff795fe76ae (D:\AndroidStudioProjects\Sdk\ndk\28.2.13676358\toolchains\llvm\prebuilt\windows-x86_64\bin\clang++.exe+0x38b76ae)
  #83 0x00007ff794103b5e (D:\AndroidStudioProjects\Sdk\ndk\28.2.13676358\toolchains\llvm\prebuilt\windows-x86_64\bin\clang++.exe+0x19d3b5e)
  #84 0x00007ff792e6b250 (D:\AndroidStudioProjects\Sdk\ndk\28.2.13676358\toolchains\llvm\prebuilt\windows-x86_64\bin\clang++.exe+0x73b250)
  #85 0x00007ff792f04fd5 (D:\AndroidStudioProjects\Sdk\ndk\28.2.13676358\toolchains\llvm\prebuilt\windows-x86_64\bin\clang++.exe+0x7d4fd5)
  #86 0x00007ff79286f7e8 (D:\AndroidStudioProjects\Sdk\ndk\28.2.13676358\toolchains\llvm\prebuilt\windows-x86_64\bin\clang++.exe+0x13f7e8)
  #87 0x00007ff79286c8b0 (D:\AndroidStudioProjects\Sdk\ndk\28.2.13676358\toolchains\llvm\prebuilt\windows-x86_64\bin\clang++.exe+0x13c8b0)
  #88 0x00007ff793e7829d (D:\AndroidStudioProjects\Sdk\ndk\28.2.13676358\toolchains\llvm\prebuilt\windows-x86_64\bin\clang++.exe+0x174829d)
  #89 0x00007ff792d47acd (D:\AndroidStudioProjects\Sdk\ndk\28.2.13676358\toolchains\llvm\prebuilt\windows-x86_64\bin\clang++.exe+0x617acd)
  #90 0x00007ff793e77cd5 (D:\AndroidStudioProjects\Sdk\ndk\28.2.13676358\toolchains\llvm\prebuilt\windows-x86_64\bin\clang++.exe+0x1747cd5)
  #91 0x00007ff792e166c6 (D:\AndroidStudioProjects\Sdk\ndk\28.2.13676358\toolchains\llvm\prebuilt\windows-x86_64\bin\clang++.exe+0x6e66c6)
  #92 0x00007ff792e3a8ad (D:\AndroidStudioProjects\Sdk\ndk\28.2.13676358\toolchains\llvm\prebuilt\windows-x86_64\bin\clang++.exe+0x70a8ad)
  #93 0x00007ff79286b80e (D:\AndroidStudioProjects\Sdk\ndk\28.2.13676358\toolchains\llvm\prebuilt\windows-x86_64\bin\clang++.exe+0x13b80e)
  #94 0x00007ff79287ca4d (D:\AndroidStudioProjects\Sdk\ndk\28.2.13676358\toolchains\llvm\prebuilt\windows-x86_64\bin\clang++.exe+0x14ca4d)
  #95 0x00007ff792731395 (D:\AndroidStudioProjects\Sdk\ndk\28.2.13676358\toolchains\llvm\prebuilt\windows-x86_64\bin\clang++.exe+0x1395)
  #96 0x00007ff7927314c8 (D:\AndroidStudioProjects\Sdk\ndk\28.2.13676358\toolchains\llvm\prebuilt\windows-x86_64\bin\clang++.exe+0x14c8)
  #97 0x00007ffc6fcdcd87 (C:\WINDOWS\System32\KERNEL32.DLL+0x2cd87)
  #98 0x00007ffc719ecaec (C:\WINDOWS\SYSTEM32\ntdll.dll+0xacaec)
  clang++: error: clang frontend command failed due to signal (use -v to see invocation)
  Android (13624864, based on r530567e) clang version 19.0.1 (https://android.googlesource.com/toolchain/llvm-project 97a699bf4812a18fb657c2779f5296a4ab2694d2)
  Target: aarch64-none-linux-android24
  Thread model: posix
  InstalledDir: D:/AndroidStudioProjects/Sdk/ndk/28.2.13676358/toolchains/llvm/prebuilt/windows-x86_64/bin
  clang++: note: diagnostic msg: 
  ********************
  
  PLEASE ATTACH THE FOLLOWING FILES TO THE BUG REPORT:
  Preprocessed source(s) and associated run script(s) are located at:
  clang++: note: diagnostic msg: C:/Users/roybe/AppData/Local/Temp/CSSTransition-b81d31.cpp
  clang++: note: diagnostic msg: C:/Users/roybe/AppData/Local/Temp/CSSTransition-b81d31.sh
  clang++: note: diagnostic msg: 
  
  ********************
  [16/79] Building CXX object CMakeFiles/reanimated.dir/994c0676b2314ffd6b40f7be9b05d1a6/Common/cpp/reanimated/CSS/common/values/CSSBoolean.cpp.o
  FAILED: CMakeFiles/reanimated.dir/994c0676b2314ffd6b40f7be9b05d1a6/Common/cpp/reanimated/CSS/common/values/CSSBoolean.cpp.o 
  D:\AndroidStudioProjects\Sdk\ndk\28.2.13676358\toolchains\llvm\prebuilt\windows-x86_64\bin\clang++.exe --target=aarch64-none-linux-android24 --sysroot=D:/AndroidStudioProjects/Sdk/ndk/28.2.13676358/toolchains/llvm/prebuilt/windows-x86_64/sysroot -DRN_SERIALIZABLE_STATE -Dreanimated_EXPORTS -ID:/Projects/touch/touch-mobile/node_modules/react-native-reanimated/android/../Common/cpp -ID:/Projects/touch/touch-mobile/node_modules/react-native-reanimated/android/src/main/cpp -ID:/Projects/touch/touch-mobile/node_modules/react-native/ReactCommon -ID:/Projects/touch/touch-mobile/node_modules/react-native/ReactCommon/yoga -ID:/Projects/touch/touch-mobile/node_modules/react-native/ReactAndroid/src/main/jni/react/turbomodule -ID:/Projects/touch/touch-mobile/node_modules/react-native/ReactCommon/callinvoker -ID:/Projects/touch/touch-mobile/node_modules/react-native/ReactCommon/runtimeexecutor -ID:/Projects/touch/touch-mobile/node_modules/react-native/ReactCommon/jsiexecutor -ID:/Projects/touch/touch-mobile/node_modules/react-native/ReactCommon/react/renderer/graphics/platform/cxx -isystem D:/AndroidStudioProjects/.gradle/caches/8.13/transforms/761d13cc5b0f08ac09c3c16bb3bc519a/transformed/jetified-react-android-0.81.5-release/prefab/modules/reactnative/include -isystem D:/AndroidStudioProjects/.gradle/caches/8.13/transforms/761d13cc5b0f08ac09c3c16bb3bc519a/transformed/jetified-react-android-0.81.5-release/prefab/modules/jsi/include -isystem D:/AndroidStudioProjects/.gradle/caches/8.13/transforms/496183c206113a51ea543412a7084c83/transformed/jetified-fbjni-0.7.0/prefab/modules/fbjni/include -isystem D:/Projects/touch/touch-mobile/node_modules/react-native-worklets/android/build/prefab-headers/worklets -g -DANDROID -fdata-sections -ffunction-sections -funwind-tables -fstack-protector-strong -no-canonical-prefixes -D_FORTIFY_SOURCE=2 -Wformat -Werror=format-security   -DREACT_NATIVE_MINOR_VERSION=81    -DREANIMATED_VERSION=4.3.1    -DREANIMATED_FEATURE_FLAGS="[EXPERIMENTAL_CSS_ANIMATIONS_FOR_SVG_COMPONENTS:false][RUNTIME_TEST_FLAG:false][DISABLE_COMMIT_PAUSING_MECHANISM:false][ANDROID_SYNCHRONOUSLY_UPDATE_UI_PROPS:false][USE_SYNCHRONIZABLE_FOR_MUTABLES:true][FORCE_REACT_RENDER_FOR_SETTLED_ANIMATIONS:true][ENABLE_SHARED_ELEMENT_TRANSITIONS:false][IOS_SYNCHRONOUSLY_UPDATE_UI_PROPS:false][USE_COMMIT_HOOK_ONLY_FOR_REACT_COMMITS:true]" -fno-omit-frame-pointer -fstack-protector-all -fvisibility=hidden -DNDEBUG -flto=thin -O2 -g -DNDEBUG -fPIC -DFOLLY_NO_CONFIG=1 -DFOLLY_HAVE_CLOCK_GETTIME=1 -DFOLLY_USE_LIBCPP=1 -DFOLLY_CFG_NO_COROUTINES=1 -DFOLLY_MOBILE=1 -DFOLLY_HAVE_RECVMMSG=1 -DFOLLY_HAVE_PTHREAD=1 -DFOLLY_HAVE_XSI_STRERROR_R=1 -Wall -Werror -fexceptions -frtti -std=c++20 -DLOG_TAG=\"ReactNative\" -std=gnu++20 -MD -MT CMakeFiles/reanimated.dir/994c0676b2314ffd6b40f7be9b05d1a6/Common/cpp/reanimated/CSS/common/values/CSSBoolean.cpp.o -MF CMakeFiles\reanimated.dir\994c0676b2314ffd6b40f7be9b05d1a6\Common\cpp\reanimated\CSS\common\values\CSSBoolean.cpp.o.d -o CMakeFiles/reanimated.dir/994c0676b2314ffd6b40f7be9b05d1a6/Common/cpp/reanimated/CSS/common/values/CSSBoolean.cpp.o -c D:/Projects/touch/touch-mobile/node_modules/react-native-reanimated/Common/cpp/reanimated/CSS/common/values/CSSBoolean.cpp
  LLVM ERROR: out of memory
  Allocation failed
  PLEASE submit a bug report to https://github.com/android-ndk/ndk/issues and include the crash backtrace, preprocessed source, and associated run script.
  Stack dump:
  0.	Program arguments: D:\\AndroidStudioProjects\\Sdk\\ndk\\28.2.13676358\\toolchains\\llvm\\prebuilt\\windows-x86_64\\bin\\clang++.exe --target=aarch64-none-linux-android24 --sysroot=D:/AndroidStudioProjects/Sdk/ndk/28.2.13676358/toolchains/llvm/prebuilt/windows-x86_64/sysroot -DRN_SERIALIZABLE_STATE -Dreanimated_EXPORTS -ID:/Projects/touch/touch-mobile/node_modules/react-native-reanimated/android/../Common/cpp -ID:/Projects/touch/touch-mobile/node_modules/react-native-reanimated/android/src/main/cpp -ID:/Projects/touch/touch-mobile/node_modules/react-native/ReactCommon -ID:/Projects/touch/touch-mobile/node_modules/react-native/ReactCommon/yoga -ID:/Projects/touch/touch-mobile/node_modules/react-native/ReactAndroid/src/main/jni/react/turbomodule -ID:/Projects/touch/touch-mobile/node_modules/react-native/ReactCommon/callinvoker -ID:/Projects/touch/touch-mobile/node_modules/react-native/ReactCommon/runtimeexecutor -ID:/Projects/touch/touch-mobile/node_modules/react-native/ReactCommon/jsiexecutor -ID:/Projects/touch/touch-mobile/node_modules/react-native/ReactCommon/react/renderer/graphics/platform/cxx -isystem D:/AndroidStudioProjects/.gradle/caches/8.13/transforms/761d13cc5b0f08ac09c3c16bb3bc519a/transformed/jetified-react-android-0.81.5-release/prefab/modules/reactnative/include -isystem D:/AndroidStudioProjects/.gradle/caches/8.13/transforms/761d13cc5b0f08ac09c3c16bb3bc519a/transformed/jetified-react-android-0.81.5-release/prefab/modules/jsi/include -isystem D:/AndroidStudioProjects/.gradle/caches/8.13/transforms/496183c206113a51ea543412a7084c83/transformed/jetified-fbjni-0.7.0/prefab/modules/fbjni/include -isystem D:/Projects/touch/touch-mobile/node_modules/react-native-worklets/android/build/prefab-headers/worklets -g -DANDROID -fdata-sections -ffunction-sections -funwind-tables -fstack-protector-strong -no-canonical-prefixes -D_FORTIFY_SOURCE=2 -Wformat -Werror=format-security -DREACT_NATIVE_MINOR_VERSION=81 -DREANIMATED_VERSION=4.3.1 -DREANIMATED_FEATURE_FLAGS=[EXPERIMENTAL_CSS_ANIMATIONS_FOR_SVG_COMPONENTS:false][RUNTIME_TEST_FLAG:false][DISABLE_COMMIT_PAUSING_MECHANISM:false][ANDROID_SYNCHRONOUSLY_UPDATE_UI_PROPS:false][USE_SYNCHRONIZABLE_FOR_MUTABLES:true][FORCE_REACT_RENDER_FOR_SETTLED_ANIMATIONS:true][ENABLE_SHARED_ELEMENT_TRANSITIONS:false][IOS_SYNCHRONOUSLY_UPDATE_UI_PROPS:false][USE_COMMIT_HOOK_ONLY_FOR_REACT_COMMITS:true] -fno-omit-frame-pointer -fstack-protector-all -fvisibility=hidden -DNDEBUG -flto=thin -O2 -g -DNDEBUG -fPIC -DFOLLY_NO_CONFIG=1 -DFOLLY_HAVE_CLOCK_GETTIME=1 -DFOLLY_USE_LIBCPP=1 -DFOLLY_CFG_NO_COROUTINES=1 -DFOLLY_MOBILE=1 -DFOLLY_HAVE_RECVMMSG=1 -DFOLLY_HAVE_PTHREAD=1 -DFOLLY_HAVE_XSI_STRERROR_R=1 -Wall -Werror -fexceptions -frtti -std=c++20 -DLOG_TAG=\"ReactNative\" -std=gnu++20 -MD -MT CMakeFiles/reanimated.dir/994c0676b2314ffd6b40f7be9b05d1a6/Common/cpp/reanimated/CSS/common/values/CSSBoolean.cpp.o -MF CMakeFiles\\reanimated.dir\\994c0676b2314ffd6b40f7be9b05d1a6\\Common\\cpp\\reanimated\\CSS\\common\\values\\CSSBoolean.cpp.o.d -o CMakeFiles/reanimated.dir/994c0676b2314ffd6b40f7be9b05d1a6/Common/cpp/reanimated/CSS/common/values/CSSBoolean.cpp.o -c D:/Projects/touch/touch-mobile/node_modules/react-native-reanimated/Common/cpp/reanimated/CSS/common/values/CSSBoolean.cpp
  1.	D:/Projects/touch/touch-mobile/node_modules/react-native-reanimated/android/../Common/cpp/reanimated/CSS/misc/ViewStylesRepository.h:23:2: current parser token ';'
  2.	D:/Projects/touch/touch-mobile/node_modules/react-native-reanimated/android/../Common/cpp/reanimated/CSS/misc/ViewStylesRepository.h:15:1: parsing namespace 'reanimated'
  3.	D:/Projects/touch/touch-mobile/node_modules/react-native-reanimated/android/../Common/cpp/reanimated/CSS/misc/ViewStylesRepository.h:20:1: parsing struct/union/class body 'reanimated::css::CachedShadowNode'
  4.	D:/AndroidStudioProjects/Sdk/ndk/28.2.13676358/toolchains/llvm/prebuilt/windows-x86_64/sysroot/usr/include/c++/v1/__memory/shared_ptr.h:354:8: instantiating class definition 'std::__compatible_with<const facebook::react::HostPlatformViewProps, const facebook::react::HostPlatformViewProps>'
  Exception Code: 0xC000001D
   #0 0x00007ff792d6cdb6 (D:\AndroidStudioProjects\Sdk\ndk\28.2.13676358\toolchains\llvm\prebuilt\windows-x86_64\bin\clang++.exe+0x63cdb6)
   #1 0x00007ffc6edf2139 (C:\WINDOWS\System32\ucrtbase.dll+0xc2139)
   #2 0x00007ffc6edd5261 (C:\WINDOWS\System32\ucrtbase.dll+0xa5261)
   #3 0x00007ff792d4d05b (D:\AndroidStudioProjects\Sdk\ndk\28.2.13676358\toolchains\llvm\prebuilt\windows-x86_64\bin\clang++.exe+0x61d05b)
   #4 0x00007ff792d4d072 (D:\AndroidStudioProjects\Sdk\ndk\28.2.13676358\toolchains\llvm\prebuilt\windows-x86_64\bin\clang++.exe+0x61d072)
   #5 0x00007ff79273741c (D:\AndroidStudioProjects\Sdk\ndk\28.2.13676358\toolchains\llvm\prebuilt\windows-x86_64\bin\clang++.exe+0x741c)
   #6 0x00007ff792a809fe (D:\AndroidStudioProjects\Sdk\ndk\28.2.13676358\toolchains\llvm\prebuilt\windows-x86_64\bin\clang++.exe+0x3509fe)
   #7 0x00007ff7952e94a5 (D:\AndroidStudioProjects\Sdk\ndk\28.2.13676358\toolchains\llvm\prebuilt\windows-x86_64\bin\clang++.exe+0x2bb94a5)
   #8 0x00007ff79719d7c8 (D:\AndroidStudioProjects\Sdk\ndk\28.2.13676358\toolchains\llvm\prebuilt\windows-x86_64\bin\clang++.exe+0x4a6d7c8)
   #9 0x00007ff79719a96c (D:\AndroidStudioProjects\Sdk\ndk\28.2.13676358\toolchains\llvm\prebuilt\windows-x86_64\bin\clang++.exe+0x4a6a96c)
  #10 0x00007ff795cd5c5d (D:\AndroidStudioProjects\Sdk\ndk\28.2.13676358\toolchains\llvm\prebuilt\windows-x86_64\bin\clang++.exe+0x35a5c5d)
  #11 0x00007ff795cdf034 (D:\AndroidStudioProjects\Sdk\ndk\28.2.13676358\toolchains\llvm\prebuilt\windows-x86_64\bin\clang++.exe+0x35af034)
  #12 0x00007ff795cae3a8 (D:\AndroidStudioProjects\Sdk\ndk\28.2.13676358\toolchains\llvm\prebuilt\windows-x86_64\bin\clang++.exe+0x357e3a8)
  #13 0x00007ff795cdb894 (D:\AndroidStudioProjects\Sdk\ndk\28.2.13676358\toolchains\llvm\prebuilt\windows-x86_64\bin\clang++.exe+0x35ab894)
  #14 0x00007ff795cae5f9 (D:\AndroidStudioProjects\Sdk\ndk\28.2.13676358\toolchains\llvm\prebuilt\windows-x86_64\bin\clang++.exe+0x357e5f9)
  #15 0x00007ff795cadd7e (D:\AndroidStudioProjects\Sdk\ndk\28.2.13676358\toolchains\llvm\prebuilt\windows-x86_64\bin\clang++.exe+0x357dd7e)
  #16 0x00007ff795cb2313 (D:\AndroidStudioProjects\Sdk\ndk\28.2.13676358\toolchains\llvm\prebuilt\windows-x86_64\bin\clang++.exe+0x3582313)
  #17 0x00007ff795cb4cc6 (D:\AndroidStudioProjects\Sdk\ndk\28.2.13676358\toolchains\llvm\prebuilt\windows-x86_64\bin\clang++.exe+0x3584cc6)
  #18 0x00007ff795ef9701 (D:\AndroidStudioProjects\Sdk\ndk\28.2.13676358\toolchains\llvm\prebuilt\windows-x86_64\bin\clang++.exe+0x37c9701)
  #19 0x00007ff7940e07e2 (D:\AndroidStudioProjects\Sdk\ndk\28.2.13676358\toolchains\llvm\prebuilt\windows-x86_64\bin\clang++.exe+0x19b07e2)
  #20 0x00007ff795ee14df (D:\AndroidStudioProjects\Sdk\ndk\28.2.13676358\toolchains\llvm\prebuilt\windows-x86_64\bin\clang++.exe+0x37b14df)
  #21 0x00007ff795ee0cdc (D:\AndroidStudioProjects\Sdk\ndk\28.2.13676358\toolchains\llvm\prebuilt\windows-x86_64\bin\clang++.exe+0x37b0cdc)
  #22 0x00007ff795ec7adc (D:\AndroidStudioProjects\Sdk\ndk\28.2.13676358\toolchains\llvm\prebuilt\windows-x86_64\bin\clang++.exe+0x3797adc)
  #23 0x00007ff795d53567 (D:\AndroidStudioProjects\Sdk\ndk\28.2.13676358\toolchains\llvm\prebuilt\windows-x86_64\bin\clang++.exe+0x3623567)
  #24 0x00007ff795cca746 (D:\AndroidStudioProjects\Sdk\ndk\28.2.13676358\toolchains\llvm\prebuilt\windows-x86_64\bin\clang++.exe+0x359a746)
  #25 0x00007ff795cb6429 (D:\AndroidStudioProjects\Sdk\ndk\28.2.13676358\toolchains\llvm\prebuilt\windows-x86_64\bin\clang++.exe+0x3586429)
  #26 0x00007ff795cd683e (D:\AndroidStudioProjects\Sdk\ndk\28.2.13676358\toolchains\llvm\prebuilt\windows-x86_64\bin\clang++.exe+0x35a683e)
  #27 0x00007ff795cdf034 (D:\AndroidStudioProjects\Sdk\ndk\28.2.13676358\toolchains\llvm\prebuilt\windows-x86_64\bin\clang++.exe+0x35af034)
  #28 0x00007ff795cae3a8 (D:\AndroidStudioProjects\Sdk\ndk\28.2.13676358\toolchains\llvm\prebuilt\windows-x86_64\bin\clang++.exe+0x357e3a8)
  #29 0x00007ff795cdb894 (D:\AndroidStudioProjects\Sdk\ndk\28.2.13676358\toolchains\llvm\prebuilt\windows-x86_64\bin\clang++.exe+0x35ab894)
  #30 0x00007ff795cae5f9 (D:\AndroidStudioProjects\Sdk\ndk\28.2.13676358\toolchains\llvm\prebuilt\windows-x86_64\bin\clang++.exe+0x357e5f9)
  #31 0x00007ff795cadd7e (D:\AndroidStudioProjects\Sdk\ndk\28.2.13676358\toolchains\llvm\prebuilt\windows-x86_64\bin\clang++.exe+0x357dd7e)
  #32 0x00007ff795caea01 (D:\AndroidStudioProjects\Sdk\ndk\28.2.13676358\toolchains\llvm\prebuilt\windows-x86_64\bin\clang++.exe+0x357ea01)
  #33 0x00007ff7971a94c0 (D:\AndroidStudioProjects\Sdk\ndk\28.2.13676358\toolchains\llvm\prebuilt\windows-x86_64\bin\clang++.exe+0x4a794c0)
  #34 0x00007ff7972b5b4e (D:\AndroidStudioProjects\Sdk\ndk\28.2.13676358\toolchains\llvm\prebuilt\windows-x86_64\bin\clang++.exe+0x4b85b4e)
  #35 0x00007ff7972b82b1 (D:\AndroidStudioProjects\Sdk\ndk\28.2.13676358\toolchains\llvm\prebuilt\windows-x86_64\bin\clang++.exe+0x4b882b1)
  #36 0x00007ff795d0e4e8 (D:\AndroidStudioProjects\Sdk\ndk\28.2.13676358\toolchains\llvm\prebuilt\windows-x86_64\bin\clang++.exe+0x35de4e8)
  #37 0x00007ff795bda225 (D:\AndroidStudioProjects\Sdk\ndk\28.2.13676358\toolchains\llvm\prebuilt\windows-x86_64\bin\clang++.exe+0x34aa225)
  #38 0x00007ff795b0480d (D:\AndroidStudioProjects\Sdk\ndk\28.2.13676358\toolchains\llvm\prebuilt\windows-x86_64\bin\clang++.exe+0x33d480d)
  #39 0x00007ff795ac79ce (D:\AndroidStudioProjects\Sdk\ndk\28.2.13676358\toolchains\llvm\prebuilt\windows-x86_64\bin\clang++.exe+0x33979ce)
  #40 0x00007ff795acfcff (D:\AndroidStudioProjects\Sdk\ndk\28.2.13676358\toolchains\llvm\prebuilt\windows-x86_64\bin\clang++.exe+0x339fcff)
  #41 0x00007ff795ace2dd (D:\AndroidStudioProjects\Sdk\ndk\28.2.13676358\toolchains\llvm\prebuilt\windows-x86_64\bin\clang++.exe+0x339e2dd)
  #42 0x00007ff7958c6aca (D:\AndroidStudioProjects\Sdk\ndk\28.2.13676358\toolchains\llvm\prebuilt\windows-x86_64\bin\clang++.exe+0x3196aca)
  #43 0x00007ff795acde08 (D:\AndroidStudioProjects\Sdk\ndk\28.2.13676358\toolchains\llvm\prebuilt\windows-x86_64\bin\clang++.exe+0x339de08)
  #44 0x00007ff797f80b12 (D:\AndroidStudioProjects\Sdk\ndk\28.2.13676358\toolchains\llvm\prebuilt\windows-x86_64\bin\clang++.exe+0x5850b12)
  #45 0x00007ff797fa8251 (D:\AndroidStudioProjects\Sdk\ndk\28.2.13676358\toolchains\llvm\prebuilt\windows-x86_64\bin\clang++.exe+0x5878251)
  #46 0x00007ff79760ba18 (D:\AndroidStudioProjects\Sdk\ndk\28.2.13676358\toolchains\llvm\prebuilt\windows-x86_64\bin\clang++.exe+0x4edba18)
  #47 0x00007ff79760b7f2 (D:\AndroidStudioProjects\Sdk\ndk\28.2.13676358\toolchains\llvm\prebuilt\windows-x86_64\bin\clang++.exe+0x4edb7f2)
  #48 0x00007ff79760a933 (D:\AndroidStudioProjects\Sdk\ndk\28.2.13676358\toolchains\llvm\prebuilt\windows-x86_64\bin\clang++.exe+0x4eda933)
  #49 0x00007ff797f74d6e (D:\AndroidStudioProjects\Sdk\ndk\28.2.13676358\toolchains\llvm\prebuilt\windows-x86_64\bin\clang++.exe+0x5844d6e)
  #50 0x00007ff797f74eec (D:\AndroidStudioProjects\Sdk\ndk\28.2.13676358\toolchains\llvm\prebuilt\windows-x86_64\bin\clang++.exe+0x5844eec)
  #51 0x00007ff797f745e2 (D:\AndroidStudioProjects\Sdk\ndk\28.2.13676358\toolchains\llvm\prebuilt\windows-x86_64\bin\clang++.exe+0x58445e2)
  #52 0x00007ff797fa0bd4 (D:\AndroidStudioProjects\Sdk\ndk\28.2.13676358\toolchains\llvm\prebuilt\windows-x86_64\bin\clang++.exe+0x5870bd4)
  #53 0x00007ff79760a1db (D:\AndroidStudioProjects\Sdk\ndk\28.2.13676358\toolchains\llvm\prebuilt\windows-x86_64\bin\clang++.exe+0x4eda1db)
  #54 0x00007ff79760869d (D:\AndroidStudioProjects\Sdk\ndk\28.2.13676358\toolchains\llvm\prebuilt\windows-x86_64\bin\clang++.exe+0x4ed869d)
  #55 0x00007ff795fe76ae (D:\AndroidStudioProjects\Sdk\ndk\28.2.13676358\toolchains\llvm\prebuilt\windows-x86_64\bin\clang++.exe+0x38b76ae)
  #56 0x00007ff794103b5e (D:\AndroidStudioProjects\Sdk\ndk\28.2.13676358\toolchains\llvm\prebuilt\windows-x86_64\bin\clang++.exe+0x19d3b5e)
  #57 0x00007ff792e6b250 (D:\AndroidStudioProjects\Sdk\ndk\28.2.13676358\toolchains\llvm\prebuilt\windows-x86_64\bin\clang++.exe+0x73b250)
  #58 0x00007ff792f04fd5 (D:\AndroidStudioProjects\Sdk\ndk\28.2.13676358\toolchains\llvm\prebuilt\windows-x86_64\bin\clang++.exe+0x7d4fd5)
  #59 0x00007ff79286f7e8 (D:\AndroidStudioProjects\Sdk\ndk\28.2.13676358\toolchains\llvm\prebuilt\windows-x86_64\bin\clang++.exe+0x13f7e8)
  #60 0x00007ff79286c8b0 (D:\AndroidStudioProjects\Sdk\ndk\28.2.13676358\toolchains\llvm\prebuilt\windows-x86_64\bin\clang++.exe+0x13c8b0)
  #61 0x00007ff793e7829d (D:\AndroidStudioProjects\Sdk\ndk\28.2.13676358\toolchains\llvm\prebuilt\windows-x86_64\bin\clang++.exe+0x174829d)
  #62 0x00007ff792d47acd (D:\AndroidStudioProjects\Sdk\ndk\28.2.13676358\toolchains\llvm\prebuilt\windows-x86_64\bin\clang++.exe+0x617acd)
  #63 0x00007ff793e77cd5 (D:\AndroidStudioProjects\Sdk\ndk\28.2.13676358\toolchains\llvm\prebuilt\windows-x86_64\bin\clang++.exe+0x1747cd5)
  #64 0x00007ff792e166c6 (D:\AndroidStudioProjects\Sdk\ndk\28.2.13676358\toolchains\llvm\prebuilt\windows-x86_64\bin\clang++.exe+0x6e66c6)
  #65 0x00007ff792e3a8ad (D:\AndroidStudioProjects\Sdk\ndk\28.2.13676358\toolchains\llvm\prebuilt\windows-x86_64\bin\clang++.exe+0x70a8ad)
  #66 0x00007ff79286b80e (D:\AndroidStudioProjects\Sdk\ndk\28.2.13676358\toolchains\llvm\prebuilt\windows-x86_64\bin\clang++.exe+0x13b80e)
  #67 0x00007ff79287ca4d (D:\AndroidStudioProjects\Sdk\ndk\28.2.13676358\toolchains\llvm\prebuilt\windows-x86_64\bin\clang++.exe+0x14ca4d)
  #68 0x00007ff792731395 (D:\AndroidStudioProjects\Sdk\ndk\28.2.13676358\toolchains\llvm\prebuilt\windows-x86_64\bin\clang++.exe+0x1395)
  #69 0x00007ff7927314c8 (D:\AndroidStudioProjects\Sdk\ndk\28.2.13676358\toolchains\llvm\prebuilt\windows-x86_64\bin\clang++.exe+0x14c8)
  #70 0x00007ffc6fcdcd87 (C:\WINDOWS\System32\KERNEL32.DLL+0x2cd87)
  #71 0x00007ffc719ecaec (C:\WINDOWS\SYSTEM32\ntdll.dll+0xacaec)
  clang++: error: clang frontend command failed due to signal (use -v to see invocation)
  Android (13624864, based on r530567e) clang version 19.0.1 (https://android.googlesource.com/toolchain/llvm-project 97a699bf4812a18fb657c2779f5296a4ab2694d2)
  Target: aarch64-none-linux-android24
  Thread model: posix
  InstalledDir: D:/AndroidStudioProjects/Sdk/ndk/28.2.13676358/toolchains/llvm/prebuilt/windows-x86_64/bin
  clang++: note: diagnostic msg: 
  ********************
  
  PLEASE ATTACH THE FOLLOWING FILES TO THE BUG REPORT:
  Preprocessed source(s) and associated run script(s) are located at:
  clang++: note: diagnostic msg: C:/Users/roybe/AppData/Local/Temp/CSSBoolean-31f565.cpp
  clang++: note: diagnostic msg: C:/Users/roybe/AppData/Local/Temp/CSSBoolean-31f565.sh
  clang++: note: diagnostic msg: 
  
  ********************
  [17/79] Building CXX object CMakeFiles/reanimated.dir/994c0676b2314ffd6b40f7be9b05d1a6/Common/cpp/reanimated/CSS/common/values/CSSValueVariant.cpp.o
  FAILED: CMakeFiles/reanimated.dir/994c0676b2314ffd6b40f7be9b05d1a6/Common/cpp/reanimated/CSS/common/values/CSSValueVariant.cpp.o 
  D:\AndroidStudioProjects\Sdk\ndk\28.2.13676358\toolchains\llvm\prebuilt\windows-x86_64\bin\clang++.exe --target=aarch64-none-linux-android24 --sysroot=D:/AndroidStudioProjects/Sdk/ndk/28.2.13676358/toolchains/llvm/prebuilt/windows-x86_64/sysroot -DRN_SERIALIZABLE_STATE -Dreanimated_EXPORTS -ID:/Projects/touch/touch-mobile/node_modules/react-native-reanimated/android/../Common/cpp -ID:/Projects/touch/touch-mobile/node_modules/react-native-reanimated/android/src/main/cpp -ID:/Projects/touch/touch-mobile/node_modules/react-native/ReactCommon -ID:/Projects/touch/touch-mobile/node_modules/react-native/ReactCommon/yoga -ID:/Projects/touch/touch-mobile/node_modules/react-native/ReactAndroid/src/main/jni/react/turbomodule -ID:/Projects/touch/touch-mobile/node_modules/react-native/ReactCommon/callinvoker -ID:/Projects/touch/touch-mobile/node_modules/react-native/ReactCommon/runtimeexecutor -ID:/Projects/touch/touch-mobile/node_modules/react-native/ReactCommon/jsiexecutor -ID:/Projects/touch/touch-mobile/node_modules/react-native/ReactCommon/react/renderer/graphics/platform/cxx -isystem D:/AndroidStudioProjects/.gradle/caches/8.13/transforms/761d13cc5b0f08ac09c3c16bb3bc519a/transformed/jetified-react-android-0.81.5-release/prefab/modules/reactnative/include -isystem D:/AndroidStudioProjects/.gradle/caches/8.13/transforms/761d13cc5b0f08ac09c3c16bb3bc519a/transformed/jetified-react-android-0.81.5-release/prefab/modules/jsi/include -isystem D:/AndroidStudioProjects/.gradle/caches/8.13/transforms/496183c206113a51ea543412a7084c83/transformed/jetified-fbjni-0.7.0/prefab/modules/fbjni/include -isystem D:/Projects/touch/touch-mobile/node_modules/react-native-worklets/android/build/prefab-headers/worklets -g -DANDROID -fdata-sections -ffunction-sections -funwind-tables -fstack-protector-strong -no-canonical-prefixes -D_FORTIFY_SOURCE=2 -Wformat -Werror=format-security   -DREACT_NATIVE_MINOR_VERSION=81    -DREANIMATED_VERSION=4.3.1    -DREANIMATED_FEATURE_FLAGS="[EXPERIMENTAL_CSS_ANIMATIONS_FOR_SVG_COMPONENTS:false][RUNTIME_TEST_FLAG:false][DISABLE_COMMIT_PAUSING_MECHANISM:false][ANDROID_SYNCHRONOUSLY_UPDATE_UI_PROPS:false][USE_SYNCHRONIZABLE_FOR_MUTABLES:true][FORCE_REACT_RENDER_FOR_SETTLED_ANIMATIONS:true][ENABLE_SHARED_ELEMENT_TRANSITIONS:false][IOS_SYNCHRONOUSLY_UPDATE_UI_PROPS:false][USE_COMMIT_HOOK_ONLY_FOR_REACT_COMMITS:true]" -fno-omit-frame-pointer -fstack-protector-all -fvisibility=hidden -DNDEBUG -flto=thin -O2 -g -DNDEBUG -fPIC -DFOLLY_NO_CONFIG=1 -DFOLLY_HAVE_CLOCK_GETTIME=1 -DFOLLY_USE_LIBCPP=1 -DFOLLY_CFG_NO_COROUTINES=1 -DFOLLY_MOBILE=1 -DFOLLY_HAVE_RECVMMSG=1 -DFOLLY_HAVE_PTHREAD=1 -DFOLLY_HAVE_XSI_STRERROR_R=1 -Wall -Werror -fexceptions -frtti -std=c++20 -DLOG_TAG=\"ReactNative\" -std=gnu++20 -MD -MT CMakeFiles/reanimated.dir/994c0676b2314ffd6b40f7be9b05d1a6/Common/cpp/reanimated/CSS/common/values/CSSValueVariant.cpp.o -MF CMakeFiles\reanimated.dir\994c0676b2314ffd6b40f7be9b05d1a6\Common\cpp\reanimated\CSS\common\values\CSSValueVariant.cpp.o.d -o CMakeFiles/reanimated.dir/994c0676b2314ffd6b40f7be9b05d1a6/Common/cpp/reanimated/CSS/common/values/CSSValueVariant.cpp.o -c D:/Projects/touch/touch-mobile/node_modules/react-native-reanimated/Common/cpp/reanimated/CSS/common/values/CSSValueVariant.cpp
  LLVM ERROR: out of memory
  Allocation failed
  PLEASE submit a bug report to https://github.com/android-ndk/ndk/issues and include the crash backtrace, preprocessed source, and associated run script.
  Stack dump:
  0.	Program arguments: D:\\AndroidStudioProjects\\Sdk\\ndk\\28.2.13676358\\toolchains\\llvm\\prebuilt\\windows-x86_64\\bin\\clang++.exe --target=aarch64-none-linux-android24 --sysroot=D:/AndroidStudioProjects/Sdk/ndk/28.2.13676358/toolchains/llvm/prebuilt/windows-x86_64/sysroot -DRN_SERIALIZABLE_STATE -Dreanimated_EXPORTS -ID:/Projects/touch/touch-mobile/node_modules/react-native-reanimated/android/../Common/cpp -ID:/Projects/touch/touch-mobile/node_modules/react-native-reanimated/android/src/main/cpp -ID:/Projects/touch/touch-mobile/node_modules/react-native/ReactCommon -ID:/Projects/touch/touch-mobile/node_modules/react-native/ReactCommon/yoga -ID:/Projects/touch/touch-mobile/node_modules/react-native/ReactAndroid/src/main/jni/react/turbomodule -ID:/Projects/touch/touch-mobile/node_modules/react-native/ReactCommon/callinvoker -ID:/Projects/touch/touch-mobile/node_modules/react-native/ReactCommon/runtimeexecutor -ID:/Projects/touch/touch-mobile/node_modules/react-native/ReactCommon/jsiexecutor -ID:/Projects/touch/touch-mobile/node_modules/react-native/ReactCommon/react/renderer/graphics/platform/cxx -isystem D:/AndroidStudioProjects/.gradle/caches/8.13/transforms/761d13cc5b0f08ac09c3c16bb3bc519a/transformed/jetified-react-android-0.81.5-release/prefab/modules/reactnative/include -isystem D:/AndroidStudioProjects/.gradle/caches/8.13/transforms/761d13cc5b0f08ac09c3c16bb3bc519a/transformed/jetified-react-android-0.81.5-release/prefab/modules/jsi/include -isystem D:/AndroidStudioProjects/.gradle/caches/8.13/transforms/496183c206113a51ea543412a7084c83/transformed/jetified-fbjni-0.7.0/prefab/modules/fbjni/include -isystem D:/Projects/touch/touch-mobile/node_modules/react-native-worklets/android/build/prefab-headers/worklets -g -DANDROID -fdata-sections -ffunction-sections -funwind-tables -fstack-protector-strong -no-canonical-prefixes -D_FORTIFY_SOURCE=2 -Wformat -Werror=format-security -DREACT_NATIVE_MINOR_VERSION=81 -DREANIMATED_VERSION=4.3.1 -DREANIMATED_FEATURE_FLAGS=[EXPERIMENTAL_CSS_ANIMATIONS_FOR_SVG_COMPONENTS:false][RUNTIME_TEST_FLAG:false][DISABLE_COMMIT_PAUSING_MECHANISM:false][ANDROID_SYNCHRONOUSLY_UPDATE_UI_PROPS:false][USE_SYNCHRONIZABLE_FOR_MUTABLES:true][FORCE_REACT_RENDER_FOR_SETTLED_ANIMATIONS:true][ENABLE_SHARED_ELEMENT_TRANSITIONS:false][IOS_SYNCHRONOUSLY_UPDATE_UI_PROPS:false][USE_COMMIT_HOOK_ONLY_FOR_REACT_COMMITS:true] -fno-omit-frame-pointer -fstack-protector-all -fvisibility=hidden -DNDEBUG -flto=thin -O2 -g -DNDEBUG -fPIC -DFOLLY_NO_CONFIG=1 -DFOLLY_HAVE_CLOCK_GETTIME=1 -DFOLLY_USE_LIBCPP=1 -DFOLLY_CFG_NO_COROUTINES=1 -DFOLLY_MOBILE=1 -DFOLLY_HAVE_RECVMMSG=1 -DFOLLY_HAVE_PTHREAD=1 -DFOLLY_HAVE_XSI_STRERROR_R=1 -Wall -Werror -fexceptions -frtti -std=c++20 -DLOG_TAG=\"ReactNative\" -std=gnu++20 -MD -MT CMakeFiles/reanimated.dir/994c0676b2314ffd6b40f7be9b05d1a6/Common/cpp/reanimated/CSS/common/values/CSSValueVariant.cpp.o -MF CMakeFiles\\reanimated.dir\\994c0676b2314ffd6b40f7be9b05d1a6\\Common\\cpp\\reanimated\\CSS\\common\\values\\CSSValueVariant.cpp.o.d -o CMakeFiles/reanimated.dir/994c0676b2314ffd6b40f7be9b05d1a6/Common/cpp/reanimated/CSS/common/values/CSSValueVariant.cpp.o -c D:/Projects/touch/touch-mobile/node_modules/react-native-reanimated/Common/cpp/reanimated/CSS/common/values/CSSValueVariant.cpp
  1.	D:/Projects/touch/touch-mobile/node_modules/react-native/ReactCommon/react/renderer/uimanager/UIManager.h:256:55: current parser token ';'
  2.	D:/Projects/touch/touch-mobile/node_modules/react-native/ReactCommon/react/renderer/uimanager/UIManager.h:34:1: parsing namespace 'facebook'
  3.	D:/Projects/touch/touch-mobile/node_modules/react-native/ReactCommon/react/renderer/uimanager/UIManager.h:40:1: parsing struct/union/class body 'facebook::react::UIManager'
  4.	D:/AndroidStudioProjects/Sdk/ndk/28.2.13676358/toolchains/llvm/prebuilt/windows-x86_64/sysroot/usr/include/c++/v1/vector:388:28: instantiating class definition 'std::vector<facebook::react::UIManagerMountHook *>'
  Exception Code: 0xC000001D
   #0 0x00007ff792d6cdb6 (D:\AndroidStudioProjects\Sdk\ndk\28.2.13676358\toolchains\llvm\prebuilt\windows-x86_64\bin\clang++.exe+0x63cdb6)
   #1 0x00007ffc6edf2139 (C:\WINDOWS\System32\ucrtbase.dll+0xc2139)
   #2 0x00007ffc6edd5261 (C:\WINDOWS\System32\ucrtbase.dll+0xa5261)
   #3 0x00007ff792d4d05b (D:\AndroidStudioProjects\Sdk\ndk\28.2.13676358\toolchains\llvm\prebuilt\windows-x86_64\bin\clang++.exe+0x61d05b)
   #4 0x00007ff792d4d072 (D:\AndroidStudioProjects\Sdk\ndk\28.2.13676358\toolchains\llvm\prebuilt\windows-x86_64\bin\clang++.exe+0x61d072)
   #5 0x00007ff79273741c (D:\AndroidStudioProjects\Sdk\ndk\28.2.13676358\toolchains\llvm\prebuilt\windows-x86_64\bin\clang++.exe+0x741c)
   #6 0x00007ff792a809fe (D:\AndroidStudioProjects\Sdk\ndk\28.2.13676358\toolchains\llvm\prebuilt\windows-x86_64\bin\clang++.exe+0x3509fe)
   #7 0x00007ff793cc4dc5 (D:\AndroidStudioProjects\Sdk\ndk\28.2.13676358\toolchains\llvm\prebuilt\windows-x86_64\bin\clang++.exe+0x1594dc5)
   #8 0x00007ff795b80256 (D:\AndroidStudioProjects\Sdk\ndk\28.2.13676358\toolchains\llvm\prebuilt\windows-x86_64\bin\clang++.exe+0x3450256)
   #9 0x00007ff795cb286d (D:\AndroidStudioProjects\Sdk\ndk\28.2.13676358\toolchains\llvm\prebuilt\windows-x86_64\bin\clang++.exe+0x358286d)
  #10 0x00007ff795cb4cc6 (D:\AndroidStudioProjects\Sdk\ndk\28.2.13676358\toolchains\llvm\prebuilt\windows-x86_64\bin\clang++.exe+0x3584cc6)
  #11 0x00007ff795ef9701 (D:\AndroidStudioProjects\Sdk\ndk\28.2.13676358\toolchains\llvm\prebuilt\windows-x86_64\bin\clang++.exe+0x37c9701)
  #12 0x00007ff7940e07e2 (D:\AndroidStudioProjects\Sdk\ndk\28.2.13676358\toolchains\llvm\prebuilt\windows-x86_64\bin\clang++.exe+0x19b07e2)
  #13 0x00007ff795ee14df (D:\AndroidStudioProjects\Sdk\ndk\28.2.13676358\toolchains\llvm\prebuilt\windows-x86_64\bin\clang++.exe+0x37b14df)
  #14 0x00007ff795ee0cdc (D:\AndroidStudioProjects\Sdk\ndk\28.2.13676358\toolchains\llvm\prebuilt\windows-x86_64\bin\clang++.exe+0x37b0cdc)
  #15 0x00007ff7958c4076 (D:\AndroidStudioProjects\Sdk\ndk\28.2.13676358\toolchains\llvm\prebuilt\windows-x86_64\bin\clang++.exe+0x3194076)
  #16 0x00007ff7958c3dba (D:\AndroidStudioProjects\Sdk\ndk\28.2.13676358\toolchains\llvm\prebuilt\windows-x86_64\bin\clang++.exe+0x3193dba)
  #17 0x00007ff795ab0400 (D:\AndroidStudioProjects\Sdk\ndk\28.2.13676358\toolchains\llvm\prebuilt\windows-x86_64\bin\clang++.exe+0x3380400)
  #18 0x00007ff797f87595 (D:\AndroidStudioProjects\Sdk\ndk\28.2.13676358\toolchains\llvm\prebuilt\windows-x86_64\bin\clang++.exe+0x5857595)
  #19 0x00007ff797f894da (D:\AndroidStudioProjects\Sdk\ndk\28.2.13676358\toolchains\llvm\prebuilt\windows-x86_64\bin\clang++.exe+0x58594da)
  #20 0x00007ff797f8096d (D:\AndroidStudioProjects\Sdk\ndk\28.2.13676358\toolchains\llvm\prebuilt\windows-x86_64\bin\clang++.exe+0x585096d)
  #21 0x00007ff797fa8251 (D:\AndroidStudioProjects\Sdk\ndk\28.2.13676358\toolchains\llvm\prebuilt\windows-x86_64\bin\clang++.exe+0x5878251)
  #22 0x00007ff79760ba18 (D:\AndroidStudioProjects\Sdk\ndk\28.2.13676358\toolchains\llvm\prebuilt\windows-x86_64\bin\clang++.exe+0x4edba18)
  #23 0x00007ff79760b7f2 (D:\AndroidStudioProjects\Sdk\ndk\28.2.13676358\toolchains\llvm\prebuilt\windows-x86_64\bin\clang++.exe+0x4edb7f2)
  #24 0x00007ff79760a933 (D:\AndroidStudioProjects\Sdk\ndk\28.2.13676358\toolchains\llvm\prebuilt\windows-x86_64\bin\clang++.exe+0x4eda933)
  #25 0x00007ff797f74d6e (D:\AndroidStudioProjects\Sdk\ndk\28.2.13676358\toolchains\llvm\prebuilt\windows-x86_64\bin\clang++.exe+0x5844d6e)
  #26 0x00007ff797f74eec (D:\AndroidStudioProjects\Sdk\ndk\28.2.13676358\toolchains\llvm\prebuilt\windows-x86_64\bin\clang++.exe+0x5844eec)
  #27 0x00007ff797f745e2 (D:\AndroidStudioProjects\Sdk\ndk\28.2.13676358\toolchains\llvm\prebuilt\windows-x86_64\bin\clang++.exe+0x58445e2)
  #28 0x00007ff797fa0bd4 (D:\AndroidStudioProjects\Sdk\ndk\28.2.13676358\toolchains\llvm\prebuilt\windows-x86_64\bin\clang++.exe+0x5870bd4)
  #29 0x00007ff79760a1db (D:\AndroidStudioProjects\Sdk\ndk\28.2.13676358\toolchains\llvm\prebuilt\windows-x86_64\bin\clang++.exe+0x4eda1db)
  #30 0x00007ff79760869d (D:\AndroidStudioProjects\Sdk\ndk\28.2.13676358\toolchains\llvm\prebuilt\windows-x86_64\bin\clang++.exe+0x4ed869d)
  #31 0x00007ff795fe76ae (D:\AndroidStudioProjects\Sdk\ndk\28.2.13676358\toolchains\llvm\prebuilt\windows-x86_64\bin\clang++.exe+0x38b76ae)
  #32 0x00007ff794103b5e (D:\AndroidStudioProjects\Sdk\ndk\28.2.13676358\toolchains\llvm\prebuilt\windows-x86_64\bin\clang++.exe+0x19d3b5e)
  #33 0x00007ff792e6b250 (D:\AndroidStudioProjects\Sdk\ndk\28.2.13676358\toolchains\llvm\prebuilt\windows-x86_64\bin\clang++.exe+0x73b250)
  #34 0x00007ff792f04fd5 (D:\AndroidStudioProjects\Sdk\ndk\28.2.13676358\toolchains\llvm\prebuilt\windows-x86_64\bin\clang++.exe+0x7d4fd5)
  #35 0x00007ff79286f7e8 (D:\AndroidStudioProjects\Sdk\ndk\28.2.13676358\toolchains\llvm\prebuilt\windows-x86_64\bin\clang++.exe+0x13f7e8)
  #36 0x00007ff79286c8b0 (D:\AndroidStudioProjects\Sdk\ndk\28.2.13676358\toolchains\llvm\prebuilt\windows-x86_64\bin\clang++.exe+0x13c8b0)
  #37 0x00007ff793e7829d (D:\AndroidStudioProjects\Sdk\ndk\28.2.13676358\toolchains\llvm\prebuilt\windows-x86_64\bin\clang++.exe+0x174829d)
  #38 0x00007ff792d47acd (D:\AndroidStudioProjects\Sdk\ndk\28.2.13676358\toolchains\llvm\prebuilt\windows-x86_64\bin\clang++.exe+0x617acd)
  #39 0x00007ff793e77cd5 (D:\AndroidStudioProjects\Sdk\ndk\28.2.13676358\toolchains\llvm\prebuilt\windows-x86_64\bin\clang++.exe+0x1747cd5)
  #40 0x00007ff792e166c6 (D:\AndroidStudioProjects\Sdk\ndk\28.2.13676358\toolchains\llvm\prebuilt\windows-x86_64\bin\clang++.exe+0x6e66c6)
  #41 0x00007ff792e3a8ad (D:\AndroidStudioProjects\Sdk\ndk\28.2.13676358\toolchains\llvm\prebuilt\windows-x86_64\bin\clang++.exe+0x70a8ad)
  #42 0x00007ff79286b80e (D:\AndroidStudioProjects\Sdk\ndk\28.2.13676358\toolchains\llvm\prebuilt\windows-x86_64\bin\clang++.exe+0x13b80e)
  #43 0x00007ff79287ca4d (D:\AndroidStudioProjects\Sdk\ndk\28.2.13676358\toolchains\llvm\prebuilt\windows-x86_64\bin\clang++.exe+0x14ca4d)
  #44 0x00007ff792731395 (D:\AndroidStudioProjects\Sdk\ndk\28.2.13676358\toolchains\llvm\prebuilt\windows-x86_64\bin\clang++.exe+0x1395)
  #45 0x00007ff7927314c8 (D:\AndroidStudioProjects\Sdk\ndk\28.2.13676358\toolchains\llvm\prebuilt\windows-x86_64\bin\clang++.exe+0x14c8)
  #46 0x00007ffc6fcdcd87 (C:\WINDOWS\System32\KERNEL32.DLL+0x2cd87)
  #47 0x00007ffc719ecaec (C:\WINDOWS\SYSTEM32\ntdll.dll+0xacaec)
  clang++: error: clang frontend command failed due to signal (use -v to see invocation)
  Android (13624864, based on r530567e) clang version 19.0.1 (https://android.googlesource.com/toolchain/llvm-project 97a699bf4812a18fb657c2779f5296a4ab2694d2)
  Target: aarch64-none-linux-android24
  Thread model: posix
  InstalledDir: D:/AndroidStudioProjects/Sdk/ndk/28.2.13676358/toolchains/llvm/prebuilt/windows-x86_64/bin
  clang++: note: diagnostic msg: 
  ********************
  
  PLEASE ATTACH THE FOLLOWING FILES TO THE BUG REPORT:
  Preprocessed source(s) and associated run script(s) are located at:
  clang++: note: diagnostic msg: C:/Users/roybe/AppData/Local/Temp/CSSValueVariant-7ff769.cpp
  clang++: note: diagnostic msg: C:/Users/roybe/AppData/Local/Temp/CSSValueVariant-7ff769.sh
  clang++: note: diagnostic msg: 
  
  ********************
  [18/79] Building CXX object CMakeFiles/reanimated.dir/994c0676b2314ffd6b40f7be9b05d1a6/Common/cpp/reanimated/CSS/InterpolatorRegistry.cpp.o
  FAILED: CMakeFiles/reanimated.dir/994c0676b2314ffd6b40f7be9b05d1a6/Common/cpp/reanimated/CSS/InterpolatorRegistry.cpp.o 
  D:\AndroidStudioProjects\Sdk\ndk\28.2.13676358\toolchains\llvm\prebuilt\windows-x86_64\bin\clang++.exe --target=aarch64-none-linux-android24 --sysroot=D:/AndroidStudioProjects/Sdk/ndk/28.2.13676358/toolchains/llvm/prebuilt/windows-x86_64/sysroot -DRN_SERIALIZABLE_STATE -Dreanimated_EXPORTS -ID:/Projects/touch/touch-mobile/node_modules/react-native-reanimated/android/../Common/cpp -ID:/Projects/touch/touch-mobile/node_modules/react-native-reanimated/android/src/main/cpp -ID:/Projects/touch/touch-mobile/node_modules/react-native/ReactCommon -ID:/Projects/touch/touch-mobile/node_modules/react-native/ReactCommon/yoga -ID:/Projects/touch/touch-mobile/node_modules/react-native/ReactAndroid/src/main/jni/react/turbomodule -ID:/Projects/touch/touch-mobile/node_modules/react-native/ReactCommon/callinvoker -ID:/Projects/touch/touch-mobile/node_modules/react-native/ReactCommon/runtimeexecutor -ID:/Projects/touch/touch-mobile/node_modules/react-native/ReactCommon/jsiexecutor -ID:/Projects/touch/touch-mobile/node_modules/react-native/ReactCommon/react/renderer/graphics/platform/cxx -isystem D:/AndroidStudioProjects/.gradle/caches/8.13/transforms/761d13cc5b0f08ac09c3c16bb3bc519a/transformed/jetified-react-android-0.81.5-release/prefab/modules/reactnative/include -isystem D:/AndroidStudioProjects/.gradle/caches/8.13/transforms/761d13cc5b0f08ac09c3c16bb3bc519a/transformed/jetified-react-android-0.81.5-release/prefab/modules/jsi/include -isystem D:/AndroidStudioProjects/.gradle/caches/8.13/transforms/496183c206113a51ea543412a7084c83/transformed/jetified-fbjni-0.7.0/prefab/modules/fbjni/include -isystem D:/Projects/touch/touch-mobile/node_modules/react-native-worklets/android/build/prefab-headers/worklets -g -DANDROID -fdata-sections -ffunction-sections -funwind-tables -fstack-protector-strong -no-canonical-prefixes -D_FORTIFY_SOURCE=2 -Wformat -Werror=format-security   -DREACT_NATIVE_MINOR_VERSION=81    -DREANIMATED_VERSION=4.3.1    -DREANIMATED_FEATURE_FLAGS="[EXPERIMENTAL_CSS_ANIMATIONS_FOR_SVG_COMPONENTS:false][RUNTIME_TEST_FLAG:false][DISABLE_COMMIT_PAUSING_MECHANISM:false][ANDROID_SYNCHRONOUSLY_UPDATE_UI_PROPS:false][USE_SYNCHRONIZABLE_FOR_MUTABLES:true][FORCE_REACT_RENDER_FOR_SETTLED_ANIMATIONS:true][ENABLE_SHARED_ELEMENT_TRANSITIONS:false][IOS_SYNCHRONOUSLY_UPDATE_UI_PROPS:false][USE_COMMIT_HOOK_ONLY_FOR_REACT_COMMITS:true]" -fno-omit-frame-pointer -fstack-protector-all -fvisibility=hidden -DNDEBUG -flto=thin -O2 -g -DNDEBUG -fPIC -DFOLLY_NO_CONFIG=1 -DFOLLY_HAVE_CLOCK_GETTIME=1 -DFOLLY_USE_LIBCPP=1 -DFOLLY_CFG_NO_COROUTINES=1 -DFOLLY_MOBILE=1 -DFOLLY_HAVE_RECVMMSG=1 -DFOLLY_HAVE_PTHREAD=1 -DFOLLY_HAVE_XSI_STRERROR_R=1 -Wall -Werror -fexceptions -frtti -std=c++20 -DLOG_TAG=\"ReactNative\" -std=gnu++20 -MD -MT CMakeFiles/reanimated.dir/994c0676b2314ffd6b40f7be9b05d1a6/Common/cpp/reanimated/CSS/InterpolatorRegistry.cpp.o -MF CMakeFiles\reanimated.dir\994c0676b2314ffd6b40f7be9b05d1a6\Common\cpp\reanimated\CSS\InterpolatorRegistry.cpp.o.d -o CMakeFiles/reanimated.dir/994c0676b2314ffd6b40f7be9b05d1a6/Common/cpp/reanimated/CSS/InterpolatorRegistry.cpp.o -c D:/Projects/touch/touch-mobile/node_modules/react-native-reanimated/Common/cpp/reanimated/CSS/InterpolatorRegistry.cpp
  LLVM ERROR: out of memory
  Allocation failed
  PLEASE submit a bug report to https://github.com/android-ndk/ndk/issues and include the crash backtrace, preprocessed source, and associated run script.
  Stack dump:
  0.	Program arguments: D:\\AndroidStudioProjects\\Sdk\\ndk\\28.2.13676358\\toolchains\\llvm\\prebuilt\\windows-x86_64\\bin\\clang++.exe --target=aarch64-none-linux-android24 --sysroot=D:/AndroidStudioProjects/Sdk/ndk/28.2.13676358/toolchains/llvm/prebuilt/windows-x86_64/sysroot -DRN_SERIALIZABLE_STATE -Dreanimated_EXPORTS -ID:/Projects/touch/touch-mobile/node_modules/react-native-reanimated/android/../Common/cpp -ID:/Projects/touch/touch-mobile/node_modules/react-native-reanimated/android/src/main/cpp -ID:/Projects/touch/touch-mobile/node_modules/react-native/ReactCommon -ID:/Projects/touch/touch-mobile/node_modules/react-native/ReactCommon/yoga -ID:/Projects/touch/touch-mobile/node_modules/react-native/ReactAndroid/src/main/jni/react/turbomodule -ID:/Projects/touch/touch-mobile/node_modules/react-native/ReactCommon/callinvoker -ID:/Projects/touch/touch-mobile/node_modules/react-native/ReactCommon/runtimeexecutor -ID:/Projects/touch/touch-mobile/node_modules/react-native/ReactCommon/jsiexecutor -ID:/Projects/touch/touch-mobile/node_modules/react-native/ReactCommon/react/renderer/graphics/platform/cxx -isystem D:/AndroidStudioProjects/.gradle/caches/8.13/transforms/761d13cc5b0f08ac09c3c16bb3bc519a/transformed/jetified-react-android-0.81.5-release/prefab/modules/reactnative/include -isystem D:/AndroidStudioProjects/.gradle/caches/8.13/transforms/761d13cc5b0f08ac09c3c16bb3bc519a/transformed/jetified-react-android-0.81.5-release/prefab/modules/jsi/include -isystem D:/AndroidStudioProjects/.gradle/caches/8.13/transforms/496183c206113a51ea543412a7084c83/transformed/jetified-fbjni-0.7.0/prefab/modules/fbjni/include -isystem D:/Projects/touch/touch-mobile/node_modules/react-native-worklets/android/build/prefab-headers/worklets -g -DANDROID -fdata-sections -ffunction-sections -funwind-tables -fstack-protector-strong -no-canonical-prefixes -D_FORTIFY_SOURCE=2 -Wformat -Werror=format-security -DREACT_NATIVE_MINOR_VERSION=81 -DREANIMATED_VERSION=4.3.1 -DREANIMATED_FEATURE_FLAGS=[EXPERIMENTAL_CSS_ANIMATIONS_FOR_SVG_COMPONENTS:false][RUNTIME_TEST_FLAG:false][DISABLE_COMMIT_PAUSING_MECHANISM:false][ANDROID_SYNCHRONOUSLY_UPDATE_UI_PROPS:false][USE_SYNCHRONIZABLE_FOR_MUTABLES:true][FORCE_REACT_RENDER_FOR_SETTLED_ANIMATIONS:true][ENABLE_SHARED_ELEMENT_TRANSITIONS:false][IOS_SYNCHRONOUSLY_UPDATE_UI_PROPS:false][USE_COMMIT_HOOK_ONLY_FOR_REACT_COMMITS:true] -fno-omit-frame-pointer -fstack-protector-all -fvisibility=hidden -DNDEBUG -flto=thin -O2 -g -DNDEBUG -fPIC -DFOLLY_NO_CONFIG=1 -DFOLLY_HAVE_CLOCK_GETTIME=1 -DFOLLY_USE_LIBCPP=1 -DFOLLY_CFG_NO_COROUTINES=1 -DFOLLY_MOBILE=1 -DFOLLY_HAVE_RECVMMSG=1 -DFOLLY_HAVE_PTHREAD=1 -DFOLLY_HAVE_XSI_STRERROR_R=1 -Wall -Werror -fexceptions -frtti -std=c++20 -DLOG_TAG=\"ReactNative\" -std=gnu++20 -MD -MT CMakeFiles/reanimated.dir/994c0676b2314ffd6b40f7be9b05d1a6/Common/cpp/reanimated/CSS/InterpolatorRegistry.cpp.o -MF CMakeFiles\\reanimated.dir\\994c0676b2314ffd6b40f7be9b05d1a6\\Common\\cpp\\reanimated\\CSS\\InterpolatorRegistry.cpp.o.d -o CMakeFiles/reanimated.dir/994c0676b2314ffd6b40f7be9b05d1a6/Common/cpp/reanimated/CSS/InterpolatorRegistry.cpp.o -c D:/Projects/touch/touch-mobile/node_modules/react-native-reanimated/Common/cpp/reanimated/CSS/InterpolatorRegistry.cpp
  1.	D:/Projects/touch/touch-mobile/node_modules/react-native-reanimated/android/../Common/cpp/reanimated/CSS/common/values/CSSColor.h:28:68: current parser token ';'
  2.	D:/Projects/touch/touch-mobile/node_modules/react-native-reanimated/android/../Common/cpp/reanimated/CSS/common/values/CSSColor.h:8:1: parsing namespace 'reanimated'
  3.	D:/Projects/touch/touch-mobile/node_modules/react-native-reanimated/android/../Common/cpp/reanimated/CSS/common/values/CSSColor.h:19:1: parsing struct/union/class body 'reanimated::css::CSSColorBase'
  Exception Code: 0xC000001D
   #0 0x00007ff792d6cdb6 (D:\AndroidStudioProjects\Sdk\ndk\28.2.13676358\toolchains\llvm\prebuilt\windows-x86_64\bin\clang++.exe+0x63cdb6)
   #1 0x00007ffc6edf2139 (C:\WINDOWS\System32\ucrtbase.dll+0xc2139)
   #2 0x00007ffc6edd5261 (C:\WINDOWS\System32\ucrtbase.dll+0xa5261)
   #3 0x00007ff792d4d05b (D:\AndroidStudioProjects\Sdk\ndk\28.2.13676358\toolchains\llvm\prebuilt\windows-x86_64\bin\clang++.exe+0x61d05b)
   #4 0x00007ff792d4d072 (D:\AndroidStudioProjects\Sdk\ndk\28.2.13676358\toolchains\llvm\prebuilt\windows-x86_64\bin\clang++.exe+0x61d072)
   #5 0x00007ff79273741c (D:\AndroidStudioProjects\Sdk\ndk\28.2.13676358\toolchains\llvm\prebuilt\windows-x86_64\bin\clang++.exe+0x741c)
   #6 0x00007ff793d754bd (D:\AndroidStudioProjects\Sdk\ndk\28.2.13676358\toolchains\llvm\prebuilt\windows-x86_64\bin\clang++.exe+0x16454bd)
   #7 0x00007ff7958731af (D:\AndroidStudioProjects\Sdk\ndk\28.2.13676358\toolchains\llvm\prebuilt\windows-x86_64\bin\clang++.exe+0x31431af)
   #8 0x00007ff795873f89 (D:\AndroidStudioProjects\Sdk\ndk\28.2.13676358\toolchains\llvm\prebuilt\windows-x86_64\bin\clang++.exe+0x3143f89)
   #9 0x00007ff797606e1c (D:\AndroidStudioProjects\Sdk\ndk\28.2.13676358\toolchains\llvm\prebuilt\windows-x86_64\bin\clang++.exe+0x4ed6e1c)
  #10 0x00007ff797fb9313 (D:\AndroidStudioProjects\Sdk\ndk\28.2.13676358\toolchains\llvm\prebuilt\windows-x86_64\bin\clang++.exe+0x5889313)
  #11 0x00007ff797fb6f04 (D:\AndroidStudioProjects\Sdk\ndk\28.2.13676358\toolchains\llvm\prebuilt\windows-x86_64\bin\clang++.exe+0x5886f04)
  #12 0x00007ff797fc107d (D:\AndroidStudioProjects\Sdk\ndk\28.2.13676358\toolchains\llvm\prebuilt\windows-x86_64\bin\clang++.exe+0x589107d)
  #13 0x00007ff797f841bd (D:\AndroidStudioProjects\Sdk\ndk\28.2.13676358\toolchains\llvm\prebuilt\windows-x86_64\bin\clang++.exe+0x58541bd)
  #14 0x00007ff797f86c5e (D:\AndroidStudioProjects\Sdk\ndk\28.2.13676358\toolchains\llvm\prebuilt\windows-x86_64\bin\clang++.exe+0x5856c5e)
  #15 0x00007ff797f894da (D:\AndroidStudioProjects\Sdk\ndk\28.2.13676358\toolchains\llvm\prebuilt\windows-x86_64\bin\clang++.exe+0x58594da)
  #16 0x00007ff797f8096d (D:\AndroidStudioProjects\Sdk\ndk\28.2.13676358\toolchains\llvm\prebuilt\windows-x86_64\bin\clang++.exe+0x585096d)
  #17 0x00007ff797fa8251 (D:\AndroidStudioProjects\Sdk\ndk\28.2.13676358\toolchains\llvm\prebuilt\windows-x86_64\bin\clang++.exe+0x5878251)
  #18 0x00007ff797f3a3bd (D:\AndroidStudioProjects\Sdk\ndk\28.2.13676358\toolchains\llvm\prebuilt\windows-x86_64\bin\clang++.exe+0x580a3bd)
  #19 0x00007ff797f36dad (D:\AndroidStudioProjects\Sdk\ndk\28.2.13676358\toolchains\llvm\prebuilt\windows-x86_64\bin\clang++.exe+0x5806dad)
  #20 0x00007ff797f36566 (D:\AndroidStudioProjects\Sdk\ndk\28.2.13676358\toolchains\llvm\prebuilt\windows-x86_64\bin\clang++.exe+0x5806566)
  #21 0x00007ff797fa0799 (D:\AndroidStudioProjects\Sdk\ndk\28.2.13676358\toolchains\llvm\prebuilt\windows-x86_64\bin\clang++.exe+0x5870799)
  #22 0x00007ff79760a1db (D:\AndroidStudioProjects\Sdk\ndk\28.2.13676358\toolchains\llvm\prebuilt\windows-x86_64\bin\clang++.exe+0x4eda1db)
  #23 0x00007ff797f74d6e (D:\AndroidStudioProjects\Sdk\ndk\28.2.13676358\toolchains\llvm\prebuilt\windows-x86_64\bin\clang++.exe+0x5844d6e)
  #24 0x00007ff797f74eec (D:\AndroidStudioProjects\Sdk\ndk\28.2.13676358\toolchains\llvm\prebuilt\windows-x86_64\bin\clang++.exe+0x5844eec)
  #25 0x00007ff797f745e2 (D:\AndroidStudioProjects\Sdk\ndk\28.2.13676358\toolchains\llvm\prebuilt\windows-x86_64\bin\clang++.exe+0x58445e2)
  #26 0x00007ff797fa0bd4 (D:\AndroidStudioProjects\Sdk\ndk\28.2.13676358\toolchains\llvm\prebuilt\windows-x86_64\bin\clang++.exe+0x5870bd4)
  #27 0x00007ff79760a1db (D:\AndroidStudioProjects\Sdk\ndk\28.2.13676358\toolchains\llvm\prebuilt\windows-x86_64\bin\clang++.exe+0x4eda1db)
  #28 0x00007ff79760869d (D:\AndroidStudioProjects\Sdk\ndk\28.2.13676358\toolchains\llvm\prebuilt\windows-x86_64\bin\clang++.exe+0x4ed869d)
  #29 0x00007ff795fe76ae (D:\AndroidStudioProjects\Sdk\ndk\28.2.13676358\toolchains\llvm\prebuilt\windows-x86_64\bin\clang++.exe+0x38b76ae)
  #30 0x00007ff794103b5e (D:\AndroidStudioProjects\Sdk\ndk\28.2.13676358\toolchains\llvm\prebuilt\windows-x86_64\bin\clang++.exe+0x19d3b5e)
  #31 0x00007ff792e6b250 (D:\AndroidStudioProjects\Sdk\ndk\28.2.13676358\toolchains\llvm\prebuilt\windows-x86_64\bin\clang++.exe+0x73b250)
  #32 0x00007ff792f04fd5 (D:\AndroidStudioProjects\Sdk\ndk\28.2.13676358\toolchains\llvm\prebuilt\windows-x86_64\bin\clang++.exe+0x7d4fd5)
  #33 0x00007ff79286f7e8 (D:\AndroidStudioProjects\Sdk\ndk\28.2.13676358\toolchains\llvm\prebuilt\windows-x86_64\bin\clang++.exe+0x13f7e8)
  #34 0x00007ff79286c8b0 (D:\AndroidStudioProjects\Sdk\ndk\28.2.13676358\toolchains\llvm\prebuilt\windows-x86_64\bin\clang++.exe+0x13c8b0)
  #35 0x00007ff793e7829d (D:\AndroidStudioProjects\Sdk\ndk\28.2.13676358\toolchains\llvm\prebuilt\windows-x86_64\bin\clang++.exe+0x174829d)
  #36 0x00007ff792d47acd (D:\AndroidStudioProjects\Sdk\ndk\28.2.13676358\toolchains\llvm\prebuilt\windows-x86_64\bin\clang++.exe+0x617acd)
  #37 0x00007ff793e77cd5 (D:\AndroidStudioProjects\Sdk\ndk\28.2.13676358\toolchains\llvm\prebuilt\windows-x86_64\bin\clang++.exe+0x1747cd5)
  #38 0x00007ff792e166c6 (D:\AndroidStudioProjects\Sdk\ndk\28.2.13676358\toolchains\llvm\prebuilt\windows-x86_64\bin\clang++.exe+0x6e66c6)
  #39 0x00007ff792e3a8ad (D:\AndroidStudioProjects\Sdk\ndk\28.2.13676358\toolchains\llvm\prebuilt\windows-x86_64\bin\clang++.exe+0x70a8ad)
  #40 0x00007ff79286b80e (D:\AndroidStudioProjects\Sdk\ndk\28.2.13676358\toolchains\llvm\prebuilt\windows-x86_64\bin\clang++.exe+0x13b80e)
  #41 0x00007ff79287ca4d (D:\AndroidStudioProjects\Sdk\ndk\28.2.13676358\toolchains\llvm\prebuilt\windows-x86_64\bin\clang++.exe+0x14ca4d)
  #42 0x00007ff792731395 (D:\AndroidStudioProjects\Sdk\ndk\28.2.13676358\toolchains\llvm\prebuilt\windows-x86_64\bin\clang++.exe+0x1395)
  #43 0x00007ff7927314c8 (D:\AndroidStudioProjects\Sdk\ndk\28.2.13676358\toolchains\llvm\prebuilt\windows-x86_64\bin\clang++.exe+0x14c8)
  #44 0x00007ffc6fcdcd87 (C:\WINDOWS\System32\KERNEL32.DLL+0x2cd87)
  #45 0x00007ffc719ecaec (C:\WINDOWS\SYSTEM32\ntdll.dll+0xacaec)
  clang++: error: clang frontend command failed due to signal (use -v to see invocation)
  Android (13624864, based on r530567e) clang version 19.0.1 (https://android.googlesource.com/toolchain/llvm-project 97a699bf4812a18fb657c2779f5296a4ab2694d2)
  Target: aarch64-none-linux-android24
  Thread model: posix
  InstalledDir: D:/AndroidStudioProjects/Sdk/ndk/28.2.13676358/toolchains/llvm/prebuilt/windows-x86_64/bin
  clang++: note: diagnostic msg: 
  ********************
  
  PLEASE ATTACH THE FOLLOWING FILES TO THE BUG REPORT:
  Preprocessed source(s) and associated run script(s) are located at:
  clang++: note: diagnostic msg: C:/Users/roybe/AppData/Local/Temp/InterpolatorRegistry-e80d11.cpp
  clang++: note: diagnostic msg: C:/Users/roybe/AppData/Local/Temp/InterpolatorRegistry-e80d11.sh
  clang++: note: diagnostic msg: 
  
  ********************
  ninja: build stopped: subcommand failed.
  
  C++ build system [build] failed while executing:
      @echo off
      "D:\\AndroidStudioProjects\\Sdk\\cmake\\3.22.1\\bin\\ninja.exe" ^
        -C ^
        "D:\\Projects\\touch\\touch-mobile\\node_modules\\react-native-reanimated\\android\\.cxx\\RelWithDebInfo\\6a3i4o4y\\arm64-v8a" ^
        reanimated
    from D:\Projects\touch\touch-mobile\node_modules\react-native-reanimated\android

* Try:
> Run with --stacktrace option to get the stack trace.
> Run with --info or --debug option to get more log output.
> Run with --scan to get full insights.
> Get more help at https://help.gradle.org.

BUILD FAILED in 1m 13s
