To honour the JVM settings for this build a single-use Daemon process will be forked. For more on this, please refer to https://docs.gradle.org/8.13/userguide/gradle_daemon.html#sec:disabling_the_daemon in the Gradle documentation.
Daemon will be stopped at the end of the build 
> Task :gradle-plugin:settings-plugin:checkKotlinGradlePluginConfigurationErrors SKIPPED
> Task :gradle-plugin:shared:checkKotlinGradlePluginConfigurationErrors SKIPPED
> Task :gradle-plugin:shared:compileKotlin UP-TO-DATE
> Task :gradle-plugin:shared:compileJava NO-SOURCE
> Task :gradle-plugin:shared:processResources NO-SOURCE
> Task :gradle-plugin:shared:classes UP-TO-DATE
> Task :gradle-plugin:shared:jar UP-TO-DATE
> Task :gradle-plugin:settings-plugin:compileKotlin UP-TO-DATE
> Task :gradle-plugin:settings-plugin:compileJava NO-SOURCE
> Task :gradle-plugin:settings-plugin:pluginDescriptors UP-TO-DATE
> Task :gradle-plugin:settings-plugin:processResources UP-TO-DATE
> Task :gradle-plugin:settings-plugin:classes UP-TO-DATE
> Task :gradle-plugin:settings-plugin:jar UP-TO-DATE
> Task :gradle-plugin:react-native-gradle-plugin:checkKotlinGradlePluginConfigurationErrors SKIPPED
> Task :gradle-plugin:react-native-gradle-plugin:compileKotlin UP-TO-DATE
> Task :gradle-plugin:react-native-gradle-plugin:compileJava NO-SOURCE
> Task :gradle-plugin:react-native-gradle-plugin:pluginDescriptors UP-TO-DATE
> Task :gradle-plugin:react-native-gradle-plugin:processResources UP-TO-DATE
> Task :gradle-plugin:react-native-gradle-plugin:classes UP-TO-DATE
> Task :gradle-plugin:react-native-gradle-plugin:jar UP-TO-DATE

> Configure project :react-native-firebase_app
:react-native-firebase_app package.json found at D:\Projects\touch\touch-mobile\node_modules\@react-native-firebase\app\package.json
:react-native-firebase_app:firebase.bom using default value: 33.14.0
:react-native-firebase_app:play.play-services-auth using default value: 21.3.0
:react-native-firebase_app package.json found at D:\Projects\touch\touch-mobile\node_modules\@react-native-firebase\app\package.json
:react-native-firebase_app:version set from package.json: 22.2.1 (22,2,1 - 22002001)
:react-native-firebase_app:android.compileSdk using custom value: 36
:react-native-firebase_app:android.targetSdk using custom value: 35
:react-native-firebase_app:android.minSdk using custom value: 24
:react-native-firebase_app:reactNativeAndroidDir D:\Projects\touch\touch-mobile\node_modules\react-native

> Configure project :react-native-firebase_auth
:react-native-firebase_auth package.json found at D:\Projects\touch\touch-mobile\node_modules\@react-native-firebase\auth\package.json
:react-native-firebase_app package.json found at D:\Projects\touch\touch-mobile\node_modules\@react-native-firebase\app\package.json
:react-native-firebase_auth:firebase.bom using default value: 33.14.0
:react-native-firebase_auth package.json found at D:\Projects\touch\touch-mobile\node_modules\@react-native-firebase\auth\package.json
:react-native-firebase_auth:version set from package.json: 22.2.1 (22,2,1 - 22002001)
:react-native-firebase_auth:android.compileSdk using custom value: 36
:react-native-firebase_auth:android.targetSdk using custom value: 35
:react-native-firebase_auth:android.minSdk using custom value: 24
:react-native-firebase_auth:reactNativeAndroidDir D:\Projects\touch\touch-mobile\node_modules\react-native

> Configure project :react-native-video
Kotlin version is correct: 1.9.24
AndroidX version is correct: 1.9.3
useExoplayerIMA: false
useExoplayerSmoothStreaming: true
useExoplayerDash: true
useExoplayerHls: true
useExoplayerRtsp: false
buildFromSource: false

> Task :app:generateAutolinkingNewArchitectureFiles UP-TO-DATE
> Task :app:generateAutolinkingPackageList UP-TO-DATE
> Task :app:generateCodegenSchemaFromJavaScript SKIPPED
> Task :app:generateCodegenArtifactsFromSchema SKIPPED
> Task :app:generateReactNativeEntryPoint UP-TO-DATE
> Task :react-native-firebase_app:preBuild UP-TO-DATE
> Task :react-native-firebase_auth:preBuild UP-TO-DATE
> Task :react-native-gesture-handler:generateCodegenSchemaFromJavaScript UP-TO-DATE
> Task :react-native-gesture-handler:generateCodegenArtifactsFromSchema UP-TO-DATE
> Task :react-native-gesture-handler:preBuild UP-TO-DATE
> Task :react-native-google-signin_google-signin:generateCodegenSchemaFromJavaScript UP-TO-DATE
> Task :react-native-google-signin_google-signin:generateCodegenArtifactsFromSchema UP-TO-DATE
> Task :react-native-google-signin_google-signin:preBuild UP-TO-DATE
> Task :react-native-image-crop-picker:generateCodegenSchemaFromJavaScript UP-TO-DATE
> Task :react-native-image-crop-picker:generateCodegenArtifactsFromSchema UP-TO-DATE
> Task :react-native-image-crop-picker:preBuild UP-TO-DATE
> Task :react-native-image-picker:generateCodegenSchemaFromJavaScript UP-TO-DATE
> Task :react-native-image-picker:generateCodegenArtifactsFromSchema UP-TO-DATE
> Task :react-native-image-picker:preBuild UP-TO-DATE
> Task :react-native-keychain:generateCodegenSchemaFromJavaScript UP-TO-DATE
> Task :react-native-keychain:generateCodegenArtifactsFromSchema UP-TO-DATE
> Task :react-native-keychain:preBuild UP-TO-DATE
> Task :react-native-pager-view:generateCodegenSchemaFromJavaScript UP-TO-DATE
> Task :react-native-pager-view:generateCodegenArtifactsFromSchema UP-TO-DATE
> Task :react-native-pager-view:preBuild UP-TO-DATE
> Task :react-native-permissions:generateCodegenSchemaFromJavaScript UP-TO-DATE
> Task :react-native-permissions:generateCodegenArtifactsFromSchema UP-TO-DATE
> Task :react-native-permissions:preBuild UP-TO-DATE
> Task :react-native-reanimated:assertMinimalReactNativeVersionTask
> Task :react-native-reanimated:assertNewArchitectureEnabledTask SKIPPED
> Task :react-native-reanimated:assertWorkletsVersionTask
> Task :react-native-reanimated:generateCodegenSchemaFromJavaScript UP-TO-DATE
> Task :react-native-reanimated:generateCodegenArtifactsFromSchema UP-TO-DATE
> Task :react-native-reanimated:prepareReanimatedHeadersForPrefabs UP-TO-DATE
> Task :react-native-reanimated:preBuild
> Task :react-native-safe-area-context:generateCodegenSchemaFromJavaScript UP-TO-DATE
> Task :react-native-safe-area-context:generateCodegenArtifactsFromSchema UP-TO-DATE
> Task :react-native-safe-area-context:preBuild UP-TO-DATE
> Task :react-native-screens:generateCodegenSchemaFromJavaScript UP-TO-DATE
> Task :react-native-screens:generateCodegenArtifactsFromSchema UP-TO-DATE
> Task :react-native-screens:preBuild UP-TO-DATE
> Task :react-native-splash-screen:preBuild UP-TO-DATE
> Task :react-native-svg:generateCodegenSchemaFromJavaScript UP-TO-DATE
> Task :react-native-svg:generateCodegenArtifactsFromSchema UP-TO-DATE
> Task :react-native-svg:preBuild UP-TO-DATE
> Task :react-native-vector-icons:generateCodegenSchemaFromJavaScript UP-TO-DATE
> Task :react-native-vector-icons:generateCodegenArtifactsFromSchema UP-TO-DATE
> Task :react-native-vector-icons:preBuild UP-TO-DATE
> Task :react-native-video:preBuild UP-TO-DATE
> Task :react-native-worklets:assertMinimalReactNativeVersionTask
> Task :react-native-worklets:assertNewArchitectureEnabledTask SKIPPED
> Task :react-native-worklets:generateCodegenSchemaFromJavaScript UP-TO-DATE
> Task :react-native-worklets:generateCodegenArtifactsFromSchema UP-TO-DATE
> Task :react-native-worklets:prepareWorkletsHeadersForPrefabs UP-TO-DATE
> Task :react-native-worklets:preBuild
> Task :app:preBuild
> Task :app:preReleaseBuild
> Task :react-native-reanimated:preReleaseBuild
> Task :react-native-worklets:preReleaseBuild
> Task :react-native-worklets:configureCMakeRelWithDebInfo[arm64-v8a]
> Task :react-native-worklets:buildCMakeRelWithDebInfo[arm64-v8a][worklets]
> Task :react-native-worklets:configureCMakeRelWithDebInfo[x86_64]
> Task :react-native-worklets:buildCMakeRelWithDebInfo[x86_64][worklets]
> Task :react-native-worklets:externalNativeBuildRelease
> Task :react-native-worklets:generateJsonModelRelease
> Task :react-native-worklets:prefabReleaseConfigurePackage
> Task :react-native-reanimated:configureCMakeRelWithDebInfo[arm64-v8a]
> Task :react-native-reanimated:configureCMakeRelWithDebInfo[x86_64]
> Task :react-native-reanimated:generateJsonModelRelease
> Task :react-native-reanimated:prefabReleaseConfigurePackage UP-TO-DATE
> Task :app:configureCMakeRelWithDebInfo[arm64-v8a]
> Task :react-native-worklets:prefabReleasePackage UP-TO-DATE

> Task :react-native-reanimated:buildCMakeRelWithDebInfo[arm64-v8a][reanimated]
C/C++: ninja: Entering directory `D:\Projects\touch\touch-mobile\node_modules\react-native-reanimated\android\.cxx\RelWithDebInfo\6a3i4o4y\arm64-v8a'
C/C++: D:\AndroidStudioProjects\Sdk\ndk\28.2.13676358\toolchains\llvm\prebuilt\windows-x86_64\bin\clang++.exe --target=aarch64-none-linux-android24 --sysroot=D:/AndroidStudioProjects/Sdk/ndk/28.2.13676358/toolchains/llvm/prebuilt/windows-x86_64/sysroot -DRN_SERIALIZABLE_STATE -Dreanimated_EXPORTS -ID:/Projects/touch/touch-mobile/node_modules/react-native-reanimated/android/../Common/cpp -ID:/Projects/touch/touch-mobile/node_modules/react-native-reanimated/android/src/main/cpp -ID:/Projects/touch/touch-mobile/node_modules/react-native/ReactCommon -ID:/Projects/touch/touch-mobile/node_modules/react-native/ReactCommon/yoga -ID:/Projects/touch/touch-mobile/node_modules/react-native/ReactAndroid/src/main/jni/react/turbomodule -ID:/Projects/touch/touch-mobile/node_modules/react-native/ReactCommon/callinvoker -ID:/Projects/touch/touch-mobile/node_modules/react-native/ReactCommon/runtimeexecutor -ID:/Projects/touch/touch-mobile/node_modules/react-native/ReactCommon/jsiexecutor -ID:/Projects/touch/touch-mobile/node_modules/react-native/ReactCommon/react/renderer/graphics/platform/cxx -isystem D:/AndroidStudioProjects/.gradle/caches/8.13/transforms/761d13cc5b0f08ac09c3c16bb3bc519a/transformed/jetified-react-android-0.81.5-release/prefab/modules/reactnative/include -isystem D:/AndroidStudioProjects/.gradle/caches/8.13/transforms/761d13cc5b0f08ac09c3c16bb3bc519a/transformed/jetified-react-android-0.81.5-release/prefab/modules/jsi/include -isystem D:/AndroidStudioProjects/.gradle/caches/8.13/transforms/496183c206113a51ea543412a7084c83/transformed/jetified-fbjni-0.7.0/prefab/modules/fbjni/include -isystem D:/Projects/touch/touch-mobile/node_modules/react-native-worklets/android/build/prefab-headers/worklets -g -DANDROID -fdata-sections -ffunction-sections -funwind-tables -fstack-protector-strong -no-canonical-prefixes -D_FORTIFY_SOURCE=2 -Wformat -Werror=format-security   -DREACT_NATIVE_MINOR_VERSION=81    -DREANIMATED_VERSION=4.3.1    -DREANIMATED_FEATURE_FLAGS="[EXPERIMENTAL_CSS_ANIMATIONS_FOR_SVG_COMPONENTS:false][RUNTIME_TEST_FLAG:false][DISABLE_COMMIT_PAUSING_MECHANISM:false][ANDROID_SYNCHRONOUSLY_UPDATE_UI_PROPS:false][USE_SYNCHRONIZABLE_FOR_MUTABLES:true][FORCE_REACT_RENDER_FOR_SETTLED_ANIMATIONS:true][ENABLE_SHARED_ELEMENT_TRANSITIONS:false][IOS_SYNCHRONOUSLY_UPDATE_UI_PROPS:false][USE_COMMIT_HOOK_ONLY_FOR_REACT_COMMITS:true]" -fno-omit-frame-pointer -fstack-protector-all -fvisibility=hidden -DNDEBUG -flto=thin -O2 -g -DNDEBUG -fPIC -DFOLLY_NO_CONFIG=1 -DFOLLY_HAVE_CLOCK_GETTIME=1 -DFOLLY_USE_LIBCPP=1 -DFOLLY_CFG_NO_COROUTINES=1 -DFOLLY_MOBILE=1 -DFOLLY_HAVE_RECVMMSG=1 -DFOLLY_HAVE_PTHREAD=1 -DFOLLY_HAVE_XSI_STRERROR_R=1 -Wall -Werror -fexceptions -frtti -std=c++20 -DLOG_TAG=\"ReactNative\" -std=gnu++20 -MD -MT CMakeFiles/reanimated.dir/994c0676b2314ffd6b40f7be9b05d1a6/Common/cpp/reanimated/CSS/interpolation/filters/FilterOperation.cpp.o -MF CMakeFiles\reanimated.dir\994c0676b2314ffd6b40f7be9b05d1a6\Common\cpp\reanimated\CSS\interpolation\filters\FilterOperation.cpp.o.d -o CMakeFiles/reanimated.dir/994c0676b2314ffd6b40f7be9b05d1a6/Common/cpp/reanimated/CSS/interpolation/filters/FilterOperation.cpp.o -c D:/Projects/touch/touch-mobile/node_modules/react-native-reanimated/Common/cpp/reanimated/CSS/interpolation/filters/FilterOperation.cpp
C/C++: 0.	Program arguments: D:\\AndroidStudioProjects\\Sdk\\ndk\\28.2.13676358\\toolchains\\llvm\\prebuilt\\windows-x86_64\\bin\\clang++.exe --target=aarch64-none-linux-android24 --sysroot=D:/AndroidStudioProjects/Sdk/ndk/28.2.13676358/toolchains/llvm/prebuilt/windows-x86_64/sysroot -DRN_SERIALIZABLE_STATE -Dreanimated_EXPORTS -ID:/Projects/touch/touch-mobile/node_modules/react-native-reanimated/android/../Common/cpp -ID:/Projects/touch/touch-mobile/node_modules/react-native-reanimated/android/src/main/cpp -ID:/Projects/touch/touch-mobile/node_modules/react-native/ReactCommon -ID:/Projects/touch/touch-mobile/node_modules/react-native/ReactCommon/yoga -ID:/Projects/touch/touch-mobile/node_modules/react-native/ReactAndroid/src/main/jni/react/turbomodule -ID:/Projects/touch/touch-mobile/node_modules/react-native/ReactCommon/callinvoker -ID:/Projects/touch/touch-mobile/node_modules/react-native/ReactCommon/runtimeexecutor -ID:/Projects/touch/touch-mobile/node_modules/react-native/ReactCommon/jsiexecutor -ID:/Projects/touch/touch-mobile/node_modules/react-native/ReactCommon/react/renderer/graphics/platform/cxx -isystem D:/AndroidStudioProjects/.gradle/caches/8.13/transforms/761d13cc5b0f08ac09c3c16bb3bc519a/transformed/jetified-react-android-0.81.5-release/prefab/modules/reactnative/include -isystem D:/AndroidStudioProjects/.gradle/caches/8.13/transforms/761d13cc5b0f08ac09c3c16bb3bc519a/transformed/jetified-react-android-0.81.5-release/prefab/modules/jsi/include -isystem D:/AndroidStudioProjects/.gradle/caches/8.13/transforms/496183c206113a51ea543412a7084c83/transformed/jetified-fbjni-0.7.0/prefab/modules/fbjni/include -isystem D:/Projects/touch/touch-mobile/node_modules/react-native-worklets/android/build/prefab-headers/worklets -g -DANDROID -fdata-sections -ffunction-sections -funwind-tables -fstack-protector-strong -no-canonical-prefixes -D_FORTIFY_SOURCE=2 -Wformat -Werror=format-security -DREACT_NATIVE_MINOR_VERSION=81 -DREANIMATED_VERSION=4.3.1 -DREANIMATED_FEATURE_FLAGS=[EXPERIMENTAL_CSS_ANIMATIONS_FOR_SVG_COMPONENTS:false][RUNTIME_TEST_FLAG:false][DISABLE_COMMIT_PAUSING_MECHANISM:false][ANDROID_SYNCHRONOUSLY_UPDATE_UI_PROPS:false][USE_SYNCHRONIZABLE_FOR_MUTABLES:true][FORCE_REACT_RENDER_FOR_SETTLED_ANIMATIONS:true][ENABLE_SHARED_ELEMENT_TRANSITIONS:false][IOS_SYNCHRONOUSLY_UPDATE_UI_PROPS:false][USE_COMMIT_HOOK_ONLY_FOR_REACT_COMMITS:true] -fno-omit-frame-pointer -fstack-protector-all -fvisibility=hidden -DNDEBUG -flto=thin -O2 -g -DNDEBUG -fPIC -DFOLLY_NO_CONFIG=1 -DFOLLY_HAVE_CLOCK_GETTIME=1 -DFOLLY_USE_LIBCPP=1 -DFOLLY_CFG_NO_COROUTINES=1 -DFOLLY_MOBILE=1 -DFOLLY_HAVE_RECVMMSG=1 -DFOLLY_HAVE_PTHREAD=1 -DFOLLY_HAVE_XSI_STRERROR_R=1 -Wall -Werror -fexceptions -frtti -std=c++20 -DLOG_TAG=\"ReactNative\" -std=gnu++20 -MD -MT CMakeFiles/reanimated.dir/994c0676b2314ffd6b40f7be9b05d1a6/Common/cpp/reanimated/CSS/interpolation/filters/FilterOperation.cpp.o -MF CMakeFiles\\reanimated.dir\\994c0676b2314ffd6b40f7be9b05d1a6\\Common\\cpp\\reanimated\\CSS\\interpolation\\filters\\FilterOperation.cpp.o.d -o CMakeFiles/reanimated.dir/994c0676b2314ffd6b40f7be9b05d1a6/Common/cpp/reanimated/CSS/interpolation/filters/FilterOperation.cpp.o -c D:/Projects/touch/touch-mobile/node_modules/react-native-reanimated/Common/cpp/reanimated/CSS/interpolation/filters/FilterOperation.cpp
C/C++: clang++: error: clang frontend command failed due to signal (use -v to see invocation)
C/C++: Android (13624864, based on r530567e) clang version 19.0.1 (https://android.googlesource.com/toolchain/llvm-project 97a699bf4812a18fb657c2779f5296a4ab2694d2)
C/C++: Target: aarch64-none-linux-android24
C/C++: Thread model: posix
C/C++: InstalledDir: D:/AndroidStudioProjects/Sdk/ndk/28.2.13676358/toolchains/llvm/prebuilt/windows-x86_64/bin
C/C++: clang++: error: unable to execute command: Couldn't execute program 'D:/AndroidStudioProjects/Sdk/ndk/28.2.13676358/toolchains/llvm/prebuilt/windows-x86_64/bin/clang++.exe': Insufficient system resources exist to complete the requested service.  (0x5AA)
C/C++: clang++: note: diagnostic msg: Error generating preprocessed source(s).
C/C++: [6/79] Building CXX object CMakeFiles/reanimated.dir/994c0676b2314ffd6b40f7be9b05d1a6/Common/cpp/reanimated/CSS/common/values/CSSDiscreteArray.cpp.o
C/C++: FAILED: CMakeFiles/reanimated.dir/994c0676b2314ffd6b40f7be9b05d1a6/Common/cpp/reanimated/CSS/common/values/CSSDiscreteArray.cpp.o 
C/C++: D:\AndroidStudioProjects\Sdk\ndk\28.2.13676358\toolchains\llvm\prebuilt\windows-x86_64\bin\clang++.exe --target=aarch64-none-linux-android24 --sysroot=D:/AndroidStudioProjects/Sdk/ndk/28.2.13676358/toolchains/llvm/prebuilt/windows-x86_64/sysroot -DRN_SERIALIZABLE_STATE -Dreanimated_EXPORTS -ID:/Projects/touch/touch-mobile/node_modules/react-native-reanimated/android/../Common/cpp -ID:/Projects/touch/touch-mobile/node_modules/react-native-reanimated/android/src/main/cpp -ID:/Projects/touch/touch-mobile/node_modules/react-native/ReactCommon -ID:/Projects/touch/touch-mobile/node_modules/react-native/ReactCommon/yoga -ID:/Projects/touch/touch-mobile/node_modules/react-native/ReactAndroid/src/main/jni/react/turbomodule -ID:/Projects/touch/touch-mobile/node_modules/react-native/ReactCommon/callinvoker -ID:/Projects/touch/touch-mobile/node_modules/react-native/ReactCommon/runtimeexecutor -ID:/Projects/touch/touch-mobile/node_modules/react-native/ReactCommon/jsiexecutor -ID:/Projects/touch/touch-mobile/node_modules/react-native/ReactCommon/react/renderer/graphics/platform/cxx -isystem D:/AndroidStudioProjects/.gradle/caches/8.13/transforms/761d13cc5b0f08ac09c3c16bb3bc519a/transformed/jetified-react-android-0.81.5-release/prefab/modules/reactnative/include -isystem D:/AndroidStudioProjects/.gradle/caches/8.13/transforms/761d13cc5b0f08ac09c3c16bb3bc519a/transformed/jetified-react-android-0.81.5-release/prefab/modules/jsi/include -isystem D:/AndroidStudioProjects/.gradle/caches/8.13/transforms/496183c206113a51ea543412a7084c83/transformed/jetified-fbjni-0.7.0/prefab/modules/fbjni/include -isystem D:/Projects/touch/touch-mobile/node_modules/react-native-worklets/android/build/prefab-headers/worklets -g -DANDROID -fdata-sections -ffunction-sections -funwind-tables -fstack-protector-strong -no-canonical-prefixes -D_FORTIFY_SOURCE=2 -Wformat -Werror=format-security   -DREACT_NATIVE_MINOR_VERSION=81    -DREANIMATED_VERSION=4.3.1    -DREANIMATED_FEATURE_FLAGS="[EXPERIMENTAL_CSS_ANIMATIONS_FOR_SVG_COMPONENTS:false][RUNTIME_TEST_FLAG:false][DISABLE_COMMIT_PAUSING_MECHANISM:false][ANDROID_SYNCHRONOUSLY_UPDATE_UI_PROPS:false][USE_SYNCHRONIZABLE_FOR_MUTABLES:true][FORCE_REACT_RENDER_FOR_SETTLED_ANIMATIONS:true][ENABLE_SHARED_ELEMENT_TRANSITIONS:false][IOS_SYNCHRONOUSLY_UPDATE_UI_PROPS:false][USE_COMMIT_HOOK_ONLY_FOR_REACT_COMMITS:true]" -fno-omit-frame-pointer -fstack-protector-all -fvisibility=hidden -DNDEBUG -flto=thin -O2 -g -DNDEBUG -fPIC -DFOLLY_NO_CONFIG=1 -DFOLLY_HAVE_CLOCK_GETTIME=1 -DFOLLY_USE_LIBCPP=1 -DFOLLY_CFG_NO_COROUTINES=1 -DFOLLY_MOBILE=1 -DFOLLY_HAVE_RECVMMSG=1 -DFOLLY_HAVE_PTHREAD=1 -DFOLLY_HAVE_XSI_STRERROR_R=1 -Wall -Werror -fexceptions -frtti -std=c++20 -DLOG_TAG=\"ReactNative\" -std=gnu++20 -MD -MT CMakeFiles/reanimated.dir/994c0676b2314ffd6b40f7be9b05d1a6/Common/cpp/reanimated/CSS/common/values/CSSDiscreteArray.cpp.o -MF CMakeFiles\reanimated.dir\994c0676b2314ffd6b40f7be9b05d1a6\Common\cpp\reanimated\CSS\common\values\CSSDiscreteArray.cpp.o.d -o CMakeFiles/reanimated.dir/994c0676b2314ffd6b40f7be9b05d1a6/Common/cpp/reanimated/CSS/common/values/CSSDiscreteArray.cpp.o -c D:/Projects/touch/touch-mobile/node_modules/react-native-reanimated/Common/cpp/reanimated/CSS/common/values/CSSDiscreteArray.cpp
C/C++: 0.	Program arguments: D:\\AndroidStudioProjects\\Sdk\\ndk\\28.2.13676358\\toolchains\\llvm\\prebuilt\\windows-x86_64\\bin\\clang++.exe --target=aarch64-none-linux-android24 --sysroot=D:/AndroidStudioProjects/Sdk/ndk/28.2.13676358/toolchains/llvm/prebuilt/windows-x86_64/sysroot -DRN_SERIALIZABLE_STATE -Dreanimated_EXPORTS -ID:/Projects/touch/touch-mobile/node_modules/react-native-reanimated/android/../Common/cpp -ID:/Projects/touch/touch-mobile/node_modules/react-native-reanimated/android/src/main/cpp -ID:/Projects/touch/touch-mobile/node_modules/react-native/ReactCommon -ID:/Projects/touch/touch-mobile/node_modules/react-native/ReactCommon/yoga -ID:/Projects/touch/touch-mobile/node_modules/react-native/ReactAndroid/src/main/jni/react/turbomodule -ID:/Projects/touch/touch-mobile/node_modules/react-native/ReactCommon/callinvoker -ID:/Projects/touch/touch-mobile/node_modules/react-native/ReactCommon/runtimeexecutor -ID:/Projects/touch/touch-mobile/node_modules/react-native/ReactCommon/jsiexecutor -ID:/Projects/touch/touch-mobile/node_modules/react-native/ReactCommon/react/renderer/graphics/platform/cxx -isystem D:/AndroidStudioProjects/.gradle/caches/8.13/transforms/761d13cc5b0f08ac09c3c16bb3bc519a/transformed/jetified-react-android-0.81.5-release/prefab/modules/reactnative/include -isystem D:/AndroidStudioProjects/.gradle/caches/8.13/transforms/761d13cc5b0f08ac09c3c16bb3bc519a/transformed/jetified-react-android-0.81.5-release/prefab/modules/jsi/include -isystem D:/AndroidStudioProjects/.gradle/caches/8.13/transforms/496183c206113a51ea543412a7084c83/transformed/jetified-fbjni-0.7.0/prefab/modules/fbjni/include -isystem D:/Projects/touch/touch-mobile/node_modules/react-native-worklets/android/build/prefab-headers/worklets -g -DANDROID -fdata-sections -ffunction-sections -funwind-tables -fstack-protector-strong -no-canonical-prefixes -D_FORTIFY_SOURCE=2 -Wformat -Werror=format-security -DREACT_NATIVE_MINOR_VERSION=81 -DREANIMATED_VERSION=4.3.1 -DREANIMATED_FEATURE_FLAGS=[EXPERIMENTAL_CSS_ANIMATIONS_FOR_SVG_COMPONENTS:false][RUNTIME_TEST_FLAG:false][DISABLE_COMMIT_PAUSING_MECHANISM:false][ANDROID_SYNCHRONOUSLY_UPDATE_UI_PROPS:false][USE_SYNCHRONIZABLE_FOR_MUTABLES:true][FORCE_REACT_RENDER_FOR_SETTLED_ANIMATIONS:true][ENABLE_SHARED_ELEMENT_TRANSITIONS:false][IOS_SYNCHRONOUSLY_UPDATE_UI_PROPS:false][USE_COMMIT_HOOK_ONLY_FOR_REACT_COMMITS:true] -fno-omit-frame-pointer -fstack-protector-all -fvisibility=hidden -DNDEBUG -flto=thin -O2 -g -DNDEBUG -fPIC -DFOLLY_NO_CONFIG=1 -DFOLLY_HAVE_CLOCK_GETTIME=1 -DFOLLY_USE_LIBCPP=1 -DFOLLY_CFG_NO_COROUTINES=1 -DFOLLY_MOBILE=1 -DFOLLY_HAVE_RECVMMSG=1 -DFOLLY_HAVE_PTHREAD=1 -DFOLLY_HAVE_XSI_STRERROR_R=1 -Wall -Werror -fexceptions -frtti -std=c++20 -DLOG_TAG=\"ReactNative\" -std=gnu++20 -MD -MT CMakeFiles/reanimated.dir/994c0676b2314ffd6b40f7be9b05d1a6/Common/cpp/reanimated/CSS/common/values/CSSDiscreteArray.cpp.o -MF CMakeFiles\\reanimated.dir\\994c0676b2314ffd6b40f7be9b05d1a6\\Common\\cpp\\reanimated\\CSS\\common\\values\\CSSDiscreteArray.cpp.o.d -o CMakeFiles/reanimated.dir/994c0676b2314ffd6b40f7be9b05d1a6/Common/cpp/reanimated/CSS/common/values/CSSDiscreteArray.cpp.o -c D:/Projects/touch/touch-mobile/node_modules/react-native-reanimated/Common/cpp/reanimated/CSS/common/values/CSSDiscreteArray.cpp
C/C++: clang++: error: clang frontend command failed due to signal (use -v to see invocation)
C/C++: Android (13624864, based on r530567e) clang version 19.0.1 (https://android.googlesource.com/toolchain/llvm-project 97a699bf4812a18fb657c2779f5296a4ab2694d2)
C/C++: Target: aarch64-none-linux-android24
C/C++: Thread model: posix
C/C++: InstalledDir: D:/AndroidStudioProjects/Sdk/ndk/28.2.13676358/toolchains/llvm/prebuilt/windows-x86_64/bin
C/C++: clang++: error: unable to execute command: Couldn't execute program 'D:/AndroidStudioProjects/Sdk/ndk/28.2.13676358/toolchains/llvm/prebuilt/windows-x86_64/bin/clang++.exe': The paging file is too small for this operation to complete.  (0x5AF)
C/C++: clang++: note: diagnostic msg: Error generating preprocessed source(s).
C/C++: [7/79] Building CXX object CMakeFiles/reanimated.dir/994c0676b2314ffd6b40f7be9b05d1a6/Common/cpp/reanimated/CSS/common/values/CSSAngle.cpp.o
C/C++: FAILED: CMakeFiles/reanimated.dir/994c0676b2314ffd6b40f7be9b05d1a6/Common/cpp/reanimated/CSS/common/values/CSSAngle.cpp.o 
C/C++: D:\AndroidStudioProjects\Sdk\ndk\28.2.13676358\toolchains\llvm\prebuilt\windows-x86_64\bin\clang++.exe --target=aarch64-none-linux-android24 --sysroot=D:/AndroidStudioProjects/Sdk/ndk/28.2.13676358/toolchains/llvm/prebuilt/windows-x86_64/sysroot -DRN_SERIALIZABLE_STATE -Dreanimated_EXPORTS -ID:/Projects/touch/touch-mobile/node_modules/react-native-reanimated/android/../Common/cpp -ID:/Projects/touch/touch-mobile/node_modules/react-native-reanimated/android/src/main/cpp -ID:/Projects/touch/touch-mobile/node_modules/react-native/ReactCommon -ID:/Projects/touch/touch-mobile/node_modules/react-native/ReactCommon/yoga -ID:/Projects/touch/touch-mobile/node_modules/react-native/ReactAndroid/src/main/jni/react/turbomodule -ID:/Projects/touch/touch-mobile/node_modules/react-native/ReactCommon/callinvoker -ID:/Projects/touch/touch-mobile/node_modules/react-native/ReactCommon/runtimeexecutor -ID:/Projects/touch/touch-mobile/node_modules/react-native/ReactCommon/jsiexecutor -ID:/Projects/touch/touch-mobile/node_modules/react-native/ReactCommon/react/renderer/graphics/platform/cxx -isystem D:/AndroidStudioProjects/.gradle/caches/8.13/transforms/761d13cc5b0f08ac09c3c16bb3bc519a/transformed/jetified-react-android-0.81.5-release/prefab/modules/reactnative/include -isystem D:/AndroidStudioProjects/.gradle/caches/8.13/transforms/761d13cc5b0f08ac09c3c16bb3bc519a/transformed/jetified-react-android-0.81.5-release/prefab/modules/jsi/include -isystem D:/AndroidStudioProjects/.gradle/caches/8.13/transforms/496183c206113a51ea543412a7084c83/transformed/jetified-fbjni-0.7.0/prefab/modules/fbjni/include -isystem D:/Projects/touch/touch-mobile/node_modules/react-native-worklets/android/build/prefab-headers/worklets -g -DANDROID -fdata-sections -ffunction-sections -funwind-tables -fstack-protector-strong -no-canonical-prefixes -D_FORTIFY_SOURCE=2 -Wformat -Werror=format-security   -DREACT_NATIVE_MINOR_VERSION=81    -DREANIMATED_VERSION=4.3.1    -DREANIMATED_FEATURE_FLAGS="[EXPERIMENTAL_CSS_ANIMATIONS_FOR_SVG_COMPONENTS:false][RUNTIME_TEST_FLAG:false][DISABLE_COMMIT_PAUSING_MECHANISM:false][ANDROID_SYNCHRONOUSLY_UPDATE_UI_PROPS:false][USE_SYNCHRONIZABLE_FOR_MUTABLES:true][FORCE_REACT_RENDER_FOR_SETTLED_ANIMATIONS:true][ENABLE_SHARED_ELEMENT_TRANSITIONS:false][IOS_SYNCHRONOUSLY_UPDATE_UI_PROPS:false][USE_COMMIT_HOOK_ONLY_FOR_REACT_COMMITS:true]" -fno-omit-frame-pointer -fstack-protector-all -fvisibility=hidden -DNDEBUG -flto=thin -O2 -g -DNDEBUG -fPIC -DFOLLY_NO_CONFIG=1 -DFOLLY_HAVE_CLOCK_GETTIME=1 -DFOLLY_USE_LIBCPP=1 -DFOLLY_CFG_NO_COROUTINES=1 -DFOLLY_MOBILE=1 -DFOLLY_HAVE_RECVMMSG=1 -DFOLLY_HAVE_PTHREAD=1 -DFOLLY_HAVE_XSI_STRERROR_R=1 -Wall -Werror -fexceptions -frtti -std=c++20 -DLOG_TAG=\"ReactNative\" -std=gnu++20 -MD -MT CMakeFiles/reanimated.dir/994c0676b2314ffd6b40f7be9b05d1a6/Common/cpp/reanimated/CSS/common/values/CSSAngle.cpp.o -MF CMakeFiles\reanimated.dir\994c0676b2314ffd6b40f7be9b05d1a6\Common\cpp\reanimated\CSS\common\values\CSSAngle.cpp.o.d -o CMakeFiles/reanimated.dir/994c0676b2314ffd6b40f7be9b05d1a6/Common/cpp/reanimated/CSS/common/values/CSSAngle.cpp.o -c D:/Projects/touch/touch-mobile/node_modules/react-native-reanimated/Common/cpp/reanimated/CSS/common/values/CSSAngle.cpp
C/C++: 0.	Program arguments: D:\\AndroidStudioProjects\\Sdk\\ndk\\28.2.13676358\\toolchains\\llvm\\prebuilt\\windows-x86_64\\bin\\clang++.exe --target=aarch64-none-linux-android24 --sysroot=D:/AndroidStudioProjects/Sdk/ndk/28.2.13676358/toolchains/llvm/prebuilt/windows-x86_64/sysroot -DRN_SERIALIZABLE_STATE -Dreanimated_EXPORTS -ID:/Projects/touch/touch-mobile/node_modules/react-native-reanimated/android/../Common/cpp -ID:/Projects/touch/touch-mobile/node_modules/react-native-reanimated/android/src/main/cpp -ID:/Projects/touch/touch-mobile/node_modules/react-native/ReactCommon -ID:/Projects/touch/touch-mobile/node_modules/react-native/ReactCommon/yoga -ID:/Projects/touch/touch-mobile/node_modules/react-native/ReactAndroid/src/main/jni/react/turbomodule -ID:/Projects/touch/touch-mobile/node_modules/react-native/ReactCommon/callinvoker -ID:/Projects/touch/touch-mobile/node_modules/react-native/ReactCommon/runtimeexecutor -ID:/Projects/touch/touch-mobile/node_modules/react-native/ReactCommon/jsiexecutor -ID:/Projects/touch/touch-mobile/node_modules/react-native/ReactCommon/react/renderer/graphics/platform/cxx -isystem D:/AndroidStudioProjects/.gradle/caches/8.13/transforms/761d13cc5b0f08ac09c3c16bb3bc519a/transformed/jetified-react-android-0.81.5-release/prefab/modules/reactnative/include -isystem D:/AndroidStudioProjects/.gradle/caches/8.13/transforms/761d13cc5b0f08ac09c3c16bb3bc519a/transformed/jetified-react-android-0.81.5-release/prefab/modules/jsi/include -isystem D:/AndroidStudioProjects/.gradle/caches/8.13/transforms/496183c206113a51ea543412a7084c83/transformed/jetified-fbjni-0.7.0/prefab/modules/fbjni/include -isystem D:/Projects/touch/touch-mobile/node_modules/react-native-worklets/android/build/prefab-headers/worklets -g -DANDROID -fdata-sections -ffunction-sections -funwind-tables -fstack-protector-strong -no-canonical-prefixes -D_FORTIFY_SOURCE=2 -Wformat -Werror=format-security -DREACT_NATIVE_MINOR_VERSION=81 -DREANIMATED_VERSION=4.3.1 -DREANIMATED_FEATURE_FLAGS=[EXPERIMENTAL_CSS_ANIMATIONS_FOR_SVG_COMPONENTS:false][RUNTIME_TEST_FLAG:false][DISABLE_COMMIT_PAUSING_MECHANISM:false][ANDROID_SYNCHRONOUSLY_UPDATE_UI_PROPS:false][USE_SYNCHRONIZABLE_FOR_MUTABLES:true][FORCE_REACT_RENDER_FOR_SETTLED_ANIMATIONS:true][ENABLE_SHARED_ELEMENT_TRANSITIONS:false][IOS_SYNCHRONOUSLY_UPDATE_UI_PROPS:false][USE_COMMIT_HOOK_ONLY_FOR_REACT_COMMITS:true] -fno-omit-frame-pointer -fstack-protector-all -fvisibility=hidden -DNDEBUG -flto=thin -O2 -g -DNDEBUG -fPIC -DFOLLY_NO_CONFIG=1 -DFOLLY_HAVE_CLOCK_GETTIME=1 -DFOLLY_USE_LIBCPP=1 -DFOLLY_CFG_NO_COROUTINES=1 -DFOLLY_MOBILE=1 -DFOLLY_HAVE_RECVMMSG=1 -DFOLLY_HAVE_PTHREAD=1 -DFOLLY_HAVE_XSI_STRERROR_R=1 -Wall -Werror -fexceptions -frtti -std=c++20 -DLOG_TAG=\"ReactNative\" -std=gnu++20 -MD -MT CMakeFiles/reanimated.dir/994c0676b2314ffd6b40f7be9b05d1a6/Common/cpp/reanimated/CSS/common/values/CSSAngle.cpp.o -MF CMakeFiles\\reanimated.dir\\994c0676b2314ffd6b40f7be9b05d1a6\\Common\\cpp\\reanimated\\CSS\\common\\values\\CSSAngle.cpp.o.d -o CMakeFiles/reanimated.dir/994c0676b2314ffd6b40f7be9b05d1a6/Common/cpp/reanimated/CSS/common/values/CSSAngle.cpp.o -c D:/Projects/touch/touch-mobile/node_modules/react-native-reanimated/Common/cpp/reanimated/CSS/common/values/CSSAngle.cpp
C/C++: clang++: error: clang frontend command failed due to signal (use -v to see invocation)
C/C++: Android (13624864, based on r530567e) clang version 19.0.1 (https://android.googlesource.com/toolchain/llvm-project 97a699bf4812a18fb657c2779f5296a4ab2694d2)
C/C++: Target: aarch64-none-linux-android24
C/C++: Thread model: posix
C/C++: InstalledDir: D:/AndroidStudioProjects/Sdk/ndk/28.2.13676358/toolchains/llvm/prebuilt/windows-x86_64/bin
C/C++: clang++: error: unable to execute command: Couldn't execute program 'D:/AndroidStudioProjects/Sdk/ndk/28.2.13676358/toolchains/llvm/prebuilt/windows-x86_64/bin/clang++.exe': The paging file is too small for this operation to complete.  (0x5AF)
C/C++: clang++: note: diagnostic msg: Error generating preprocessed source(s).
C/C++: [8/79] Building CXX object CMakeFiles/reanimated.dir/994c0676b2314ffd6b40f7be9b05d1a6/Common/cpp/reanimated/CSS/common/values/CSSKeyword.cpp.o
C/C++: FAILED: CMakeFiles/reanimated.dir/994c0676b2314ffd6b40f7be9b05d1a6/Common/cpp/reanimated/CSS/common/values/CSSKeyword.cpp.o 
C/C++: D:\AndroidStudioProjects\Sdk\ndk\28.2.13676358\toolchains\llvm\prebuilt\windows-x86_64\bin\clang++.exe --target=aarch64-none-linux-android24 --sysroot=D:/AndroidStudioProjects/Sdk/ndk/28.2.13676358/toolchains/llvm/prebuilt/windows-x86_64/sysroot -DRN_SERIALIZABLE_STATE -Dreanimated_EXPORTS -ID:/Projects/touch/touch-mobile/node_modules/react-native-reanimated/android/../Common/cpp -ID:/Projects/touch/touch-mobile/node_modules/react-native-reanimated/android/src/main/cpp -ID:/Projects/touch/touch-mobile/node_modules/react-native/ReactCommon -ID:/Projects/touch/touch-mobile/node_modules/react-native/ReactCommon/yoga -ID:/Projects/touch/touch-mobile/node_modules/react-native/ReactAndroid/src/main/jni/react/turbomodule -ID:/Projects/touch/touch-mobile/node_modules/react-native/ReactCommon/callinvoker -ID:/Projects/touch/touch-mobile/node_modules/react-native/ReactCommon/runtimeexecutor -ID:/Projects/touch/touch-mobile/node_modules/react-native/ReactCommon/jsiexecutor -ID:/Projects/touch/touch-mobile/node_modules/react-native/ReactCommon/react/renderer/graphics/platform/cxx -isystem D:/AndroidStudioProjects/.gradle/caches/8.13/transforms/761d13cc5b0f08ac09c3c16bb3bc519a/transformed/jetified-react-android-0.81.5-release/prefab/modules/reactnative/include -isystem D:/AndroidStudioProjects/.gradle/caches/8.13/transforms/761d13cc5b0f08ac09c3c16bb3bc519a/transformed/jetified-react-android-0.81.5-release/prefab/modules/jsi/include -isystem D:/AndroidStudioProjects/.gradle/caches/8.13/transforms/496183c206113a51ea543412a7084c83/transformed/jetified-fbjni-0.7.0/prefab/modules/fbjni/include -isystem D:/Projects/touch/touch-mobile/node_modules/react-native-worklets/android/build/prefab-headers/worklets -g -DANDROID -fdata-sections -ffunction-sections -funwind-tables -fstack-protector-strong -no-canonical-prefixes -D_FORTIFY_SOURCE=2 -Wformat -Werror=format-security   -DREACT_NATIVE_MINOR_VERSION=81    -DREANIMATED_VERSION=4.3.1    -DREANIMATED_FEATURE_FLAGS="[EXPERIMENTAL_CSS_ANIMATIONS_FOR_SVG_COMPONENTS:false][RUNTIME_TEST_FLAG:false][DISABLE_COMMIT_PAUSING_MECHANISM:false][ANDROID_SYNCHRONOUSLY_UPDATE_UI_PROPS:false][USE_SYNCHRONIZABLE_FOR_MUTABLES:true][FORCE_REACT_RENDER_FOR_SETTLED_ANIMATIONS:true][ENABLE_SHARED_ELEMENT_TRANSITIONS:false][IOS_SYNCHRONOUSLY_UPDATE_UI_PROPS:false][USE_COMMIT_HOOK_ONLY_FOR_REACT_COMMITS:true]" -fno-omit-frame-pointer -fstack-protector-all -fvisibility=hidden -DNDEBUG -flto=thin -O2 -g -DNDEBUG -fPIC -DFOLLY_NO_CONFIG=1 -DFOLLY_HAVE_CLOCK_GETTIME=1 -DFOLLY_USE_LIBCPP=1 -DFOLLY_CFG_NO_COROUTINES=1 -DFOLLY_MOBILE=1 -DFOLLY_HAVE_RECVMMSG=1 -DFOLLY_HAVE_PTHREAD=1 -DFOLLY_HAVE_XSI_STRERROR_R=1 -Wall -Werror -fexceptions -frtti -std=c++20 -DLOG_TAG=\"ReactNative\" -std=gnu++20 -MD -MT CMakeFiles/reanimated.dir/994c0676b2314ffd6b40f7be9b05d1a6/Common/cpp/reanimated/CSS/common/values/CSSKeyword.cpp.o -MF CMakeFiles\reanimated.dir\994c0676b2314ffd6b40f7be9b05d1a6\Common\cpp\reanimated\CSS\common\values\CSSKeyword.cpp.o.d -o CMakeFiles/reanimated.dir/994c0676b2314ffd6b40f7be9b05d1a6/Common/cpp/reanimated/CSS/common/values/CSSKeyword.cpp.o -c D:/Projects/touch/touch-mobile/node_modules/react-native-reanimated/Common/cpp/reanimated/CSS/common/values/CSSKeyword.cpp
C/C++: 0.	Program arguments: D:\\AndroidStudioProjects\\Sdk\\ndk\\28.2.13676358\\toolchains\\llvm\\prebuilt\\windows-x86_64\\bin\\clang++.exe --target=aarch64-none-linux-android24 --sysroot=D:/AndroidStudioProjects/Sdk/ndk/28.2.13676358/toolchains/llvm/prebuilt/windows-x86_64/sysroot -DRN_SERIALIZABLE_STATE -Dreanimated_EXPORTS -ID:/Projects/touch/touch-mobile/node_modules/react-native-reanimated/android/../Common/cpp -ID:/Projects/touch/touch-mobile/node_modules/react-native-reanimated/android/src/main/cpp -ID:/Projects/touch/touch-mobile/node_modules/react-native/ReactCommon -ID:/Projects/touch/touch-mobile/node_modules/react-native/ReactCommon/yoga -ID:/Projects/touch/touch-mobile/node_modules/react-native/ReactAndroid/src/main/jni/react/turbomodule -ID:/Projects/touch/touch-mobile/node_modules/react-native/ReactCommon/callinvoker -ID:/Projects/touch/touch-mobile/node_modules/react-native/ReactCommon/runtimeexecutor -ID:/Projects/touch/touch-mobile/node_modules/react-native/ReactCommon/jsiexecutor -ID:/Projects/touch/touch-mobile/node_modules/react-native/ReactCommon/react/renderer/graphics/platform/cxx -isystem D:/AndroidStudioProjects/.gradle/caches/8.13/transforms/761d13cc5b0f08ac09c3c16bb3bc519a/transformed/jetified-react-android-0.81.5-release/prefab/modules/reactnative/include -isystem D:/AndroidStudioProjects/.gradle/caches/8.13/transforms/761d13cc5b0f08ac09c3c16bb3bc519a/transformed/jetified-react-android-0.81.5-release/prefab/modules/jsi/include -isystem D:/AndroidStudioProjects/.gradle/caches/8.13/transforms/496183c206113a51ea543412a7084c83/transformed/jetified-fbjni-0.7.0/prefab/modules/fbjni/include -isystem D:/Projects/touch/touch-mobile/node_modules/react-native-worklets/android/build/prefab-headers/worklets -g -DANDROID -fdata-sections -ffunction-sections -funwind-tables -fstack-protector-strong -no-canonical-prefixes -D_FORTIFY_SOURCE=2 -Wformat -Werror=format-security -DREACT_NATIVE_MINOR_VERSION=81 -DREANIMATED_VERSION=4.3.1 -DREANIMATED_FEATURE_FLAGS=[EXPERIMENTAL_CSS_ANIMATIONS_FOR_SVG_COMPONENTS:false][RUNTIME_TEST_FLAG:false][DISABLE_COMMIT_PAUSING_MECHANISM:false][ANDROID_SYNCHRONOUSLY_UPDATE_UI_PROPS:false][USE_SYNCHRONIZABLE_FOR_MUTABLES:true][FORCE_REACT_RENDER_FOR_SETTLED_ANIMATIONS:true][ENABLE_SHARED_ELEMENT_TRANSITIONS:false][IOS_SYNCHRONOUSLY_UPDATE_UI_PROPS:false][USE_COMMIT_HOOK_ONLY_FOR_REACT_COMMITS:true] -fno-omit-frame-pointer -fstack-protector-all -fvisibility=hidden -DNDEBUG -flto=thin -O2 -g -DNDEBUG -fPIC -DFOLLY_NO_CONFIG=1 -DFOLLY_HAVE_CLOCK_GETTIME=1 -DFOLLY_USE_LIBCPP=1 -DFOLLY_CFG_NO_COROUTINES=1 -DFOLLY_MOBILE=1 -DFOLLY_HAVE_RECVMMSG=1 -DFOLLY_HAVE_PTHREAD=1 -DFOLLY_HAVE_XSI_STRERROR_R=1 -Wall -Werror -fexceptions -frtti -std=c++20 -DLOG_TAG=\"ReactNative\" -std=gnu++20 -MD -MT CMakeFiles/reanimated.dir/994c0676b2314ffd6b40f7be9b05d1a6/Common/cpp/reanimated/CSS/common/values/CSSKeyword.cpp.o -MF CMakeFiles\\reanimated.dir\\994c0676b2314ffd6b40f7be9b05d1a6\\Common\\cpp\\reanimated\\CSS\\common\\values\\CSSKeyword.cpp.o.d -o CMakeFiles/reanimated.dir/994c0676b2314ffd6b40f7be9b05d1a6/Common/cpp/reanimated/CSS/common/values/CSSKeyword.cpp.o -c D:/Projects/touch/touch-mobile/node_modules/react-native-reanimated/Common/cpp/reanimated/CSS/common/values/CSSKeyword.cpp
C/C++: clang++: error: clang frontend command failed due to signal (use -v to see invocation)
C/C++: Android (13624864, based on r530567e) clang version 19.0.1 (https://android.googlesource.com/toolchain/llvm-project 97a699bf4812a18fb657c2779f5296a4ab2694d2)
C/C++: Target: aarch64-none-linux-android24
C/C++: Thread model: posix
C/C++: InstalledDir: D:/AndroidStudioProjects/Sdk/ndk/28.2.13676358/toolchains/llvm/prebuilt/windows-x86_64/bin
C/C++: clang++: error: unable to execute command: Couldn't execute program 'D:/AndroidStudioProjects/Sdk/ndk/28.2.13676358/toolchains/llvm/prebuilt/windows-x86_64/bin/clang++.exe': Insufficient system resources exist to complete the requested service.  (0x5AA)
C/C++: clang++: note: diagnostic msg: Error generating preprocessed source(s).
C/C++: [9/79] Building CXX object CMakeFiles/reanimated.dir/33b91de4d264c572fb056fa8a2284a61/react-native-reanimated/Common/cpp/reanimated/CSS/easing/linear.cpp.o
C/C++: FAILED: CMakeFiles/reanimated.dir/33b91de4d264c572fb056fa8a2284a61/react-native-reanimated/Common/cpp/reanimated/CSS/easing/linear.cpp.o 
C/C++: D:\AndroidStudioProjects\Sdk\ndk\28.2.13676358\toolchains\llvm\prebuilt\windows-x86_64\bin\clang++.exe --target=aarch64-none-linux-android24 --sysroot=D:/AndroidStudioProjects/Sdk/ndk/28.2.13676358/toolchains/llvm/prebuilt/windows-x86_64/sysroot -DRN_SERIALIZABLE_STATE -Dreanimated_EXPORTS -ID:/Projects/touch/touch-mobile/node_modules/react-native-reanimated/android/../Common/cpp -ID:/Projects/touch/touch-mobile/node_modules/react-native-reanimated/android/src/main/cpp -ID:/Projects/touch/touch-mobile/node_modules/react-native/ReactCommon -ID:/Projects/touch/touch-mobile/node_modules/react-native/ReactCommon/yoga -ID:/Projects/touch/touch-mobile/node_modules/react-native/ReactAndroid/src/main/jni/react/turbomodule -ID:/Projects/touch/touch-mobile/node_modules/react-native/ReactCommon/callinvoker -ID:/Projects/touch/touch-mobile/node_modules/react-native/ReactCommon/runtimeexecutor -ID:/Projects/touch/touch-mobile/node_modules/react-native/ReactCommon/jsiexecutor -ID:/Projects/touch/touch-mobile/node_modules/react-native/ReactCommon/react/renderer/graphics/platform/cxx -isystem D:/AndroidStudioProjects/.gradle/caches/8.13/transforms/761d13cc5b0f08ac09c3c16bb3bc519a/transformed/jetified-react-android-0.81.5-release/prefab/modules/reactnative/include -isystem D:/AndroidStudioProjects/.gradle/caches/8.13/transforms/761d13cc5b0f08ac09c3c16bb3bc519a/transformed/jetified-react-android-0.81.5-release/prefab/modules/jsi/include -isystem D:/AndroidStudioProjects/.gradle/caches/8.13/transforms/496183c206113a51ea543412a7084c83/transformed/jetified-fbjni-0.7.0/prefab/modules/fbjni/include -isystem D:/Projects/touch/touch-mobile/node_modules/react-native-worklets/android/build/prefab-headers/worklets -g -DANDROID -fdata-sections -ffunction-sections -funwind-tables -fstack-protector-strong -no-canonical-prefixes -D_FORTIFY_SOURCE=2 -Wformat -Werror=format-security   -DREACT_NATIVE_MINOR_VERSION=81    -DREANIMATED_VERSION=4.3.1    -DREANIMATED_FEATURE_FLAGS="[EXPERIMENTAL_CSS_ANIMATIONS_FOR_SVG_COMPONENTS:false][RUNTIME_TEST_FLAG:false][DISABLE_COMMIT_PAUSING_MECHANISM:false][ANDROID_SYNCHRONOUSLY_UPDATE_UI_PROPS:false][USE_SYNCHRONIZABLE_FOR_MUTABLES:true][FORCE_REACT_RENDER_FOR_SETTLED_ANIMATIONS:true][ENABLE_SHARED_ELEMENT_TRANSITIONS:false][IOS_SYNCHRONOUSLY_UPDATE_UI_PROPS:false][USE_COMMIT_HOOK_ONLY_FOR_REACT_COMMITS:true]" -fno-omit-frame-pointer -fstack-protector-all -fvisibility=hidden -DNDEBUG -flto=thin -O2 -g -DNDEBUG -fPIC -DFOLLY_NO_CONFIG=1 -DFOLLY_HAVE_CLOCK_GETTIME=1 -DFOLLY_USE_LIBCPP=1 -DFOLLY_CFG_NO_COROUTINES=1 -DFOLLY_MOBILE=1 -DFOLLY_HAVE_RECVMMSG=1 -DFOLLY_HAVE_PTHREAD=1 -DFOLLY_HAVE_XSI_STRERROR_R=1 -Wall -Werror -fexceptions -frtti -std=c++20 -DLOG_TAG=\"ReactNative\" -std=gnu++20 -MD -MT CMakeFiles/reanimated.dir/33b91de4d264c572fb056fa8a2284a61/react-native-reanimated/Common/cpp/reanimated/CSS/easing/linear.cpp.o -MF CMakeFiles\reanimated.dir\33b91de4d264c572fb056fa8a2284a61\react-native-reanimated\Common\cpp\reanimated\CSS\easing\linear.cpp.o.d -o CMakeFiles/reanimated.dir/33b91de4d264c572fb056fa8a2284a61/react-native-reanimated/Common/cpp/reanimated/CSS/easing/linear.cpp.o -c D:/Projects/touch/touch-mobile/node_modules/react-native-reanimated/Common/cpp/reanimated/CSS/easing/linear.cpp
C/C++: 0.	Program arguments: D:\\AndroidStudioProjects\\Sdk\\ndk\\28.2.13676358\\toolchains\\llvm\\prebuilt\\windows-x86_64\\bin\\clang++.exe --target=aarch64-none-linux-android24 --sysroot=D:/AndroidStudioProjects/Sdk/ndk/28.2.13676358/toolchains/llvm/prebuilt/windows-x86_64/sysroot -DRN_SERIALIZABLE_STATE -Dreanimated_EXPORTS -ID:/Projects/touch/touch-mobile/node_modules/react-native-reanimated/android/../Common/cpp -ID:/Projects/touch/touch-mobile/node_modules/react-native-reanimated/android/src/main/cpp -ID:/Projects/touch/touch-mobile/node_modules/react-native/ReactCommon -ID:/Projects/touch/touch-mobile/node_modules/react-native/ReactCommon/yoga -ID:/Projects/touch/touch-mobile/node_modules/react-native/ReactAndroid/src/main/jni/react/turbomodule -ID:/Projects/touch/touch-mobile/node_modules/react-native/ReactCommon/callinvoker -ID:/Projects/touch/touch-mobile/node_modules/react-native/ReactCommon/runtimeexecutor -ID:/Projects/touch/touch-mobile/node_modules/react-native/ReactCommon/jsiexecutor -ID:/Projects/touch/touch-mobile/node_modules/react-native/ReactCommon/react/renderer/graphics/platform/cxx -isystem D:/AndroidStudioProjects/.gradle/caches/8.13/transforms/761d13cc5b0f08ac09c3c16bb3bc519a/transformed/jetified-react-android-0.81.5-release/prefab/modules/reactnative/include -isystem D:/AndroidStudioProjects/.gradle/caches/8.13/transforms/761d13cc5b0f08ac09c3c16bb3bc519a/transformed/jetified-react-android-0.81.5-release/prefab/modules/jsi/include -isystem D:/AndroidStudioProjects/.gradle/caches/8.13/transforms/496183c206113a51ea543412a7084c83/transformed/jetified-fbjni-0.7.0/prefab/modules/fbjni/include -isystem D:/Projects/touch/touch-mobile/node_modules/react-native-worklets/android/build/prefab-headers/worklets -g -DANDROID -fdata-sections -ffunction-sections -funwind-tables -fstack-protector-strong -no-canonical-prefixes -D_FORTIFY_SOURCE=2 -Wformat -Werror=format-security -DREACT_NATIVE_MINOR_VERSION=81 -DREANIMATED_VERSION=4.3.1 -DREANIMATED_FEATURE_FLAGS=[EXPERIMENTAL_CSS_ANIMATIONS_FOR_SVG_COMPONENTS:false][RUNTIME_TEST_FLAG:false][DISABLE_COMMIT_PAUSING_MECHANISM:false][ANDROID_SYNCHRONOUSLY_UPDATE_UI_PROPS:false][USE_SYNCHRONIZABLE_FOR_MUTABLES:true][FORCE_REACT_RENDER_FOR_SETTLED_ANIMATIONS:true][ENABLE_SHARED_ELEMENT_TRANSITIONS:false][IOS_SYNCHRONOUSLY_UPDATE_UI_PROPS:false][USE_COMMIT_HOOK_ONLY_FOR_REACT_COMMITS:true] -fno-omit-frame-pointer -fstack-protector-all -fvisibility=hidden -DNDEBUG -flto=thin -O2 -g -DNDEBUG -fPIC -DFOLLY_NO_CONFIG=1 -DFOLLY_HAVE_CLOCK_GETTIME=1 -DFOLLY_USE_LIBCPP=1 -DFOLLY_CFG_NO_COROUTINES=1 -DFOLLY_MOBILE=1 -DFOLLY_HAVE_RECVMMSG=1 -DFOLLY_HAVE_PTHREAD=1 -DFOLLY_HAVE_XSI_STRERROR_R=1 -Wall -Werror -fexceptions -frtti -std=c++20 -DLOG_TAG=\"ReactNative\" -std=gnu++20 -MD -MT CMakeFiles/reanimated.dir/33b91de4d264c572fb056fa8a2284a61/react-native-reanimated/Common/cpp/reanimated/CSS/easing/linear.cpp.o -MF CMakeFiles\\reanimated.dir\\33b91de4d264c572fb056fa8a2284a61\\react-native-reanimated\\Common\\cpp\\reanimated\\CSS\\easing\\linear.cpp.o.d -o CMakeFiles/reanimated.dir/33b91de4d264c572fb056fa8a2284a61/react-native-reanimated/Common/cpp/reanimated/CSS/easing/linear.cpp.o -c D:/Projects/touch/touch-mobile/node_modules/react-native-reanimated/Common/cpp/reanimated/CSS/easing/linear.cpp
C/C++: clang++: error: clang frontend command failed due to signal (use -v to see invocation)
C/C++: Android (13624864, based on r530567e) clang version 19.0.1 (https://android.googlesource.com/toolchain/llvm-project 97a699bf4812a18fb657c2779f5296a4ab2694d2)
C/C++: Target: aarch64-none-linux-android24
C/C++: Thread model: posix
C/C++: InstalledDir: D:/AndroidStudioProjects/Sdk/ndk/28.2.13676358/toolchains/llvm/prebuilt/windows-x86_64/bin
C/C++: clang++: note: diagnostic msg: 
C/C++: ********************
C/C++: PLEASE ATTACH THE FOLLOWING FILES TO THE BUG REPORT:
C/C++: Preprocessed source(s) and associated run script(s) are located at:
C/C++: clang++: note: diagnostic msg: C:/Users/roybe/AppData/Local/Temp/linear-27908b.cpp
C/C++: clang++: note: diagnostic msg: C:/Users/roybe/AppData/Local/Temp/linear-27908b.sh
C/C++: clang++: note: diagnostic msg: 
C/C++: ********************
C/C++: [10/79] Building CXX object CMakeFiles/reanimated.dir/28589d058a79ca378130da8b28ff56a7/cpp/reanimated/CSS/interpolation/filters/FilterStyleInterpolator.cpp.o
C/C++: FAILED: CMakeFiles/reanimated.dir/28589d058a79ca378130da8b28ff56a7/cpp/reanimated/CSS/interpolation/filters/FilterStyleInterpolator.cpp.o 
C/C++: D:\AndroidStudioProjects\Sdk\ndk\28.2.13676358\toolchains\llvm\prebuilt\windows-x86_64\bin\clang++.exe --target=aarch64-none-linux-android24 --sysroot=D:/AndroidStudioProjects/Sdk/ndk/28.2.13676358/toolchains/llvm/prebuilt/windows-x86_64/sysroot -DRN_SERIALIZABLE_STATE -Dreanimated_EXPORTS -ID:/Projects/touch/touch-mobile/node_modules/react-native-reanimated/android/../Common/cpp -ID:/Projects/touch/touch-mobile/node_modules/react-native-reanimated/android/src/main/cpp -ID:/Projects/touch/touch-mobile/node_modules/react-native/ReactCommon -ID:/Projects/touch/touch-mobile/node_modules/react-native/ReactCommon/yoga -ID:/Projects/touch/touch-mobile/node_modules/react-native/ReactAndroid/src/main/jni/react/turbomodule -ID:/Projects/touch/touch-mobile/node_modules/react-native/ReactCommon/callinvoker -ID:/Projects/touch/touch-mobile/node_modules/react-native/ReactCommon/runtimeexecutor -ID:/Projects/touch/touch-mobile/node_modules/react-native/ReactCommon/jsiexecutor -ID:/Projects/touch/touch-mobile/node_modules/react-native/ReactCommon/react/renderer/graphics/platform/cxx -isystem D:/AndroidStudioProjects/.gradle/caches/8.13/transforms/761d13cc5b0f08ac09c3c16bb3bc519a/transformed/jetified-react-android-0.81.5-release/prefab/modules/reactnative/include -isystem D:/AndroidStudioProjects/.gradle/caches/8.13/transforms/761d13cc5b0f08ac09c3c16bb3bc519a/transformed/jetified-react-android-0.81.5-release/prefab/modules/jsi/include -isystem D:/AndroidStudioProjects/.gradle/caches/8.13/transforms/496183c206113a51ea543412a7084c83/transformed/jetified-fbjni-0.7.0/prefab/modules/fbjni/include -isystem D:/Projects/touch/touch-mobile/node_modules/react-native-worklets/android/build/prefab-headers/worklets -g -DANDROID -fdata-sections -ffunction-sections -funwind-tables -fstack-protector-strong -no-canonical-prefixes -D_FORTIFY_SOURCE=2 -Wformat -Werror=format-security   -DREACT_NATIVE_MINOR_VERSION=81    -DREANIMATED_VERSION=4.3.1    -DREANIMATED_FEATURE_FLAGS="[EXPERIMENTAL_CSS_ANIMATIONS_FOR_SVG_COMPONENTS:false][RUNTIME_TEST_FLAG:false][DISABLE_COMMIT_PAUSING_MECHANISM:false][ANDROID_SYNCHRONOUSLY_UPDATE_UI_PROPS:false][USE_SYNCHRONIZABLE_FOR_MUTABLES:true][FORCE_REACT_RENDER_FOR_SETTLED_ANIMATIONS:true][ENABLE_SHARED_ELEMENT_TRANSITIONS:false][IOS_SYNCHRONOUSLY_UPDATE_UI_PROPS:false][USE_COMMIT_HOOK_ONLY_FOR_REACT_COMMITS:true]" -fno-omit-frame-pointer -fstack-protector-all -fvisibility=hidden -DNDEBUG -flto=thin -O2 -g -DNDEBUG -fPIC -DFOLLY_NO_CONFIG=1 -DFOLLY_HAVE_CLOCK_GETTIME=1 -DFOLLY_USE_LIBCPP=1 -DFOLLY_CFG_NO_COROUTINES=1 -DFOLLY_MOBILE=1 -DFOLLY_HAVE_RECVMMSG=1 -DFOLLY_HAVE_PTHREAD=1 -DFOLLY_HAVE_XSI_STRERROR_R=1 -Wall -Werror -fexceptions -frtti -std=c++20 -DLOG_TAG=\"ReactNative\" -std=gnu++20 -MD -MT CMakeFiles/reanimated.dir/28589d058a79ca378130da8b28ff56a7/cpp/reanimated/CSS/interpolation/filters/FilterStyleInterpolator.cpp.o -MF CMakeFiles\reanimated.dir\28589d058a79ca378130da8b28ff56a7\cpp\reanimated\CSS\interpolation\filters\FilterStyleInterpolator.cpp.o.d -o CMakeFiles/reanimated.dir/28589d058a79ca378130da8b28ff56a7/cpp/reanimated/CSS/interpolation/filters/FilterStyleInterpolator.cpp.o -c D:/Projects/touch/touch-mobile/node_modules/react-native-reanimated/Common/cpp/reanimated/CSS/interpolation/filters/FilterStyleInterpolator.cpp
C/C++: 0.	Program arguments: D:\\AndroidStudioProjects\\Sdk\\ndk\\28.2.13676358\\toolchains\\llvm\\prebuilt\\windows-x86_64\\bin\\clang++.exe --target=aarch64-none-linux-android24 --sysroot=D:/AndroidStudioProjects/Sdk/ndk/28.2.13676358/toolchains/llvm/prebuilt/windows-x86_64/sysroot -DRN_SERIALIZABLE_STATE -Dreanimated_EXPORTS -ID:/Projects/touch/touch-mobile/node_modules/react-native-reanimated/android/../Common/cpp -ID:/Projects/touch/touch-mobile/node_modules/react-native-reanimated/android/src/main/cpp -ID:/Projects/touch/touch-mobile/node_modules/react-native/ReactCommon -ID:/Projects/touch/touch-mobile/node_modules/react-native/ReactCommon/yoga -ID:/Projects/touch/touch-mobile/node_modules/react-native/ReactAndroid/src/main/jni/react/turbomodule -ID:/Projects/touch/touch-mobile/node_modules/react-native/ReactCommon/callinvoker -ID:/Projects/touch/touch-mobile/node_modules/react-native/ReactCommon/runtimeexecutor -ID:/Projects/touch/touch-mobile/node_modules/react-native/ReactCommon/jsiexecutor -ID:/Projects/touch/touch-mobile/node_modules/react-native/ReactCommon/react/renderer/graphics/platform/cxx -isystem D:/AndroidStudioProjects/.gradle/caches/8.13/transforms/761d13cc5b0f08ac09c3c16bb3bc519a/transformed/jetified-react-android-0.81.5-release/prefab/modules/reactnative/include -isystem D:/AndroidStudioProjects/.gradle/caches/8.13/transforms/761d13cc5b0f08ac09c3c16bb3bc519a/transformed/jetified-react-android-0.81.5-release/prefab/modules/jsi/include -isystem D:/AndroidStudioProjects/.gradle/caches/8.13/transforms/496183c206113a51ea543412a7084c83/transformed/jetified-fbjni-0.7.0/prefab/modules/fbjni/include -isystem D:/Projects/touch/touch-mobile/node_modules/react-native-worklets/android/build/prefab-headers/worklets -g -DANDROID -fdata-sections -ffunction-sections -funwind-tables -fstack-protector-strong -no-canonical-prefixes -D_FORTIFY_SOURCE=2 -Wformat -Werror=format-security -DREACT_NATIVE_MINOR_VERSION=81 -DREANIMATED_VERSION=4.3.1 -DREANIMATED_FEATURE_FLAGS=[EXPERIMENTAL_CSS_ANIMATIONS_FOR_SVG_COMPONENTS:false][RUNTIME_TEST_FLAG:false][DISABLE_COMMIT_PAUSING_MECHANISM:false][ANDROID_SYNCHRONOUSLY_UPDATE_UI_PROPS:false][USE_SYNCHRONIZABLE_FOR_MUTABLES:true][FORCE_REACT_RENDER_FOR_SETTLED_ANIMATIONS:true][ENABLE_SHARED_ELEMENT_TRANSITIONS:false][IOS_SYNCHRONOUSLY_UPDATE_UI_PROPS:false][USE_COMMIT_HOOK_ONLY_FOR_REACT_COMMITS:true] -fno-omit-frame-pointer -fstack-protector-all -fvisibility=hidden -DNDEBUG -flto=thin -O2 -g -DNDEBUG -fPIC -DFOLLY_NO_CONFIG=1 -DFOLLY_HAVE_CLOCK_GETTIME=1 -DFOLLY_USE_LIBCPP=1 -DFOLLY_CFG_NO_COROUTINES=1 -DFOLLY_MOBILE=1 -DFOLLY_HAVE_RECVMMSG=1 -DFOLLY_HAVE_PTHREAD=1 -DFOLLY_HAVE_XSI_STRERROR_R=1 -Wall -Werror -fexceptions -frtti -std=c++20 -DLOG_TAG=\"ReactNative\" -std=gnu++20 -MD -MT CMakeFiles/reanimated.dir/28589d058a79ca378130da8b28ff56a7/cpp/reanimated/CSS/interpolation/filters/FilterStyleInterpolator.cpp.o -MF CMakeFiles\\reanimated.dir\\28589d058a79ca378130da8b28ff56a7\\cpp\\reanimated\\CSS\\interpolation\\filters\\FilterStyleInterpolator.cpp.o.d -o CMakeFiles/reanimated.dir/28589d058a79ca378130da8b28ff56a7/cpp/reanimated/CSS/interpolation/filters/FilterStyleInterpolator.cpp.o -c D:/Projects/touch/touch-mobile/node_modules/react-native-reanimated/Common/cpp/reanimated/CSS/interpolation/filters/FilterStyleInterpolator.cpp
C/C++: clang++: error: clang frontend command failed due to signal (use -v to see invocation)
C/C++: Android (13624864, based on r530567e) clang version 19.0.1 (https://android.googlesource.com/toolchain/llvm-project 97a699bf4812a18fb657c2779f5296a4ab2694d2)
C/C++: Target: aarch64-none-linux-android24
C/C++: Thread model: posix
C/C++: InstalledDir: D:/AndroidStudioProjects/Sdk/ndk/28.2.13676358/toolchains/llvm/prebuilt/windows-x86_64/bin
C/C++: clang++: note: diagnostic msg: 
C/C++: ********************
C/C++: PLEASE ATTACH THE FOLLOWING FILES TO THE BUG REPORT:
C/C++: Preprocessed source(s) and associated run script(s) are located at:
C/C++: clang++: note: diagnostic msg: C:/Users/roybe/AppData/Local/Temp/FilterStyleInterpolator-4c7b7f.cpp
C/C++: clang++: note: diagnostic msg: C:/Users/roybe/AppData/Local/Temp/FilterStyleInterpolator-4c7b7f.sh
C/C++: clang++: note: diagnostic msg: 
C/C++: ********************
C/C++: [11/79] Building CXX object CMakeFiles/reanimated.dir/994c0676b2314ffd6b40f7be9b05d1a6/Common/cpp/reanimated/CSS/common/transforms/TransformMatrix3D.cpp.o
C/C++: FAILED: CMakeFiles/reanimated.dir/994c0676b2314ffd6b40f7be9b05d1a6/Common/cpp/reanimated/CSS/common/transforms/TransformMatrix3D.cpp.o 
C/C++: D:\AndroidStudioProjects\Sdk\ndk\28.2.13676358\toolchains\llvm\prebuilt\windows-x86_64\bin\clang++.exe --target=aarch64-none-linux-android24 --sysroot=D:/AndroidStudioProjects/Sdk/ndk/28.2.13676358/toolchains/llvm/prebuilt/windows-x86_64/sysroot -DRN_SERIALIZABLE_STATE -Dreanimated_EXPORTS -ID:/Projects/touch/touch-mobile/node_modules/react-native-reanimated/android/../Common/cpp -ID:/Projects/touch/touch-mobile/node_modules/react-native-reanimated/android/src/main/cpp -ID:/Projects/touch/touch-mobile/node_modules/react-native/ReactCommon -ID:/Projects/touch/touch-mobile/node_modules/react-native/ReactCommon/yoga -ID:/Projects/touch/touch-mobile/node_modules/react-native/ReactAndroid/src/main/jni/react/turbomodule -ID:/Projects/touch/touch-mobile/node_modules/react-native/ReactCommon/callinvoker -ID:/Projects/touch/touch-mobile/node_modules/react-native/ReactCommon/runtimeexecutor -ID:/Projects/touch/touch-mobile/node_modules/react-native/ReactCommon/jsiexecutor -ID:/Projects/touch/touch-mobile/node_modules/react-native/ReactCommon/react/renderer/graphics/platform/cxx -isystem D:/AndroidStudioProjects/.gradle/caches/8.13/transforms/761d13cc5b0f08ac09c3c16bb3bc519a/transformed/jetified-react-android-0.81.5-release/prefab/modules/reactnative/include -isystem D:/AndroidStudioProjects/.gradle/caches/8.13/transforms/761d13cc5b0f08ac09c3c16bb3bc519a/transformed/jetified-react-android-0.81.5-release/prefab/modules/jsi/include -isystem D:/AndroidStudioProjects/.gradle/caches/8.13/transforms/496183c206113a51ea543412a7084c83/transformed/jetified-fbjni-0.7.0/prefab/modules/fbjni/include -isystem D:/Projects/touch/touch-mobile/node_modules/react-native-worklets/android/build/prefab-headers/worklets -g -DANDROID -fdata-sections -ffunction-sections -funwind-tables -fstack-protector-strong -no-canonical-prefixes -D_FORTIFY_SOURCE=2 -Wformat -Werror=format-security   -DREACT_NATIVE_MINOR_VERSION=81    -DREANIMATED_VERSION=4.3.1    -DREANIMATED_FEATURE_FLAGS="[EXPERIMENTAL_CSS_ANIMATIONS_FOR_SVG_COMPONENTS:false][RUNTIME_TEST_FLAG:false][DISABLE_COMMIT_PAUSING_MECHANISM:false][ANDROID_SYNCHRONOUSLY_UPDATE_UI_PROPS:false][USE_SYNCHRONIZABLE_FOR_MUTABLES:true][FORCE_REACT_RENDER_FOR_SETTLED_ANIMATIONS:true][ENABLE_SHARED_ELEMENT_TRANSITIONS:false][IOS_SYNCHRONOUSLY_UPDATE_UI_PROPS:false][USE_COMMIT_HOOK_ONLY_FOR_REACT_COMMITS:true]" -fno-omit-frame-pointer -fstack-protector-all -fvisibility=hidden -DNDEBUG -flto=thin -O2 -g -DNDEBUG -fPIC -DFOLLY_NO_CONFIG=1 -DFOLLY_HAVE_CLOCK_GETTIME=1 -DFOLLY_USE_LIBCPP=1 -DFOLLY_CFG_NO_COROUTINES=1 -DFOLLY_MOBILE=1 -DFOLLY_HAVE_RECVMMSG=1 -DFOLLY_HAVE_PTHREAD=1 -DFOLLY_HAVE_XSI_STRERROR_R=1 -Wall -Werror -fexceptions -frtti -std=c++20 -DLOG_TAG=\"ReactNative\" -std=gnu++20 -MD -MT CMakeFiles/reanimated.dir/994c0676b2314ffd6b40f7be9b05d1a6/Common/cpp/reanimated/CSS/common/transforms/TransformMatrix3D.cpp.o -MF CMakeFiles\reanimated.dir\994c0676b2314ffd6b40f7be9b05d1a6\Common\cpp\reanimated\CSS\common\transforms\TransformMatrix3D.cpp.o.d -o CMakeFiles/reanimated.dir/994c0676b2314ffd6b40f7be9b05d1a6/Common/cpp/reanimated/CSS/common/transforms/TransformMatrix3D.cpp.o -c D:/Projects/touch/touch-mobile/node_modules/react-native-reanimated/Common/cpp/reanimated/CSS/common/transforms/TransformMatrix3D.cpp
C/C++: 0.	Program arguments: D:\\AndroidStudioProjects\\Sdk\\ndk\\28.2.13676358\\toolchains\\llvm\\prebuilt\\windows-x86_64\\bin\\clang++.exe --target=aarch64-none-linux-android24 --sysroot=D:/AndroidStudioProjects/Sdk/ndk/28.2.13676358/toolchains/llvm/prebuilt/windows-x86_64/sysroot -DRN_SERIALIZABLE_STATE -Dreanimated_EXPORTS -ID:/Projects/touch/touch-mobile/node_modules/react-native-reanimated/android/../Common/cpp -ID:/Projects/touch/touch-mobile/node_modules/react-native-reanimated/android/src/main/cpp -ID:/Projects/touch/touch-mobile/node_modules/react-native/ReactCommon -ID:/Projects/touch/touch-mobile/node_modules/react-native/ReactCommon/yoga -ID:/Projects/touch/touch-mobile/node_modules/react-native/ReactAndroid/src/main/jni/react/turbomodule -ID:/Projects/touch/touch-mobile/node_modules/react-native/ReactCommon/callinvoker -ID:/Projects/touch/touch-mobile/node_modules/react-native/ReactCommon/runtimeexecutor -ID:/Projects/touch/touch-mobile/node_modules/react-native/ReactCommon/jsiexecutor -ID:/Projects/touch/touch-mobile/node_modules/react-native/ReactCommon/react/renderer/graphics/platform/cxx -isystem D:/AndroidStudioProjects/.gradle/caches/8.13/transforms/761d13cc5b0f08ac09c3c16bb3bc519a/transformed/jetified-react-android-0.81.5-release/prefab/modules/reactnative/include -isystem D:/AndroidStudioProjects/.gradle/caches/8.13/transforms/761d13cc5b0f08ac09c3c16bb3bc519a/transformed/jetified-react-android-0.81.5-release/prefab/modules/jsi/include -isystem D:/AndroidStudioProjects/.gradle/caches/8.13/transforms/496183c206113a51ea543412a7084c83/transformed/jetified-fbjni-0.7.0/prefab/modules/fbjni/include -isystem D:/Projects/touch/touch-mobile/node_modules/react-native-worklets/android/build/prefab-headers/worklets -g -DANDROID -fdata-sections -ffunction-sections -funwind-tables -fstack-protector-strong -no-canonical-prefixes -D_FORTIFY_SOURCE=2 -Wformat -Werror=format-security -DREACT_NATIVE_MINOR_VERSION=81 -DREANIMATED_VERSION=4.3.1 -DREANIMATED_FEATURE_FLAGS=[EXPERIMENTAL_CSS_ANIMATIONS_FOR_SVG_COMPONENTS:false][RUNTIME_TEST_FLAG:false][DISABLE_COMMIT_PAUSING_MECHANISM:false][ANDROID_SYNCHRONOUSLY_UPDATE_UI_PROPS:false][USE_SYNCHRONIZABLE_FOR_MUTABLES:true][FORCE_REACT_RENDER_FOR_SETTLED_ANIMATIONS:true][ENABLE_SHARED_ELEMENT_TRANSITIONS:false][IOS_SYNCHRONOUSLY_UPDATE_UI_PROPS:false][USE_COMMIT_HOOK_ONLY_FOR_REACT_COMMITS:true] -fno-omit-frame-pointer -fstack-protector-all -fvisibility=hidden -DNDEBUG -flto=thin -O2 -g -DNDEBUG -fPIC -DFOLLY_NO_CONFIG=1 -DFOLLY_HAVE_CLOCK_GETTIME=1 -DFOLLY_USE_LIBCPP=1 -DFOLLY_CFG_NO_COROUTINES=1 -DFOLLY_MOBILE=1 -DFOLLY_HAVE_RECVMMSG=1 -DFOLLY_HAVE_PTHREAD=1 -DFOLLY_HAVE_XSI_STRERROR_R=1 -Wall -Werror -fexceptions -frtti -std=c++20 -DLOG_TAG=\"ReactNative\" -std=gnu++20 -MD -MT CMakeFiles/reanimated.dir/994c0676b2314ffd6b40f7be9b05d1a6/Common/cpp/reanimated/CSS/common/transforms/TransformMatrix3D.cpp.o -MF CMakeFiles\\reanimated.dir\\994c0676b2314ffd6b40f7be9b05d1a6\\Common\\cpp\\reanimated\\CSS\\common\\transforms\\TransformMatrix3D.cpp.o.d -o CMakeFiles/reanimated.dir/994c0676b2314ffd6b40f7be9b05d1a6/Common/cpp/reanimated/CSS/common/transforms/TransformMatrix3D.cpp.o -c D:/Projects/touch/touch-mobile/node_modules/react-native-reanimated/Common/cpp/reanimated/CSS/common/transforms/TransformMatrix3D.cpp
C/C++: clang++: error: clang frontend command failed due to signal (use -v to see invocation)
C/C++: Android (13624864, based on r530567e) clang version 19.0.1 (https://android.googlesource.com/toolchain/llvm-project 97a699bf4812a18fb657c2779f5296a4ab2694d2)
C/C++: Target: aarch64-none-linux-android24
C/C++: Thread model: posix
C/C++: InstalledDir: D:/AndroidStudioProjects/Sdk/ndk/28.2.13676358/toolchains/llvm/prebuilt/windows-x86_64/bin
C/C++: clang++: note: diagnostic msg: 
C/C++: ********************
C/C++: PLEASE ATTACH THE FOLLOWING FILES TO THE BUG REPORT:
C/C++: Preprocessed source(s) and associated run script(s) are located at:
C/C++: clang++: note: diagnostic msg: C:/Users/roybe/AppData/Local/Temp/TransformMatrix3D-1a067d.cpp
C/C++: clang++: note: diagnostic msg: C:/Users/roybe/AppData/Local/Temp/TransformMatrix3D-1a067d.sh
C/C++: clang++: note: diagnostic msg: 
C/C++: ********************
C/C++: [12/79] Building CXX object CMakeFiles/reanimated.dir/994c0676b2314ffd6b40f7be9b05d1a6/Common/cpp/reanimated/CSS/common/values/complex/CSSDropShadow.cpp.o
C/C++: FAILED: CMakeFiles/reanimated.dir/994c0676b2314ffd6b40f7be9b05d1a6/Common/cpp/reanimated/CSS/common/values/complex/CSSDropShadow.cpp.o 
C/C++: D:\AndroidStudioProjects\Sdk\ndk\28.2.13676358\toolchains\llvm\prebuilt\windows-x86_64\bin\clang++.exe --target=aarch64-none-linux-android24 --sysroot=D:/AndroidStudioProjects/Sdk/ndk/28.2.13676358/toolchains/llvm/prebuilt/windows-x86_64/sysroot -DRN_SERIALIZABLE_STATE -Dreanimated_EXPORTS -ID:/Projects/touch/touch-mobile/node_modules/react-native-reanimated/android/../Common/cpp -ID:/Projects/touch/touch-mobile/node_modules/react-native-reanimated/android/src/main/cpp -ID:/Projects/touch/touch-mobile/node_modules/react-native/ReactCommon -ID:/Projects/touch/touch-mobile/node_modules/react-native/ReactCommon/yoga -ID:/Projects/touch/touch-mobile/node_modules/react-native/ReactAndroid/src/main/jni/react/turbomodule -ID:/Projects/touch/touch-mobile/node_modules/react-native/ReactCommon/callinvoker -ID:/Projects/touch/touch-mobile/node_modules/react-native/ReactCommon/runtimeexecutor -ID:/Projects/touch/touch-mobile/node_modules/react-native/ReactCommon/jsiexecutor -ID:/Projects/touch/touch-mobile/node_modules/react-native/ReactCommon/react/renderer/graphics/platform/cxx -isystem D:/AndroidStudioProjects/.gradle/caches/8.13/transforms/761d13cc5b0f08ac09c3c16bb3bc519a/transformed/jetified-react-android-0.81.5-release/prefab/modules/reactnative/include -isystem D:/AndroidStudioProjects/.gradle/caches/8.13/transforms/761d13cc5b0f08ac09c3c16bb3bc519a/transformed/jetified-react-android-0.81.5-release/prefab/modules/jsi/include -isystem D:/AndroidStudioProjects/.gradle/caches/8.13/transforms/496183c206113a51ea543412a7084c83/transformed/jetified-fbjni-0.7.0/prefab/modules/fbjni/include -isystem D:/Projects/touch/touch-mobile/node_modules/react-native-worklets/android/build/prefab-headers/worklets -g -DANDROID -fdata-sections -ffunction-sections -funwind-tables -fstack-protector-strong -no-canonical-prefixes -D_FORTIFY_SOURCE=2 -Wformat -Werror=format-security   -DREACT_NATIVE_MINOR_VERSION=81    -DREANIMATED_VERSION=4.3.1    -DREANIMATED_FEATURE_FLAGS="[EXPERIMENTAL_CSS_ANIMATIONS_FOR_SVG_COMPONENTS:false][RUNTIME_TEST_FLAG:false][DISABLE_COMMIT_PAUSING_MECHANISM:false][ANDROID_SYNCHRONOUSLY_UPDATE_UI_PROPS:false][USE_SYNCHRONIZABLE_FOR_MUTABLES:true][FORCE_REACT_RENDER_FOR_SETTLED_ANIMATIONS:true][ENABLE_SHARED_ELEMENT_TRANSITIONS:false][IOS_SYNCHRONOUSLY_UPDATE_UI_PROPS:false][USE_COMMIT_HOOK_ONLY_FOR_REACT_COMMITS:true]" -fno-omit-frame-pointer -fstack-protector-all -fvisibility=hidden -DNDEBUG -flto=thin -O2 -g -DNDEBUG -fPIC -DFOLLY_NO_CONFIG=1 -DFOLLY_HAVE_CLOCK_GETTIME=1 -DFOLLY_USE_LIBCPP=1 -DFOLLY_CFG_NO_COROUTINES=1 -DFOLLY_MOBILE=1 -DFOLLY_HAVE_RECVMMSG=1 -DFOLLY_HAVE_PTHREAD=1 -DFOLLY_HAVE_XSI_STRERROR_R=1 -Wall -Werror -fexceptions -frtti -std=c++20 -DLOG_TAG=\"ReactNative\" -std=gnu++20 -MD -MT CMakeFiles/reanimated.dir/994c0676b2314ffd6b40f7be9b05d1a6/Common/cpp/reanimated/CSS/common/values/complex/CSSDropShadow.cpp.o -MF CMakeFiles\reanimated.dir\994c0676b2314ffd6b40f7be9b05d1a6\Common\cpp\reanimated\CSS\common\values\complex\CSSDropShadow.cpp.o.d -o CMakeFiles/reanimated.dir/994c0676b2314ffd6b40f7be9b05d1a6/Common/cpp/reanimated/CSS/common/values/complex/CSSDropShadow.cpp.o -c D:/Projects/touch/touch-mobile/node_modules/react-native-reanimated/Common/cpp/reanimated/CSS/common/values/complex/CSSDropShadow.cpp
C/C++: 0.	Program arguments: D:\\AndroidStudioProjects\\Sdk\\ndk\\28.2.13676358\\toolchains\\llvm\\prebuilt\\windows-x86_64\\bin\\clang++.exe --target=aarch64-none-linux-android24 --sysroot=D:/AndroidStudioProjects/Sdk/ndk/28.2.13676358/toolchains/llvm/prebuilt/windows-x86_64/sysroot -DRN_SERIALIZABLE_STATE -Dreanimated_EXPORTS -ID:/Projects/touch/touch-mobile/node_modules/react-native-reanimated/android/../Common/cpp -ID:/Projects/touch/touch-mobile/node_modules/react-native-reanimated/android/src/main/cpp -ID:/Projects/touch/touch-mobile/node_modules/react-native/ReactCommon -ID:/Projects/touch/touch-mobile/node_modules/react-native/ReactCommon/yoga -ID:/Projects/touch/touch-mobile/node_modules/react-native/ReactAndroid/src/main/jni/react/turbomodule -ID:/Projects/touch/touch-mobile/node_modules/react-native/ReactCommon/callinvoker -ID:/Projects/touch/touch-mobile/node_modules/react-native/ReactCommon/runtimeexecutor -ID:/Projects/touch/touch-mobile/node_modules/react-native/ReactCommon/jsiexecutor -ID:/Projects/touch/touch-mobile/node_modules/react-native/ReactCommon/react/renderer/graphics/platform/cxx -isystem D:/AndroidStudioProjects/.gradle/caches/8.13/transforms/761d13cc5b0f08ac09c3c16bb3bc519a/transformed/jetified-react-android-0.81.5-release/prefab/modules/reactnative/include -isystem D:/AndroidStudioProjects/.gradle/caches/8.13/transforms/761d13cc5b0f08ac09c3c16bb3bc519a/transformed/jetified-react-android-0.81.5-release/prefab/modules/jsi/include -isystem D:/AndroidStudioProjects/.gradle/caches/8.13/transforms/496183c206113a51ea543412a7084c83/transformed/jetified-fbjni-0.7.0/prefab/modules/fbjni/include -isystem D:/Projects/touch/touch-mobile/node_modules/react-native-worklets/android/build/prefab-headers/worklets -g -DANDROID -fdata-sections -ffunction-sections -funwind-tables -fstack-protector-strong -no-canonical-prefixes -D_FORTIFY_SOURCE=2 -Wformat -Werror=format-security -DREACT_NATIVE_MINOR_VERSION=81 -DREANIMATED_VERSION=4.3.1 -DREANIMATED_FEATURE_FLAGS=[EXPERIMENTAL_CSS_ANIMATIONS_FOR_SVG_COMPONENTS:false][RUNTIME_TEST_FLAG:false][DISABLE_COMMIT_PAUSING_MECHANISM:false][ANDROID_SYNCHRONOUSLY_UPDATE_UI_PROPS:false][USE_SYNCHRONIZABLE_FOR_MUTABLES:true][FORCE_REACT_RENDER_FOR_SETTLED_ANIMATIONS:true][ENABLE_SHARED_ELEMENT_TRANSITIONS:false][IOS_SYNCHRONOUSLY_UPDATE_UI_PROPS:false][USE_COMMIT_HOOK_ONLY_FOR_REACT_COMMITS:true] -fno-omit-frame-pointer -fstack-protector-all -fvisibility=hidden -DNDEBUG -flto=thin -O2 -g -DNDEBUG -fPIC -DFOLLY_NO_CONFIG=1 -DFOLLY_HAVE_CLOCK_GETTIME=1 -DFOLLY_USE_LIBCPP=1 -DFOLLY_CFG_NO_COROUTINES=1 -DFOLLY_MOBILE=1 -DFOLLY_HAVE_RECVMMSG=1 -DFOLLY_HAVE_PTHREAD=1 -DFOLLY_HAVE_XSI_STRERROR_R=1 -Wall -Werror -fexceptions -frtti -std=c++20 -DLOG_TAG=\"ReactNative\" -std=gnu++20 -MD -MT CMakeFiles/reanimated.dir/994c0676b2314ffd6b40f7be9b05d1a6/Common/cpp/reanimated/CSS/common/values/complex/CSSDropShadow.cpp.o -MF CMakeFiles\\reanimated.dir\\994c0676b2314ffd6b40f7be9b05d1a6\\Common\\cpp\\reanimated\\CSS\\common\\values\\complex\\CSSDropShadow.cpp.o.d -o CMakeFiles/reanimated.dir/994c0676b2314ffd6b40f7be9b05d1a6/Common/cpp/reanimated/CSS/common/values/complex/CSSDropShadow.cpp.o -c D:/Projects/touch/touch-mobile/node_modules/react-native-reanimated/Common/cpp/reanimated/CSS/common/values/complex/CSSDropShadow.cpp
C/C++: clang++: error: clang frontend command failed due to signal (use -v to see invocation)
C/C++: Android (13624864, based on r530567e) clang version 19.0.1 (https://android.googlesource.com/toolchain/llvm-project 97a699bf4812a18fb657c2779f5296a4ab2694d2)
C/C++: Target: aarch64-none-linux-android24
C/C++: Thread model: posix
C/C++: InstalledDir: D:/AndroidStudioProjects/Sdk/ndk/28.2.13676358/toolchains/llvm/prebuilt/windows-x86_64/bin
C/C++: clang++: note: diagnostic msg: 
C/C++: ********************
C/C++: PLEASE ATTACH THE FOLLOWING FILES TO THE BUG REPORT:
C/C++: Preprocessed source(s) and associated run script(s) are located at:
C/C++: clang++: note: diagnostic msg: C:/Users/roybe/AppData/Local/Temp/CSSDropShadow-6fbae6.cpp
C/C++: clang++: note: diagnostic msg: C:/Users/roybe/AppData/Local/Temp/CSSDropShadow-6fbae6.sh
C/C++: clang++: note: diagnostic msg: 
C/C++: ********************
C/C++: [13/79] Building CXX object CMakeFiles/reanimated.dir/28589d058a79ca378130da8b28ff56a7/cpp/reanimated/CSS/interpolation/filters/FilterOperationInterpolator.cpp.o
C/C++: FAILED: CMakeFiles/reanimated.dir/28589d058a79ca378130da8b28ff56a7/cpp/reanimated/CSS/interpolation/filters/FilterOperationInterpolator.cpp.o 
C/C++: D:\AndroidStudioProjects\Sdk\ndk\28.2.13676358\toolchains\llvm\prebuilt\windows-x86_64\bin\clang++.exe --target=aarch64-none-linux-android24 --sysroot=D:/AndroidStudioProjects/Sdk/ndk/28.2.13676358/toolchains/llvm/prebuilt/windows-x86_64/sysroot -DRN_SERIALIZABLE_STATE -Dreanimated_EXPORTS -ID:/Projects/touch/touch-mobile/node_modules/react-native-reanimated/android/../Common/cpp -ID:/Projects/touch/touch-mobile/node_modules/react-native-reanimated/android/src/main/cpp -ID:/Projects/touch/touch-mobile/node_modules/react-native/ReactCommon -ID:/Projects/touch/touch-mobile/node_modules/react-native/ReactCommon/yoga -ID:/Projects/touch/touch-mobile/node_modules/react-native/ReactAndroid/src/main/jni/react/turbomodule -ID:/Projects/touch/touch-mobile/node_modules/react-native/ReactCommon/callinvoker -ID:/Projects/touch/touch-mobile/node_modules/react-native/ReactCommon/runtimeexecutor -ID:/Projects/touch/touch-mobile/node_modules/react-native/ReactCommon/jsiexecutor -ID:/Projects/touch/touch-mobile/node_modules/react-native/ReactCommon/react/renderer/graphics/platform/cxx -isystem D:/AndroidStudioProjects/.gradle/caches/8.13/transforms/761d13cc5b0f08ac09c3c16bb3bc519a/transformed/jetified-react-android-0.81.5-release/prefab/modules/reactnative/include -isystem D:/AndroidStudioProjects/.gradle/caches/8.13/transforms/761d13cc5b0f08ac09c3c16bb3bc519a/transformed/jetified-react-android-0.81.5-release/prefab/modules/jsi/include -isystem D:/AndroidStudioProjects/.gradle/caches/8.13/transforms/496183c206113a51ea543412a7084c83/transformed/jetified-fbjni-0.7.0/prefab/modules/fbjni/include -isystem D:/Projects/touch/touch-mobile/node_modules/react-native-worklets/android/build/prefab-headers/worklets -g -DANDROID -fdata-sections -ffunction-sections -funwind-tables -fstack-protector-strong -no-canonical-prefixes -D_FORTIFY_SOURCE=2 -Wformat -Werror=format-security   -DREACT_NATIVE_MINOR_VERSION=81    -DREANIMATED_VERSION=4.3.1    -DREANIMATED_FEATURE_FLAGS="[EXPERIMENTAL_CSS_ANIMATIONS_FOR_SVG_COMPONENTS:false][RUNTIME_TEST_FLAG:false][DISABLE_COMMIT_PAUSING_MECHANISM:false][ANDROID_SYNCHRONOUSLY_UPDATE_UI_PROPS:false][USE_SYNCHRONIZABLE_FOR_MUTABLES:true][FORCE_REACT_RENDER_FOR_SETTLED_ANIMATIONS:true][ENABLE_SHARED_ELEMENT_TRANSITIONS:false][IOS_SYNCHRONOUSLY_UPDATE_UI_PROPS:false][USE_COMMIT_HOOK_ONLY_FOR_REACT_COMMITS:true]" -fno-omit-frame-pointer -fstack-protector-all -fvisibility=hidden -DNDEBUG -flto=thin -O2 -g -DNDEBUG -fPIC -DFOLLY_NO_CONFIG=1 -DFOLLY_HAVE_CLOCK_GETTIME=1 -DFOLLY_USE_LIBCPP=1 -DFOLLY_CFG_NO_COROUTINES=1 -DFOLLY_MOBILE=1 -DFOLLY_HAVE_RECVMMSG=1 -DFOLLY_HAVE_PTHREAD=1 -DFOLLY_HAVE_XSI_STRERROR_R=1 -Wall -Werror -fexceptions -frtti -std=c++20 -DLOG_TAG=\"ReactNative\" -std=gnu++20 -MD -MT CMakeFiles/reanimated.dir/28589d058a79ca378130da8b28ff56a7/cpp/reanimated/CSS/interpolation/filters/FilterOperationInterpolator.cpp.o -MF CMakeFiles\reanimated.dir\28589d058a79ca378130da8b28ff56a7\cpp\reanimated\CSS\interpolation\filters\FilterOperationInterpolator.cpp.o.d -o CMakeFiles/reanimated.dir/28589d058a79ca378130da8b28ff56a7/cpp/reanimated/CSS/interpolation/filters/FilterOperationInterpolator.cpp.o -c D:/Projects/touch/touch-mobile/node_modules/react-native-reanimated/Common/cpp/reanimated/CSS/interpolation/filters/FilterOperationInterpolator.cpp
C/C++: 0.	Program arguments: D:\\AndroidStudioProjects\\Sdk\\ndk\\28.2.13676358\\toolchains\\llvm\\prebuilt\\windows-x86_64\\bin\\clang++.exe --target=aarch64-none-linux-android24 --sysroot=D:/AndroidStudioProjects/Sdk/ndk/28.2.13676358/toolchains/llvm/prebuilt/windows-x86_64/sysroot -DRN_SERIALIZABLE_STATE -Dreanimated_EXPORTS -ID:/Projects/touch/touch-mobile/node_modules/react-native-reanimated/android/../Common/cpp -ID:/Projects/touch/touch-mobile/node_modules/react-native-reanimated/android/src/main/cpp -ID:/Projects/touch/touch-mobile/node_modules/react-native/ReactCommon -ID:/Projects/touch/touch-mobile/node_modules/react-native/ReactCommon/yoga -ID:/Projects/touch/touch-mobile/node_modules/react-native/ReactAndroid/src/main/jni/react/turbomodule -ID:/Projects/touch/touch-mobile/node_modules/react-native/ReactCommon/callinvoker -ID:/Projects/touch/touch-mobile/node_modules/react-native/ReactCommon/runtimeexecutor -ID:/Projects/touch/touch-mobile/node_modules/react-native/ReactCommon/jsiexecutor -ID:/Projects/touch/touch-mobile/node_modules/react-native/ReactCommon/react/renderer/graphics/platform/cxx -isystem D:/AndroidStudioProjects/.gradle/caches/8.13/transforms/761d13cc5b0f08ac09c3c16bb3bc519a/transformed/jetified-react-android-0.81.5-release/prefab/modules/reactnative/include -isystem D:/AndroidStudioProjects/.gradle/caches/8.13/transforms/761d13cc5b0f08ac09c3c16bb3bc519a/transformed/jetified-react-android-0.81.5-release/prefab/modules/jsi/include -isystem D:/AndroidStudioProjects/.gradle/caches/8.13/transforms/496183c206113a51ea543412a7084c83/transformed/jetified-fbjni-0.7.0/prefab/modules/fbjni/include -isystem D:/Projects/touch/touch-mobile/node_modules/react-native-worklets/android/build/prefab-headers/worklets -g -DANDROID -fdata-sections -ffunction-sections -funwind-tables -fstack-protector-strong -no-canonical-prefixes -D_FORTIFY_SOURCE=2 -Wformat -Werror=format-security -DREACT_NATIVE_MINOR_VERSION=81 -DREANIMATED_VERSION=4.3.1 -DREANIMATED_FEATURE_FLAGS=[EXPERIMENTAL_CSS_ANIMATIONS_FOR_SVG_COMPONENTS:false][RUNTIME_TEST_FLAG:false][DISABLE_COMMIT_PAUSING_MECHANISM:false][ANDROID_SYNCHRONOUSLY_UPDATE_UI_PROPS:false][USE_SYNCHRONIZABLE_FOR_MUTABLES:true][FORCE_REACT_RENDER_FOR_SETTLED_ANIMATIONS:true][ENABLE_SHARED_ELEMENT_TRANSITIONS:false][IOS_SYNCHRONOUSLY_UPDATE_UI_PROPS:false][USE_COMMIT_HOOK_ONLY_FOR_REACT_COMMITS:true] -fno-omit-frame-pointer -fstack-protector-all -fvisibility=hidden -DNDEBUG -flto=thin -O2 -g -DNDEBUG -fPIC -DFOLLY_NO_CONFIG=1 -DFOLLY_HAVE_CLOCK_GETTIME=1 -DFOLLY_USE_LIBCPP=1 -DFOLLY_CFG_NO_COROUTINES=1 -DFOLLY_MOBILE=1 -DFOLLY_HAVE_RECVMMSG=1 -DFOLLY_HAVE_PTHREAD=1 -DFOLLY_HAVE_XSI_STRERROR_R=1 -Wall -Werror -fexceptions -frtti -std=c++20 -DLOG_TAG=\"ReactNative\" -std=gnu++20 -MD -MT CMakeFiles/reanimated.dir/28589d058a79ca378130da8b28ff56a7/cpp/reanimated/CSS/interpolation/filters/FilterOperationInterpolator.cpp.o -MF CMakeFiles\\reanimated.dir\\28589d058a79ca378130da8b28ff56a7\\cpp\\reanimated\\CSS\\interpolation\\filters\\FilterOperationInterpolator.cpp.o.d -o CMakeFiles/reanimated.dir/28589d058a79ca378130da8b28ff56a7/cpp/reanimated/CSS/interpolation/filters/FilterOperationInterpolator.cpp.o -c D:/Projects/touch/touch-mobile/node_modules/react-native-reanimated/Common/cpp/reanimated/CSS/interpolation/filters/FilterOperationInterpolator.cpp
C/C++: clang++: error: clang frontend command failed due to signal (use -v to see invocation)
C/C++: Android (13624864, based on r530567e) clang version 19.0.1 (https://android.googlesource.com/toolchain/llvm-project 97a699bf4812a18fb657c2779f5296a4ab2694d2)
C/C++: Target: aarch64-none-linux-android24
C/C++: Thread model: posix
C/C++: InstalledDir: D:/AndroidStudioProjects/Sdk/ndk/28.2.13676358/toolchains/llvm/prebuilt/windows-x86_64/bin
C/C++: clang++: note: diagnostic msg: 
C/C++: ********************
C/C++: PLEASE ATTACH THE FOLLOWING FILES TO THE BUG REPORT:
C/C++: Preprocessed source(s) and associated run script(s) are located at:
C/C++: clang++: note: diagnostic msg: C:/Users/roybe/AppData/Local/Temp/FilterOperationInterpolator-0c89ac.cpp
C/C++: clang++: note: diagnostic msg: C:/Users/roybe/AppData/Local/Temp/FilterOperationInterpolator-0c89ac.sh
C/C++: clang++: note: diagnostic msg: 
C/C++: ********************
C/C++: [14/79] Building CXX object CMakeFiles/reanimated.dir/994c0676b2314ffd6b40f7be9b05d1a6/Common/cpp/reanimated/CSS/common/values/complex/CSSBoxShadow.cpp.o
C/C++: FAILED: CMakeFiles/reanimated.dir/994c0676b2314ffd6b40f7be9b05d1a6/Common/cpp/reanimated/CSS/common/values/complex/CSSBoxShadow.cpp.o 
C/C++: D:\AndroidStudioProjects\Sdk\ndk\28.2.13676358\toolchains\llvm\prebuilt\windows-x86_64\bin\clang++.exe --target=aarch64-none-linux-android24 --sysroot=D:/AndroidStudioProjects/Sdk/ndk/28.2.13676358/toolchains/llvm/prebuilt/windows-x86_64/sysroot -DRN_SERIALIZABLE_STATE -Dreanimated_EXPORTS -ID:/Projects/touch/touch-mobile/node_modules/react-native-reanimated/android/../Common/cpp -ID:/Projects/touch/touch-mobile/node_modules/react-native-reanimated/android/src/main/cpp -ID:/Projects/touch/touch-mobile/node_modules/react-native/ReactCommon -ID:/Projects/touch/touch-mobile/node_modules/react-native/ReactCommon/yoga -ID:/Projects/touch/touch-mobile/node_modules/react-native/ReactAndroid/src/main/jni/react/turbomodule -ID:/Projects/touch/touch-mobile/node_modules/react-native/ReactCommon/callinvoker -ID:/Projects/touch/touch-mobile/node_modules/react-native/ReactCommon/runtimeexecutor -ID:/Projects/touch/touch-mobile/node_modules/react-native/ReactCommon/jsiexecutor -ID:/Projects/touch/touch-mobile/node_modules/react-native/ReactCommon/react/renderer/graphics/platform/cxx -isystem D:/AndroidStudioProjects/.gradle/caches/8.13/transforms/761d13cc5b0f08ac09c3c16bb3bc519a/transformed/jetified-react-android-0.81.5-release/prefab/modules/reactnative/include -isystem D:/AndroidStudioProjects/.gradle/caches/8.13/transforms/761d13cc5b0f08ac09c3c16bb3bc519a/transformed/jetified-react-android-0.81.5-release/prefab/modules/jsi/include -isystem D:/AndroidStudioProjects/.gradle/caches/8.13/transforms/496183c206113a51ea543412a7084c83/transformed/jetified-fbjni-0.7.0/prefab/modules/fbjni/include -isystem D:/Projects/touch/touch-mobile/node_modules/react-native-worklets/android/build/prefab-headers/worklets -g -DANDROID -fdata-sections -ffunction-sections -funwind-tables -fstack-protector-strong -no-canonical-prefixes -D_FORTIFY_SOURCE=2 -Wformat -Werror=format-security   -DREACT_NATIVE_MINOR_VERSION=81    -DREANIMATED_VERSION=4.3.1    -DREANIMATED_FEATURE_FLAGS="[EXPERIMENTAL_CSS_ANIMATIONS_FOR_SVG_COMPONENTS:false][RUNTIME_TEST_FLAG:false][DISABLE_COMMIT_PAUSING_MECHANISM:false][ANDROID_SYNCHRONOUSLY_UPDATE_UI_PROPS:false][USE_SYNCHRONIZABLE_FOR_MUTABLES:true][FORCE_REACT_RENDER_FOR_SETTLED_ANIMATIONS:true][ENABLE_SHARED_ELEMENT_TRANSITIONS:false][IOS_SYNCHRONOUSLY_UPDATE_UI_PROPS:false][USE_COMMIT_HOOK_ONLY_FOR_REACT_COMMITS:true]" -fno-omit-frame-pointer -fstack-protector-all -fvisibility=hidden -DNDEBUG -flto=thin -O2 -g -DNDEBUG -fPIC -DFOLLY_NO_CONFIG=1 -DFOLLY_HAVE_CLOCK_GETTIME=1 -DFOLLY_USE_LIBCPP=1 -DFOLLY_CFG_NO_COROUTINES=1 -DFOLLY_MOBILE=1 -DFOLLY_HAVE_RECVMMSG=1 -DFOLLY_HAVE_PTHREAD=1 -DFOLLY_HAVE_XSI_STRERROR_R=1 -Wall -Werror -fexceptions -frtti -std=c++20 -DLOG_TAG=\"ReactNative\" -std=gnu++20 -MD -MT CMakeFiles/reanimated.dir/994c0676b2314ffd6b40f7be9b05d1a6/Common/cpp/reanimated/CSS/common/values/complex/CSSBoxShadow.cpp.o -MF CMakeFiles\reanimated.dir\994c0676b2314ffd6b40f7be9b05d1a6\Common\cpp\reanimated\CSS\common\values\complex\CSSBoxShadow.cpp.o.d -o CMakeFiles/reanimated.dir/994c0676b2314ffd6b40f7be9b05d1a6/Common/cpp/reanimated/CSS/common/values/complex/CSSBoxShadow.cpp.o -c D:/Projects/touch/touch-mobile/node_modules/react-native-reanimated/Common/cpp/reanimated/CSS/common/values/complex/CSSBoxShadow.cpp
C/C++: 0.	Program arguments: D:\\AndroidStudioProjects\\Sdk\\ndk\\28.2.13676358\\toolchains\\llvm\\prebuilt\\windows-x86_64\\bin\\clang++.exe --target=aarch64-none-linux-android24 --sysroot=D:/AndroidStudioProjects/Sdk/ndk/28.2.13676358/toolchains/llvm/prebuilt/windows-x86_64/sysroot -DRN_SERIALIZABLE_STATE -Dreanimated_EXPORTS -ID:/Projects/touch/touch-mobile/node_modules/react-native-reanimated/android/../Common/cpp -ID:/Projects/touch/touch-mobile/node_modules/react-native-reanimated/android/src/main/cpp -ID:/Projects/touch/touch-mobile/node_modules/react-native/ReactCommon -ID:/Projects/touch/touch-mobile/node_modules/react-native/ReactCommon/yoga -ID:/Projects/touch/touch-mobile/node_modules/react-native/ReactAndroid/src/main/jni/react/turbomodule -ID:/Projects/touch/touch-mobile/node_modules/react-native/ReactCommon/callinvoker -ID:/Projects/touch/touch-mobile/node_modules/react-native/ReactCommon/runtimeexecutor -ID:/Projects/touch/touch-mobile/node_modules/react-native/ReactCommon/jsiexecutor -ID:/Projects/touch/touch-mobile/node_modules/react-native/ReactCommon/react/renderer/graphics/platform/cxx -isystem D:/AndroidStudioProjects/.gradle/caches/8.13/transforms/761d13cc5b0f08ac09c3c16bb3bc519a/transformed/jetified-react-android-0.81.5-release/prefab/modules/reactnative/include -isystem D:/AndroidStudioProjects/.gradle/caches/8.13/transforms/761d13cc5b0f08ac09c3c16bb3bc519a/transformed/jetified-react-android-0.81.5-release/prefab/modules/jsi/include -isystem D:/AndroidStudioProjects/.gradle/caches/8.13/transforms/496183c206113a51ea543412a7084c83/transformed/jetified-fbjni-0.7.0/prefab/modules/fbjni/include -isystem D:/Projects/touch/touch-mobile/node_modules/react-native-worklets/android/build/prefab-headers/worklets -g -DANDROID -fdata-sections -ffunction-sections -funwind-tables -fstack-protector-strong -no-canonical-prefixes -D_FORTIFY_SOURCE=2 -Wformat -Werror=format-security -DREACT_NATIVE_MINOR_VERSION=81 -DREANIMATED_VERSION=4.3.1 -DREANIMATED_FEATURE_FLAGS=[EXPERIMENTAL_CSS_ANIMATIONS_FOR_SVG_COMPONENTS:false][RUNTIME_TEST_FLAG:false][DISABLE_COMMIT_PAUSING_MECHANISM:false][ANDROID_SYNCHRONOUSLY_UPDATE_UI_PROPS:false][USE_SYNCHRONIZABLE_FOR_MUTABLES:true][FORCE_REACT_RENDER_FOR_SETTLED_ANIMATIONS:true][ENABLE_SHARED_ELEMENT_TRANSITIONS:false][IOS_SYNCHRONOUSLY_UPDATE_UI_PROPS:false][USE_COMMIT_HOOK_ONLY_FOR_REACT_COMMITS:true] -fno-omit-frame-pointer -fstack-protector-all -fvisibility=hidden -DNDEBUG -flto=thin -O2 -g -DNDEBUG -fPIC -DFOLLY_NO_CONFIG=1 -DFOLLY_HAVE_CLOCK_GETTIME=1 -DFOLLY_USE_LIBCPP=1 -DFOLLY_CFG_NO_COROUTINES=1 -DFOLLY_MOBILE=1 -DFOLLY_HAVE_RECVMMSG=1 -DFOLLY_HAVE_PTHREAD=1 -DFOLLY_HAVE_XSI_STRERROR_R=1 -Wall -Werror -fexceptions -frtti -std=c++20 -DLOG_TAG=\"ReactNative\" -std=gnu++20 -MD -MT CMakeFiles/reanimated.dir/994c0676b2314ffd6b40f7be9b05d1a6/Common/cpp/reanimated/CSS/common/values/complex/CSSBoxShadow.cpp.o -MF CMakeFiles\\reanimated.dir\\994c0676b2314ffd6b40f7be9b05d1a6\\Common\\cpp\\reanimated\\CSS\\common\\values\\complex\\CSSBoxShadow.cpp.o.d -o CMakeFiles/reanimated.dir/994c0676b2314ffd6b40f7be9b05d1a6/Common/cpp/reanimated/CSS/common/values/complex/CSSBoxShadow.cpp.o -c D:/Projects/touch/touch-mobile/node_modules/react-native-reanimated/Common/cpp/reanimated/CSS/common/values/complex/CSSBoxShadow.cpp
C/C++: clang++: error: clang frontend command failed due to signal (use -v to see invocation)
C/C++: Android (13624864, based on r530567e) clang version 19.0.1 (https://android.googlesource.com/toolchain/llvm-project 97a699bf4812a18fb657c2779f5296a4ab2694d2)
C/C++: Target: aarch64-none-linux-android24
C/C++: Thread model: posix
C/C++: InstalledDir: D:/AndroidStudioProjects/Sdk/ndk/28.2.13676358/toolchains/llvm/prebuilt/windows-x86_64/bin
C/C++: clang++: note: diagnostic msg: 
C/C++: ********************
C/C++: PLEASE ATTACH THE FOLLOWING FILES TO THE BUG REPORT:
C/C++: Preprocessed source(s) and associated run script(s) are located at:
C/C++: clang++: note: diagnostic msg: C:/Users/roybe/AppData/Local/Temp/CSSBoxShadow-6057d3.cpp
C/C++: clang++: note: diagnostic msg: C:/Users/roybe/AppData/Local/Temp/CSSBoxShadow-6057d3.sh
C/C++: clang++: note: diagnostic msg: 
C/C++: ********************
C/C++: [15/79] Building CXX object CMakeFiles/reanimated.dir/33b91de4d264c572fb056fa8a2284a61/react-native-reanimated/Common/cpp/reanimated/CSS/core/CSSTransition.cpp.o
C/C++: FAILED: CMakeFiles/reanimated.dir/33b91de4d264c572fb056fa8a2284a61/react-native-reanimated/Common/cpp/reanimated/CSS/core/CSSTransition.cpp.o 
C/C++: D:\AndroidStudioProjects\Sdk\ndk\28.2.13676358\toolchains\llvm\prebuilt\windows-x86_64\bin\clang++.exe --target=aarch64-none-linux-android24 --sysroot=D:/AndroidStudioProjects/Sdk/ndk/28.2.13676358/toolchains/llvm/prebuilt/windows-x86_64/sysroot -DRN_SERIALIZABLE_STATE -Dreanimated_EXPORTS -ID:/Projects/touch/touch-mobile/node_modules/react-native-reanimated/android/../Common/cpp -ID:/Projects/touch/touch-mobile/node_modules/react-native-reanimated/android/src/main/cpp -ID:/Projects/touch/touch-mobile/node_modules/react-native/ReactCommon -ID:/Projects/touch/touch-mobile/node_modules/react-native/ReactCommon/yoga -ID:/Projects/touch/touch-mobile/node_modules/react-native/ReactAndroid/src/main/jni/react/turbomodule -ID:/Projects/touch/touch-mobile/node_modules/react-native/ReactCommon/callinvoker -ID:/Projects/touch/touch-mobile/node_modules/react-native/ReactCommon/runtimeexecutor -ID:/Projects/touch/touch-mobile/node_modules/react-native/ReactCommon/jsiexecutor -ID:/Projects/touch/touch-mobile/node_modules/react-native/ReactCommon/react/renderer/graphics/platform/cxx -isystem D:/AndroidStudioProjects/.gradle/caches/8.13/transforms/761d13cc5b0f08ac09c3c16bb3bc519a/transformed/jetified-react-android-0.81.5-release/prefab/modules/reactnative/include -isystem D:/AndroidStudioProjects/.gradle/caches/8.13/transforms/761d13cc5b0f08ac09c3c16bb3bc519a/transformed/jetified-react-android-0.81.5-release/prefab/modules/jsi/include -isystem D:/AndroidStudioProjects/.gradle/caches/8.13/transforms/496183c206113a51ea543412a7084c83/transformed/jetified-fbjni-0.7.0/prefab/modules/fbjni/include -isystem D:/Projects/touch/touch-mobile/node_modules/react-native-worklets/android/build/prefab-headers/worklets -g -DANDROID -fdata-sections -ffunction-sections -funwind-tables -fstack-protector-strong -no-canonical-prefixes -D_FORTIFY_SOURCE=2 -Wformat -Werror=format-security   -DREACT_NATIVE_MINOR_VERSION=81    -DREANIMATED_VERSION=4.3.1    -DREANIMATED_FEATURE_FLAGS="[EXPERIMENTAL_CSS_ANIMATIONS_FOR_SVG_COMPONENTS:false][RUNTIME_TEST_FLAG:false][DISABLE_COMMIT_PAUSING_MECHANISM:false][ANDROID_SYNCHRONOUSLY_UPDATE_UI_PROPS:false][USE_SYNCHRONIZABLE_FOR_MUTABLES:true][FORCE_REACT_RENDER_FOR_SETTLED_ANIMATIONS:true][ENABLE_SHARED_ELEMENT_TRANSITIONS:false][IOS_SYNCHRONOUSLY_UPDATE_UI_PROPS:false][USE_COMMIT_HOOK_ONLY_FOR_REACT_COMMITS:true]" -fno-omit-frame-pointer -fstack-protector-all -fvisibility=hidden -DNDEBUG -flto=thin -O2 -g -DNDEBUG -fPIC -DFOLLY_NO_CONFIG=1 -DFOLLY_HAVE_CLOCK_GETTIME=1 -DFOLLY_USE_LIBCPP=1 -DFOLLY_CFG_NO_COROUTINES=1 -DFOLLY_MOBILE=1 -DFOLLY_HAVE_RECVMMSG=1 -DFOLLY_HAVE_PTHREAD=1 -DFOLLY_HAVE_XSI_STRERROR_R=1 -Wall -Werror -fexceptions -frtti -std=c++20 -DLOG_TAG=\"ReactNative\" -std=gnu++20 -MD -MT CMakeFiles/reanimated.dir/33b91de4d264c572fb056fa8a2284a61/react-native-reanimated/Common/cpp/reanimated/CSS/core/CSSTransition.cpp.o -MF CMakeFiles\reanimated.dir\33b91de4d264c572fb056fa8a2284a61\react-native-reanimated\Common\cpp\reanimated\CSS\core\CSSTransition.cpp.o.d -o CMakeFiles/reanimated.dir/33b91de4d264c572fb056fa8a2284a61/react-native-reanimated/Common/cpp/reanimated/CSS/core/CSSTransition.cpp.o -c D:/Projects/touch/touch-mobile/node_modules/react-native-reanimated/Common/cpp/reanimated/CSS/core/CSSTransition.cpp
C/C++: 0.	Program arguments: D:\\AndroidStudioProjects\\Sdk\\ndk\\28.2.13676358\\toolchains\\llvm\\prebuilt\\windows-x86_64\\bin\\clang++.exe --target=aarch64-none-linux-android24 --sysroot=D:/AndroidStudioProjects/Sdk/ndk/28.2.13676358/toolchains/llvm/prebuilt/windows-x86_64/sysroot -DRN_SERIALIZABLE_STATE -Dreanimated_EXPORTS -ID:/Projects/touch/touch-mobile/node_modules/react-native-reanimated/android/../Common/cpp -ID:/Projects/touch/touch-mobile/node_modules/react-native-reanimated/android/src/main/cpp -ID:/Projects/touch/touch-mobile/node_modules/react-native/ReactCommon -ID:/Projects/touch/touch-mobile/node_modules/react-native/ReactCommon/yoga -ID:/Projects/touch/touch-mobile/node_modules/react-native/ReactAndroid/src/main/jni/react/turbomodule -ID:/Projects/touch/touch-mobile/node_modules/react-native/ReactCommon/callinvoker -ID:/Projects/touch/touch-mobile/node_modules/react-native/ReactCommon/runtimeexecutor -ID:/Projects/touch/touch-mobile/node_modules/react-native/ReactCommon/jsiexecutor -ID:/Projects/touch/touch-mobile/node_modules/react-native/ReactCommon/react/renderer/graphics/platform/cxx -isystem D:/AndroidStudioProjects/.gradle/caches/8.13/transforms/761d13cc5b0f08ac09c3c16bb3bc519a/transformed/jetified-react-android-0.81.5-release/prefab/modules/reactnative/include -isystem D:/AndroidStudioProjects/.gradle/caches/8.13/transforms/761d13cc5b0f08ac09c3c16bb3bc519a/transformed/jetified-react-android-0.81.5-release/prefab/modules/jsi/include -isystem D:/AndroidStudioProjects/.gradle/caches/8.13/transforms/496183c206113a51ea543412a7084c83/transformed/jetified-fbjni-0.7.0/prefab/modules/fbjni/include -isystem D:/Projects/touch/touch-mobile/node_modules/react-native-worklets/android/build/prefab-headers/worklets -g -DANDROID -fdata-sections -ffunction-sections -funwind-tables -fstack-protector-strong -no-canonical-prefixes -D_FORTIFY_SOURCE=2 -Wformat -Werror=format-security -DREACT_NATIVE_MINOR_VERSION=81 -DREANIMATED_VERSION=4.3.1 -DREANIMATED_FEATURE_FLAGS=[EXPERIMENTAL_CSS_ANIMATIONS_FOR_SVG_COMPONENTS:false][RUNTIME_TEST_FLAG:false][DISABLE_COMMIT_PAUSING_MECHANISM:false][ANDROID_SYNCHRONOUSLY_UPDATE_UI_PROPS:false][USE_SYNCHRONIZABLE_FOR_MUTABLES:true][FORCE_REACT_RENDER_FOR_SETTLED_ANIMATIONS:true][ENABLE_SHARED_ELEMENT_TRANSITIONS:false][IOS_SYNCHRONOUSLY_UPDATE_UI_PROPS:false][USE_COMMIT_HOOK_ONLY_FOR_REACT_COMMITS:true] -fno-omit-frame-pointer -fstack-protector-all -fvisibility=hidden -DNDEBUG -flto=thin -O2 -g -DNDEBUG -fPIC -DFOLLY_NO_CONFIG=1 -DFOLLY_HAVE_CLOCK_GETTIME=1 -DFOLLY_USE_LIBCPP=1 -DFOLLY_CFG_NO_COROUTINES=1 -DFOLLY_MOBILE=1 -DFOLLY_HAVE_RECVMMSG=1 -DFOLLY_HAVE_PTHREAD=1 -DFOLLY_HAVE_XSI_STRERROR_R=1 -Wall -Werror -fexceptions -frtti -std=c++20 -DLOG_TAG=\"ReactNative\" -std=gnu++20 -MD -MT CMakeFiles/reanimated.dir/33b91de4d264c572fb056fa8a2284a61/react-native-reanimated/Common/cpp/reanimated/CSS/core/CSSTransition.cpp.o -MF CMakeFiles\\reanimated.dir\\33b91de4d264c572fb056fa8a2284a61\\react-native-reanimated\\Common\\cpp\\reanimated\\CSS\\core\\CSSTransition.cpp.o.d -o CMakeFiles/reanimated.dir/33b91de4d264c572fb056fa8a2284a61/react-native-reanimated/Common/cpp/reanimated/CSS/core/CSSTransition.cpp.o -c D:/Projects/touch/touch-mobile/node_modules/react-native-reanimated/Common/cpp/reanimated/CSS/core/CSSTransition.cpp
C/C++: clang++: error: clang frontend command failed due to signal (use -v to see invocation)
C/C++: Android (13624864, based on r530567e) clang version 19.0.1 (https://android.googlesource.com/toolchain/llvm-project 97a699bf4812a18fb657c2779f5296a4ab2694d2)
C/C++: Target: aarch64-none-linux-android24
C/C++: Thread model: posix
C/C++: InstalledDir: D:/AndroidStudioProjects/Sdk/ndk/28.2.13676358/toolchains/llvm/prebuilt/windows-x86_64/bin
C/C++: clang++: note: diagnostic msg: 
C/C++: ********************
C/C++: PLEASE ATTACH THE FOLLOWING FILES TO THE BUG REPORT:
C/C++: Preprocessed source(s) and associated run script(s) are located at:
C/C++: clang++: note: diagnostic msg: C:/Users/roybe/AppData/Local/Temp/CSSTransition-b81d31.cpp
C/C++: clang++: note: diagnostic msg: C:/Users/roybe/AppData/Local/Temp/CSSTransition-b81d31.sh
C/C++: clang++: note: diagnostic msg: 
C/C++: ********************
C/C++: [16/79] Building CXX object CMakeFiles/reanimated.dir/994c0676b2314ffd6b40f7be9b05d1a6/Common/cpp/reanimated/CSS/common/values/CSSBoolean.cpp.o
C/C++: FAILED: CMakeFiles/reanimated.dir/994c0676b2314ffd6b40f7be9b05d1a6/Common/cpp/reanimated/CSS/common/values/CSSBoolean.cpp.o 
C/C++: D:\AndroidStudioProjects\Sdk\ndk\28.2.13676358\toolchains\llvm\prebuilt\windows-x86_64\bin\clang++.exe --target=aarch64-none-linux-android24 --sysroot=D:/AndroidStudioProjects/Sdk/ndk/28.2.13676358/toolchains/llvm/prebuilt/windows-x86_64/sysroot -DRN_SERIALIZABLE_STATE -Dreanimated_EXPORTS -ID:/Projects/touch/touch-mobile/node_modules/react-native-reanimated/android/../Common/cpp -ID:/Projects/touch/touch-mobile/node_modules/react-native-reanimated/android/src/main/cpp -ID:/Projects/touch/touch-mobile/node_modules/react-native/ReactCommon -ID:/Projects/touch/touch-mobile/node_modules/react-native/ReactCommon/yoga -ID:/Projects/touch/touch-mobile/node_modules/react-native/ReactAndroid/src/main/jni/react/turbomodule -ID:/Projects/touch/touch-mobile/node_modules/react-native/ReactCommon/callinvoker -ID:/Projects/touch/touch-mobile/node_modules/react-native/ReactCommon/runtimeexecutor -ID:/Projects/touch/touch-mobile/node_modules/react-native/ReactCommon/jsiexecutor -ID:/Projects/touch/touch-mobile/node_modules/react-native/ReactCommon/react/renderer/graphics/platform/cxx -isystem D:/AndroidStudioProjects/.gradle/caches/8.13/transforms/761d13cc5b0f08ac09c3c16bb3bc519a/transformed/jetified-react-android-0.81.5-release/prefab/modules/reactnative/include -isystem D:/AndroidStudioProjects/.gradle/caches/8.13/transforms/761d13cc5b0f08ac09c3c16bb3bc519a/transformed/jetified-react-android-0.81.5-release/prefab/modules/jsi/include -isystem D:/AndroidStudioProjects/.gradle/caches/8.13/transforms/496183c206113a51ea543412a7084c83/transformed/jetified-fbjni-0.7.0/prefab/modules/fbjni/include -isystem D:/Projects/touch/touch-mobile/node_modules/react-native-worklets/android/build/prefab-headers/worklets -g -DANDROID -fdata-sections -ffunction-sections -funwind-tables -fstack-protector-strong -no-canonical-prefixes -D_FORTIFY_SOURCE=2 -Wformat -Werror=format-security   -DREACT_NATIVE_MINOR_VERSION=81    -DREANIMATED_VERSION=4.3.1    -DREANIMATED_FEATURE_FLAGS="[EXPERIMENTAL_CSS_ANIMATIONS_FOR_SVG_COMPONENTS:false][RUNTIME_TEST_FLAG:false][DISABLE_COMMIT_PAUSING_MECHANISM:false][ANDROID_SYNCHRONOUSLY_UPDATE_UI_PROPS:false][USE_SYNCHRONIZABLE_FOR_MUTABLES:true][FORCE_REACT_RENDER_FOR_SETTLED_ANIMATIONS:true][ENABLE_SHARED_ELEMENT_TRANSITIONS:false][IOS_SYNCHRONOUSLY_UPDATE_UI_PROPS:false][USE_COMMIT_HOOK_ONLY_FOR_REACT_COMMITS:true]" -fno-omit-frame-pointer -fstack-protector-all -fvisibility=hidden -DNDEBUG -flto=thin -O2 -g -DNDEBUG -fPIC -DFOLLY_NO_CONFIG=1 -DFOLLY_HAVE_CLOCK_GETTIME=1 -DFOLLY_USE_LIBCPP=1 -DFOLLY_CFG_NO_COROUTINES=1 -DFOLLY_MOBILE=1 -DFOLLY_HAVE_RECVMMSG=1 -DFOLLY_HAVE_PTHREAD=1 -DFOLLY_HAVE_XSI_STRERROR_R=1 -Wall -Werror -fexceptions -frtti -std=c++20 -DLOG_TAG=\"ReactNative\" -std=gnu++20 -MD -MT CMakeFiles/reanimated.dir/994c0676b2314ffd6b40f7be9b05d1a6/Common/cpp/reanimated/CSS/common/values/CSSBoolean.cpp.o -MF CMakeFiles\reanimated.dir\994c0676b2314ffd6b40f7be9b05d1a6\Common\cpp\reanimated\CSS\common\values\CSSBoolean.cpp.o.d -o CMakeFiles/reanimated.dir/994c0676b2314ffd6b40f7be9b05d1a6/Common/cpp/reanimated/CSS/common/values/CSSBoolean.cpp.o -c D:/Projects/touch/touch-mobile/node_modules/react-native-reanimated/Common/cpp/reanimated/CSS/common/values/CSSBoolean.cpp
C/C++: 0.	Program arguments: D:\\AndroidStudioProjects\\Sdk\\ndk\\28.2.13676358\\toolchains\\llvm\\prebuilt\\windows-x86_64\\bin\\clang++.exe --target=aarch64-none-linux-android24 --sysroot=D:/AndroidStudioProjects/Sdk/ndk/28.2.13676358/toolchains/llvm/prebuilt/windows-x86_64/sysroot -DRN_SERIALIZABLE_STATE -Dreanimated_EXPORTS -ID:/Projects/touch/touch-mobile/node_modules/react-native-reanimated/android/../Common/cpp -ID:/Projects/touch/touch-mobile/node_modules/react-native-reanimated/android/src/main/cpp -ID:/Projects/touch/touch-mobile/node_modules/react-native/ReactCommon -ID:/Projects/touch/touch-mobile/node_modules/react-native/ReactCommon/yoga -ID:/Projects/touch/touch-mobile/node_modules/react-native/ReactAndroid/src/main/jni/react/turbomodule -ID:/Projects/touch/touch-mobile/node_modules/react-native/ReactCommon/callinvoker -ID:/Projects/touch/touch-mobile/node_modules/react-native/ReactCommon/runtimeexecutor -ID:/Projects/touch/touch-mobile/node_modules/react-native/ReactCommon/jsiexecutor -ID:/Projects/touch/touch-mobile/node_modules/react-native/ReactCommon/react/renderer/graphics/platform/cxx -isystem D:/AndroidStudioProjects/.gradle/caches/8.13/transforms/761d13cc5b0f08ac09c3c16bb3bc519a/transformed/jetified-react-android-0.81.5-release/prefab/modules/reactnative/include -isystem D:/AndroidStudioProjects/.gradle/caches/8.13/transforms/761d13cc5b0f08ac09c3c16bb3bc519a/transformed/jetified-react-android-0.81.5-release/prefab/modules/jsi/include -isystem D:/AndroidStudioProjects/.gradle/caches/8.13/transforms/496183c206113a51ea543412a7084c83/transformed/jetified-fbjni-0.7.0/prefab/modules/fbjni/include -isystem D:/Projects/touch/touch-mobile/node_modules/react-native-worklets/android/build/prefab-headers/worklets -g -DANDROID -fdata-sections -ffunction-sections -funwind-tables -fstack-protector-strong -no-canonical-prefixes -D_FORTIFY_SOURCE=2 -Wformat -Werror=format-security -DREACT_NATIVE_MINOR_VERSION=81 -DREANIMATED_VERSION=4.3.1 -DREANIMATED_FEATURE_FLAGS=[EXPERIMENTAL_CSS_ANIMATIONS_FOR_SVG_COMPONENTS:false][RUNTIME_TEST_FLAG:false][DISABLE_COMMIT_PAUSING_MECHANISM:false][ANDROID_SYNCHRONOUSLY_UPDATE_UI_PROPS:false][USE_SYNCHRONIZABLE_FOR_MUTABLES:true][FORCE_REACT_RENDER_FOR_SETTLED_ANIMATIONS:true][ENABLE_SHARED_ELEMENT_TRANSITIONS:false][IOS_SYNCHRONOUSLY_UPDATE_UI_PROPS:false][USE_COMMIT_HOOK_ONLY_FOR_REACT_COMMITS:true] -fno-omit-frame-pointer -fstack-protector-all -fvisibility=hidden -DNDEBUG -flto=thin -O2 -g -DNDEBUG -fPIC -DFOLLY_NO_CONFIG=1 -DFOLLY_HAVE_CLOCK_GETTIME=1 -DFOLLY_USE_LIBCPP=1 -DFOLLY_CFG_NO_COROUTINES=1 -DFOLLY_MOBILE=1 -DFOLLY_HAVE_RECVMMSG=1 -DFOLLY_HAVE_PTHREAD=1 -DFOLLY_HAVE_XSI_STRERROR_R=1 -Wall -Werror -fexceptions -frtti -std=c++20 -DLOG_TAG=\"ReactNative\" -std=gnu++20 -MD -MT CMakeFiles/reanimated.dir/994c0676b2314ffd6b40f7be9b05d1a6/Common/cpp/reanimated/CSS/common/values/CSSBoolean.cpp.o -MF CMakeFiles\\reanimated.dir\\994c0676b2314ffd6b40f7be9b05d1a6\\Common\\cpp\\reanimated\\CSS\\common\\values\\CSSBoolean.cpp.o.d -o CMakeFiles/reanimated.dir/994c0676b2314ffd6b40f7be9b05d1a6/Common/cpp/reanimated/CSS/common/values/CSSBoolean.cpp.o -c D:/Projects/touch/touch-mobile/node_modules/react-native-reanimated/Common/cpp/reanimated/CSS/common/values/CSSBoolean.cpp
C/C++: clang++: error: clang frontend command failed due to signal (use -v to see invocation)
C/C++: Android (13624864, based on r530567e) clang version 19.0.1 (https://android.googlesource.com/toolchain/llvm-project 97a699bf4812a18fb657c2779f5296a4ab2694d2)
C/C++: Target: aarch64-none-linux-android24
C/C++: Thread model: posix
C/C++: InstalledDir: D:/AndroidStudioProjects/Sdk/ndk/28.2.13676358/toolchains/llvm/prebuilt/windows-x86_64/bin
C/C++: clang++: note: diagnostic msg: 
C/C++: ********************
C/C++: PLEASE ATTACH THE FOLLOWING FILES TO THE BUG REPORT:
C/C++: Preprocessed source(s) and associated run script(s) are located at:
C/C++: clang++: note: diagnostic msg: C:/Users/roybe/AppData/Local/Temp/CSSBoolean-31f565.cpp
C/C++: clang++: note: diagnostic msg: C:/Users/roybe/AppData/Local/Temp/CSSBoolean-31f565.sh
C/C++: clang++: note: diagnostic msg: 
C/C++: ********************
C/C++: [17/79] Building CXX object CMakeFiles/reanimated.dir/994c0676b2314ffd6b40f7be9b05d1a6/Common/cpp/reanimated/CSS/common/values/CSSValueVariant.cpp.o
C/C++: FAILED: CMakeFiles/reanimated.dir/994c0676b2314ffd6b40f7be9b05d1a6/Common/cpp/reanimated/CSS/common/values/CSSValueVariant.cpp.o 
C/C++: D:\AndroidStudioProjects\Sdk\ndk\28.2.13676358\toolchains\llvm\prebuilt\windows-x86_64\bin\clang++.exe --target=aarch64-none-linux-android24 --sysroot=D:/AndroidStudioProjects/Sdk/ndk/28.2.13676358/toolchains/llvm/prebuilt/windows-x86_64/sysroot -DRN_SERIALIZABLE_STATE -Dreanimated_EXPORTS -ID:/Projects/touch/touch-mobile/node_modules/react-native-reanimated/android/../Common/cpp -ID:/Projects/touch/touch-mobile/node_modules/react-native-reanimated/android/src/main/cpp -ID:/Projects/touch/touch-mobile/node_modules/react-native/ReactCommon -ID:/Projects/touch/touch-mobile/node_modules/react-native/ReactCommon/yoga -ID:/Projects/touch/touch-mobile/node_modules/react-native/ReactAndroid/src/main/jni/react/turbomodule -ID:/Projects/touch/touch-mobile/node_modules/react-native/ReactCommon/callinvoker -ID:/Projects/touch/touch-mobile/node_modules/react-native/ReactCommon/runtimeexecutor -ID:/Projects/touch/touch-mobile/node_modules/react-native/ReactCommon/jsiexecutor -ID:/Projects/touch/touch-mobile/node_modules/react-native/ReactCommon/react/renderer/graphics/platform/cxx -isystem D:/AndroidStudioProjects/.gradle/caches/8.13/transforms/761d13cc5b0f08ac09c3c16bb3bc519a/transformed/jetified-react-android-0.81.5-release/prefab/modules/reactnative/include -isystem D:/AndroidStudioProjects/.gradle/caches/8.13/transforms/761d13cc5b0f08ac09c3c16bb3bc519a/transformed/jetified-react-android-0.81.5-release/prefab/modules/jsi/include -isystem D:/AndroidStudioProjects/.gradle/caches/8.13/transforms/496183c206113a51ea543412a7084c83/transformed/jetified-fbjni-0.7.0/prefab/modules/fbjni/include -isystem D:/Projects/touch/touch-mobile/node_modules/react-native-worklets/android/build/prefab-headers/worklets -g -DANDROID -fdata-sections -ffunction-sections -funwind-tables -fstack-protector-strong -no-canonical-prefixes -D_FORTIFY_SOURCE=2 -Wformat -Werror=format-security   -DREACT_NATIVE_MINOR_VERSION=81    -DREANIMATED_VERSION=4.3.1    -DREANIMATED_FEATURE_FLAGS="[EXPERIMENTAL_CSS_ANIMATIONS_FOR_SVG_COMPONENTS:false][RUNTIME_TEST_FLAG:false][DISABLE_COMMIT_PAUSING_MECHANISM:false][ANDROID_SYNCHRONOUSLY_UPDATE_UI_PROPS:false][USE_SYNCHRONIZABLE_FOR_MUTABLES:true][FORCE_REACT_RENDER_FOR_SETTLED_ANIMATIONS:true][ENABLE_SHARED_ELEMENT_TRANSITIONS:false][IOS_SYNCHRONOUSLY_UPDATE_UI_PROPS:false][USE_COMMIT_HOOK_ONLY_FOR_REACT_COMMITS:true]" -fno-omit-frame-pointer -fstack-protector-all -fvisibility=hidden -DNDEBUG -flto=thin -O2 -g -DNDEBUG -fPIC -DFOLLY_NO_CONFIG=1 -DFOLLY_HAVE_CLOCK_GETTIME=1 -DFOLLY_USE_LIBCPP=1 -DFOLLY_CFG_NO_COROUTINES=1 -DFOLLY_MOBILE=1 -DFOLLY_HAVE_RECVMMSG=1 -DFOLLY_HAVE_PTHREAD=1 -DFOLLY_HAVE_XSI_STRERROR_R=1 -Wall -Werror -fexceptions -frtti -std=c++20 -DLOG_TAG=\"ReactNative\" -std=gnu++20 -MD -MT CMakeFiles/reanimated.dir/994c0676b2314ffd6b40f7be9b05d1a6/Common/cpp/reanimated/CSS/common/values/CSSValueVariant.cpp.o -MF CMakeFiles\reanimated.dir\994c0676b2314ffd6b40f7be9b05d1a6\Common\cpp\reanimated\CSS\common\values\CSSValueVariant.cpp.o.d -o CMakeFiles/reanimated.dir/994c0676b2314ffd6b40f7be9b05d1a6/Common/cpp/reanimated/CSS/common/values/CSSValueVariant.cpp.o -c D:/Projects/touch/touch-mobile/node_modules/react-native-reanimated/Common/cpp/reanimated/CSS/common/values/CSSValueVariant.cpp
C/C++: 0.	Program arguments: D:\\AndroidStudioProjects\\Sdk\\ndk\\28.2.13676358\\toolchains\\llvm\\prebuilt\\windows-x86_64\\bin\\clang++.exe --target=aarch64-none-linux-android24 --sysroot=D:/AndroidStudioProjects/Sdk/ndk/28.2.13676358/toolchains/llvm/prebuilt/windows-x86_64/sysroot -DRN_SERIALIZABLE_STATE -Dreanimated_EXPORTS -ID:/Projects/touch/touch-mobile/node_modules/react-native-reanimated/android/../Common/cpp -ID:/Projects/touch/touch-mobile/node_modules/react-native-reanimated/android/src/main/cpp -ID:/Projects/touch/touch-mobile/node_modules/react-native/ReactCommon -ID:/Projects/touch/touch-mobile/node_modules/react-native/ReactCommon/yoga -ID:/Projects/touch/touch-mobile/node_modules/react-native/ReactAndroid/src/main/jni/react/turbomodule -ID:/Projects/touch/touch-mobile/node_modules/react-native/ReactCommon/callinvoker -ID:/Projects/touch/touch-mobile/node_modules/react-native/ReactCommon/runtimeexecutor -ID:/Projects/touch/touch-mobile/node_modules/react-native/ReactCommon/jsiexecutor -ID:/Projects/touch/touch-mobile/node_modules/react-native/ReactCommon/react/renderer/graphics/platform/cxx -isystem D:/AndroidStudioProjects/.gradle/caches/8.13/transforms/761d13cc5b0f08ac09c3c16bb3bc519a/transformed/jetified-react-android-0.81.5-release/prefab/modules/reactnative/include -isystem D:/AndroidStudioProjects/.gradle/caches/8.13/transforms/761d13cc5b0f08ac09c3c16bb3bc519a/transformed/jetified-react-android-0.81.5-release/prefab/modules/jsi/include -isystem D:/AndroidStudioProjects/.gradle/caches/8.13/transforms/496183c206113a51ea543412a7084c83/transformed/jetified-fbjni-0.7.0/prefab/modules/fbjni/include -isystem D:/Projects/touch/touch-mobile/node_modules/react-native-worklets/android/build/prefab-headers/worklets -g -DANDROID -fdata-sections -ffunction-sections -funwind-tables -fstack-protector-strong -no-canonical-prefixes -D_FORTIFY_SOURCE=2 -Wformat -Werror=format-security -DREACT_NATIVE_MINOR_VERSION=81 -DREANIMATED_VERSION=4.3.1 -DREANIMATED_FEATURE_FLAGS=[EXPERIMENTAL_CSS_ANIMATIONS_FOR_SVG_COMPONENTS:false][RUNTIME_TEST_FLAG:false][DISABLE_COMMIT_PAUSING_MECHANISM:false][ANDROID_SYNCHRONOUSLY_UPDATE_UI_PROPS:false][USE_SYNCHRONIZABLE_FOR_MUTABLES:true][FORCE_REACT_RENDER_FOR_SETTLED_ANIMATIONS:true][ENABLE_SHARED_ELEMENT_TRANSITIONS:false][IOS_SYNCHRONOUSLY_UPDATE_UI_PROPS:false][USE_COMMIT_HOOK_ONLY_FOR_REACT_COMMITS:true] -fno-omit-frame-pointer -fstack-protector-all -fvisibility=hidden -DNDEBUG -flto=thin -O2 -g -DNDEBUG -fPIC -DFOLLY_NO_CONFIG=1 -DFOLLY_HAVE_CLOCK_GETTIME=1 -DFOLLY_USE_LIBCPP=1 -DFOLLY_CFG_NO_COROUTINES=1 -DFOLLY_MOBILE=1 -DFOLLY_HAVE_RECVMMSG=1 -DFOLLY_HAVE_PTHREAD=1 -DFOLLY_HAVE_XSI_STRERROR_R=1 -Wall -Werror -fexceptions -frtti -std=c++20 -DLOG_TAG=\"ReactNative\" -std=gnu++20 -MD -MT CMakeFiles/reanimated.dir/994c0676b2314ffd6b40f7be9b05d1a6/Common/cpp/reanimated/CSS/common/values/CSSValueVariant.cpp.o -MF CMakeFiles\\reanimated.dir\\994c0676b2314ffd6b40f7be9b05d1a6\\Common\\cpp\\reanimated\\CSS\\common\\values\\CSSValueVariant.cpp.o.d -o CMakeFiles/reanimated.dir/994c0676b2314ffd6b40f7be9b05d1a6/Common/cpp/reanimated/CSS/common/values/CSSValueVariant.cpp.o -c D:/Projects/touch/touch-mobile/node_modules/react-native-reanimated/Common/cpp/reanimated/CSS/common/values/CSSValueVariant.cpp
C/C++: clang++: error: clang frontend command failed due to signal (use -v to see invocation)
C/C++: Android (13624864, based on r530567e) clang version 19.0.1 (https://android.googlesource.com/toolchain/llvm-project 97a699bf4812a18fb657c2779f5296a4ab2694d2)
C/C++: Target: aarch64-none-linux-android24
C/C++: Thread model: posix
C/C++: InstalledDir: D:/AndroidStudioProjects/Sdk/ndk/28.2.13676358/toolchains/llvm/prebuilt/windows-x86_64/bin
C/C++: clang++: note: diagnostic msg: 
C/C++: ********************
C/C++: PLEASE ATTACH THE FOLLOWING FILES TO THE BUG REPORT:
C/C++: Preprocessed source(s) and associated run script(s) are located at:
C/C++: clang++: note: diagnostic msg: C:/Users/roybe/AppData/Local/Temp/CSSValueVariant-7ff769.cpp
C/C++: clang++: note: diagnostic msg: C:/Users/roybe/AppData/Local/Temp/CSSValueVariant-7ff769.sh
C/C++: clang++: note: diagnostic msg: 
C/C++: ********************
C/C++: [18/79] Building CXX object CMakeFiles/reanimated.dir/994c0676b2314ffd6b40f7be9b05d1a6/Common/cpp/reanimated/CSS/InterpolatorRegistry.cpp.o
C/C++: FAILED: CMakeFiles/reanimated.dir/994c0676b2314ffd6b40f7be9b05d1a6/Common/cpp/reanimated/CSS/InterpolatorRegistry.cpp.o 
C/C++: D:\AndroidStudioProjects\Sdk\ndk\28.2.13676358\toolchains\llvm\prebuilt\windows-x86_64\bin\clang++.exe --target=aarch64-none-linux-android24 --sysroot=D:/AndroidStudioProjects/Sdk/ndk/28.2.13676358/toolchains/llvm/prebuilt/windows-x86_64/sysroot -DRN_SERIALIZABLE_STATE -Dreanimated_EXPORTS -ID:/Projects/touch/touch-mobile/node_modules/react-native-reanimated/android/../Common/cpp -ID:/Projects/touch/touch-mobile/node_modules/react-native-reanimated/android/src/main/cpp -ID:/Projects/touch/touch-mobile/node_modules/react-native/ReactCommon -ID:/Projects/touch/touch-mobile/node_modules/react-native/ReactCommon/yoga -ID:/Projects/touch/touch-mobile/node_modules/react-native/ReactAndroid/src/main/jni/react/turbomodule -ID:/Projects/touch/touch-mobile/node_modules/react-native/ReactCommon/callinvoker -ID:/Projects/touch/touch-mobile/node_modules/react-native/ReactCommon/runtimeexecutor -ID:/Projects/touch/touch-mobile/node_modules/react-native/ReactCommon/jsiexecutor -ID:/Projects/touch/touch-mobile/node_modules/react-native/ReactCommon/react/renderer/graphics/platform/cxx -isystem D:/AndroidStudioProjects/.gradle/caches/8.13/transforms/761d13cc5b0f08ac09c3c16bb3bc519a/transformed/jetified-react-android-0.81.5-release/prefab/modules/reactnative/include -isystem D:/AndroidStudioProjects/.gradle/caches/8.13/transforms/761d13cc5b0f08ac09c3c16bb3bc519a/transformed/jetified-react-android-0.81.5-release/prefab/modules/jsi/include -isystem D:/AndroidStudioProjects/.gradle/caches/8.13/transforms/496183c206113a51ea543412a7084c83/transformed/jetified-fbjni-0.7.0/prefab/modules/fbjni/include -isystem D:/Projects/touch/touch-mobile/node_modules/react-native-worklets/android/build/prefab-headers/worklets -g -DANDROID -fdata-sections -ffunction-sections -funwind-tables -fstack-protector-strong -no-canonical-prefixes -D_FORTIFY_SOURCE=2 -Wformat -Werror=format-security   -DREACT_NATIVE_MINOR_VERSION=81    -DREANIMATED_VERSION=4.3.1    -DREANIMATED_FEATURE_FLAGS="[EXPERIMENTAL_CSS_ANIMATIONS_FOR_SVG_COMPONENTS:false][RUNTIME_TEST_FLAG:false][DISABLE_COMMIT_PAUSING_MECHANISM:false][ANDROID_SYNCHRONOUSLY_UPDATE_UI_PROPS:false][USE_SYNCHRONIZABLE_FOR_MUTABLES:true][FORCE_REACT_RENDER_FOR_SETTLED_ANIMATIONS:true][ENABLE_SHARED_ELEMENT_TRANSITIONS:false][IOS_SYNCHRONOUSLY_UPDATE_UI_PROPS:false][USE_COMMIT_HOOK_ONLY_FOR_REACT_COMMITS:true]" -fno-omit-frame-pointer -fstack-protector-all -fvisibility=hidden -DNDEBUG -flto=thin -O2 -g -DNDEBUG -fPIC -DFOLLY_NO_CONFIG=1 -DFOLLY_HAVE_CLOCK_GETTIME=1 -DFOLLY_USE_LIBCPP=1 -DFOLLY_CFG_NO_COROUTINES=1 -DFOLLY_MOBILE=1 -DFOLLY_HAVE_RECVMMSG=1 -DFOLLY_HAVE_PTHREAD=1 -DFOLLY_HAVE_XSI_STRERROR_R=1 -Wall -Werror -fexceptions -frtti -std=c++20 -DLOG_TAG=\"ReactNative\" -std=gnu++20 -MD -MT CMakeFiles/reanimated.dir/994c0676b2314ffd6b40f7be9b05d1a6/Common/cpp/reanimated/CSS/InterpolatorRegistry.cpp.o -MF CMakeFiles\reanimated.dir\994c0676b2314ffd6b40f7be9b05d1a6\Common\cpp\reanimated\CSS\InterpolatorRegistry.cpp.o.d -o CMakeFiles/reanimated.dir/994c0676b2314ffd6b40f7be9b05d1a6/Common/cpp/reanimated/CSS/InterpolatorRegistry.cpp.o -c D:/Projects/touch/touch-mobile/node_modules/react-native-reanimated/Common/cpp/reanimated/CSS/InterpolatorRegistry.cpp
C/C++: 0.	Program arguments: D:\\AndroidStudioProjects\\Sdk\\ndk\\28.2.13676358\\toolchains\\llvm\\prebuilt\\windows-x86_64\\bin\\clang++.exe --target=aarch64-none-linux-android24 --sysroot=D:/AndroidStudioProjects/Sdk/ndk/28.2.13676358/toolchains/llvm/prebuilt/windows-x86_64/sysroot -DRN_SERIALIZABLE_STATE -Dreanimated_EXPORTS -ID:/Projects/touch/touch-mobile/node_modules/react-native-reanimated/android/../Common/cpp -ID:/Projects/touch/touch-mobile/node_modules/react-native-reanimated/android/src/main/cpp -ID:/Projects/touch/touch-mobile/node_modules/react-native/ReactCommon -ID:/Projects/touch/touch-mobile/node_modules/react-native/ReactCommon/yoga -ID:/Projects/touch/touch-mobile/node_modules/react-native/ReactAndroid/src/main/jni/react/turbomodule -ID:/Projects/touch/touch-mobile/node_modules/react-native/ReactCommon/callinvoker -ID:/Projects/touch/touch-mobile/node_modules/react-native/ReactCommon/runtimeexecutor -ID:/Projects/touch/touch-mobile/node_modules/react-native/ReactCommon/jsiexecutor -ID:/Projects/touch/touch-mobile/node_modules/react-native/ReactCommon/react/renderer/graphics/platform/cxx -isystem D:/AndroidStudioProjects/.gradle/caches/8.13/transforms/761d13cc5b0f08ac09c3c16bb3bc519a/transformed/jetified-react-android-0.81.5-release/prefab/modules/reactnative/include -isystem D:/AndroidStudioProjects/.gradle/caches/8.13/transforms/761d13cc5b0f08ac09c3c16bb3bc519a/transformed/jetified-react-android-0.81.5-release/prefab/modules/jsi/include -isystem D:/AndroidStudioProjects/.gradle/caches/8.13/transforms/496183c206113a51ea543412a7084c83/transformed/jetified-fbjni-0.7.0/prefab/modules/fbjni/include -isystem D:/Projects/touch/touch-mobile/node_modules/react-native-worklets/android/build/prefab-headers/worklets -g -DANDROID -fdata-sections -ffunction-sections -funwind-tables -fstack-protector-strong -no-canonical-prefixes -D_FORTIFY_SOURCE=2 -Wformat -Werror=format-security -DREACT_NATIVE_MINOR_VERSION=81 -DREANIMATED_VERSION=4.3.1 -DREANIMATED_FEATURE_FLAGS=[EXPERIMENTAL_CSS_ANIMATIONS_FOR_SVG_COMPONENTS:false][RUNTIME_TEST_FLAG:false][DISABLE_COMMIT_PAUSING_MECHANISM:false][ANDROID_SYNCHRONOUSLY_UPDATE_UI_PROPS:false][USE_SYNCHRONIZABLE_FOR_MUTABLES:true][FORCE_REACT_RENDER_FOR_SETTLED_ANIMATIONS:true][ENABLE_SHARED_ELEMENT_TRANSITIONS:false][IOS_SYNCHRONOUSLY_UPDATE_UI_PROPS:false][USE_COMMIT_HOOK_ONLY_FOR_REACT_COMMITS:true] -fno-omit-frame-pointer -fstack-protector-all -fvisibility=hidden -DNDEBUG -flto=thin -O2 -g -DNDEBUG -fPIC -DFOLLY_NO_CONFIG=1 -DFOLLY_HAVE_CLOCK_GETTIME=1 -DFOLLY_USE_LIBCPP=1 -DFOLLY_CFG_NO_COROUTINES=1 -DFOLLY_MOBILE=1 -DFOLLY_HAVE_RECVMMSG=1 -DFOLLY_HAVE_PTHREAD=1 -DFOLLY_HAVE_XSI_STRERROR_R=1 -Wall -Werror -fexceptions -frtti -std=c++20 -DLOG_TAG=\"ReactNative\" -std=gnu++20 -MD -MT CMakeFiles/reanimated.dir/994c0676b2314ffd6b40f7be9b05d1a6/Common/cpp/reanimated/CSS/InterpolatorRegistry.cpp.o -MF CMakeFiles\\reanimated.dir\\994c0676b2314ffd6b40f7be9b05d1a6\\Common\\cpp\\reanimated\\CSS\\InterpolatorRegistry.cpp.o.d -o CMakeFiles/reanimated.dir/994c0676b2314ffd6b40f7be9b05d1a6/Common/cpp/reanimated/CSS/InterpolatorRegistry.cpp.o -c D:/Projects/touch/touch-mobile/node_modules/react-native-reanimated/Common/cpp/reanimated/CSS/InterpolatorRegistry.cpp
C/C++: clang++: error: clang frontend command failed due to signal (use -v to see invocation)
C/C++: Android (13624864, based on r530567e) clang version 19.0.1 (https://android.googlesource.com/toolchain/llvm-project 97a699bf4812a18fb657c2779f5296a4ab2694d2)
C/C++: Target: aarch64-none-linux-android24
C/C++: Thread model: posix
C/C++: InstalledDir: D:/AndroidStudioProjects/Sdk/ndk/28.2.13676358/toolchains/llvm/prebuilt/windows-x86_64/bin
C/C++: clang++: note: diagnostic msg: 
C/C++: ********************
C/C++: PLEASE ATTACH THE FOLLOWING FILES TO THE BUG REPORT:
C/C++: Preprocessed source(s) and associated run script(s) are located at:
C/C++: clang++: note: diagnostic msg: C:/Users/roybe/AppData/Local/Temp/InterpolatorRegistry-e80d11.cpp
C/C++: clang++: note: diagnostic msg: C:/Users/roybe/AppData/Local/Temp/InterpolatorRegistry-e80d11.sh
C/C++: clang++: note: diagnostic msg: 
C/C++: ********************
C/C++: ninja: build stopped: subcommand failed.

> Task :react-native-reanimated:buildCMakeRelWithDebInfo[arm64-v8a][reanimated] FAILED

[Incubating] Problems report is available at: file:///D:/Projects/touch/touch-mobile/android/build/reports/problems/problems-report.html
56 actionable tasks: 13 executed, 43 up-to-date
