#
# There is insufficient memory for the Java Runtime Environment to continue.
# Native memory allocation (mmap) failed to map 1048576 bytes. Error detail: G1 virtual space
# Possible reasons:
#   The system is out of physical RAM or swap space
#   This process is running with CompressedOops enabled, and the Java Heap may be blocking the growth of the native heap
# Possible solutions:
#   Reduce memory load on the system
#   Increase physical memory or swap space
#   Check if swap backing store is full
#   Decrease Java heap size (-Xmx/-Xms)
#   Decrease number of Java threads
#   Decrease Java thread stack sizes (-Xss)
#   Set larger code cache with -XX:ReservedCodeCacheSize=
#   JVM is running with Unscaled Compressed Oops mode in which the Java heap is
#     placed in the first 4GB address space. The Java Heap base address is the
#     maximum limit for the native heap growth. Please use -XX:HeapBaseMinAddress
#     to set the Java Heap base and to place the Java Heap above 4GB virtual address.
# This output file may be truncated or incomplete.
#
#  Out of Memory Error (os_windows.cpp:3618), pid=9556, tid=20024
#
# JRE version: OpenJDK Runtime Environment OpenLogic-OpenJDK (17.0.14+7) (build 17.0.14+7-adhoc..jdk17u)
# Java VM: OpenJDK 64-Bit Server VM OpenLogic-OpenJDK (17.0.14+7-adhoc..jdk17u, mixed mode, sharing, tiered, compressed oops, compressed class ptrs, g1 gc, windows-amd64)
# No core dump will be written. Minidumps are not enabled by default on client versions of Windows
#

---------------  S U M M A R Y ------------

Command Line: --add-opens=java.base/java.lang=ALL-UNNAMED --add-opens=java.base/java.lang.invoke=ALL-UNNAMED --add-opens=java.base/java.util=ALL-UNNAMED --add-opens=java.prefs/java.util.prefs=ALL-UNNAMED --add-exports=jdk.compiler/com.sun.tools.javac.api=ALL-UNNAMED --add-exports=jdk.compiler/com.sun.tools.javac.util=ALL-UNNAMED --add-opens=java.base/java.util=ALL-UNNAMED --add-opens=java.prefs/java.util.prefs=ALL-UNNAMED --add-opens=java.base/java.nio.charset=ALL-UNNAMED --add-opens=java.base/java.net=ALL-UNNAMED --add-opens=java.base/java.util.concurrent.atomic=ALL-UNNAMED --add-opens=java.xml/javax.xml.namespace=ALL-UNNAMED -XX:MaxMetaspaceSize=512m -Xmx2048m -Dfile.encoding=windows-1252 -Duser.country=IN -Duser.language=en -Duser.variant -javaagent:C:\ProgramData\chocolatey\lib\gradle\tools\gradle-8.12.1\lib\agents\gradle-instrumentation-agent-8.12.1.jar org.gradle.launcher.daemon.bootstrap.GradleDaemon 8.12.1

Host: Intel(R) Core(TM) i3-1005G1 CPU @ 1.20GHz, 4 cores, 3G,  Windows 11 , 64 bit Build 26100 (10.0.26100.4484)
Time: Sat Jul 12 17:12:56 2025 India Standard Time elapsed time: 75.456666 seconds (0d 0h 1m 15s)

---------------  T H R E A D  ---------------

Current thread (0x000001de6f402cb0):  JavaThread "Unconstrained build operations Thread 29" [_thread_in_vm, id=20024, stack(0x000000b665400000,0x000000b665500000)]

Stack: [0x000000b665400000,0x000000b665500000]
Native frames: (J=compiled Java code, j=interpreted, Vv=VM code, C=native code)
V  [jvm.dll+0x681069]
V  [jvm.dll+0x838cca]
V  [jvm.dll+0x83a78e]
V  [jvm.dll+0x83adf3]
V  [jvm.dll+0x24826f]
V  [jvm.dll+0x67dd99]
V  [jvm.dll+0x67286a]
V  [jvm.dll+0x30826b]
V  [jvm.dll+0x30f756]
V  [jvm.dll+0x35f7ab]
V  [jvm.dll+0x35fdf4]
V  [jvm.dll+0x35f996]
V  [jvm.dll+0x2df744]
V  [jvm.dll+0x2db856]
V  [jvm.dll+0x613783]
V  [jvm.dll+0x2124e5]
V  [jvm.dll+0x802896]
V  [jvm.dll+0x6dcd79]
C  0x000001de3d8df6a9

The last pc belongs to _new_array_nozero_Java (printed below).
Java frames: (J=compiled Java code, j=interpreted, Vv=VM code)
v  ~RuntimeStub::_new_array_nozero_Java
J 22379 c2 kotlin.io.ByteStreamsKt.copyTo(Ljava/io/InputStream;Ljava/io/OutputStream;I)J (60 bytes) @ 0x000001de3ea04f88 [0x000001de3ea042e0+0x0000000000000ca8]
J 21976 c1 kotlin.io.ByteStreamsKt.readBytes(Ljava/io/InputStream;)[B (47 bytes) @ 0x000001de36bcee74 [0x000001de36bce980+0x00000000000004f4]
J 21975 c1 com.android.tools.build.jetifier.processor.archive.Archive$Builder.extractFile(Ljava/util/zip/ZipInputStream;Ljava/nio/file/Path;Ljava/nio/file/attribute/FileTime;)Lcom/android/tools/build/jetifier/processor/archive/ArchiveFile; (39 bytes) @ 0x000001de36fb7704 [0x000001de36fb7460+0x00000000000002a4]
j  com.android.tools.build.jetifier.processor.archive.Archive$Builder.extractArchive(Ljava/io/InputStream;Ljava/nio/file/Path;ZLjava/nio/file/attribute/FileTime;)Lcom/android/tools/build/jetifier/processor/archive/Archive;+144
j  com.android.tools.build.jetifier.processor.archive.Archive$Builder.extract(Ljava/io/File;Z)Lcom/android/tools/build/jetifier/processor/archive/Archive;+94
j  com.android.tools.build.jetifier.processor.archive.Archive$Builder.extract$default(Lcom/android/tools/build/jetifier/processor/archive/Archive$Builder;Ljava/io/File;ZILjava/lang/Object;)Lcom/android/tools/build/jetifier/processor/archive/Archive;+11
j  com.android.tools.build.jetifier.processor.Processor.loadLibraries(Ljava/lang/Iterable;)Ljava/util/Set;+98
j  com.android.tools.build.jetifier.processor.Processor.transform2(Ljava/util/Set;ZZ)Lcom/android/tools/build/jetifier/processor/TransformationResult;+372
j  com.android.build.gradle.internal.dependency.JetifyTransform.transform(Lorg/gradle/api/artifacts/transform/TransformOutputs;)V+368
j  org.gradle.api.internal.artifacts.transform.DefaultTransform.transform(Lorg/gradle/api/provider/Provider;Ljava/io/File;Lorg/gradle/api/internal/artifacts/transform/TransformDependencies;Lorg/gradle/work/InputChanges;)Lorg/gradle/api/internal/artifacts/transform/TransformExecutionResult;+42
j  org.gradle.api.internal.artifacts.transform.AbstractTransformExecution$2.call(Lorg/gradle/internal/operations/BuildOperationContext;)Lorg/gradle/api/internal/artifacts/transform/TransformExecutionResult;+96
j  org.gradle.api.internal.artifacts.transform.AbstractTransformExecution$2.call(Lorg/gradle/internal/operations/BuildOperationContext;)Ljava/lang/Object;+2
J 16359 c2 org.gradle.internal.operations.DefaultBuildOperationRunner$CallableBuildOperationWorker.execute(Lorg/gradle/internal/operations/BuildOperation;Lorg/gradle/internal/operations/BuildOperationContext;)V (10 bytes) @ 0x000001de3e53848c [0x000001de3e538420+0x000000000000006c]
J 18518 c1 org.gradle.internal.operations.DefaultBuildOperationRunner$2.execute(Lorg/gradle/internal/operations/BuildOperationDescriptor;Lorg/gradle/internal/operations/BuildOperationState;Lorg/gradle/internal/operations/BuildOperationState;Lorg/gradle/internal/operations/DefaultBuildOperationRunner$ReadableBuildOperationContext;Lorg/gradle/internal/operations/DefaultBuildOperationRunner$BuildOperationExecutionListener;)Lorg/gradle/internal/operations/BuildOperation; (110 bytes) @ 0x000001de36be2834 [0x000001de36be2640+0x00000000000001f4]
J 14976 c2 org.gradle.internal.operations.DefaultBuildOperationRunner.execute(Lorg/gradle/internal/operations/BuildOperationDescriptor$Builder;Lorg/gradle/internal/operations/BuildOperationState;Lorg/gradle/internal/operations/DefaultBuildOperationRunner$BuildOperationExecution;)Ljava/lang/Object; (147 bytes) @ 0x000001de3e431030 [0x000001de3e430a40+0x00000000000005f0]
J 16362 c2 org.gradle.internal.operations.DefaultBuildOperationRunner.call(Lorg/gradle/internal/operations/CallableBuildOperation;)Ljava/lang/Object; (24 bytes) @ 0x000001de3e538b08 [0x000001de3e538900+0x0000000000000208]
j  org.gradle.api.internal.artifacts.transform.AbstractTransformExecution.executeWithinTransformerListener(Lorg/gradle/internal/execution/UnitOfWork$ExecutionRequest;)Lorg/gradle/internal/execution/UnitOfWork$WorkOutput;+13
j  org.gradle.api.internal.artifacts.transform.AbstractTransformExecution.execute(Lorg/gradle/internal/execution/UnitOfWork$ExecutionRequest;)Lorg/gradle/internal/execution/UnitOfWork$WorkOutput;+19
j  org.gradle.internal.execution.steps.ExecuteStep.executeInternal(Lorg/gradle/internal/execution/UnitOfWork;Lorg/gradle/internal/execution/steps/InputChangesContext;)Lorg/gradle/internal/execution/steps/Result;+16
j  org.gradle.internal.execution.steps.ExecuteStep.access$000(Lorg/gradle/internal/execution/UnitOfWork;Lorg/gradle/internal/execution/steps/InputChangesContext;)Lorg/gradle/internal/execution/steps/Result;+2
j  org.gradle.internal.execution.steps.ExecuteStep$1.call(Lorg/gradle/internal/operations/BuildOperationContext;)Lorg/gradle/internal/execution/steps/Result;+8
j  org.gradle.internal.execution.steps.ExecuteStep$1.call(Lorg/gradle/internal/operations/BuildOperationContext;)Ljava/lang/Object;+2
J 16359 c2 org.gradle.internal.operations.DefaultBuildOperationRunner$CallableBuildOperationWorker.execute(Lorg/gradle/internal/operations/BuildOperation;Lorg/gradle/internal/operations/BuildOperationContext;)V (10 bytes) @ 0x000001de3e53848c [0x000001de3e538420+0x000000000000006c]
J 18518 c1 org.gradle.internal.operations.DefaultBuildOperationRunner$2.execute(Lorg/gradle/internal/operations/BuildOperationDescriptor;Lorg/gradle/internal/operations/BuildOperationState;Lorg/gradle/internal/operations/BuildOperationState;Lorg/gradle/internal/operations/DefaultBuildOperationRunner$ReadableBuildOperationContext;Lorg/gradle/internal/operations/DefaultBuildOperationRunner$BuildOperationExecutionListener;)Lorg/gradle/internal/operations/BuildOperation; (110 bytes) @ 0x000001de36be2834 [0x000001de36be2640+0x00000000000001f4]
J 14976 c2 org.gradle.internal.operations.DefaultBuildOperationRunner.execute(Lorg/gradle/internal/operations/BuildOperationDescriptor$Builder;Lorg/gradle/internal/operations/BuildOperationState;Lorg/gradle/internal/operations/DefaultBuildOperationRunner$BuildOperationExecution;)Ljava/lang/Object; (147 bytes) @ 0x000001de3e431030 [0x000001de3e430a40+0x00000000000005f0]
J 16362 c2 org.gradle.internal.operations.DefaultBuildOperationRunner.call(Lorg/gradle/internal/operations/CallableBuildOperation;)Ljava/lang/Object; (24 bytes) @ 0x000001de3e538b08 [0x000001de3e538900+0x0000000000000208]
j  org.gradle.internal.execution.steps.ExecuteStep.execute(Lorg/gradle/internal/execution/UnitOfWork;Lorg/gradle/internal/execution/steps/ChangingOutputsContext;)Lorg/gradle/internal/execution/steps/Result;+28
j  org.gradle.internal.execution.steps.ExecuteStep.execute(Lorg/gradle/internal/execution/UnitOfWork;Lorg/gradle/internal/execution/steps/Context;)Lorg/gradle/internal/execution/steps/Result;+6
j  org.gradle.internal.execution.steps.CancelExecutionStep.execute(Lorg/gradle/internal/execution/UnitOfWork;Lorg/gradle/internal/execution/steps/Context;)Lorg/gradle/internal/execution/steps/Result;+35
j  org.gradle.internal.execution.steps.TimeoutStep.executeWithoutTimeout(Lorg/gradle/internal/execution/UnitOfWork;Lorg/gradle/internal/execution/steps/Context;)Lorg/gradle/internal/execution/steps/Result;+6
j  org.gradle.internal.execution.steps.TimeoutStep.execute(Lorg/gradle/internal/execution/UnitOfWork;Lorg/gradle/internal/execution/steps/Context;)Lorg/gradle/internal/execution/steps/Result;+92
j  org.gradle.internal.execution.steps.PreCreateOutputParentsStep.execute(Lorg/gradle/internal/execution/UnitOfWork;Lorg/gradle/internal/execution/steps/ChangingOutputsContext;)Lorg/gradle/internal/execution/steps/Result;+24
j  org.gradle.internal.execution.steps.PreCreateOutputParentsStep.execute(Lorg/gradle/internal/execution/UnitOfWork;Lorg/gradle/internal/execution/steps/Context;)Lorg/gradle/internal/execution/steps/Result;+6
j  org.gradle.internal.execution.steps.BroadcastChangingOutputsStep.execute(Lorg/gradle/internal/execution/UnitOfWork;Lorg/gradle/internal/execution/steps/InputChangesContext;)Lorg/gradle/internal/execution/steps/Result;+53
j  org.gradle.internal.execution.steps.BroadcastChangingOutputsStep.execute(Lorg/gradle/internal/execution/UnitOfWork;Lorg/gradle/internal/execution/steps/Context;)Lorg/gradle/internal/execution/steps/Result;+6
j  org.gradle.internal.execution.steps.NoInputChangesStep.execute(Lorg/gradle/internal/execution/UnitOfWork;Lorg/gradle/internal/execution/steps/ValidationFinishedContext;)Lorg/gradle/internal/execution/steps/Result;+23
j  org.gradle.internal.execution.steps.NoInputChangesStep.execute(Lorg/gradle/internal/execution/UnitOfWork;Lorg/gradle/internal/execution/steps/Context;)Lorg/gradle/internal/execution/steps/Result;+6
j  org.gradle.internal.execution.steps.CaptureOutputsAfterExecutionStep.execute(Lorg/gradle/internal/execution/UnitOfWork;Lorg/gradle/internal/execution/steps/WorkspaceContext;)Lorg/gradle/internal/execution/steps/AfterExecutionResult;+6
j  org.gradle.internal.execution.steps.CaptureOutputsAfterExecutionStep.execute(Lorg/gradle/internal/execution/UnitOfWork;Lorg/gradle/internal/execution/steps/Context;)Lorg/gradle/internal/execution/steps/Result;+6
j  org.gradle.internal.execution.steps.BuildCacheStep.executeWithoutCache(Lorg/gradle/internal/execution/UnitOfWork;Lorg/gradle/internal/execution/steps/WorkspaceContext;)Lorg/gradle/internal/execution/steps/AfterExecutionResult;+6
j  org.gradle.internal.execution.steps.BuildCacheStep.lambda$execute$1(Lorg/gradle/internal/execution/UnitOfWork;Lorg/gradle/internal/execution/steps/WorkspaceContext;Lorg/gradle/internal/execution/caching/CachingState$Disabled;)Lorg/gradle/internal/execution/steps/AfterExecutionResult;+3
j  org.gradle.internal.execution.steps.BuildCacheStep$$Lambda$1703+0x000001de4e9e2378.apply(Ljava/lang/Object;)Ljava/lang/Object;+16
j  org.gradle.internal.Either$Right.fold(Ljava/util/function/Function;Ljava/util/function/Function;)Ljava/lang/Object;+5
j  org.gradle.internal.execution.caching.CachingState.fold(Ljava/util/function/Function;Ljava/util/function/Function;)Ljava/lang/Object;+6
j  org.gradle.internal.execution.steps.BuildCacheStep.execute(Lorg/gradle/internal/execution/UnitOfWork;Lorg/gradle/internal/execution/steps/WorkspaceContext;)Lorg/gradle/internal/execution/steps/AfterExecutionResult;+25
j  org.gradle.internal.execution.steps.BuildCacheStep.execute(Lorg/gradle/internal/execution/UnitOfWork;Lorg/gradle/internal/execution/steps/Context;)Lorg/gradle/internal/execution/steps/Result;+6
j  org.gradle.internal.execution.steps.NeverUpToDateStep.execute(Lorg/gradle/internal/execution/UnitOfWork;Lorg/gradle/internal/execution/steps/NonIncrementalCachingContext;)Lorg/gradle/internal/execution/steps/UpToDateResult;+6
j  org.gradle.internal.execution.steps.NeverUpToDateStep.execute(Lorg/gradle/internal/execution/UnitOfWork;Lorg/gradle/internal/execution/steps/Context;)Lorg/gradle/internal/execution/steps/Result;+6
j  org.gradle.internal.execution.steps.legacy.MarkSnapshottingInputsFinishedStep.execute(Lorg/gradle/internal/execution/UnitOfWork;Lorg/gradle/internal/execution/steps/CachingContext;)Lorg/gradle/internal/execution/steps/Result;+18
j  org.gradle.internal.execution.steps.legacy.MarkSnapshottingInputsFinishedStep.execute(Lorg/gradle/internal/execution/UnitOfWork;Lorg/gradle/internal/execution/steps/Context;)Lorg/gradle/internal/execution/steps/Result;+6
j  org.gradle.internal.execution.steps.ResolveNonIncrementalCachingStateStep.executeDelegate(Lorg/gradle/internal/execution/UnitOfWork;Lorg/gradle/internal/execution/steps/ValidationFinishedContext;Lorg/gradle/internal/execution/caching/CachingState;)Lorg/gradle/internal/execution/steps/UpToDateResult;+14
j  org.gradle.internal.execution.steps.AbstractResolveCachingStateStep.execute(Lorg/gradle/internal/execution/UnitOfWork;Lorg/gradle/internal/execution/steps/ValidationFinishedContext;)Lorg/gradle/internal/execution/steps/CachingResult;+51
j  org.gradle.internal.execution.steps.AbstractResolveCachingStateStep.execute(Lorg/gradle/internal/execution/UnitOfWork;Lorg/gradle/internal/execution/steps/Context;)Lorg/gradle/internal/execution/steps/Result;+6
j  org.gradle.internal.execution.steps.ValidateStep.execute(Lorg/gradle/internal/execution/UnitOfWork;Lorg/gradle/internal/execution/steps/BeforeExecutionContext;)Lorg/gradle/internal/execution/steps/Result;+255
j  org.gradle.internal.execution.steps.ValidateStep.execute(Lorg/gradle/internal/execution/UnitOfWork;Lorg/gradle/internal/execution/steps/Context;)Lorg/gradle/internal/execution/steps/Result;+6
j  org.gradle.internal.execution.steps.AbstractCaptureStateBeforeExecutionStep.execute(Lorg/gradle/internal/execution/UnitOfWork;Lorg/gradle/internal/execution/steps/PreviousExecutionContext;)Lorg/gradle/internal/execution/steps/CachingResult;+32
j  org.gradle.internal.execution.steps.AbstractCaptureStateBeforeExecutionStep.execute(Lorg/gradle/internal/execution/UnitOfWork;Lorg/gradle/internal/execution/steps/Context;)Lorg/gradle/internal/execution/steps/Result;+6
j  org.gradle.internal.execution.steps.legacy.MarkSnapshottingInputsStartedStep.execute(Lorg/gradle/internal/execution/UnitOfWork;Lorg/gradle/internal/execution/steps/Context;)Lorg/gradle/internal/execution/steps/Result;+12
j  org.gradle.internal.execution.steps.AssignImmutableWorkspaceStep.lambda$executeInTemporaryWorkspace$3(Lorg/gradle/internal/execution/steps/IdentityContext;Lorg/gradle/internal/execution/UnitOfWork;Lorg/gradle/internal/execution/workspace/ImmutableWorkspaceProvider$ImmutableWorkspace;Ljava/io/File;)Lorg/gradle/internal/execution/steps/WorkspaceResult;+50
j  org.gradle.internal.execution.steps.AssignImmutableWorkspaceStep$$Lambda$2564+0x000001de4f24cbb0.executeInTemporaryWorkspace(Ljava/io/File;)Ljava/lang/Object;+17
j  org.gradle.internal.execution.workspace.impl.CacheBasedImmutableWorkspaceProvider$1.withTemporaryWorkspace(Lorg/gradle/internal/execution/workspace/ImmutableWorkspaceProvider$ImmutableWorkspace$TemporaryWorkspaceAction;)Ljava/lang/Object;+47
j  org.gradle.internal.execution.steps.AssignImmutableWorkspaceStep.executeInTemporaryWorkspace(Lorg/gradle/internal/execution/UnitOfWork;Lorg/gradle/internal/execution/steps/IdentityContext;Lorg/gradle/internal/execution/workspace/ImmutableWorkspaceProvider$ImmutableWorkspace;)Lorg/gradle/internal/execution/steps/WorkspaceResult;+10
j  org.gradle.internal.execution.steps.AssignImmutableWorkspaceStep.lambda$execute$0(Lorg/gradle/internal/execution/UnitOfWork;Lorg/gradle/internal/execution/steps/IdentityContext;Lorg/gradle/internal/execution/workspace/ImmutableWorkspaceProvider$ImmutableWorkspace;)Lorg/gradle/internal/execution/steps/WorkspaceResult;+4
j  org.gradle.internal.execution.steps.AssignImmutableWorkspaceStep$$Lambda$506+0x000001de4e453848.get()Ljava/lang/Object;+16
J 9512 c1 org.gradle.internal.execution.steps.AssignImmutableWorkspaceStep.execute(Lorg/gradle/internal/execution/UnitOfWork;Lorg/gradle/internal/execution/steps/IdentityContext;)Lorg/gradle/internal/execution/steps/WorkspaceResult; (55 bytes) @ 0x000001de372970e4 [0x000001de37296680+0x0000000000000a64]
J 10816 c1 org.gradle.internal.execution.steps.AssignImmutableWorkspaceStep.execute(Lorg/gradle/internal/execution/UnitOfWork;Lorg/gradle/internal/execution/steps/Context;)Lorg/gradle/internal/execution/steps/Result; (10 bytes) @ 0x000001de3754a334 [0x000001de3754a1c0+0x0000000000000174]
J 9483 c1 org.gradle.internal.execution.steps.ChoosePipelineStep.execute(Lorg/gradle/internal/execution/UnitOfWork;Lorg/gradle/internal/execution/steps/IdentityContext;)Lorg/gradle/internal/execution/steps/Result; (71 bytes) @ 0x000001de3728460c [0x000001de37283d20+0x00000000000008ec]
J 9482 c1 org.gradle.internal.execution.steps.ChoosePipelineStep.execute(Lorg/gradle/internal/execution/UnitOfWork;Lorg/gradle/internal/execution/steps/Context;)Lorg/gradle/internal/execution/steps/Result; (10 bytes) @ 0x000001de372838b4 [0x000001de37283740+0x0000000000000174]
J 10832 c1 org.gradle.internal.execution.steps.ExecuteWorkBuildOperationFiringStep.lambda$execute$0(Lorg/gradle/internal/execution/UnitOfWork;Lorg/gradle/internal/execution/steps/IdentityContext;Lorg/gradle/internal/operations/BuildOperationContext;)Lorg/gradle/internal/execution/steps/CachingResult; (78 bytes) @ 0x000001de375531f4 [0x000001de375530e0+0x0000000000000114]
J 10831 c1 org.gradle.internal.execution.steps.ExecuteWorkBuildOperationFiringStep$$Lambda$932+0x000001de4e619c60.apply(Ljava/lang/Object;)Ljava/lang/Object; (20 bytes) @ 0x000001de37552c5c [0x000001de37552ac0+0x000000000000019c]
J 11004 c2 org.gradle.internal.execution.steps.BuildOperationStep$1.call(Lorg/gradle/internal/operations/BuildOperationContext;)Ljava/lang/Object; (11 bytes) @ 0x000001de3e203344 [0x000001de3e203300+0x0000000000000044]
J 16359 c2 org.gradle.internal.operations.DefaultBuildOperationRunner$CallableBuildOperationWorker.execute(Lorg/gradle/internal/operations/BuildOperation;Lorg/gradle/internal/operations/BuildOperationContext;)V (10 bytes) @ 0x000001de3e53848c [0x000001de3e538420+0x000000000000006c]
J 18518 c1 org.gradle.internal.operations.DefaultBuildOperationRunner$2.execute(Lorg/gradle/internal/operations/BuildOperationDescriptor;Lorg/gradle/internal/operations/BuildOperationState;Lorg/gradle/internal/operations/BuildOperationState;Lorg/gradle/internal/operations/DefaultBuildOperationRunner$ReadableBuildOperationContext;Lorg/gradle/internal/operations/DefaultBuildOperationRunner$BuildOperationExecutionListener;)Lorg/gradle/internal/operations/BuildOperation; (110 bytes) @ 0x000001de36be2834 [0x000001de36be2640+0x00000000000001f4]
J 14976 c2 org.gradle.internal.operations.DefaultBuildOperationRunner.execute(Lorg/gradle/internal/operations/BuildOperationDescriptor$Builder;Lorg/gradle/internal/operations/BuildOperationState;Lorg/gradle/internal/operations/DefaultBuildOperationRunner$BuildOperationExecution;)Ljava/lang/Object; (147 bytes) @ 0x000001de3e431030 [0x000001de3e430a40+0x00000000000005f0]
J 16568 c2 org.gradle.internal.execution.steps.BuildOperationStep.operation(Ljava/util/function/Function;Lorg/gradle/internal/operations/BuildOperationDescriptor$Builder;)Ljava/lang/Object; (20 bytes) @ 0x000001de3e57d4d4 [0x000001de3e57d280+0x0000000000000254]
J 10482 c1 org.gradle.internal.execution.steps.ExecuteWorkBuildOperationFiringStep.lambda$execute$1(Lorg/gradle/internal/execution/UnitOfWork;Lorg/gradle/internal/execution/steps/IdentityContext;Ljava/lang/String;)Lorg/gradle/internal/execution/steps/CachingResult; (41 bytes) @ 0x000001de3748a0c4 [0x000001de37489620+0x0000000000000aa4]
J 10866 c1 org.gradle.internal.execution.steps.ExecuteWorkBuildOperationFiringStep$$Lambda$450+0x000001de4e438000.apply(Ljava/lang/Object;)Ljava/lang/Object; (20 bytes) @ 0x000001de37567d3c [0x000001de37567bc0+0x000000000000017c]
J 9484 c1 org.gradle.internal.execution.steps.ExecuteWorkBuildOperationFiringStep.execute(Lorg/gradle/internal/execution/UnitOfWork;Lorg/gradle/internal/execution/steps/Context;)Lorg/gradle/internal/execution/steps/Result; (10 bytes) @ 0x000001de372858e4 [0x000001de37284fc0+0x0000000000000924]
J 10865 c1 org.gradle.internal.execution.steps.IdentityCacheStep.executeInCache(Lorg/gradle/internal/execution/UnitOfWork;Lorg/gradle/internal/execution/steps/IdentityContext;)Lorg/gradle/internal/execution/ExecutionEngine$IdentityCacheResult; (45 bytes) @ 0x000001de37565504 [0x000001de375653c0+0x0000000000000144]
J 10874 c1 org.gradle.internal.execution.steps.IdentityCacheStep$$Lambda$930+0x000001de4e619820.get()Ljava/lang/Object; (16 bytes) @ 0x000001de3756c684 [0x000001de3756c5c0+0x00000000000000c4]
J 6569 c1 org.gradle.cache.Cache$$Lambda$88+0x000001de4e107220.apply(Ljava/lang/Object;)Ljava/lang/Object; (9 bytes) @ 0x000001de362b97fc [0x000001de362b96c0+0x000000000000013c]
J 12501 c2 java.util.concurrent.ConcurrentHashMap.computeIfAbsent(Ljava/lang/Object;Ljava/util/function/Function;)Ljava/lang/Object; java.base@17.0.14 (576 bytes) @ 0x000001de3e2e1e70 [0x000001de3e2e1440+0x0000000000000a30]
J 15355 c2 org.gradle.cache.Cache.get(Ljava/lang/Object;Ljava/util/function/Supplier;)Ljava/lang/Object; (14 bytes) @ 0x000001de3dde39a4 [0x000001de3dde38e0+0x00000000000000c4]
J 9548 c1 org.gradle.internal.execution.steps.IdentityCacheStep.lambda$executeDeferred$1(Lorg/gradle/cache/Cache;Lorg/gradle/internal/execution/UnitOfWork$Identity;Lorg/gradle/internal/execution/UnitOfWork;Lorg/gradle/internal/execution/steps/IdentityContext;)Lorg/gradle/internal/Try; (41 bytes) @ 0x000001de372b26ac [0x000001de372b2100+0x00000000000005ac]
J 9547 c1 org.gradle.internal.execution.steps.IdentityCacheStep$$Lambda$925+0x000001de4e618f10.get()Ljava/lang/Object; (24 bytes) @ 0x000001de372b1c4c [0x000001de372b1bc0+0x000000000000008c]
J 14071 c1 org.gradle.internal.Deferrable$3.completeAndGet()Ljava/lang/Object; (46 bytes) @ 0x000001de379d6f6c [0x000001de379d6dc0+0x00000000000001ac]
J 14043 c1 org.gradle.internal.Deferrable$1.completeAndGet()Ljava/lang/Object; (18 bytes) @ 0x000001de379ca4ec [0x000001de379ca3e0+0x000000000000010c]
J 14043 c1 org.gradle.internal.Deferrable$1.completeAndGet()Ljava/lang/Object; (18 bytes) @ 0x000001de379ca4ec [0x000001de379ca3e0+0x000000000000010c]
J 14086 c1 org.gradle.internal.Deferrable$$Lambda$972+0x000001de4e62d528.get()Ljava/lang/Object; (14 bytes) @ 0x000001de379e351c [0x000001de379e3300+0x000000000000021c]
J 14071 c1 org.gradle.internal.Deferrable$3.completeAndGet()Ljava/lang/Object; (46 bytes) @ 0x000001de379d6f6c [0x000001de379d6dc0+0x00000000000001ac]
J 14086 c1 org.gradle.internal.Deferrable$$Lambda$972+0x000001de4e62d528.get()Ljava/lang/Object; (14 bytes) @ 0x000001de379e351c [0x000001de379e3300+0x000000000000021c]
J 14071 c1 org.gradle.internal.Deferrable$3.completeAndGet()Ljava/lang/Object; (46 bytes) @ 0x000001de379d6f6c [0x000001de379d6dc0+0x00000000000001ac]
J 10820 c1 org.gradle.api.internal.artifacts.transform.TransformingAsyncArtifactListener$TransformedArtifact.finalizeValue()Lorg/gradle/internal/Try; (168 bytes) @ 0x000001de3754d534 [0x000001de3754c940+0x0000000000000bf4]
J 10928 c1 org.gradle.api.internal.artifacts.transform.TransformingAsyncArtifactListener$TransformedArtifact.run(Lorg/gradle/internal/operations/BuildOperationContext;)V (6 bytes) @ 0x000001de3758b794 [0x000001de3758b720+0x0000000000000074]
J 10633 c1 org.gradle.internal.operations.DefaultBuildOperationExecutor$$Lambda$902+0x000001de4e608eb0.execute(Lorg/gradle/internal/operations/BuildOperation;Lorg/gradle/internal/operations/BuildOperationContext;)V (11 bytes) @ 0x000001de374db754 [0x000001de374db540+0x0000000000000214]
J 18518 c1 org.gradle.internal.operations.DefaultBuildOperationRunner$2.execute(Lorg/gradle/internal/operations/BuildOperationDescriptor;Lorg/gradle/internal/operations/BuildOperationState;Lorg/gradle/internal/operations/BuildOperationState;Lorg/gradle/internal/operations/DefaultBuildOperationRunner$ReadableBuildOperationContext;Lorg/gradle/internal/operations/DefaultBuildOperationRunner$BuildOperationExecutionListener;)Lorg/gradle/internal/operations/BuildOperation; (110 bytes) @ 0x000001de36be2834 [0x000001de36be2640+0x00000000000001f4]
J 14976 c2 org.gradle.internal.operations.DefaultBuildOperationRunner.execute(Lorg/gradle/internal/operations/BuildOperationDescriptor$Builder;Lorg/gradle/internal/operations/BuildOperationState;Lorg/gradle/internal/operations/DefaultBuildOperationRunner$BuildOperationExecution;)Ljava/lang/Object; (147 bytes) @ 0x000001de3e431030 [0x000001de3e430a40+0x00000000000005f0]
J 14986 c2 org.gradle.internal.operations.DefaultBuildOperationRunner.execute(Lorg/gradle/internal/operations/BuildOperation;Lorg/gradle/internal/operations/BuildOperationWorker;Lorg/gradle/internal/operations/BuildOperationState;)V (23 bytes) @ 0x000001de3e435058 [0x000001de3e434fa0+0x00000000000000b8]
J 16942 c1 org.gradle.internal.operations.DefaultBuildOperationQueue$WorkerRunnable.doRunBatch(Lorg/gradle/internal/operations/BuildOperation;)I (44 bytes) @ 0x000001de37cf16fc [0x000001de37cf15e0+0x000000000000011c]
j  org.gradle.internal.operations.DefaultBuildOperationQueue$WorkerRunnable.lambda$runBatch$0(Lorg/gradle/internal/operations/BuildOperation;)Ljava/lang/Integer;+2
j  org.gradle.internal.operations.DefaultBuildOperationQueue$WorkerRunnable$$Lambda$904+0x000001de4e609b98.create()Ljava/lang/Object;+8
j  org.gradle.internal.resources.AbstractResourceLockRegistry.whileDisallowingLockChanges(Lorg/gradle/internal/Factory;)Ljava/lang/Object;+17
j  org.gradle.internal.work.DefaultWorkerLeaseService.whileDisallowingProjectLockChanges(Lorg/gradle/internal/Factory;)Ljava/lang/Object;+14
j  org.gradle.internal.operations.DefaultBuildOperationQueue$WorkerRunnable.lambda$runBatch$1(Lorg/gradle/internal/operations/BuildOperation;)Ljava/lang/Integer;+33
j  org.gradle.internal.operations.DefaultBuildOperationQueue$WorkerRunnable$$Lambda$903+0x000001de4e609978.create()Ljava/lang/Object;+8
j  org.gradle.internal.work.DefaultWorkerLeaseService.withLocks(Ljava/util/Collection;Lorg/gradle/internal/Factory;)Ljava/lang/Object;+28
j  org.gradle.internal.work.DefaultWorkerLeaseService.runAsWorkerThread(Lorg/gradle/internal/Factory;)Ljava/lang/Object;+33
j  org.gradle.internal.operations.DefaultBuildOperationQueue$WorkerRunnable.runBatch(Lorg/gradle/internal/operations/BuildOperation;)V+18
j  org.gradle.internal.operations.DefaultBuildOperationQueue$WorkerRunnable.run()V+11
J 14155 c2 org.gradle.internal.concurrent.ExecutorPolicy$CatchAndRecordFailures.onExecute(Ljava/lang/Runnable;)V (29 bytes) @ 0x000001de3e3bd748 [0x000001de3e3bd700+0x0000000000000048]
J 20206 c1 org.gradle.internal.concurrent.AbstractManagedExecutor$1.run()V (57 bytes) @ 0x000001de380e21ac [0x000001de380e20e0+0x00000000000000cc]
j  java.util.concurrent.ThreadPoolExecutor.runWorker(Ljava/util/concurrent/ThreadPoolExecutor$Worker;)V+92 java.base@17.0.14
j  java.util.concurrent.ThreadPoolExecutor$Worker.run()V+5 java.base@17.0.14
j  java.lang.Thread.run()V+11 java.base@17.0.14
v  ~StubRoutines::call_stub
--------------------------------------------------------------------------------
Decoding CodeBlob, name: _new_array_nozero_Java, at  [0x000001de3d8df680, 0x000001de3d8df6e8]  104 bytes
[MachCode]
  0x000001de3d8df680: 4881 ec28 | 0000 0048 | 896c 2420 | 4989 a798 | 0200 0048 | 8bca 418b | d04d 8bc7 | 49ba 30cd 
  0x000001de3d8df6a0: 3a24 fd7f | 0000 41ff | d24d 89a7 | 9802 0000 | 4d89 a7a0 | 0200 0049 | 8b87 f002 | 0000 4d89 
  0x000001de3d8df6c0: a7f0 0200 | 004d 3b67 | 0875 0648 | 83c4 205d | c333 db49 | ba00 0f7e | 3dde 0100 | 0048 83c4 
  0x000001de3d8df6e0: 205d 41ff | e2f4 f4f4 
[/MachCode]
--------------------------------------------------------------------------------


Compiled method (c2)   75540 22379       4       kotlin.io.ByteStreamsKt::copyTo (60 bytes)
 total in heap  [0x000001de3ea04090,0x000001de3ea065c0] = 9520
 relocation     [0x000001de3ea041e8,0x000001de3ea042d8] = 240
 main code      [0x000001de3ea042e0,0x000001de3ea05720] = 5184
 stub code      [0x000001de3ea05720,0x000001de3ea057c0] = 160
 oops           [0x000001de3ea057c0,0x000001de3ea057d8] = 24
 metadata       [0x000001de3ea057d8,0x000001de3ea05890] = 184
 scopes data    [0x000001de3ea05890,0x000001de3ea060b8] = 2088
 scopes pcs     [0x000001de3ea060b8,0x000001de3ea06428] = 880
 dependencies   [0x000001de3ea06428,0x000001de3ea06448] = 32
 handler table  [0x000001de3ea06448,0x000001de3ea06580] = 312
 nul chk table  [0x000001de3ea06580,0x000001de3ea065c0] = 64

[Constant Pool (empty)]

[MachCode]
[Verified Entry Point]
  # {method} {0x000001de75f330f0} 'copyTo' '(Ljava/io/InputStream;Ljava/io/OutputStream;I)J' in 'kotlin/io/ByteStreamsKt'
  # parm0:    rdx:rdx   = 'java/io/InputStream'
  # parm1:    r8:r8     = 'java/io/OutputStream'
  # parm2:    r9        = int
  #           [sp+0xc0]  (sp of caller)
  0x000001de3ea042e0: 8984 2400 | 90ff ff55 | 4881 ecb0 | 0000 004c | 8bda 8b6a | 0841 8b58 | 0841 81f9 | 0000 1000 
  0x000001de3ea04300: 0f87 d50e | 0000 4963 | c941 81f9 | 0000 1000 | 0f87 dd0a | 0000 498b | b708 0100 | 0048 83c1 
  0x000001de3ea04320: 174c 8bd1 | 4983 e2f8 | 488b d649 | 03d2 493b | 9718 0100 | 000f 83b8 | 0a00 0049 | 8997 0801 
  0x000001de3ea04340: 0000 488b | fe48 83c7 | 1048 c706 | 0100 0000 | 0f0d 8ac0 

  0x000001de3ea04354: ;   {metadata({type array byte})}
  0x000001de3ea04354: 0000 00c7 | 4608 3867 | 0000 4489 | 4e0c 0f0d | 8a00 0100 | 000f 0d8a | 4001 0000 | 0f0d 8a80 
  0x000001de3ea04374: 0100 0048 | c1e9 0348 | 83c1 fe48 | 33c0 4883 | f908 7f10 | 48ff c978 | 5748 8904 | cf48 ffc9 
  0x000001de3ea04394: 7df7 eb4c | c5fd efc0 | e90d 0000 | 00c5 fe7f | 07c5 fe7f | 4720 4883 | c740 4883 | e908 7ded 
  0x000001de3ea043b4: 4883 c104 | 7c0c c5fe | 7f07 4883 | c720 4883 | e904 4883 | c104 7e18 | b801 0000 | 00c4 e271 
  0x000001de3ea043d4: f7c0 4883 | e801 c5f8 | 92f8 62f1 | fe2f 7f07 

  0x000001de3ea043e4: ;   {metadata('java/util/zip/ZipInputStream')}
  0x000001de3ea043e4: 4c8b d681 | fdb0 6e17 | 020f 85f0 | 0d00 0049 | 8bfb 0fb6 | 6f17 85ed | 0f85 460e | 0000 4585 
  0x000001de3ea04404: c90f 8461 | 0e00 008b | 4f38 85c9 | 0f84 3104 | 0000 448b | 590c 498b | ca48 83c1 | 1049 63d1 
  0x000001de3ea04424: 4183 fb08 | 0f85 8506 | 0000 4889 | 5424 4848 | 894c 2440 | 4489 4c24 | 2c48 897c | 2438 4c89 
  0x000001de3ea04444: 5424 3089 | 5c24 284c | 8944 2420 | 488b d74d | 8bc2 4533 | c98b 7c24 | 2c49 8bea 

  0x000001de3ea04460: ;   {optimized virtual_call}
  0x000001de3ea04460: c5f8 77e8 

  0x000001de3ea04464: ; ImmutableOopMap {rbp=Oop [32]=Oop [48]=Oop [56]=Oop [64]=Derived_oop_rbp }
                      ;*invokespecial read {reexecute=0 rethrow=0 return_oop=0}
                      ; - java.util.zip.ZipInputStream::read@80 (line 196)
                      ; - java.io.FilterInputStream::read@5 (line 106)
                      ; - kotlin.io.ByteStreamsKt::copyTo@22 (line 106)
  0x000001de3ea04464: 381e f9ff | 8bd8 83f8 | ff0f 84a9 | 0300 004c | 8b54 2438 | 418b 723c 

  0x000001de3ea0447c: ; implicit exception: dispatches to 0x000001de3ea05580
  0x000001de3ea0447c: 8b4e 0c85 | c00f 8ca1 | 0e00 008b | 6c24 2c2b | e885 ed0f | 8caf 0e00 | 0085 c00f | 8ec3 0e00 
  0x000001de3ea0449c: 0044 8b54 | 242c 4585 | d20f 8ed5 | 0e00 008b | e8ff cd41 | 3bea 0f83 | ec0e 0000 | 488b 5424 
  0x000001de3ea044bc: 4044 8bc0 | c5f8 7749 | ba80 147e | 3dde 0100 | 0041 ffd2 | 8946 0c89 | 5c24 7044 | 8b54 2428 
  0x000001de3ea044dc: ;   {metadata('java/io/ByteArrayOutputStream')}
  0x000001de3ea044dc: 4181 fa00 | 0a19 000f | 8517 0d00 | 0044 8b5c | 242c 4585 | db0f 8e21 | 0d00 004c | 8b54 2420 
  0x000001de3ea044fc: 4c89 5424 | 5045 33d2 | 4c89 5424 | 20e9 9e01 | 0000 4c8b | d749 bbff | ffff ffff | ffff ffc4 
  0x000001de3ea0451c: 42a8 f5db | c4c1 fb92 | fb62 f17f | af6f 0162 | f17f 2f7f | 024c 8b54 | 2450 4101 | 5a0c 488d 
  0x000001de3ea0453c: 8424 a000 | 0000 4c8b | 5c24 5048 | 8138 0000 | 0000 0f84 | 8300 0000 | 4d8b 1349 | f7c2 0200 
  0x000001de3ea0455c: 0000 746f | 4981 ba86 | 0000 0000 | 0000 0074 | 0949 ff8a | 8600 0000 | eb51 498b | 8296 0000 
  0x000001de3ea0457c: 0049 0b82 | 8e00 0000 | 750a 49c7 | 423e 0000 | 0000 eb47 | 4981 ba9e | 0000 0000 | 0000 0074 
  0x000001de3ea0459c: 2548 33c0 | 49c7 423e | 0000 0000 | f083 0424 | 0049 81ba | 9e00 0000 | 0000 0000 | 750d f04d 
  0x000001de3ea045bc: 0fb1 7a3e | 7505 83c8 | 01eb 10f7 | c000 0000 | 00eb 084c | 8b10 f04d | 0fb1 130f | 85c7 0a00 
  0x000001de3ea045dc: 004c 8b54 | 2438 450f | b652 174c | 8b5c 2420 | 4c03 df4c | 895c 2420 | 4585 d20f | 85df 0a00 
  0x000001de3ea045fc: 004c 8b54 | 2438 458b | 5a38 4585 | db0f 84fc | 0100 0045 | 8b5b 0c41 | 83fb 080f | 8597 0300 
  0x000001de3ea0461c: 0048 8b54 | 2438 4c8b | 4424 3045 | 33c9 8b7c | 242c 6690 

  0x000001de3ea04630: ;   {optimized virtual_call}
  0x000001de3ea04630: c5f8 77e8 

  0x000001de3ea04634: ; ImmutableOopMap {[48]=Oop [56]=Oop [64]=Derived_oop_[48] [80]=Oop }
                      ;*invokespecial read {reexecute=0 rethrow=0 return_oop=0}
                      ; - java.util.zip.ZipInputStream::read@80 (line 196)
                      ; - java.io.FilterInputStream::read@5 (line 106)
                      ; - kotlin.io.ByteStreamsKt::copyTo@50 (line 110)
  0x000001de3ea04634: 681c f9ff | 8bd8 83f8 | ff0f 848b | 0100 004c | 8b54 2438 | 418b 7a3c 

  0x000001de3ea0464c: ; implicit exception: dispatches to 0x000001de3ea05564
  0x000001de3ea0464c: 8b4f 0c85 | c00f 8ca9 | 0a00 008b | 6c24 2c2b | e885 ed0f | 8cbb 0a00 | 0085 c00f | 8edf 0a00 
  0x000001de3ea0466c: 008b e8ff | cd3b 6c24 | 2c0f 83fd | 0a00 0048 | 8b54 2440 | 448b c0c5 | f877 49ba | 8014 7e3d 
  0x000001de3ea0468c: de01 0000 | 41ff d289 | 470c 4d8b | 9758 0300 

  0x000001de3ea0469c: ; ImmutableOopMap {[48]=Oop [56]=Oop [64]=Derived_oop_[48] [80]=Oop }
                      ;*goto {reexecute=1 rethrow=0 return_oop=0}
                      ; - (reexecute) kotlin.io.ByteStreamsKt::copyTo@55 (line 110)
                      ;   {poll}
  0x000001de3ea0469c: 0041 8502 | 85db 0f8c | 6d01 0000 | 895c 2470 | 488d 9c24 | a000 0000 | 4c8b 4424 | 5049 8b00 
  0x000001de3ea046bc: 48f7 c002 | 0000 0075 | 2448 83c8 | 0148 8903 | f049 0fb1 | 180f 843e | 0000 0048 | 2bc4 4881 
  0x000001de3ea046dc: e007 f0ff | ff48 8903 | e92c 0000 | 004c 8bd8 | 4833 c0f0 | 4d0f b17b | 3e48 c703 | 0300 0000 
  0x000001de3ea046fc: 0f84 1300 | 0000 4c3b | f80f 850a | 0000 0049 | ff83 8600 | 0000 4833 | c00f 85f5 | 0800 0044 
  0x000001de3ea0471c: 8b5c 242c | 440b 5c24 | 7045 85db | 0f8c 1407 | 0000 8b5c | 2470 3b5c | 242c 0f8f | 8d09 0000 
  0x000001de3ea0473c: 4c8b 5424 | 5045 8b5a | 1041 8b7b | 0c45 8b52 | 0c8b 6c24 | 7041 03ea | 2bef 85ed | 0f8f 0401 
  0x000001de3ea0475c: 0000 4585 | d20f 8c19 | 0900 0044 | 8b44 242c | 443b c30f | 820b 0900 | 0045 8b4b | 0c44 8bc3 
  0x000001de3ea0477c: 4503 c245 | 3bc8 0f82 | f808 0000 | 85db 0f8c | f008 0000 | 4863 fb85 | db0f 8496 | fdff ff48 
  0x000001de3ea0479c: 8b4c 2430 | 4883 c110 | 4d8b c34b | 8d54 1310 | 4883 ff20 | 0f86 58fd | ffff 4c8b | c7c5 f877 
  0x000001de3ea047bc: 49ba 0091 | 813d de01 | 0000 41ff | d2e9 63fd | ffff 4c8b | 5424 3845 | 8b52 384d | 8bc2 488b 
  0x000001de3ea047dc: 5424 3890 

  0x000001de3ea047e0: ;   {optimized virtual_call}
  0x000001de3ea047e0: c5f8 77e8 

  0x000001de3ea047e4: ; ImmutableOopMap {[48]=Oop [56]=Oop [64]=Derived_oop_[48] [80]=Oop }
                      ;*invokevirtual readEnd {reexecute=0 rethrow=0 return_oop=0}
                      ; - java.util.zip.ZipInputStream::read@94 (line 198)
                      ; - java.io.FilterInputStream::read@5 (line 106)
                      ; - kotlin.io.ByteStreamsKt::copyTo@50 (line 110)
  0x000001de3ea047e4: 38e5 0700 | 4180 7f38 | 000f 85e1 | 0300 004c | 8b54 2438 | 41c6 4234 | 0145 8962 | 38bb ffff 
  0x000001de3ea04804: ffff e98b | feff ffbb | ffff ffff | e981 feff | ff48 8b44 | 2420 eb2d | 488b 6c24 | 3844 8b5d 
  0x000001de3ea04824: 384d 8bc3 | 488b d590 

  0x000001de3ea0482c: ;   {optimized virtual_call}
  0x000001de3ea0482c: c5f8 77e8 

  0x000001de3ea04830: ; ImmutableOopMap {rbp=Oop [32]=Oop [48]=Oop }
                      ;*invokevirtual readEnd {reexecute=0 rethrow=0 return_oop=0}
                      ; - java.util.zip.ZipInputStream::read@94 (line 198)
                      ; - java.io.FilterInputStream::read@5 (line 106)
                      ; - kotlin.io.ByteStreamsKt::copyTo@22 (line 106)
  0x000001de3ea04830: ece4 0700 | 4180 7f38 | 000f 8581 | 0500 00c6 | 4534 0144 | 8965 3833 | c0c5 f877 | 4881 c4b0 
  0x000001de3ea04850: 0000 005d 

  0x000001de3ea04854: ;   {poll_return}
  0x000001de3ea04854: 493b a750 | 0300 000f | 879b 0e00 | 00c3 3bef | 448b cd44 | 0f4c cf45 | 8bc1 4403 | c745 8bd0 
  0x000001de3ea04874: 41ff ca41 | 81fa f7ff | ff7f 0f83 | 5c0b 0000 | 4181 f800 | 0010 000f | 87ff 0900 | 004c 63d7 
  0x000001de3ea04894: 4d63 c94d | 03ca 413b | f841 8be8 | 0f4c ef3b | fd0f 8261 | 0a00 0044 | 3bc5 0f82 | 580a 0000 
  0x000001de3ea048b4: 4983 c117 | 498b f948 | 83e7 f841 | 81f8 0000 | 1000 0f87 | 5606 0000 | 498b b708 | 0100 004c 
  0x000001de3ea048d4: 8bd6 4c03 | d74d 3b97 | 1801 0000 | 0f83 3c06 | 0000 4d89 | 9708 0100 | 0041 0f0d | 8ac0 0000 
  0x000001de3ea048f4: 0048 c706 | 0100 0000 | 410f 0d8a | 0001 0000 

  0x000001de3ea04904: ;   {metadata({type array byte})}
  0x000001de3ea04904: c746 0838 | 6700 0044 | 8946 0c41 | 0f0d 8a40 | 0100 0041 | 0f0d 8a80 | 0100 004c | 8bd6 4983 
  0x000001de3ea04924: c210 49c1 | e903 4c8b | ee85 ed0f | 8463 0900 | 0049 8bcb | 4d8d 5b10 | 413b e80f | 8cc7 0200 
  0x000001de3ea04944: 0048 83c7 | f048 c1ef | 0349 8bcb | 498b d24c | 8bc7 c5f8 | 7749 ba20 | ae81 3dde | 0100 0041 
  0x000001de3ea04964: ffd2 4180 | 7f38 000f | 8567 0300 | 004c 8b54 | 2450 4589 | 6a10 458b | 520c 4c8b | de4c 8b44 
  0x000001de3ea04984: 2450 4d33 | d849 c1eb | 144d 85db | 741a 49c1 | e809 48b9 | 0000 8d45 | de01 0000 | 4903 c880 
  0x000001de3ea049a4: 3904 0f85 | 6403 0000 | 4c8b dee9 | aafd ffff | 4585 db0f | 8573 0a00 | 004d 8b52 | 284d 85d2 
  0x000001de3ea049c4: 7f23 4180 | 7f38 000f | 8507 0600 | 004c 8b54 | 2438 41c6 | 4234 0145 | 8962 38bb | ffff ffff 
  0x000001de3ea049e4: e9ad fcff | ff4c 8b5c | 2438 458b | 4b0c 418b | fa48 8b6c | 2448 493b | ea0f 4e7c | 242c 498b 
  0x000001de3ea04a04: d14c 8b44 | 2430 4533 | c990 c5f8 | 7748 b888 | 7117 4fde 

  0x000001de3ea04a18: ;   {virtual_call}
  0x000001de3ea04a18: 0100 00e8 

  0x000001de3ea04a1c: ; ImmutableOopMap {[48]=Oop [56]=Oop [64]=Derived_oop_[48] [80]=Oop }
                      ;*invokevirtual read {reexecute=0 rethrow=0 return_oop=0}
                      ; - java.util.zip.ZipInputStream::read@166 (line 214)
                      ; - java.io.FilterInputStream::read@5 (line 106)
                      ; - kotlin.io.ByteStreamsKt::copyTo@50 (line 110)
  0x000001de3ea04a1c: 00cd f9ff | 83f8 ff0f | 8417 0a00 | 004c 8b5c | 2438 458b | 5b3c 4585 | db0f 8415 | 0a00 0089 
  0x000001de3ea04a3c: 4424 2848 | ff74 2450 | 488f 4424 | 5848 896c | 2448 48ff | 7424 2048 | 8f44 2450 | 488b 6c24 
  0x000001de3ea04a5c: 3849 8bd3 | 4c8b 4424 | 3045 33c9 | 8bf8 6690 

  0x000001de3ea04a6c: ;   {optimized virtual_call}
  0x000001de3ea04a6c: c5f8 77e8 

  0x000001de3ea04a70: ; ImmutableOopMap {rbp=Oop [48]=Oop [64]=Derived_oop_[48] [88]=Oop }
                      ;*invokevirtual update {reexecute=0 rethrow=0 return_oop=0}
                      ; - java.util.zip.ZipInputStream::read@192 (line 218)
                      ; - java.io.FilterInputStream::read@5 (line 106)
                      ; - kotlin.io.ByteStreamsKt::copyTo@50 (line 110)
  0x000001de3ea04a70: 4c4a 63ff | 4889 6c24 | 384c 8b55 | 284c 635c | 2428 4d2b | d34c 8955 | 284d 85d2 | 0f84 0401 
  0x000001de3ea04a90: 0000 448b | 5424 2848 | ff74 2450 | 488f 4424 | 2041 8bda | 48ff 7424 | 5848 8f44 | 2450 e9e3 
  0x000001de3ea04ab0: fbff ff45 | 85db 0f85 | c009 0000 | 4c8b 5f28 | 4d85 db0f | 8eb5 0000 | 0048 894c | 2440 4c89 
  0x000001de3ea04ad0: 5424 3089 | 5c24 284c | 8944 2420 | 8b4f 0c48 | 8bef 418b | fb49 3bd3 | 4889 5424 | 4844 894c 
  0x000001de3ea04af0: 242c 410f | 4ef9 488b | d14c 8b44 | 2430 4533 | c990 c5f8 | 7748 b888 | 7117 4fde 

  0x000001de3ea04b0c: ;   {virtual_call}
  0x000001de3ea04b0c: 0100 00e8 

  0x000001de3ea04b10: ; ImmutableOopMap {rbp=Oop [32]=Oop [48]=Oop [64]=Derived_oop_[48] }
                      ;*invokevirtual read {reexecute=0 rethrow=0 return_oop=0}
                      ; - java.util.zip.ZipInputStream::read@166 (line 214)
                      ; - java.io.FilterInputStream::read@5 (line 106)
                      ; - kotlin.io.ByteStreamsKt::copyTo@22 (line 106)
  0x000001de3ea04b10: 0ccc f9ff | 83f8 ff0f | 848b 0900 | 004c 8bd5 | 458b 5a3c | 4585 db0f | 848b 0900 | 0089 4424 
  0x000001de3ea04b30: 5049 8bd3 | 4c8b 4424 | 3045 33c9 | 8bf8 6690 

  0x000001de3ea04b40: ;   {optimized virtual_call}
  0x000001de3ea04b40: c5f8 77e8 

  0x000001de3ea04b44: ; ImmutableOopMap {rbp=Oop [32]=Oop [48]=Oop [64]=Derived_oop_[48] }
                      ;*invokevirtual update {reexecute=0 rethrow=0 return_oop=0}
                      ; - java.util.zip.ZipInputStream::read@192 (line 218)
                      ; - java.io.FilterInputStream::read@5 (line 106)
                      ; - kotlin.io.ByteStreamsKt::copyTo@22 (line 106)
  0x000001de3ea04b44: 7849 63ff | 4889 6c24 | 384c 8b55 | 284c 635c | 2450 4d2b | d34c 8955 | 284d 85d2 | 0f84 0d02 
  0x000001de3ea04b64: 0000 448b | 5c24 5045 | 85db 0f8c | d3fc ffff | 4489 5c24 | 70e9 59f9 | ffff 4180 | 7f38 000f 
  0x000001de3ea04b84: 851f 0600 | 0044 8967 | 38c6 4734 | 01e9 b1fc | ffff 448b | 5538 498b | 6a18 4c8b | 5424 3845 
  0x000001de3ea04ba4: 8b5a 3c45 | 85db 0f84 | e808 0000 | 498b d390 

  0x000001de3ea04bb4: ;   {optimized virtual_call}
  0x000001de3ea04bb4: c5f8 77e8 

  0x000001de3ea04bb8: ; ImmutableOopMap {[48]=Oop [56]=Oop [64]=Derived_oop_[48] [88]=Oop }
                      ;*invokevirtual getValue {reexecute=0 rethrow=0 return_oop=0}
                      ; - java.util.zip.ZipInputStream::read@226 (line 220)
                      ; - java.io.FilterInputStream::read@5 (line 106)
                      ; - kotlin.io.ByteStreamsKt::copyTo@50 (line 110)
  0x000001de3ea04bb8: 6473 f9ff | 483b e80f | 84cd feff | ffba 8a00 | 0000 6690 

  0x000001de3ea04bcc: ;   {runtime_call UncommonTrapBlob}
  0x000001de3ea04bcc: c5f8 77e8 

  0x000001de3ea04bd0: ; ImmutableOopMap {[48]=Oop [56]=Oop [88]=Oop }
                      ;*new {reexecute=0 rethrow=0 return_oop=0}
                      ; - java.util.zip.ZipInputStream::read@233 (line 221)
                      ; - java.io.FilterInputStream::read@5 (line 106)
                      ; - kotlin.io.ByteStreamsKt::copyTo@50 (line 110)
  0x000001de3ea04bd0: 2c55 e3fe | 4c8b 5424 | 3845 8b5a | 3845 85db | 0f84 0dfc | ffff 4d8b | 5720 498b | cb4d 85d2 
  0x000001de3ea04bf0: 0f84 3a06 | 0000 4d8b | 5f30 4b89 | 4c13 f849 | 83c2 f84d | 8957 20e9 | e7fb ffff | 4c63 c549 
  0x000001de3ea04c10: 8bc8 4883 | c110 488b | d148 83e2 | f848 8bfe | 4803 fa48 | c1e9 034c | 2bc9 498b | c948 33c0 
  0x000001de3ea04c30: 4883 f908 | 7f10 48ff | c978 5748 | 8904 cf48 | ffc9 7df7 | eb4c c5fd | efc0 e90d | 0000 00c5 
  0x000001de3ea04c50: fe7f 07c5 | fe7f 4720 | 4883 c740 | 4883 e908 | 7ded 4883 | c104 7c0c | c5fe 7f07 | 4883 c720 
  0x000001de3ea04c70: 4883 e904 | 4883 c104 | 7e18 b801 | 0000 00c4 | e271 f7c0 | 4883 e801 | c5f8 92f8 | 62f1 fe2f 
  0x000001de3ea04c90: 7f07 4983 | f820 7725 | 49b9 ffff | ffff ffff | ffff c442 | b8f5 c9c4 | c1fb 92f9 | 62d1 7faf 
  0x000001de3ea04cb0: 6f03 62d1 | 7f2f 7f02 | e9a9 fcff | ff49 8bcb | 498b d2c5 | f877 49ba | 608b 813d | de01 0000 
  0x000001de3ea04cd0: 41ff d2e9 | 8efc ffff | 4c8b 5424 | 5045 8b52 | 1045 85d2 | 0f84 87fc | ffff 4d8b | 5f20 498b 
  0x000001de3ea04cf0: ca4d 85db | 0f84 ce06 | 0000 4d8b | 5730 4b89 | 4c1a f849 | 83c3 f84d | 895f 20e9 | 61fc ffff 
  0x000001de3ea04d10: 4d8b 5740 | 4d8b 5f50 | f083 4424 | c000 8039 | 0074 2a44 | 8821 4d85 | d274 0f4b | 894c 13f8 
  0x000001de3ea04d30: 4983 c2f8 | 4d89 5740 | eb13 498b | d7c5 f877 | 49ba f057 | fa23 fd7f | 0000 41ff | d24c 8b54 
  0x000001de3ea04d50: 2450 458b | 520c 4c8b | 5c24 5045 | 8b43 1045 | 85c0 0f84 | 8007 0000 | 4d8b d849 | 8bf3 e939 
  0x000001de3ea04d70: fcff ff44 | 8b55 3849 | 8b6a 184c | 8b54 2438 | 458b 5a3c | 4585 db0f | 8473 0700 | 0049 8bd3 
  0x000001de3ea04d90: ;   {optimized virtual_call}
  0x000001de3ea04d90: c5f8 77e8 

  0x000001de3ea04d94: ; ImmutableOopMap {[32]=Oop [48]=Oop [56]=Oop [64]=Derived_oop_[48] }
                      ;*invokevirtual getValue {reexecute=0 rethrow=0 return_oop=0}
                      ; - java.util.zip.ZipInputStream::read@226 (line 220)
                      ; - java.io.FilterInputStream::read@5 (line 106)
                      ; - kotlin.io.ByteStreamsKt::copyTo@22 (line 106)
  0x000001de3ea04d94: 8871 f9ff | 483b e80f | 84c5 fdff | ffba 8a00 | 0000 488b | 6c24 384c | 8b54 2430 | 4c89 5424 
  0x000001de3ea04db4: 2866 6690 

  0x000001de3ea04db8: ;   {runtime_call UncommonTrapBlob}
  0x000001de3ea04db8: c5f8 77e8 

  0x000001de3ea04dbc: ; ImmutableOopMap {rbp=Oop [32]=Oop [40]=Oop }
                      ;*new {reexecute=0 rethrow=0 return_oop=0}
                      ; - java.util.zip.ZipInputStream::read@233 (line 221)
                      ; - java.io.FilterInputStream::read@5 (line 106)
                      ; - kotlin.io.ByteStreamsKt::copyTo@22 (line 106)
  0x000001de3ea04dbc: 4053 e3fe | 448b 5538 | 4585 d20f | 8472 faff | ff4d 8b5f | 2049 8bca | 4d85 db0f | 843b 0600 
  0x000001de3ea04ddc: 004d 8b57 | 304b 894c | 1af8 4983 | c3f8 4d89 | 5f20 e94c | faff ff89 | 5c24 3444 | 894c 2430 
  0x000001de3ea04dfc: 4c89 4424 | 284c 895c 

  0x000001de3ea04e04: ;   {metadata({type array byte})}
  0x000001de3ea04e04: 2420 48ba | 3867 004d | de01 0000 | 458b c190 

  0x000001de3ea04e14: ;   {runtime_call _new_array_Java}
  0x000001de3ea04e14: c5f8 77e8 

  0x000001de3ea04e18: ; ImmutableOopMap {[32]=Oop [40]=Oop }
                      ;*newarray {reexecute=0 rethrow=0 return_oop=1}
                      ; - kotlin.io.ByteStreamsKt::copyTo@15 (line 105)
  0x000001de3ea04e18: 64ab edfe | 4c8b 5c24 | 204c 8b44 | 2428 448b | 4c24 308b | 5c24 3448 | 8bf0 e9ad | f5ff ff48 
  0x000001de3ea04e38: 8bd8 488b | d3e9 d000 | 0000 33d2 | 4533 c044 | 8b4c 2470 | 8b7c 242c | 488b 6c24 | 3866 6690 
  0x000001de3ea04e58: ;   {static_call}
  0x000001de3ea04e58: c5f8 77e8 

  0x000001de3ea04e5c: ; ImmutableOopMap {rbp=Oop [48]=Oop [80]=Oop }
                      ;*invokestatic outOfBoundsCheckFromIndexSize {reexecute=0 rethrow=0 return_oop=1}
                      ; - jdk.internal.util.Preconditions::checkFromIndexSize@19 (line 361)
                      ; - java.util.Objects::checkFromIndexSize@4 (line 413)
                      ; - java.io.ByteArrayOutputStream::write@4 (line 129)
                      ; - kotlin.io.ByteStreamsKt::copyTo@38 (line 108)
  0x000001de3ea04e5c: a0d7 e2fe | 488b d848 | 85c0 0f84 | a406 0000 | 488d 8424 | a000 0000 | 4c8b 5c24 | 5048 8138 
  0x000001de3ea04e7c: 0000 0000 | 0f84 8300 | 0000 4d8b | 1349 f7c2 | 0200 0000 | 746f 4981 | ba86 0000 | 0000 0000 
  0x000001de3ea04e9c: 0074 0949 | ff8a 8600 | 0000 eb51 | 498b 8296 | 0000 0049 | 0b82 8e00 | 0000 750a | 49c7 423e 
  0x000001de3ea04ebc: 0000 0000 | eb47 4981 | ba9e 0000 | 0000 0000 | 0074 2548 | 33c0 49c7 | 423e 0000 | 0000 f083 
  0x000001de3ea04edc: 0424 0049 | 81ba 9e00 | 0000 0000 | 0000 750d | f04d 0fb1 | 7a3e 7505 | 83c8 01eb | 10f7 c000 
  0x000001de3ea04efc: 0000 00eb | 084c 8b10 | f04d 0fb1 | 130f 8511 | 0600 0048 | 8bd3 c5f8 | 7748 81c4 | b000 0000 
  0x000001de3ea04f1c: ;   {runtime_call _rethrow_Java}
  0x000001de3ea04f1c: 5de9 de0e | eefe 4889 | 7c24 784c | 894c 2470 | 4489 4424 | 6844 895c | 245c 48ff | 7424 5048 
  0x000001de3ea04f3c: 8f44 2460 | 895c 2458 | 48ff 7424 | 2048 8f44 | 2450 4889 | 4424 f88b | 4424 2c89 | 4424 2848 
  0x000001de3ea04f5c: 8b44 24f8 | 48ff 7424 | 3848 8f44 

  0x000001de3ea04f68: ;   {metadata({type array byte})}
  0x000001de3ea04f68: 2420 48ba | 3867 004d | de01 0000 | 48ff 7424 | 6048 8f44 | 2438 6690 

  0x000001de3ea04f80: ;   {runtime_call _new_array_nozero_Java}
  0x000001de3ea04f80: c5f8 77e8 

  0x000001de3ea04f84: ; ImmutableOopMap {[32]=Oop [48]=Oop [56]=Oop [64]=Derived_oop_[48] [92]=NarrowOop [96]=Oop }
                      ;*newarray {reexecute=0 rethrow=0 return_oop=1}
                      ; - java.util.Arrays::copyOf@1 (line 3537)
                      ; - java.io.ByteArrayOutputStream::ensureCapacity@25 (line 100)
                      ; - java.io.ByteArrayOutputStream::write@15 (line 130)
                      ; - kotlin.io.ByteStreamsKt::copyTo@38 (line 108)
  0x000001de3ea04f84: f8a6 edfe | 48ff 7424 | 2048 8f44 | 2438 4889 | 4424 f88b | 4424 2889 | 4424 2c48 | 8b44 24f8 
  0x000001de3ea04fa4: 48ff 7424 | 5048 8f44 | 2420 8b5c | 2458 48ff | 7424 6048 | 8f44 2450 | 448b 5c24 | 5c44 8b44 
  0x000001de3ea04fc4: 2468 4c8b | 4c24 7048 | 8b7c 2478 | 488b f0e9 | 47f9 ffff | 4c8b 5424 | 3845 8b52 | 3845 85d2 
  0x000001de3ea04fe4: 0f84 e7f9 | ffff 4d8b | 5f20 498b | ca4d 85db | 0f84 6a04 | 0000 4d8b | 5730 4b89 | 4c1a f849 
  0x000001de3ea05004: 83c3 f84d | 895f 20e9 | c1f9 ffff | 48ff 7424 | 5048 8f44 | 2458 48ff | 7424 2048 | 8f44 2450 
  0x000001de3ea05024: 4889 4424 | f88b 4424 | 2c89 4424 | 2048 8b44 | 24f8 488b | 6c24 3849 | 8bd0 4c8d | 8424 a000 
  0x000001de3ea05044: 0000 6690 

  0x000001de3ea05048: ;   {runtime_call _complete_monitor_locking_Java}
  0x000001de3ea05048: c5f8 77e8 

  0x000001de3ea0504c: ; ImmutableOopMap {rbp=Oop [48]=Oop [64]=Derived_oop_[48] [88]=Oop }
                      ;*synchronization entry
                      ; - java.io.ByteArrayOutputStream::write@-1 (line 129)
                      ; - kotlin.io.ByteStreamsKt::copyTo@38 (line 108)
  0x000001de3ea0504c: b0b2 edfe | 4889 6c24 | 3848 8944 | 24f8 8b44 | 2420 8944 | 242c 488b | 4424 f848 | ff74 2450 
  0x000001de3ea0506c: 488f 4424 | 2048 ff74 | 2458 488f | 4424 50e9 | 9bf6 ffff | bacc ffff | ff48 8b6c | 2438 895c 
  0x000001de3ea0508c: 243c 4489 | 5c24 5844 | 8954 245c | 895c 2460 

  0x000001de3ea0509c: ;   {runtime_call UncommonTrapBlob}
  0x000001de3ea0509c: c5f8 77e8 

  0x000001de3ea050a0: ; ImmutableOopMap {rbp=Oop [48]=Oop [80]=Oop [88]=NarrowOop }
                      ;*invokestatic arraycopy {reexecute=0 rethrow=0 return_oop=0}
                      ; - java.io.ByteArrayOutputStream::write@29 (line 131)
                      ; - kotlin.io.ByteStreamsKt::copyTo@38 (line 108)
  0x000001de3ea050a0: 5c50 e3fe | 488b 4c24 | 5048 8d94 | 24a0 0000 | 004d 8bc7 | c5f8 7749 | ba50 533b | 24fd 7f00 
  0x000001de3ea050c0: 0041 ffd2 | e914 f5ff | ffba 45ff | ffff 488b | 6c24 3890 

  0x000001de3ea050d4: ;   {runtime_call UncommonTrapBlob}
  0x000001de3ea050d4: c5f8 77e8 

  0x000001de3ea050d8: ; ImmutableOopMap {rbp=Oop [48]=Oop [80]=Oop }
                      ;*if_icmple {reexecute=1 rethrow=0 return_oop=0}
                      ; - (reexecute) jdk.internal.util.Preconditions::checkFromIndexSize@12 (line 360)
                      ; - java.util.Objects::checkFromIndexSize@4 (line 413)
                      ; - java.io.ByteArrayOutputStream::write@4 (line 129)
                      ; - kotlin.io.ByteStreamsKt::copyTo@38 (line 108)
  0x000001de3ea050d8: 2450 e3fe | ba45 ffff | ff48 8944 | 24f8 8b44 | 242c 8944 | 2428 488b | 4424 f844 | 8954 242c 
  0x000001de3ea050f8: ;   {runtime_call UncommonTrapBlob}
  0x000001de3ea050f8: c5f8 77e8 

  0x000001de3ea050fc: ; ImmutableOopMap {[48]=Oop [56]=Oop [80]=Oop }
                      ;*ifeq {reexecute=1 rethrow=0 return_oop=0}
                      ; - (reexecute) java.util.zip.ZipInputStream::ensureOpen@4 (line 68)
                      ; - java.util.zip.ZipInputStream::read@1 (line 184)
                      ; - java.io.FilterInputStream::read@5 (line 106)
                      ; - kotlin.io.ByteStreamsKt::copyTo@50 (line 110)
  0x000001de3ea050fc: 0050 e3fe | ba45 ffff | ff48 8b6c | 2438 897c | 243c 8944 | 2448 8944 | 244c 6690 

  0x000001de3ea05118: ;   {runtime_call UncommonTrapBlob}
  0x000001de3ea05118: c5f8 77e8 

  0x000001de3ea0511c: ; ImmutableOopMap {rbp=Oop [48]=Oop [60]=NarrowOop [80]=Oop }
                      ;*iflt {reexecute=1 rethrow=0 return_oop=0}
                      ; - (reexecute) java.util.zip.CRC32::update@17 (line 76)
                      ; - java.util.zip.ZipInputStream::read@117 (line 202)
                      ; - java.io.FilterInputStream::read@5 (line 106)
                      ; - kotlin.io.ByteStreamsKt::copyTo@50 (line 110)
  0x000001de3ea0511c: e04f e3fe | ba45 ffff | ff48 ff74 | 2438 488f | 4424 2848 | ff74 2450 | 488f 4424 | 3889 7c24 
  0x000001de3ea0513c: 4489 4424 | 5066 6690 

  0x000001de3ea05144: ;   {runtime_call UncommonTrapBlob}
  0x000001de3ea05144: c5f8 77e8 

  0x000001de3ea05148: ; ImmutableOopMap {[40]=Oop [48]=Oop [56]=Oop [68]=NarrowOop }
                      ;*if_icmple {reexecute=1 rethrow=0 return_oop=0}
                      ; - (reexecute) java.util.zip.CRC32::update@25 (line 76)
                      ; - java.util.zip.ZipInputStream::read@117 (line 202)
                      ; - java.io.FilterInputStream::read@5 (line 106)
                      ; - kotlin.io.ByteStreamsKt::copyTo@50 (line 110)
  0x000001de3ea05148: b44f e3fe | ba45 ffff | ff48 8b6c | 2438 48ff | 7424 5048 | 8f44 2428 | 897c 243c | 894c 2440 
  0x000001de3ea05168: 8944 2444 | 8944 2458 

  0x000001de3ea05170: ;   {runtime_call UncommonTrapBlob}
  0x000001de3ea05170: c5f8 77e8 

  0x000001de3ea05174: ; ImmutableOopMap {rbp=Oop [40]=Oop [48]=Oop [60]=NarrowOop }
                      ;*ifgt {reexecute=1 rethrow=0 return_oop=0}
                      ; - (reexecute) java.util.zip.CRC32::updateBytesCheck@1 (line 146)
                      ; - java.util.zip.CRC32::updateBytes@3 (line 138)
                      ; - java.util.zip.CRC32::update@44 (line 79)
                      ; - java.util.zip.ZipInputStream::read@117 (line 202)
                      ; - java.io.FilterInputStream::read@5 (line 106)
                      ; - kotlin.io.ByteStreamsKt::copyTo@50 (line 110)
  0x000001de3ea05174: 884f e3fe | ba3d ffff | ff48 ff74 | 2438 488f | 4424 2848 | ff74 2450 | 488f 4424 | 3889 7c24 
  0x000001de3ea05194: 4489 4c24 | 4889 4424 | 4c66 6690 

  0x000001de3ea051a0: ;   {runtime_call UncommonTrapBlob}
  0x000001de3ea051a0: c5f8 77e8 

  0x000001de3ea051a4: ; ImmutableOopMap {[40]=Oop [48]=Oop [56]=Oop [68]=NarrowOop }
                      ;*iflt {reexecute=1 rethrow=0 return_oop=0}
                      ; - (reexecute) java.util.zip.CRC32::updateBytesCheck@36 (line 157)
                      ; - java.util.zip.CRC32::updateBytes@3 (line 138)
                      ; - java.util.zip.CRC32::update@44 (line 79)
                      ; - java.util.zip.ZipInputStream::read@117 (line 202)
                      ; - java.io.FilterInputStream::read@5 (line 106)
                      ; - kotlin.io.ByteStreamsKt::copyTo@50 (line 110)
  0x000001de3ea051a4: 584f e3fe | 448b 5f38 | 4585 db0f | 84d4 f9ff | ff4d 8b57 | 2049 8bcb | 4d85 d20f | 840b 0300 
  0x000001de3ea051c4: 004d 8b5f | 304b 894c | 13f8 4983 | c2f8 4d89 | 5720 e9ae | f9ff ff49 | 63c9 e926 | f1ff ffba 
  0x000001de3ea051e4: deff ffff | 4c89 4424 | 204c 895c | 2430 4c89 | 5424 3890 

  0x000001de3ea051f8: ;   {runtime_call UncommonTrapBlob}
  0x000001de3ea051f8: c5f8 77e8 

  0x000001de3ea051fc: ; ImmutableOopMap {[32]=Oop [48]=Oop [56]=Oop }
                      ;*invokevirtual read {reexecute=0 rethrow=0 return_oop=0}
                      ; - kotlin.io.ByteStreamsKt::copyTo@22 (line 106)
  0x000001de3ea051fc: 004f e3fe | ba76 ffff | ff4c 8b54 | 2430 4c89 | 5424 2890 

  0x000001de3ea05210: ;   {runtime_call UncommonTrapBlob}
  0x000001de3ea05210: c5f8 77e8 

  0x000001de3ea05214: ; ImmutableOopMap {[32]=Oop [40]=Oop [56]=Oop }
                      ;*iflt {reexecute=1 rethrow=0 return_oop=0}
                      ; - (reexecute) kotlin.io.ByteStreamsKt::copyTo@29 (line 107)
  0x000001de3ea05214: e84e e3fe | babe ffff | ff4c 8b54 | 2430 4c89 | 5424 2890 

  0x000001de3ea05228: ;   {runtime_call UncommonTrapBlob}
  0x000001de3ea05228: c5f8 77e8 

  0x000001de3ea0522c: ; ImmutableOopMap {[32]=Oop [40]=Oop [56]=Oop }
                      ;*iflt {reexecute=1 rethrow=0 return_oop=0}
                      ; - (reexecute) kotlin.io.ByteStreamsKt::copyTo@29 (line 107)
  0x000001de3ea0522c: d04e e3fe | 498b d7c5 | f877 49ba | 1058 fa23 | fd7f 0000 | 41ff d2e9 | abf5 ffff | ba45 ffff 
  0x000001de3ea0524c: ff4c 8944 | 2428 4889 | 7c24 384c | 8954 2440 | 4489 4c24 | 4866 6690 

  0x000001de3ea05264: ;   {runtime_call UncommonTrapBlob}
  0x000001de3ea05264: c5f8 77e8 

  0x000001de3ea05268: ; ImmutableOopMap {[40]=Oop [56]=Oop [64]=Oop }
                      ;*ifeq {reexecute=1 rethrow=0 return_oop=0}
                      ; - (reexecute) java.util.zip.ZipInputStream::ensureOpen@4 (line 68)
                      ; - java.util.zip.ZipInputStream::read@1 (line 184)
                      ; - java.io.FilterInputStream::read@5 (line 106)
                      ; - kotlin.io.ByteStreamsKt::copyTo@22 (line 106)
  0x000001de3ea05268: 944e e3fe | ba45 ffff | ff4c 8944 | 2420 4889 | 7c24 304c | 8954 2438 | 4489 4c24 | 4466 6690 
  0x000001de3ea05288: ;   {runtime_call UncommonTrapBlob}
  0x000001de3ea05288: c5f8 77e8 

  0x000001de3ea0528c: ; ImmutableOopMap {[32]=Oop [48]=Oop [56]=Oop }
                      ;*ifne {reexecute=1 rethrow=0 return_oop=0}
                      ; - (reexecute) java.util.zip.ZipInputStream::read@29 (line 187)
                      ; - java.io.FilterInputStream::read@5 (line 106)
                      ; - kotlin.io.ByteStreamsKt::copyTo@22 (line 106)
  0x000001de3ea0528c: 704e e3fe | 4d63 c8e9 | 02f6 ffff | 4983 c1fe | 498b c949 | 8bfa 4833 | c048 83f9 | 087f 1048 
  0x000001de3ea052ac: ffc9 7857 | 4889 04cf | 48ff c97d | f7eb 4cc5 | fdef c0e9 | 0d00 0000 | c5fe 7f07 | c5fe 7f47 
  0x000001de3ea052cc: 2048 83c7 | 4048 83e9 | 087d ed48 | 83c1 047c | 0cc5 fe7f | 0748 83c7 | 2048 83e9 | 0448 83c1 
  0x000001de3ea052ec: 047e 18b8 | 0100 0000 | c4e2 71f7 | c048 83e8 | 01c5 f892 | f862 f1fe | 2f7f 07e9 | 5af6 ffff 
  0x000001de3ea0530c: bacc ffff | ff48 8b6c | 2438 4489 | 5c24 6044 | 8944 2468 

  0x000001de3ea05320: ;   {runtime_call UncommonTrapBlob}
  0x000001de3ea05320: c5f8 77e8 

  0x000001de3ea05324: ; ImmutableOopMap {rbp=Oop [48]=Oop [80]=Oop [96]=NarrowOop }
                      ;*newarray {reexecute=1 rethrow=0 return_oop=0}
                      ; - (reexecute) java.util.Arrays::copyOf@1 (line 3537)
                      ; - java.io.ByteArrayOutputStream::ensureCapacity@25 (line 100)
                      ; - java.io.ByteArrayOutputStream::write@15 (line 130)
                      ; - kotlin.io.ByteStreamsKt::copyTo@38 (line 108)
  0x000001de3ea05324: d84d e3fe | ba45 ffff | ff49 8bea | 8974 243c | 8944 2440 | 8944 2444 

  0x000001de3ea0533c: ;   {runtime_call UncommonTrapBlob}
  0x000001de3ea0533c: c5f8 77e8 

  0x000001de3ea05340: ; ImmutableOopMap {rbp=Oop [32]=Oop [48]=Oop [60]=NarrowOop }
                      ;*iflt {reexecute=1 rethrow=0 return_oop=0}
                      ; - (reexecute) java.util.zip.CRC32::update@17 (line 76)
                      ; - java.util.zip.ZipInputStream::read@117 (line 202)
                      ; - java.io.FilterInputStream::read@5 (line 106)
                      ; - kotlin.io.ByteStreamsKt::copyTo@22 (line 106)
  0x000001de3ea05340: bc4d e3fe | ba45 ffff | ff4c 8954 | 2428 8974 | 243c 8944 | 2448 6690 

  0x000001de3ea05358: ;   {runtime_call UncommonTrapBlob}
  0x000001de3ea05358: c5f8 77e8 

  0x000001de3ea0535c: ; ImmutableOopMap {[32]=Oop [40]=Oop [48]=Oop [60]=NarrowOop }
                      ;*if_icmple {reexecute=1 rethrow=0 return_oop=0}
                      ; - (reexecute) java.util.zip.CRC32::update@25 (line 76)
                      ; - java.util.zip.ZipInputStream::read@117 (line 202)
                      ; - java.io.FilterInputStream::read@5 (line 106)
                      ; - kotlin.io.ByteStreamsKt::copyTo@22 (line 106)
  0x000001de3ea0535c: a04d e3fe | ba45 ffff | ff49 8bea | 8974 243c | 894c 2440 | 8944 2444 | 8944 2450 

  0x000001de3ea05378: ;   {runtime_call UncommonTrapBlob}
  0x000001de3ea05378: c5f8 77e8 

  0x000001de3ea0537c: ; ImmutableOopMap {rbp=Oop [32]=Oop [48]=Oop [60]=NarrowOop }
                      ;*ifgt {reexecute=1 rethrow=0 return_oop=0}
                      ; - (reexecute) java.util.zip.CRC32::updateBytesCheck@1 (line 146)
                      ; - java.util.zip.CRC32::updateBytes@3 (line 138)
                      ; - java.util.zip.CRC32::update@44 (line 79)
                      ; - java.util.zip.ZipInputStream::read@117 (line 202)
                      ; - java.io.FilterInputStream::read@5 (line 106)
                      ; - kotlin.io.ByteStreamsKt::copyTo@22 (line 106)
  0x000001de3ea0537c: 804d e3fe | ba45 ffff | ff48 8b6c | 2438 8974 | 2440 894c | 2444 8944 | 2448 8944 | 244c 6690 
  0x000001de3ea0539c: ;   {runtime_call UncommonTrapBlob}
  0x000001de3ea0539c: c5f8 77e8 

  0x000001de3ea053a0: ; ImmutableOopMap {rbp=Oop [32]=Oop [48]=Oop [64]=NarrowOop }
                      ;*if_icmplt {reexecute=1 rethrow=0 return_oop=0}
                      ; - (reexecute) java.util.zip.CRC32::updateBytesCheck@17 (line 152)
                      ; - java.util.zip.CRC32::updateBytes@3 (line 138)
                      ; - java.util.zip.CRC32::update@44 (line 79)
                      ; - java.util.zip.ZipInputStream::read@117 (line 202)
                      ; - java.io.FilterInputStream::read@5 (line 106)
                      ; - kotlin.io.ByteStreamsKt::copyTo@22 (line 106)
  0x000001de3ea053a0: 5c4d e3fe | ba3d ffff | ff48 ff74 | 2438 488f | 4424 2889 | 7424 3c89 | 4c24 4089 | 4424 4490 
  0x000001de3ea053c0: ;   {runtime_call UncommonTrapBlob}
  0x000001de3ea053c0: c5f8 77e8 

  0x000001de3ea053c4: ; ImmutableOopMap {[32]=Oop [40]=Oop [48]=Oop [60]=NarrowOop }
                      ;*iflt {reexecute=1 rethrow=0 return_oop=0}
                      ; - (reexecute) java.util.zip.CRC32::updateBytesCheck@36 (line 157)
                      ; - java.util.zip.CRC32::updateBytes@3 (line 138)
                      ; - java.util.zip.CRC32::update@44 (line 79)
                      ; - java.util.zip.ZipInputStream::read@117 (line 202)
                      ; - java.io.FilterInputStream::read@5 (line 106)
                      ; - kotlin.io.ByteStreamsKt::copyTo@22 (line 106)
  0x000001de3ea053c4: 384d e3fe | 498b d7c5 | f877 49ba | 1058 fa23 | fd7f 0000 | 41ff d2e9 | 91f5 ffff | ba3d ffff 
  0x000001de3ea053e4: ff48 ff74 | 2438 488f | 4424 2848 | 8944 24f8 | 8b44 2470 | 8944 2444 | 488b 4424 | f844 895c 
  0x000001de3ea05404: 2468 897c | 246c 4489 | 4424 7490 

  0x000001de3ea05410: ;   {runtime_call UncommonTrapBlob}
  0x000001de3ea05410: c5f8 77e8 

  0x000001de3ea05414: ; ImmutableOopMap {[40]=Oop [48]=Oop [80]=Oop [104]=NarrowOop }
                      ;*if_icmpge {reexecute=1 rethrow=0 return_oop=0}
                      ; - (reexecute) jdk.internal.util.ArraysSupport::newLength@10 (line 638)
                      ; - java.io.ByteArrayOutputStream::ensureCapacity@22 (line 100)
                      ; - java.io.ByteArrayOutputStream::write@15 (line 130)
                      ; - kotlin.io.ByteStreamsKt::copyTo@38 (line 108)
  0x000001de3ea05414: e84c e3fe | 498b d7c5 | f877 49ba | 1058 fa23 | fd7f 0000 | 41ff d2e9 | 0ff4 ffff | ba8a 0000 
  0x000001de3ea05434: 0066 6690 

  0x000001de3ea05438: ;   {runtime_call UncommonTrapBlob}
  0x000001de3ea05438: c5f8 77e8 

  0x000001de3ea0543c: ; ImmutableOopMap {[48]=Oop [56]=Oop [80]=Oop }
                      ;*new {reexecute=0 rethrow=0 return_oop=0}
                      ; - java.util.zip.ZipInputStream::read@294 (line 227)
                      ; - java.io.FilterInputStream::read@5 (line 106)
                      ; - kotlin.io.ByteStreamsKt::copyTo@50 (line 110)
  0x000001de3ea0543c: c04c e3fe | ba8a 0000 | 0066 6690 

  0x000001de3ea05448: ;   {runtime_call UncommonTrapBlob}
  0x000001de3ea05448: c5f8 77e8 

  0x000001de3ea0544c: ; ImmutableOopMap {[48]=Oop [56]=Oop [80]=Oop }
                      ;*new {reexecute=0 rethrow=0 return_oop=0}
                      ; - java.util.zip.ZipInputStream::read@175 (line 216)
                      ; - java.io.FilterInputStream::read@5 (line 106)
                      ; - kotlin.io.ByteStreamsKt::copyTo@50 (line 110)
  0x000001de3ea0544c: b04c e3fe | baf6 ffff | ff89 4424 | 2066 6690 

  0x000001de3ea0545c: ;   {runtime_call UncommonTrapBlob}
  0x000001de3ea0545c: c5f8 77e8 

  0x000001de3ea05460: ; ImmutableOopMap {[48]=Oop }
                      ;*invokevirtual update {reexecute=0 rethrow=0 return_oop=0}
                      ; - java.util.zip.ZipInputStream::read@192 (line 218)
                      ; - java.io.FilterInputStream::read@5 (line 106)
                      ; - kotlin.io.ByteStreamsKt::copyTo@50 (line 110)
  0x000001de3ea05460: 9c4c e3fe | 498b d7c5 | f877 49ba | 1058 fa23 | fd7f 0000 | 41ff d2e9 | 55f5 ffff | ba8a 0000 
  0x000001de3ea05480: 0048 8bef | 4c89 4424 | 204c 8954 | 2428 6690 

  0x000001de3ea05490: ;   {runtime_call UncommonTrapBlob}
  0x000001de3ea05490: c5f8 77e8 

  0x000001de3ea05494: ; ImmutableOopMap {rbp=Oop [32]=Oop [40]=Oop }
                      ;*new {reexecute=0 rethrow=0 return_oop=0}
                      ; - java.util.zip.ZipInputStream::read@294 (line 227)
                      ; - java.io.FilterInputStream::read@5 (line 106)
                      ; - kotlin.io.ByteStreamsKt::copyTo@22 (line 106)
  0x000001de3ea05494: 684c e3fe | baf6 ffff | ff66 6690 

  0x000001de3ea054a0: ;   {runtime_call UncommonTrapBlob}
  0x000001de3ea054a0: c5f8 77e8 

  0x000001de3ea054a4: ; ImmutableOopMap {}
                      ;*invokevirtual getValue {reexecute=0 rethrow=0 return_oop=0}
                      ; - java.util.zip.ZipInputStream::read@226 (line 220)
                      ; - java.io.FilterInputStream::read@5 (line 106)
                      ; - kotlin.io.ByteStreamsKt::copyTo@50 (line 110)
  0x000001de3ea054a4: 584c e3fe | ba8a 0000 | 0066 6690 

  0x000001de3ea054b0: ;   {runtime_call UncommonTrapBlob}
  0x000001de3ea054b0: c5f8 77e8 

  0x000001de3ea054b4: ; ImmutableOopMap {rbp=Oop [32]=Oop [48]=Oop }
                      ;*new {reexecute=0 rethrow=0 return_oop=0}
                      ; - java.util.zip.ZipInputStream::read@175 (line 216)
                      ; - java.io.FilterInputStream::read@5 (line 106)
                      ; - kotlin.io.ByteStreamsKt::copyTo@22 (line 106)
  0x000001de3ea054b4: 484c e3fe | baf6 ffff | ff48 8b6c | 2430 8944 | 2420 6690 

  0x000001de3ea054c8: ;   {runtime_call UncommonTrapBlob}
  0x000001de3ea054c8: c5f8 77e8 

  0x000001de3ea054cc: ; ImmutableOopMap {rbp=Oop }
                      ;*invokevirtual update {reexecute=0 rethrow=0 return_oop=0}
                      ; - java.util.zip.ZipInputStream::read@192 (line 218)
                      ; - java.io.FilterInputStream::read@5 (line 106)
                      ; - kotlin.io.ByteStreamsKt::copyTo@22 (line 106)
  0x000001de3ea054cc: 304c e3fe | 498b d7c5 | f877 49ba | 1058 fa23 | fd7f 0000 | 41ff d2e9 | a1f6 ffff | baf6 ffff 
  0x000001de3ea054ec: ff44 8954 | 2420 895c | 2424 6690 

  0x000001de3ea054f8: ;   {runtime_call UncommonTrapBlob}
  0x000001de3ea054f8: c5f8 77e8 

  0x000001de3ea054fc: ; ImmutableOopMap {[48]=Oop [80]=Oop }
                      ;*invokestatic arraycopy {reexecute=0 rethrow=0 return_oop=0}
                      ; - java.io.ByteArrayOutputStream::write@29 (line 131)
                      ; - kotlin.io.ByteStreamsKt::copyTo@38 (line 108)
  0x000001de3ea054fc: 004c e3fe | baf6 ffff | ff66 6690 

  0x000001de3ea05508: ;   {runtime_call UncommonTrapBlob}
  0x000001de3ea05508: c5f8 77e8 

  0x000001de3ea0550c: ; ImmutableOopMap {}
                      ;*invokevirtual getValue {reexecute=0 rethrow=0 return_oop=0}
                      ; - java.util.zip.ZipInputStream::read@226 (line 220)
                      ; - java.io.FilterInputStream::read@5 (line 106)
                      ; - kotlin.io.ByteStreamsKt::copyTo@22 (line 106)
  0x000001de3ea0550c: f04b e3fe | baf6 ffff | ff66 6690 

  0x000001de3ea05518: ;   {runtime_call UncommonTrapBlob}
  0x000001de3ea05518: c5f8 77e8 

  0x000001de3ea0551c: ; ImmutableOopMap {[80]=Oop }
                      ;*athrow {reexecute=1 rethrow=0 return_oop=0}
                      ; - (reexecute) jdk.internal.util.Preconditions::checkFromIndexSize@22 (line 361)
                      ; - java.util.Objects::checkFromIndexSize@4 (line 413)
                      ; - java.io.ByteArrayOutputStream::write@4 (line 129)
                      ; - kotlin.io.ByteStreamsKt::copyTo@38 (line 108)
  0x000001de3ea0551c: e04b e3fe | 488b 4c24 | 5048 8d94 | 24a0 0000 | 004d 8bc7 | c5f8 7749 | ba50 533b | 24fd 7f00 
  0x000001de3ea0553c: 0041 ffd2 | e9ca f9ff | ffba f6ff | ffff 6690 

  0x000001de3ea0554c: ;   {runtime_call UncommonTrapBlob}
  0x000001de3ea0554c: c5f8 77e8 

  0x000001de3ea05550: ; ImmutableOopMap {[80]=Oop }
                      ;*arraylength {reexecute=0 rethrow=0 return_oop=0}
                      ; - java.io.ByteArrayOutputStream::ensureCapacity@4 (line 97)
                      ; - java.io.ByteArrayOutputStream::write@15 (line 130)
                      ; - kotlin.io.ByteStreamsKt::copyTo@38 (line 108)
  0x000001de3ea05550: ac4b e3fe | 488b d8e9 | def8 ffff | 488b d8e9 | d6f8 ffff | baf6 ffff | ff89 4424 | 2066 6690 
  0x000001de3ea05570: ;   {runtime_call UncommonTrapBlob}
  0x000001de3ea05570: c5f8 77e8 

  0x000001de3ea05574: ; ImmutableOopMap {[48]=Oop }
                      ;*invokevirtual update {reexecute=0 rethrow=0 return_oop=0}
                      ; - java.util.zip.ZipInputStream::read@117 (line 202)
                      ; - java.io.FilterInputStream::read@5 (line 106)
                      ; - kotlin.io.ByteStreamsKt::copyTo@50 (line 110)
  0x000001de3ea05574: 884b e3fe | 488b d8e9 | baf8 ffff | baf6 ffff | ff89 4424 | 2066 6690 

  0x000001de3ea0558c: ;   {runtime_call UncommonTrapBlob}
  0x000001de3ea0558c: c5f8 77e8 

  0x000001de3ea05590: ; ImmutableOopMap {rbp=Oop }
                      ;*invokevirtual update {reexecute=0 rethrow=0 return_oop=0}
                      ; - java.util.zip.ZipInputStream::read@117 (line 202)
                      ; - java.io.FilterInputStream::read@5 (line 106)
                      ; - kotlin.io.ByteStreamsKt::copyTo@22 (line 106)
  0x000001de3ea05590: 6c4b e3fe | ba45 ffff | ff4c 8944 | 2420 4489 | 4c24 284c | 895c 2430 

  0x000001de3ea055a8: ;   {runtime_call UncommonTrapBlob}
  0x000001de3ea055a8: c5f8 77e8 

  0x000001de3ea055ac: ; ImmutableOopMap {[32]=Oop [48]=Oop }
                      ;*ifnonnull {reexecute=1 rethrow=0 return_oop=0}
                      ; - (reexecute) kotlin.jvm.internal.Intrinsics::checkNotNullParameter@1 (line 130)
                      ; - kotlin.io.ByteStreamsKt::copyTo@3
  0x000001de3ea055ac: 504b e3fe | ba45 ffff | ff49 8beb | 4489 4c24 | 284c 8944 | 2430 6690 

  0x000001de3ea055c4: ;   {runtime_call UncommonTrapBlob}
  0x000001de3ea055c4: c5f8 77e8 

  0x000001de3ea055c8: ; ImmutableOopMap {rbp=Oop [48]=Oop }
                      ;*ifnonnull {reexecute=1 rethrow=0 return_oop=0}
                      ; - (reexecute) kotlin.jvm.internal.Intrinsics::checkNotNullParameter@1 (line 130)
                      ; - kotlin.io.ByteStreamsKt::copyTo@9
  0x000001de3ea055c8: 344b e3fe | 488b d8e9 | 66f8 ffff | 488b d8e9 | 5ef8 ffff | 488b d8e9 | 56f8 ffff | 488b d8e9 
  0x000001de3ea055e8: 4ef8 ffff | 488b d8e9 | 46f8 ffff | baf6 ffff | ff66 6690 

  0x000001de3ea055fc: ;   {runtime_call UncommonTrapBlob}
  0x000001de3ea055fc: c5f8 77e8 

  0x000001de3ea05600: ; ImmutableOopMap {}
                      ;*getfield crc {reexecute=1 rethrow=0 return_oop=0}
                      ; - (reexecute) java.util.zip.ZipInputStream::read@219 (line 220)
                      ; - java.io.FilterInputStream::read@5 (line 106)
                      ; - kotlin.io.ByteStreamsKt::copyTo@50 (line 110)
  0x000001de3ea05600: fc4a e3fe | 488b d8e9 | 2ef8 ffff | 488b d8e9 | 26f8 ffff | 488b d8eb | 0d48 8bd8 | 48ff 7424 
  0x000001de3ea05620: 3848 8f44 | 2450 488d | 8424 a000 | 0000 4c8b | 5c24 5048 | 8138 0000 | 0000 0f84 | 8300 0000 
  0x000001de3ea05640: 4d8b 1349 | f7c2 0200 | 0000 746f | 4981 ba86 | 0000 0000 | 0000 0074 | 0949 ff8a | 8600 0000 
  0x000001de3ea05660: eb51 498b | 8296 0000 | 0049 0b82 | 8e00 0000 | 750a 49c7 | 423e 0000 | 0000 eb47 | 4981 ba9e 
  0x000001de3ea05680: 0000 0000 | 0000 0074 | 2548 33c0 | 49c7 423e | 0000 0000 | f083 0424 | 0049 81ba | 9e00 0000 
  0x000001de3ea056a0: 0000 0000 | 750d f04d | 0fb1 7a3e | 7505 83c8 | 01eb 10f7 | c000 0000 | 00eb 084c | 8b10 f04d 
  0x000001de3ea056c0: 0fb1 130f | 8471 f7ff | ff48 8b4c | 2450 488d | 9424 a000 | 0000 4d8b | c7c5 f877 | 49ba 5053 
  0x000001de3ea056e0: 3b24 fd7f | 0000 41ff | d2e9 4cf7 | ffff baf6 | ffff ff90 

  0x000001de3ea056f4: ;   {runtime_call UncommonTrapBlob}
  0x000001de3ea056f4: c5f8 77e8 

  0x000001de3ea056f8: ; ImmutableOopMap {}
                      ;*getfield crc {reexecute=1 rethrow=0 return_oop=0}
                      ; - (reexecute) java.util.zip.ZipInputStream::read@219 (line 220)
                      ; - java.io.FilterInputStream::read@5 (line 106)
                      ; - kotlin.io.ByteStreamsKt::copyTo@22 (line 106)
  0x000001de3ea056f8: 044a e3fe 

  0x000001de3ea056fc: ;   {internal_word}
  0x000001de3ea056fc: 49ba 5448 | a03e de01 | 0000 4d89 | 9768 0300 

  0x000001de3ea0570c: ;   {runtime_call SafepointBlob}
  0x000001de3ea0570c: 00e9 6e38 | e3fe f4f4 | f4f4 f4f4 | f4f4 f4f4 | f4f4 f4f4 
[Stub Code]
  0x000001de3ea05720: ;   {no_reloc}
  0x000001de3ea05720: 48bb 0000 | 0000 0000 

  0x000001de3ea05728: ;   {runtime_call}
  0x000001de3ea05728: 0000 e9fb 

  0x000001de3ea0572c: ;   {static_stub}
  0x000001de3ea0572c: ffff ff48 | bb00 0000 | 0000 0000 

  0x000001de3ea05738: ;   {runtime_call}
  0x000001de3ea05738: 00e9 fbff 

  0x000001de3ea0573c: ;   {static_stub}
  0x000001de3ea0573c: ffff 48bb | 0000 0000 | 0000 0000 

  0x000001de3ea05748: ;   {runtime_call}
  0x000001de3ea05748: e9fb ffff 

  0x000001de3ea0574c: ;   {static_stub}
  0x000001de3ea0574c: ff48 bb00 | 0000 0000 

  0x000001de3ea05754: ;   {runtime_call}
  0x000001de3ea05754: 0000 00e9 | fbff ffff 

  0x000001de3ea0575c: ;   {static_stub}
  0x000001de3ea0575c: 48bb 0000 | 0000 0000 

  0x000001de3ea05764: ;   {runtime_call}
  0x000001de3ea05764: 0000 e9fb 

  0x000001de3ea05768: ;   {static_stub}
  0x000001de3ea05768: ffff ff48 | bb00 0000 | 0000 0000 

  0x000001de3ea05774: ;   {runtime_call}
  0x000001de3ea05774: 00e9 fbff 

  0x000001de3ea05778: ;   {static_stub}
  0x000001de3ea05778: ffff 48bb | 0000 0000 | 0000 0000 

  0x000001de3ea05784: ;   {runtime_call}
  0x000001de3ea05784: e9fb ffff 

  0x000001de3ea05788: ;   {static_stub}
  0x000001de3ea05788: ff48 bb00 | 0000 0000 

  0x000001de3ea05790: ;   {runtime_call}
  0x000001de3ea05790: 0000 00e9 | fbff ffff 

  0x000001de3ea05798: ;   {static_stub}
  0x000001de3ea05798: 48bb 0000 | 0000 0000 

  0x000001de3ea057a0: ;   {runtime_call}
  0x000001de3ea057a0: 0000 e9fb 

  0x000001de3ea057a4: ;   {runtime_call ExceptionBlob}
  0x000001de3ea057a4: ffff ffe9 | 540e edfe 
[Deopt Handler Code]
  0x000001de3ea057ac: e800 0000 | 0048 832c 

  0x000001de3ea057b4: ;   {runtime_call DeoptimizationBlob}
  0x000001de3ea057b4: 2405 e965 | 4ce3 fef4 | f4f4 f4f4 
[/MachCode]


Compiled method (c1)   75615 21976       3       kotlin.io.ByteStreamsKt::readBytes (47 bytes)
 total in heap  [0x000001de36bce710,0x000001de36bcf7b8] = 4264
 relocation     [0x000001de36bce868,0x000001de36bce980] = 280
 main code      [0x000001de36bce980,0x000001de36bcf360] = 2528
 stub code      [0x000001de36bcf360,0x000001de36bcf428] = 200
 oops           [0x000001de36bcf428,0x000001de36bcf440] = 24
 metadata       [0x000001de36bcf440,0x000001de36bcf480] = 64
 scopes data    [0x000001de36bcf480,0x000001de36bcf5c8] = 328
 scopes pcs     [0x000001de36bcf5c8,0x000001de36bcf778] = 432
 dependencies   [0x000001de36bcf778,0x000001de36bcf780] = 8
 handler table  [0x000001de36bcf780,0x000001de36bcf798] = 24
 nul chk table  [0x000001de36bcf798,0x000001de36bcf7b8] = 32

[Constant Pool (empty)]

[MachCode]
[Verified Entry Point]
  # {method} {0x000001de75f33470} 'readBytes' '(Ljava/io/InputStream;)[B' in 'kotlin/io/ByteStreamsKt'
  # parm0:    rdx:rdx   = 'java/io/InputStream'
  #           [sp+0xd0]  (sp of caller)
  0x000001de36bce980: 8984 2400 | 90ff ff55 | 4881 ecc0 | 0000 0048 | 8994 2490 

  0x000001de36bce994: ;   {metadata(method data for {method} {0x000001de75f33470} 'readBytes' '(Ljava/io/InputStream;)[B' in 'kotlin/io/ByteStreamsKt')}
  0x000001de36bce994: 0000 0048 | be08 f9f5 | 75de 0100 | 008b becc | 0000 0083 | c702 89be | cc00 0000 | 81e7 fe07 
  0x000001de36bce9b4: 0000 83ff | 000f 84bd 

  0x000001de36bce9bc: ;   {metadata(method data for {method} {0x000001de75f33470} 'readBytes' '(Ljava/io/InputStream;)[B' in 'kotlin/io/ByteStreamsKt')}
  0x000001de36bce9bc: 0700 0048 | be08 f9f5 | 75de 0100 | 0048 8386 | 1001 0000 

  0x000001de36bce9d0: ;   {metadata(method data for {method} {0x000001de685b7d20} 'checkNotNullParameter' '(Ljava/lang/Object;Ljava/lang/String;)V' in 'kotlin/jvm/internal/Intrinsics')}
  0x000001de36bce9d0: 0148 bea8 | 27f7 69de | 0100 008b | becc 0000 | 0083 c702 | 89be cc00 | 0000 81e7 | feff 1f00 
  0x000001de36bce9f0: 83ff 000f | 84a4 0700 | 0048 83fa 

  0x000001de36bce9fc: ;   {metadata(method data for {method} {0x000001de685b7d20} 'checkNotNullParameter' '(Ljava/lang/Object;Ljava/lang/String;)V' in 'kotlin/jvm/internal/Intrinsics')}
  0x000001de36bce9fc: 0048 bea8 | 27f7 69de | 0100 0048 | c7c7 1001 | 0000 0f85 | 0700 0000 | 48c7 c720 | 0100 0048 
  0x000001de36bcea1c: 8b04 3e48 | 8d40 0148 | 8904 3e0f | 85ff 0100 

  0x000001de36bcea2c: ;   {metadata(method data for {method} {0x000001de685b7d20} 'checkNotNullParameter' '(Ljava/lang/Object;Ljava/lang/String;)V' in 'kotlin/jvm/internal/Intrinsics')}
  0x000001de36bcea2c: 0048 bea8 | 27f7 69de | 0100 0048 | 8386 3001 

  0x000001de36bcea3c: ;   {metadata(method data for {method} {0x000001de685b7e90} 'throwParameterIsNullNPE' '(Ljava/lang/String;)V' in 'kotlin/jvm/internal/Intrinsics')}
  0x000001de36bcea3c: 0000 0148 | be30 29f7 | 69de 0100 | 008b becc | 0000 0083 | c702 89be | cc00 0000 | 81e7 feff 
  0x000001de36bcea5c: 1f00 83ff | 000f 8457 | 0700 0090 

  0x000001de36bcea68: ;   {no_reloc}
  0x000001de36bcea68: e981 0700 | 0000 0000 | 0000 498b | 8708 0100 | 0048 8d78 | 3049 3bbf | 1801 0000 | 0f87 6e07 
  0x000001de36bcea88: 0000 4989 | bf08 0100 | 0048 c700 | 0100 0000 | 488b ca49 | ba00 0000 | 4dde 0100 | 0049 2bca 
  0x000001de36bceaa8: 8948 0848 | 33c9 8948 | 0c48 33c9 | 4889 4810 | 4889 4818 | 4889 4820 | 4889 4828 

  0x000001de36bceac4: ;   {metadata(method data for {method} {0x000001de685b7e90} 'throwParameterIsNullNPE' '(Ljava/lang/String;)V' in 'kotlin/jvm/internal/Intrinsics')}
  0x000001de36bceac4: 48ba 3029 | f769 de01 | 0000 4883 | 8210 0100 

  0x000001de36bcead4: ;   {oop("<this>"{0x0000000081a079a0})}
  0x000001de36bcead4: 0001 48ba | a079 a081 | 0000 0000 | 4889 8424 | 8800 0000 | 0f1f 8000 

  0x000001de36bceaec: ;   {static_call}
  0x000001de36bceaec: 0000 00e8 

  0x000001de36bceaf0: ; ImmutableOopMap {[144]=Oop [136]=Oop }
                      ;*invokestatic createParameterIsNullExceptionMessage {reexecute=0 rethrow=0 return_oop=0}
                      ; - kotlin.jvm.internal.Intrinsics::throwParameterIsNullNPE@5 (line 140)
                      ; - kotlin.jvm.internal.Intrinsics::checkNotNullParameter@5 (line 131)
                      ; - kotlin.io.ByteStreamsKt::readBytes@3
  0x000001de36bceaf0: 0c3b c606 | 4c8b 8424 | 8800 0000 

  0x000001de36bceafc: ;   {metadata(method data for {method} {0x000001de685b7e90} 'throwParameterIsNullNPE' '(Ljava/lang/String;)V' in 'kotlin/jvm/internal/Intrinsics')}
  0x000001de36bceafc: 48ba 3029 | f769 de01 | 0000 4883 | 8220 0100 | 0001 4c8b | c048 8b94 | 2488 0000 | 0066 0f1f 
  0x000001de36bceb1c: ;   {optimized virtual_call}
  0x000001de36bceb1c: 4400 00e8 

  0x000001de36bceb20: ; ImmutableOopMap {[144]=Oop [136]=Oop }
                      ;*invokespecial <init> {reexecute=0 rethrow=0 return_oop=0}
                      ; - kotlin.jvm.internal.Intrinsics::throwParameterIsNullNPE@8 (line 140)
                      ; - kotlin.jvm.internal.Intrinsics::checkNotNullParameter@5 (line 131)
                      ; - kotlin.io.ByteStreamsKt::readBytes@3
  0x000001de36bceb20: dc2f c606 

  0x000001de36bceb24: ;   {metadata(method data for {method} {0x000001de685b7e90} 'throwParameterIsNullNPE' '(Ljava/lang/String;)V' in 'kotlin/jvm/internal/Intrinsics')}
  0x000001de36bceb24: 48ba 3029 | f769 de01 | 0000 4883 | 8230 0100 

  0x000001de36bceb34: ;   {metadata(method data for {method} {0x000001de685b8e70} 'sanitizeStackTrace' '(Ljava/lang/Throwable;)Ljava/lang/Throwable;' in 'kotlin/jvm/internal/Intrinsics')}
  0x000001de36bceb34: 0001 48ba | 1030 f769 | de01 0000 | 8bb2 cc00 | 0000 83c6 | 0289 b2cc | 0000 0081 | e6fe ff1f 
  0x000001de36bceb54: 0083 fe00 | 0f84 a706 

  0x000001de36bceb5c: ;   {oop(a 'java/lang/Class'{0x00000000810644b8} = 'kotlin/jvm/internal/Intrinsics')}
  0x000001de36bceb5c: 0000 48ba | b844 0681 | 0000 0000 

  0x000001de36bceb68: ;   {metadata(method data for {method} {0x000001de685b8e70} 'sanitizeStackTrace' '(Ljava/lang/Throwable;)Ljava/lang/Throwable;' in 'kotlin/jvm/internal/Intrinsics')}
  0x000001de36bceb68: 488b f248 | bf10 30f7 | 69de 0100 | 0048 8387 | 1001 0000 

  0x000001de36bceb7c: ;   {metadata(method data for {method} {0x000001de4d43e310} 'getName' '()Ljava/lang/String;' in 'java/lang/Class')}
  0x000001de36bceb7c: 0148 be18 | 0306 68de | 0100 008b | becc 0000 | 0083 c702 | 89be cc00 | 0000 81e7 | feff 1f00 
  0x000001de36bceb9c: 83ff 000f | 8481 0600 | 008b 522c | 4883 fa00 

  0x000001de36bcebac: ;   {metadata(method data for {method} {0x000001de4d43e310} 'getName' '()Ljava/lang/String;' in 'java/lang/Class')}
  0x000001de36bcebac: 48be 1803 | 0668 de01 | 0000 48c7 | c710 0100 | 000f 8407 | 0000 0048 | c7c7 2001 | 0000 488b 
  0x000001de36bcebcc: 1c3e 488d | 5b01 4889 | 1c3e 0f84 | 1800 0000 

  0x000001de36bcebdc: ;   {metadata(method data for {method} {0x000001de4d43e310} 'getName' '()Ljava/lang/String;' in 'java/lang/Class')}
  0x000001de36bcebdc: 48be 1803 | 0668 de01 | 0000 ff86 | 3001 0000 | 488b f2e9 | 2b00 0000 

  0x000001de36bcebf4: ;   {oop(a 'java/lang/Class'{0x00000000810644b8} = 'kotlin/jvm/internal/Intrinsics')}
  0x000001de36bcebf4: 48ba b844 | 0681 0000 | 0000 488b 

  0x000001de36bcec00: ;   {metadata(method data for {method} {0x000001de4d43e310} 'getName' '()Ljava/lang/String;' in 'java/lang/Class')}
  0x000001de36bcec00: f248 bf18 | 0306 68de | 0100 0048 | 8387 4801 | 0000 010f 

  0x000001de36bcec14: ;   {optimized virtual_call}
  0x000001de36bcec14: 1f40 00e8 

  0x000001de36bcec18: ; ImmutableOopMap {[144]=Oop [136]=Oop }
                      ;*invokevirtual initClassName {reexecute=0 rethrow=0 return_oop=0}
                      ; - java.lang.Class::getName@14 (line 863)
                      ; - kotlin.jvm.internal.Intrinsics::sanitizeStackTrace@3 (line 253)
                      ; - kotlin.jvm.internal.Intrinsics::throwParameterIsNullNPE@11 (line 140)
                      ; - kotlin.jvm.internal.Intrinsics::checkNotNullParameter@5 (line 131)
                      ; - kotlin.io.ByteStreamsKt::readBytes@3
  0x000001de36bcec18: e42e c606 | 488b f048 | 8b84 2488 | 0000 00e9 | e603 0000 

  0x000001de36bcec2c: ;   {metadata('java/io/ByteArrayOutputStream')}
  0x000001de36bcec2c: 488b da48 | ba00 0a19 | 4dde 0100 | 0049 8b87 | 0801 0000 | 488d 7818 | 493b bf18 | 0100 000f 
  0x000001de36bcec4c: 87fb 0500 | 0049 89bf | 0801 0000 | 48c7 0001 | 0000 0048 | 8bca 49ba | 0000 004d | de01 0000 
  0x000001de36bcec6c: 492b ca89 | 4808 4833 | c989 480c | 4833 c948 | 8948 1048 | 3b03 488b 

  0x000001de36bcec84: ;   {metadata(method data for {method} {0x000001de75f33470} 'readBytes' '(Ljava/io/InputStream;)[B' in 'kotlin/io/ByteStreamsKt')}
  0x000001de36bcec84: d348 be08 | f9f5 75de | 0100 008b | 5208 49ba | 0000 004d | de01 0000 | 4903 d248 | 3b96 3001 
  0x000001de36bceca4: 0000 750d | 4883 8638 | 0100 0001 | e966 0000 | 0048 3b96 | 4001 0000 | 750d 4883 | 8648 0100 
  0x000001de36bcecc4: 0001 e950 | 0000 0048 | 81be 3001 | 0000 0000 | 0000 7517 | 4889 9630 | 0100 0048 | c786 3801 
  0x000001de36bcece4: 0000 0100 | 0000 e92c | 0000 0048 | 81be 4001 | 0000 0000 | 0000 7517 | 4889 9640 | 0100 0048 
  0x000001de36bced04: c786 4801 | 0000 0100 | 0000 e908 | 0000 0048 | 8386 2001 | 0000 0148 | 8bd3 4889 | 8424 9800 
  0x000001de36bced24: 0000 0f1f | 8000 0000 | 0048 b8b0 | 6e17 4fde 

  0x000001de36bced34: ;   {virtual_call}
  0x000001de36bced34: 0100 00e8 

  0x000001de36bced38: ; ImmutableOopMap {[152]=Oop [144]=Oop }
                      ;*invokevirtual available {reexecute=0 rethrow=0 return_oop=0}
                      ; - kotlin.io.ByteStreamsKt::readBytes@14 (line 135)
  0x000001de36bced38: 8459 7100 

  0x000001de36bced3c: ;   {metadata(method data for {method} {0x000001de75f33470} 'readBytes' '(Ljava/io/InputStream;)[B' in 'kotlin/io/ByteStreamsKt')}
  0x000001de36bced3c: 49b8 08f9 | f575 de01 | 0000 4983 | 8058 0100 

  0x000001de36bced4c: ;   {metadata(method data for {method} {0x000001de4d3eab18} 'max' '(II)I' in 'java/lang/Math')}
  0x000001de36bced4c: 0001 49b8 | 088b 0468 | de01 0000 | 418b 90cc | 0000 0083 | c202 4189 | 90cc 0000 | 0081 e2fe 
  0x000001de36bced6c: ff1f 0083 | fa00 0f84 | e604 0000 | 81f8 0020 

  0x000001de36bced7c: ;   {metadata(method data for {method} {0x000001de4d3eab18} 'max' '(II)I' in 'java/lang/Math')}
  0x000001de36bced7c: 0000 49b8 | 088b 0468 | de01 0000 | 48c7 c210 | 0100 000f | 8f07 0000 | 0048 c7c2 | 2001 0000 
  0x000001de36bced9c: 498b 3410 | 488d 7601 | 4989 3410 | 0f8f 1600 

  0x000001de36bcedac: ;   {metadata(method data for {method} {0x000001de4d3eab18} 'max' '(II)I' in 'java/lang/Math')}
  0x000001de36bcedac: 0000 49b8 | 088b 0468 | de01 0000 | 41ff 8030 | 0100 00b8 | 0020 0000 | 4c8b 8424 | 9800 0000 
  0x000001de36bcedcc: ;   {metadata(method data for {method} {0x000001de75f33470} 'readBytes' '(Ljava/io/InputStream;)[B' in 'kotlin/io/ByteStreamsKt')}
  0x000001de36bcedcc: 48ba 08f9 | f575 de01 | 0000 4883 | 8268 0100 | 0001 4c8b | c048 8b94 | 2498 0000 | 0066 0f1f 
  0x000001de36bcedec: ;   {optimized virtual_call}
  0x000001de36bcedec: 4400 00e8 

  0x000001de36bcedf0: ; ImmutableOopMap {[152]=Oop [144]=Oop }
                      ;*invokespecial <init> {reexecute=0 rethrow=0 return_oop=0}
                      ; - kotlin.io.ByteStreamsKt::readBytes@20 (line 135)
  0x000001de36bcedf0: 4c18 3f07 

  0x000001de36bcedf4: ;   {metadata(method data for {method} {0x000001de75f33470} 'readBytes' '(Ljava/io/InputStream;)[B' in 'kotlin/io/ByteStreamsKt')}
  0x000001de36bcedf4: 48ba 08f9 | f575 de01 | 0000 4883 | 82b0 0100 

  0x000001de36bcee04: ;   {metadata(method data for {method} {0x000001de75f331a8} 'copyTo$default' '(Ljava/io/InputStream;Ljava/io/OutputStream;IILjava/lang/Object;)J' in 'kotlin/io/ByteStreamsKt')}
  0x000001de36bcee04: 0001 48ba | 50fb f575 | de01 0000 | 448b 82cc | 0000 0041 | 83c0 0244 | 8982 cc00 | 0000 4181 
  0x000001de36bcee24: e0fe ff1f | 0041 83f8 | 000f 844c 

  0x000001de36bcee30: ;   {metadata(method data for {method} {0x000001de75f331a8} 'copyTo$default' '(Ljava/io/InputStream;Ljava/io/OutputStream;IILjava/lang/Object;)J' in 'kotlin/io/ByteStreamsKt')}
  0x000001de36bcee30: 0400 0048 | ba50 fbf5 | 75de 0100 | 00ff 8220 

  0x000001de36bcee40: ;   {metadata(method data for {method} {0x000001de75f331a8} 'copyTo$default' '(Ljava/io/InputStream;Ljava/io/OutputStream;IILjava/lang/Object;)J' in 'kotlin/io/ByteStreamsKt')}
  0x000001de36bcee40: 0100 0048 | ba50 fbf5 | 75de 0100 | 0048 8382 | 3001 0000 | 0148 8b94 | 2490 0000 | 004c 8b84 
  0x000001de36bcee60: 2498 0000 | 0041 b900 | 2000 000f 

  0x000001de36bcee6c: ;   {static_call}
  0x000001de36bcee6c: 1f40 00e8 

  0x000001de36bcee70: ; ImmutableOopMap {[152]=Oop }
                      ;*invokestatic copyTo {reexecute=0 rethrow=0 return_oop=0}
                      ; - kotlin.io.ByteStreamsKt::copyTo$default@13 (line 103)
                      ; - kotlin.io.ByteStreamsKt::readBytes@32 (line 136)
  0x000001de36bcee70: 6c54 e307 | 488b 9424 | 9800 0000 

  0x000001de36bcee7c: ;   {metadata(method data for {method} {0x000001de75f33470} 'readBytes' '(Ljava/io/InputStream;)[B' in 'kotlin/io/ByteStreamsKt')}
  0x000001de36bcee7c: 488b c249 | b808 f9f5 | 75de 0100 | 008b 4008 | 49ba 0000 | 004d de01 | 0000 4903 | c249 3b80 
  0x000001de36bcee9c: d001 0000 | 750d 4983 | 80d8 0100 | 0001 e966 | 0000 0049 | 3b80 e001 | 0000 750d | 4983 80e8 
  0x000001de36bceebc: 0100 0001 | e950 0000 | 0049 81b8 | d001 0000 | 0000 0000 | 7517 4989 | 80d0 0100 | 0049 c780 
  0x000001de36bceedc: d801 0000 | 0100 0000 | e92c 0000 | 0049 81b8 | e001 0000 | 0000 0000 | 7517 4989 | 80e0 0100 
  0x000001de36bceefc: 0049 c780 | e801 0000 | 0100 0000 | e908 0000 | 0049 8380 | c001 0000 | 014c 8d84 | 24a8 0000 
  0x000001de36bcef1c: 0049 8950 | 0848 8b02 | 4883 c801 | 4989 00f0 | 4c0f b102 | 0f84 1300 | 0000 482b | c448 81e0 
  0x000001de36bcef3c: 07f0 ffff | 4989 000f | 8557 0300 

  0x000001de36bcef48: ;   {metadata(method data for {method} {0x000001de4d303a80} 'toByteArray' '()[B' in 'java/io/ByteArrayOutputStream')}
  0x000001de36bcef48: 0049 b8f0 | b4d0 6ade | 0100 0041 | 8bb0 cc00 | 0000 83c6 | 0241 89b0 | cc00 0000 | 81e6 feff 
  0x000001de36bcef68: 1f00 83fe | 000f 8440 | 0300 0044 | 8b42 108b 

  0x000001de36bcef78: ;   {metadata(method data for {method} {0x000001de4d303a80} 'toByteArray' '()[B' in 'java/io/ByteArrayOutputStream')}
  0x000001de36bcef78: 720c 48ba | f0b4 d06a | de01 0000 | 4883 8210 | 0100 0001 | 498b d04c | 8bc6 0f1f 

  0x000001de36bcef94: ;   {static_call}
  0x000001de36bcef94: 4400 00e8 

  0x000001de36bcef98: ; ImmutableOopMap {[176]=Oop }
                      ;*invokestatic copyOf {reexecute=0 rethrow=0 return_oop=0}
                      ; - java.io.ByteArrayOutputStream::toByteArray@8 (line 185)
                      ; - kotlin.io.ByteStreamsKt::readBytes@37 (line 137)
  0x000001de36bcef98: 0498 2a07 | 488b f048 | 8d84 24a8 | 0000 0048 | 8b10 4885 | d20f 840f | 0000 004c | 8b40 08f0 
  0x000001de36bcefb8: 490f b110 | 0f85 1203 

  0x000001de36bcefc0: ;   {metadata(method data for {method} {0x000001de75f33470} 'readBytes' '(Ljava/io/InputStream;)[B' in 'kotlin/io/ByteStreamsKt')}
  0x000001de36bcefc0: 0000 48ba | 08f9 f575 | de01 0000 | 4883 82f8 | 0100 0001 

  0x000001de36bcefd4: ;   {oop("toByteArray(...)"{0x00000000865452c8})}
  0x000001de36bcefd4: 488b d649 | b8c8 5254 | 8600 0000 | 0048 89b4 | 24a0 0000 | 0066 0f1f 

  0x000001de36bcefec: ;   {static_call}
  0x000001de36bcefec: 4400 00e8 

  0x000001de36bceff0: ; ImmutableOopMap {[160]=Oop }
                      ;*invokestatic checkNotNullExpressionValue {reexecute=0 rethrow=0 return_oop=0}
                      ; - kotlin.io.ByteStreamsKt::readBytes@43 (line 137)
  0x000001de36bceff0: 0c97 4c07 | 488b 8424 | a000 0000 | 4881 c4c0 | 0000 005d 

  0x000001de36bcf004: ;   {poll_return}
  0x000001de36bcf004: 493b a750 | 0300 000f | 87d9 0200 

  0x000001de36bcf010: ;   {metadata(method data for {method} {0x000001de685b8e70} 'sanitizeStackTrace' '(Ljava/lang/Throwable;)Ljava/lang/Throwable;' in 'kotlin/jvm/internal/Intrinsics')}
  0x000001de36bcf010: 00c3 48ba | 1030 f769 | de01 0000 | 4883 8248 | 0100 0001 | 488b d04c | 8bc6 0f1f 

  0x000001de36bcf02c: ;   {static_call}
  0x000001de36bcf02c: 4400 00e8 

  0x000001de36bcf030: ; ImmutableOopMap {[144]=Oop }
                      ;*invokestatic sanitizeStackTrace {reexecute=0 rethrow=0 return_oop=0}
                      ; - kotlin.jvm.internal.Intrinsics::sanitizeStackTrace@6 (line 253)
                      ; - kotlin.jvm.internal.Intrinsics::throwParameterIsNullNPE@11 (line 140)
                      ; - kotlin.jvm.internal.Intrinsics::checkNotNullParameter@5 (line 131)
                      ; - kotlin.io.ByteStreamsKt::readBytes@3
  0x000001de36bcf030: cc35 c606 | 488b 9424 | 9000 0000 | 4883 f800 

  0x000001de36bcf040: ;   {metadata(method data for {method} {0x000001de685b7e90} 'throwParameterIsNullNPE' '(Ljava/lang/String;)V' in 'kotlin/jvm/internal/Intrinsics')}
  0x000001de36bcf040: 7516 48bf | 3029 f769 | de01 0000 | 808f 3901 | 0000 01e9 | d300 0000 

  0x000001de36bcf058: ;   {metadata('java/lang/NullPointerException')}
  0x000001de36bcf058: 48bb 401a | 064d de01 | 0000 8b78 | 0849 ba00 | 0000 4dde | 0100 0049 | 03fa 483b | 5f50 0f85 
  0x000001de36bcf078: 9300 0000 

  0x000001de36bcf07c: ;   {metadata(method data for {method} {0x000001de685b7e90} 'throwParameterIsNullNPE' '(Ljava/lang/String;)V' in 'kotlin/jvm/internal/Intrinsics')}
  0x000001de36bcf07c: 48bf 3029 | f769 de01 | 0000 8b58 | 0849 ba00 | 0000 4dde | 0100 0049 | 03da 483b | 9f50 0100 
  0x000001de36bcf09c: 0075 0d48 | 8387 5801 | 0000 01e9 | 7f00 0000 | 483b 9f60 | 0100 0075 | 0d48 8387 | 6801 0000 
  0x000001de36bcf0bc: 01e9 6900 | 0000 4881 | bf50 0100 | 0000 0000 | 0075 1748 | 899f 5001 | 0000 48c7 | 8758 0100 
  0x000001de36bcf0dc: 0001 0000 | 00e9 4500 | 0000 4881 | bf60 0100 | 0000 0000 | 0075 1748 | 899f 6001 | 0000 48c7 
  0x000001de36bcf0fc: 8768 0100 | 0001 0000 | 00e9 2100 | 0000 e91c 

  0x000001de36bcf10c: ;   {metadata(method data for {method} {0x000001de685b7e90} 'throwParameterIsNullNPE' '(Ljava/lang/String;)V' in 'kotlin/jvm/internal/Intrinsics')}
  0x000001de36bcf10c: 0000 0048 | bf30 29f7 | 69de 0100 | 0048 83af | 4001 0000 | 01e9 da01 | 0000 e900 | 0000 0048 
  0x000001de36bcf12c: 3b00 e910 | 0200 0049 | 8b87 e003 | 0000 4d33 | d24d 8997 | e003 0000 | 4d33 d24d | 8997 e803 
  0x000001de36bcf14c: 0000 488b | f048 8d84 | 24a8 0000 | 0048 8b38 | 4885 ff0f | 840f 0000 | 0048 8b58 | 08f0 480f 
  0x000001de36bcf16c: b13b 0f85 | 9a01 0000 | 488b c6e9 | c701 0000 

  0x000001de36bcf17c: ;   {metadata({method} {0x000001de75f33470} 'readBytes' '(Ljava/io/InputStream;)[B' in 'kotlin/io/ByteStreamsKt')}
  0x000001de36bcf17c: 49ba 6834 | f375 de01 | 0000 4c89 | 5424 0848 | c704 24ff 

  0x000001de36bcf190: ;   {runtime_call counter_overflow Runtime1 stub}
  0x000001de36bcf190: ffff ffe8 

  0x000001de36bcf194: ; ImmutableOopMap {rdx=Oop [144]=Oop }
                      ;*synchronization entry
                      ; - kotlin.io.ByteStreamsKt::readBytes@-1
  0x000001de36bcf194: e8eb d006 | e922 f8ff 

  0x000001de36bcf19c: ;   {metadata({method} {0x000001de685b7d20} 'checkNotNullParameter' '(Ljava/lang/Object;Ljava/lang/String;)V' in 'kotlin/jvm/internal/Intrinsics')}
  0x000001de36bcf19c: ff49 ba18 | 7d5b 68de | 0100 004c | 8954 2408 | 48c7 0424 | ffff ffff 

  0x000001de36bcf1b4: ;   {runtime_call counter_overflow Runtime1 stub}
  0x000001de36bcf1b4: e8c7 ebd0 

  0x000001de36bcf1b8: ; ImmutableOopMap {rdx=Oop [144]=Oop }
                      ;*synchronization entry
                      ; - kotlin.jvm.internal.Intrinsics::checkNotNullParameter@-1 (line 130)
                      ; - kotlin.io.ByteStreamsKt::readBytes@3
  0x000001de36bcf1b8: 06e9 3bf8 

  0x000001de36bcf1bc: ;   {metadata({method} {0x000001de685b7e90} 'throwParameterIsNullNPE' '(Ljava/lang/String;)V' in 'kotlin/jvm/internal/Intrinsics')}
  0x000001de36bcf1bc: ffff 49ba | 887e 5b68 | de01 0000 | 4c89 5424 | 0848 c704 | 24ff ffff 

  0x000001de36bcf1d4: ;   {runtime_call counter_overflow Runtime1 stub}
  0x000001de36bcf1d4: ffe8 a6eb 

  0x000001de36bcf1d8: ; ImmutableOopMap {[144]=Oop }
                      ;*synchronization entry
                      ; - kotlin.jvm.internal.Intrinsics::throwParameterIsNullNPE@-1 (line 140)
                      ; - kotlin.jvm.internal.Intrinsics::checkNotNullParameter@5 (line 131)
                      ; - kotlin.io.ByteStreamsKt::readBytes@3
  0x000001de36bcf1d8: d006 e988 

  0x000001de36bcf1dc: ;   {metadata(NULL)}
  0x000001de36bcf1dc: f8ff ff48 | ba00 0000 | 0000 0000 | 00b8 000f 

  0x000001de36bcf1ec: ;   {runtime_call load_klass_patching Runtime1 stub}
  0x000001de36bcf1ec: 050a e80d 

  0x000001de36bcf1f0: ; ImmutableOopMap {[144]=Oop }
                      ;*new {reexecute=1 rethrow=0 return_oop=0}
                      ; - (reexecute) kotlin.jvm.internal.Intrinsics::throwParameterIsNullNPE@0 (line 140)
                      ; - kotlin.jvm.internal.Intrinsics::checkNotNullParameter@5 (line 131)
                      ; - kotlin.io.ByteStreamsKt::readBytes@3
  0x000001de36bcf1f0: d5d0 06e9 | 70f8 ffff 

  0x000001de36bcf1f8: ;   {runtime_call fast_new_instance Runtime1 stub}
  0x000001de36bcf1f8: 488b d2e8 

  0x000001de36bcf1fc: ; ImmutableOopMap {[144]=Oop }
                      ;*new {reexecute=0 rethrow=0 return_oop=0}
                      ; - kotlin.jvm.internal.Intrinsics::throwParameterIsNullNPE@0 (line 140)
                      ; - kotlin.jvm.internal.Intrinsics::checkNotNullParameter@5 (line 131)
                      ; - kotlin.io.ByteStreamsKt::readBytes@3
  0x000001de36bcf1fc: 008e d006 | e9bf f8ff 

  0x000001de36bcf204: ;   {metadata({method} {0x000001de685b8e70} 'sanitizeStackTrace' '(Ljava/lang/Throwable;)Ljava/lang/Throwable;' in 'kotlin/jvm/internal/Intrinsics')}
  0x000001de36bcf204: ff49 ba68 | 8e5b 68de | 0100 004c | 8954 2408 | 48c7 0424 | ffff ffff 

  0x000001de36bcf21c: ;   {runtime_call counter_overflow Runtime1 stub}
  0x000001de36bcf21c: e85f ebd0 

  0x000001de36bcf220: ; ImmutableOopMap {[144]=Oop [136]=Oop }
                      ;*synchronization entry
                      ; - kotlin.jvm.internal.Intrinsics::sanitizeStackTrace@-1 (line 253)
                      ; - kotlin.jvm.internal.Intrinsics::throwParameterIsNullNPE@11 (line 140)
                      ; - kotlin.jvm.internal.Intrinsics::checkNotNullParameter@5 (line 131)
                      ; - kotlin.io.ByteStreamsKt::readBytes@3
  0x000001de36bcf220: 06e9 38f9 

  0x000001de36bcf224: ;   {metadata({method} {0x000001de4d43e310} 'getName' '()Ljava/lang/String;' in 'java/lang/Class')}
  0x000001de36bcf224: ffff 49ba | 08e3 434d | de01 0000 | 4c89 5424 | 0848 c704 | 24ff ffff 

  0x000001de36bcf23c: ;   {runtime_call counter_overflow Runtime1 stub}
  0x000001de36bcf23c: ffe8 3eeb 

  0x000001de36bcf240: ; ImmutableOopMap {[144]=Oop [136]=Oop rdx=Oop }
                      ;*synchronization entry
                      ; - java.lang.Class::getName@-1 (line 862)
                      ; - kotlin.jvm.internal.Intrinsics::sanitizeStackTrace@3 (line 253)
                      ; - kotlin.jvm.internal.Intrinsics::throwParameterIsNullNPE@11 (line 140)
                      ; - kotlin.jvm.internal.Intrinsics::checkNotNullParameter@5 (line 131)
                      ; - kotlin.io.ByteStreamsKt::readBytes@3
  0x000001de36bcf240: d006 e95e 

  0x000001de36bcf244: ;   {runtime_call throw_null_pointer_exception Runtime1 stub}
  0x000001de36bcf244: f9ff ffe8 

  0x000001de36bcf248: ; ImmutableOopMap {[144]=Oop [136]=Oop }
                      ;*getfield name {reexecute=1 rethrow=0 return_oop=0}
                      ; - (reexecute) java.lang.Class::getName@1 (line 862)
                      ; - kotlin.jvm.internal.Intrinsics::sanitizeStackTrace@3 (line 253)
                      ; - kotlin.jvm.internal.Intrinsics::throwParameterIsNullNPE@11 (line 140)
                      ; - kotlin.jvm.internal.Intrinsics::checkNotNullParameter@5 (line 131)
                      ; - kotlin.io.ByteStreamsKt::readBytes@3
  0x000001de36bcf248: d47f d006 

  0x000001de36bcf24c: ;   {runtime_call fast_new_instance Runtime1 stub}
  0x000001de36bcf24c: 488b d2e8 

  0x000001de36bcf250: ; ImmutableOopMap {rbx=Oop [144]=Oop }
                      ;*new {reexecute=0 rethrow=0 return_oop=0}
                      ; - kotlin.io.ByteStreamsKt::readBytes@6 (line 135)
  0x000001de36bcf250: ac8d d006 | e926 faff 

  0x000001de36bcf258: ;   {runtime_call throw_null_pointer_exception Runtime1 stub}
  0x000001de36bcf258: ffe8 c27f 

  0x000001de36bcf25c: ; ImmutableOopMap {rbx=Oop [144]=Oop rax=Oop }
                      ;*invokevirtual available {reexecute=0 rethrow=0 return_oop=0}
                      ; - kotlin.io.ByteStreamsKt::readBytes@14 (line 135)
                      ;   {metadata({method} {0x000001de4d3eab18} 'max' '(II)I' in 'java/lang/Math')}
  0x000001de36bcf25c: d006 49ba | 10ab 3e4d | de01 0000 | 4c89 5424 | 0848 c704 | 24ff ffff 

  0x000001de36bcf274: ;   {runtime_call counter_overflow Runtime1 stub}
  0x000001de36bcf274: ffe8 06eb 

  0x000001de36bcf278: ; ImmutableOopMap {[152]=Oop [144]=Oop }
                      ;*synchronization entry
                      ; - java.lang.Math::max@-1 (line 1562)
                      ; - kotlin.io.ByteStreamsKt::readBytes@17 (line 135)
  0x000001de36bcf278: d006 e9f9 

  0x000001de36bcf27c: ;   {metadata({method} {0x000001de75f331a8} 'copyTo$default' '(Ljava/io/InputStream;Ljava/io/OutputStream;IILjava/lang/Object;)J' in 'kotlin/io/ByteStreamsKt')}
  0x000001de36bcf27c: faff ff49 | baa0 31f3 | 75de 0100 | 004c 8954 | 2408 48c7 | 0424 ffff 

  0x000001de36bcf294: ;   {runtime_call counter_overflow Runtime1 stub}
  0x000001de36bcf294: ffff e8e5 

  0x000001de36bcf298: ; ImmutableOopMap {[152]=Oop [144]=Oop }
                      ;*synchronization entry
                      ; - kotlin.io.ByteStreamsKt::copyTo$default@-1 (line 103)
                      ; - kotlin.io.ByteStreamsKt::readBytes@32 (line 136)
  0x000001de36bcf298: ead0 06e9 | 93fb ffff | 4889 5424 | 084c 8904 

  0x000001de36bcf2a8: ;   {runtime_call monitorenter_nofpu Runtime1 stub}
  0x000001de36bcf2a8: 24e8 d2c0 

  0x000001de36bcf2ac: ; ImmutableOopMap {rdx=Oop [176]=Oop }
                      ;*synchronization entry
                      ; - java.io.ByteArrayOutputStream::toByteArray@-1 (line 185)
                      ; - kotlin.io.ByteStreamsKt::readBytes@37 (line 137)
  0x000001de36bcf2ac: d006 e996 

  0x000001de36bcf2b0: ;   {metadata({method} {0x000001de4d303a80} 'toByteArray' '()[B' in 'java/io/ByteArrayOutputStream')}
  0x000001de36bcf2b0: fcff ff49 | ba78 3a30 | 4dde 0100 | 004c 8954 | 2408 48c7 | 0424 ffff 

  0x000001de36bcf2c8: ;   {runtime_call counter_overflow Runtime1 stub}
  0x000001de36bcf2c8: ffff e8b1 

  0x000001de36bcf2cc: ; ImmutableOopMap {rdx=Oop [176]=Oop }
                      ;*synchronization entry
                      ; - java.io.ByteArrayOutputStream::toByteArray@-1 (line 185)
                      ; - kotlin.io.ByteStreamsKt::readBytes@37 (line 137)
  0x000001de36bcf2cc: ead0 06e9 | 9ffc ffff | 488d 8424 | a800 0000 | 4889 0424 

  0x000001de36bcf2e0: ;   {runtime_call monitorexit_nofpu Runtime1 stub}
  0x000001de36bcf2e0: e81b c7d0 | 06e9 d8fc 

  0x000001de36bcf2e8: ;   {internal_word}
  0x000001de36bcf2e8: ffff 49ba | 04f0 bc36 | de01 0000 | 4d89 9768 

  0x000001de36bcf2f8: ;   {runtime_call SafepointBlob}
  0x000001de36bcf2f8: 0300 00e9 | 809c c606 | 4889 0424 

  0x000001de36bcf304: ;   {runtime_call throw_class_cast_exception Runtime1 stub}
  0x000001de36bcf304: e817 b4d0 

  0x000001de36bcf308: ; ImmutableOopMap {rdx=Oop [144]=Oop }
                      ;*checkcast {reexecute=0 rethrow=0 return_oop=0}
                      ; - kotlin.jvm.internal.Intrinsics::throwParameterIsNullNPE@14 (line 140)
                      ; - kotlin.jvm.internal.Intrinsics::checkNotNullParameter@5 (line 131)
                      ; - kotlin.io.ByteStreamsKt::readBytes@3
                      ;   {runtime_call throw_null_pointer_exception Runtime1 stub}
  0x000001de36bcf308: 06e8 127f 

  0x000001de36bcf30c: ; ImmutableOopMap {rdx=Oop [144]=Oop rax=Oop }
                      ;*athrow {reexecute=1 rethrow=0 return_oop=0}
                      ; - (reexecute) kotlin.jvm.internal.Intrinsics::throwParameterIsNullNPE@17 (line 140)
                      ; - kotlin.jvm.internal.Intrinsics::checkNotNullParameter@5 (line 131)
                      ; - kotlin.io.ByteStreamsKt::readBytes@3
  0x000001de36bcf30c: d006 488d | 8424 a800 | 0000 4889 

  0x000001de36bcf318: ;   {runtime_call monitorexit_nofpu Runtime1 stub}
  0x000001de36bcf318: 0424 e8e1 | c6d0 06e9 | 50fe ffff | 9090 498b | 87e0 0300 | 0049 c787 | e003 0000 | 0000 0000 
  0x000001de36bcf338: 49c7 87e8 | 0300 0000 | 0000 0048 | 81c4 c000 

  0x000001de36bcf348: ;   {runtime_call unwind_exception Runtime1 stub}
  0x000001de36bcf348: 0000 5de9 | b09e c706 | f4f4 f4f4 | f4f4 f4f4 | f4f4 f4f4 | f4f4 f4f4 
[Stub Code]
  0x000001de36bcf360: ;   {no_reloc}
  0x000001de36bcf360: 0f1f 4400 

  0x000001de36bcf364: ;   {static_stub}
  0x000001de36bcf364: 0048 bb00 | 0000 0000 

  0x000001de36bcf36c: ;   {runtime_call}
  0x000001de36bcf36c: 0000 00e9 | fbff ffff 

  0x000001de36bcf374: ;   {static_stub}
  0x000001de36bcf374: 9048 bb00 | 0000 0000 

  0x000001de36bcf37c: ;   {runtime_call}
  0x000001de36bcf37c: 0000 00e9 | fbff ffff 

  0x000001de36bcf384: ;   {static_stub}
  0x000001de36bcf384: 9048 bb00 | 0000 0000 

  0x000001de36bcf38c: ;   {runtime_call}
  0x000001de36bcf38c: 0000 00e9 | fbff ffff 

  0x000001de36bcf394: ;   {static_stub}
  0x000001de36bcf394: 9048 bb00 | 0000 0000 

  0x000001de36bcf39c: ;   {runtime_call}
  0x000001de36bcf39c: 0000 00e9 | fbff ffff 

  0x000001de36bcf3a4: ;   {static_stub}
  0x000001de36bcf3a4: 9048 bb00 | 0000 0000 

  0x000001de36bcf3ac: ;   {runtime_call}
  0x000001de36bcf3ac: 0000 00e9 | fbff ffff 

  0x000001de36bcf3b4: ;   {static_stub}
  0x000001de36bcf3b4: 9048 bb00 | 0000 0000 

  0x000001de36bcf3bc: ;   {runtime_call}
  0x000001de36bcf3bc: 0000 00e9 | fbff ffff 

  0x000001de36bcf3c4: ;   {static_stub}
  0x000001de36bcf3c4: 9048 bb00 | 0000 0000 

  0x000001de36bcf3cc: ;   {runtime_call}
  0x000001de36bcf3cc: 0000 00e9 | fbff ffff 

  0x000001de36bcf3d4: ;   {static_stub}
  0x000001de36bcf3d4: 9048 bb00 | 0000 0000 

  0x000001de36bcf3dc: ;   {runtime_call}
  0x000001de36bcf3dc: 0000 00e9 | fbff ffff 

  0x000001de36bcf3e4: ;   {static_stub}
  0x000001de36bcf3e4: 9048 bb00 | 0000 0000 

  0x000001de36bcf3ec: ;   {runtime_call}
  0x000001de36bcf3ec: 0000 00e9 | fbff ffff 
[Exception Handler]
  0x000001de36bcf3f4: ;   {runtime_call handle_exception_from_callee Runtime1 stub}
  0x000001de36bcf3f4: e807 aad0 

  0x000001de36bcf3f8: ;   {external_word}
  0x000001de36bcf3f8: 0648 b960 | ea5f 24fd | 7f00 0048 

  0x000001de36bcf404: ;   {runtime_call}
  0x000001de36bcf404: 83e4 f049 | ba20 5828 | 24fd 7f00 | 0041 ffd2 

  0x000001de36bcf414: ;   {section_word}
  0x000001de36bcf414: f449 ba15 | f4bc 36de | 0100 0041 

  0x000001de36bcf420: ;   {runtime_call DeoptimizationBlob}
  0x000001de36bcf420: 52e9 faaf | c606 f4f4 
[/MachCode]


---------------  P R O C E S S  ---------------

Threads class SMR info:
_java_thread_list=0x000001de7202b3f0, length=96, elements={
0x000001de2d2ffb10, 0x000001de4ca725b0, 0x000001de4ca73080, 0x000001de4ca8b310,
0x000001de4ca8dbf0, 0x000001de4ca8e4c0, 0x000001de4ca8fda0, 0x000001de4ca90eb0,
0x000001de4caa6540, 0x000001de4cad9aa0, 0x000001de6c0891e0, 0x000001de6c21e4c0,
0x000001de6d5f0950, 0x000001de6cdf7c60, 0x000001de6d106cd0, 0x000001de6db3f440,
0x000001de6db40930, 0x000001de6ddc6060, 0x000001de6ddc74a0, 0x000001de6ddc6570,
0x000001de6ddc6a80, 0x000001de6ddc6f90, 0x000001de6ddc83d0, 0x000001de6ddc9300,
0x000001de6ddc79b0, 0x000001de6ddc7ec0, 0x000001de6ddc88e0, 0x000001de6ddc9810,
0x000001de6e148b50, 0x000001de6e149060, 0x000001de6e14aec0, 0x000001de6e14c810,
0x000001de6e149a80, 0x000001de6e14a9b0, 0x000001de6e149f90, 0x000001de6e14b8e0,
0x000001de6e14c300, 0x000001de6e149570, 0x000001de6e14e670, 0x000001de6e14d740,
0x000001de6e14dc50, 0x000001de6e14eb80, 0x000001de6e14f090, 0x000001de6e14d230,
0x000001de6e14ffc0, 0x000001de6e14fab0, 0x000001de6e1504d0, 0x000001de6e14f5a0,
0x000001de6f610900, 0x000001de6f613690, 0x000001de6f60fee0, 0x000001de6f610e10,
0x000001de6f611320, 0x000001de6f611d40, 0x000001de6f612250, 0x000001de6f612760,
0x000001de6f613ba0, 0x000001de6f612c70, 0x000001de6f6103f0, 0x000001de6f614fe0,
0x000001de6f6145c0, 0x000001de6f6140b0, 0x000001de6f617860, 0x000001de6f6154f0,
0x000001de6f614ad0, 0x000001de6f616e40, 0x000001de6f617350, 0x000001de6f615a00,
0x000001de6f615f10, 0x000001de6f616420, 0x000001de6f616930, 0x000001de6f4036d0,
0x000001de6f401360, 0x000001de6f402cb0, 0x000001de6f3fff20, 0x000001de6f401d80,
0x000001de6f400940, 0x000001de6f400e50, 0x000001de6f4031c0, 0x000001de6f403be0,
0x000001de6f400430, 0x000001de6f405020, 0x000001de6f4027a0, 0x000001de6f4040f0,
0x000001de6f404600, 0x000001de6f401870, 0x000001de6f406460, 0x000001de6f407390,
0x000001de6e6c9eb0, 0x000001de6e6c8f80, 0x000001de77937ea0, 0x000001de7793a720,
0x000001de7793ac30, 0x000001de6e814160, 0x000001de6e8164d0, 0x000001de6e816ef0
}

Java Threads: ( => current thread )
  0x000001de2d2ffb10 JavaThread "main" [_thread_blocked, id=15148, stack(0x000000b660100000,0x000000b660200000)]
  0x000001de4ca725b0 JavaThread "Reference Handler" daemon [_thread_blocked, id=16748, stack(0x000000b660800000,0x000000b660900000)]
  0x000001de4ca73080 JavaThread "Finalizer" daemon [_thread_blocked, id=3648, stack(0x000000b660900000,0x000000b660a00000)]
  0x000001de4ca8b310 JavaThread "Signal Dispatcher" daemon [_thread_blocked, id=17444, stack(0x000000b660a00000,0x000000b660b00000)]
  0x000001de4ca8dbf0 JavaThread "Attach Listener" daemon [_thread_blocked, id=15680, stack(0x000000b660b00000,0x000000b660c00000)]
  0x000001de4ca8e4c0 JavaThread "Service Thread" daemon [_thread_blocked, id=20080, stack(0x000000b660c00000,0x000000b660d00000)]
  0x000001de4ca8fda0 JavaThread "Monitor Deflation Thread" daemon [_thread_blocked, id=3316, stack(0x000000b660d00000,0x000000b660e00000)]
  0x000001de4ca90eb0 JavaThread "C2 CompilerThread0" daemon [_thread_blocked, id=18800, stack(0x000000b660e00000,0x000000b660f00000)]
  0x000001de4caa6540 JavaThread "C1 CompilerThread0" daemon [_thread_blocked, id=20108, stack(0x000000b660f00000,0x000000b661000000)]
  0x000001de4cad9aa0 JavaThread "Sweeper thread" daemon [_thread_in_vm, id=1228, stack(0x000000b661000000,0x000000b661100000)]
  0x000001de6c0891e0 JavaThread "Common-Cleaner" daemon [_thread_blocked, id=19896, stack(0x000000b661100000,0x000000b661200000)]
  0x000001de6c21e4c0 JavaThread "Notification Thread" daemon [_thread_blocked, id=16080, stack(0x000000b661300000,0x000000b661400000)]
  0x000001de6d5f0950 JavaThread "Daemon health stats" [_thread_blocked, id=16776, stack(0x000000b661800000,0x000000b661900000)]
  0x000001de6cdf7c60 JavaThread "Incoming local TCP Connector on port 51291" [_thread_in_native, id=18908, stack(0x000000b661900000,0x000000b661a00000)]
  0x000001de6d106cd0 JavaThread "Daemon periodic checks" [_thread_blocked, id=6720, stack(0x000000b661a00000,0x000000b661b00000)]
  0x000001de6db3f440 JavaThread "Daemon" [_thread_blocked, id=9712, stack(0x000000b661b00000,0x000000b661c00000)]
  0x000001de6db40930 JavaThread "Handler for socket connection from /127.0.0.1:51291 to /127.0.0.1:51292" [_thread_in_native, id=12184, stack(0x000000b661c00000,0x000000b661d00000)]
  0x000001de6ddc6060 JavaThread "Cancel handler" [_thread_blocked, id=1740, stack(0x000000b661d00000,0x000000b661e00000)]
  0x000001de6ddc74a0 JavaThread "Daemon worker" [_thread_blocked, id=12476, stack(0x000000b661e00000,0x000000b661f00000)]
  0x000001de6ddc6570 JavaThread "Asynchronous log dispatcher for DefaultDaemonConnection: socket connection from /127.0.0.1:51291 to /127.0.0.1:51292" [_thread_blocked, id=18460, stack(0x000000b661f00000,0x000000b662000000)]
  0x000001de6ddc6a80 JavaThread "Stdin handler" [_thread_blocked, id=10424, stack(0x000000b662000000,0x000000b662100000)]
  0x000001de6ddc6f90 JavaThread "Daemon client event forwarder" [_thread_blocked, id=18720, stack(0x000000b662100000,0x000000b662200000)]
  0x000001de6ddc83d0 JavaThread "Cache worker for journal cache (C:\Users\Kuldeep\.gradle\caches\journal-1)" [_thread_blocked, id=4832, stack(0x000000b662200000,0x000000b662300000)]
  0x000001de6ddc9300 JavaThread "File lock request listener" [_thread_in_native, id=13528, stack(0x000000b662300000,0x000000b662400000)]
  0x000001de6ddc79b0 JavaThread "Cache worker for file hash cache (C:\Users\Kuldeep\.gradle\caches\8.12.1\fileHashes)" [_thread_blocked, id=7988, stack(0x000000b662400000,0x000000b662500000)]
  0x000001de6ddc7ec0 JavaThread "Cache worker for file hash cache (C:\Users\Kuldeep\Touch-Comeback\android\.gradle\8.12.1\fileHashes)" [_thread_blocked, id=13952, stack(0x000000b662500000,0x000000b662600000)]
  0x000001de6ddc88e0 JavaThread "Cache worker for Build Output Cleanup Cache (C:\Users\Kuldeep\Touch-Comeback\android\.gradle\buildOutputCleanup)" [_thread_blocked, id=14148, stack(0x000000b662600000,0x000000b662700000)]
  0x000001de6ddc9810 JavaThread "File watcher server" daemon [_thread_blocked, id=2396, stack(0x000000b661200000,0x000000b661300000)]
  0x000001de6e148b50 JavaThread "File watcher consumer" daemon [_thread_blocked, id=17232, stack(0x000000b662700000,0x000000b662800000)]
  0x000001de6e149060 JavaThread "jar transforms" [_thread_blocked, id=19576, stack(0x000000b662800000,0x000000b662900000)]
  0x000001de6e14aec0 JavaThread "Cache worker for checksums cache (C:\Users\Kuldeep\Touch-Comeback\android\.gradle\8.12.1\checksums)" [_thread_blocked, id=7716, stack(0x000000b662900000,0x000000b662a00000)]
  0x000001de6e14c810 JavaThread "Cache worker for file content cache (C:\Users\Kuldeep\.gradle\caches\8.12.1\fileContent)" [_thread_blocked, id=3324, stack(0x000000b662a00000,0x000000b662b00000)]
  0x000001de6e149a80 JavaThread "Cache worker for cache directory md-rule (C:\Users\Kuldeep\.gradle\caches\8.12.1\md-rule)" [_thread_blocked, id=18932, stack(0x000000b662b00000,0x000000b662c00000)]
  0x000001de6e14a9b0 JavaThread "Cache worker for cache directory md-supplier (C:\Users\Kuldeep\.gradle\caches\8.12.1\md-supplier)" [_thread_blocked, id=15596, stack(0x000000b662c00000,0x000000b662d00000)]
  0x000001de6e149f90 JavaThread "Cache worker for Build Output Cleanup Cache (C:\Users\Kuldeep\Touch-Comeback\node_modules\@react-native\gradle-plugin\.gradle\buildOutputCleanup)" [_thread_blocked, id=17784, stack(0x000000b662d00000,0x000000b662e00000)]
  0x000001de6e14b8e0 JavaThread "Unconstrained build operations" [_thread_blocked, id=19808, stack(0x000000b662e00000,0x000000b662f00000)]
  0x000001de6e14c300 JavaThread "Unconstrained build operations Thread 2" [_thread_blocked, id=17788, stack(0x000000b662f00000,0x000000b663000000)]
  0x000001de6e149570 JavaThread "Unconstrained build operations Thread 3" [_thread_blocked, id=2076, stack(0x000000b663000000,0x000000b663100000)]
  0x000001de6e14e670 JavaThread "Unconstrained build operations Thread 4" [_thread_blocked, id=6000, stack(0x000000b663100000,0x000000b663200000)]
  0x000001de6e14d740 JavaThread "Unconstrained build operations Thread 5" [_thread_blocked, id=12800, stack(0x000000b663200000,0x000000b663300000)]
  0x000001de6e14dc50 JavaThread "Unconstrained build operations Thread 6" [_thread_blocked, id=17428, stack(0x000000b663300000,0x000000b663400000)]
  0x000001de6e14eb80 JavaThread "Unconstrained build operations Thread 7" [_thread_blocked, id=5140, stack(0x000000b663400000,0x000000b663500000)]
  0x000001de6e14f090 JavaThread "Unconstrained build operations Thread 8" [_thread_blocked, id=17732, stack(0x000000b663500000,0x000000b663600000)]
  0x000001de6e14d230 JavaThread "Unconstrained build operations Thread 9" [_thread_blocked, id=19736, stack(0x000000b663600000,0x000000b663700000)]
  0x000001de6e14ffc0 JavaThread "Unconstrained build operations Thread 10" [_thread_blocked, id=18948, stack(0x000000b663700000,0x000000b663800000)]
  0x000001de6e14fab0 JavaThread "Unconstrained build operations Thread 11" [_thread_blocked, id=19796, stack(0x000000b663800000,0x000000b663900000)]
  0x000001de6e1504d0 JavaThread "Unconstrained build operations Thread 12" [_thread_blocked, id=9320, stack(0x000000b663900000,0x000000b663a00000)]
  0x000001de6e14f5a0 JavaThread "Unconstrained build operations Thread 13" [_thread_blocked, id=18080, stack(0x000000b663a00000,0x000000b663b00000)]
  0x000001de6f610900 JavaThread "Unconstrained build operations Thread 14" [_thread_blocked, id=4632, stack(0x000000b663b00000,0x000000b663c00000)]
  0x000001de6f613690 JavaThread "Unconstrained build operations Thread 15" [_thread_blocked, id=15896, stack(0x000000b663c00000,0x000000b663d00000)]
  0x000001de6f60fee0 JavaThread "Memory manager" [_thread_blocked, id=20292, stack(0x000000b663d00000,0x000000b663e00000)]
  0x000001de6f610e10 JavaThread "build event listener" [_thread_blocked, id=4000, stack(0x000000b663e00000,0x000000b663f00000)]
  0x000001de6f611320 JavaThread "ForkJoinPool.commonPool-worker-1" daemon [_thread_blocked, id=13536, stack(0x000000b663f00000,0x000000b664000000)]
  0x000001de6f611d40 JavaThread "ForkJoinPool.commonPool-worker-2" daemon [_thread_blocked, id=18220, stack(0x000000b664000000,0x000000b664100000)]
  0x000001de6f612250 JavaThread "ForkJoinPool.commonPool-worker-3" daemon [_thread_blocked, id=18552, stack(0x000000b664100000,0x000000b664200000)]
  0x000001de6f612760 JavaThread "included builds" [_thread_blocked, id=19812, stack(0x000000b664200000,0x000000b664300000)]
  0x000001de6f613ba0 JavaThread "Execution worker" [_thread_blocked, id=1808, stack(0x000000b664300000,0x000000b664400000)]
  0x000001de6f612c70 JavaThread "Execution worker Thread 2" [_thread_blocked, id=13724, stack(0x000000b664400000,0x000000b664500000)]
  0x000001de6f6103f0 JavaThread "Execution worker Thread 3" [_thread_blocked, id=19228, stack(0x000000b664500000,0x000000b664600000)]
  0x000001de6f614fe0 JavaThread "Cache worker for execution history cache (C:\Users\Kuldeep\Touch-Comeback\node_modules\@react-native\gradle-plugin\.gradle\8.12.1\executionHistory)" [_thread_blocked, id=18072, stack(0x000000b664600000,0x000000b664700000)]
  0x000001de6f6145c0 JavaThread "Unconstrained build operations Thread 16" [_thread_blocked, id=8844, stack(0x000000b664700000,0x000000b664800000)]
  0x000001de6f6140b0 JavaThread "Unconstrained build operations Thread 17" [_thread_blocked, id=11244, stack(0x000000b664800000,0x000000b664900000)]
  0x000001de6f617860 JavaThread "Unconstrained build operations Thread 18" [_thread_blocked, id=17404, stack(0x000000b664900000,0x000000b664a00000)]
  0x000001de6f6154f0 JavaThread "Unconstrained build operations Thread 19" [_thread_blocked, id=17220, stack(0x000000b664a00000,0x000000b664b00000)]
  0x000001de6f614ad0 JavaThread "Unconstrained build operations Thread 20" [_thread_blocked, id=16800, stack(0x000000b664b00000,0x000000b664c00000)]
  0x000001de6f616e40 JavaThread "Unconstrained build operations Thread 21" [_thread_blocked, id=7400, stack(0x000000b664c00000,0x000000b664d00000)]
  0x000001de6f617350 JavaThread "Unconstrained build operations Thread 22" [_thread_blocked, id=5512, stack(0x000000b664d00000,0x000000b664e00000)]
  0x000001de6f615a00 JavaThread "Unconstrained build operations Thread 23" [_thread_blocked, id=7056, stack(0x000000b664e00000,0x000000b664f00000)]
  0x000001de6f615f10 JavaThread "Unconstrained build operations Thread 24" [_thread_blocked, id=19684, stack(0x000000b664f00000,0x000000b665000000)]
  0x000001de6f616420 JavaThread "Unconstrained build operations Thread 25" [_thread_blocked, id=16540, stack(0x000000b665000000,0x000000b665100000)]
  0x000001de6f616930 JavaThread "Unconstrained build operations Thread 26" [_thread_blocked, id=7560, stack(0x000000b665100000,0x000000b665200000)]
  0x000001de6f4036d0 JavaThread "Unconstrained build operations Thread 27" [_thread_blocked, id=6076, stack(0x000000b665200000,0x000000b665300000)]
  0x000001de6f401360 JavaThread "Unconstrained build operations Thread 28" [_thread_blocked, id=7584, stack(0x000000b665300000,0x000000b665400000)]
=>0x000001de6f402cb0 JavaThread "Unconstrained build operations Thread 29" [_thread_in_vm, id=20024, stack(0x000000b665400000,0x000000b665500000)]
  0x000001de6f3fff20 JavaThread "Unconstrained build operations Thread 30" [_thread_blocked, id=3508, stack(0x000000b665500000,0x000000b665600000)]
  0x000001de6f401d80 JavaThread "Unconstrained build operations Thread 31" [_thread_in_native, id=3524, stack(0x000000b665600000,0x000000b665700000)]
  0x000001de6f400940 JavaThread "Unconstrained build operations Thread 32" [_thread_blocked, id=7396, stack(0x000000b665700000,0x000000b665800000)]
  0x000001de6f400e50 JavaThread "Unconstrained build operations Thread 33" [_thread_blocked, id=6484, stack(0x000000b665800000,0x000000b665900000)]
  0x000001de6f4031c0 JavaThread "Unconstrained build operations Thread 34" [_thread_blocked, id=8220, stack(0x000000b665900000,0x000000b665a00000)]
  0x000001de6f403be0 JavaThread "Unconstrained build operations Thread 35" [_thread_blocked, id=9328, stack(0x000000b665a00000,0x000000b665b00000)]
  0x000001de6f400430 JavaThread "Unconstrained build operations Thread 36" [_thread_blocked, id=10572, stack(0x000000b665b00000,0x000000b665c00000)]
  0x000001de6f405020 JavaThread "jar transforms Thread 2" [_thread_blocked, id=8384, stack(0x000000b665c00000,0x000000b665d00000)]
  0x000001de6f4027a0 JavaThread "jar transforms Thread 3" [_thread_blocked, id=17540, stack(0x000000b665d00000,0x000000b665e00000)]
  0x000001de6f4040f0 JavaThread "Unconstrained build operations Thread 37" [_thread_blocked, id=6268, stack(0x000000b665e00000,0x000000b665f00000)]
  0x000001de6f404600 JavaThread "Unconstrained build operations Thread 38" [_thread_blocked, id=8796, stack(0x000000b665f00000,0x000000b666000000)]
  0x000001de6f401870 JavaThread "Unconstrained build operations Thread 39" [_thread_blocked, id=20388, stack(0x000000b666000000,0x000000b666100000)]
  0x000001de6f406460 JavaThread "Unconstrained build operations Thread 40" [_thread_blocked, id=16364, stack(0x000000b666100000,0x000000b666200000)]
  0x000001de6f407390 JavaThread "jar transforms Thread 4" [_thread_blocked, id=15828, stack(0x000000b666200000,0x000000b666300000)]
  0x000001de6e6c9eb0 JavaThread "build event listener" [_thread_blocked, id=18116, stack(0x000000b666300000,0x000000b666400000)]
  0x000001de6e6c8f80 JavaThread "Problems report writer" [_thread_blocked, id=13148, stack(0x000000b666400000,0x000000b666500000)]
  0x000001de77937ea0 JavaThread "Exec process" [_thread_blocked, id=11976, stack(0x000000b666600000,0x000000b666700000)]
  0x000001de7793a720 JavaThread "Exec process Thread 2" [_thread_blocked, id=5884, stack(0x000000b666700000,0x000000b666800000)]
  0x000001de7793ac30 JavaThread "Exec process Thread 3" [_thread_blocked, id=1060, stack(0x000000b666800000,0x000000b666900000)]
  0x000001de6e814160 JavaThread "pool-3-thread-1" [_thread_blocked, id=14776, stack(0x000000b666b00000,0x000000b666c00000)]
  0x000001de6e8164d0 JavaThread "build event listener" [_thread_blocked, id=7664, stack(0x000000b666c00000,0x000000b666d00000)]
  0x000001de6e816ef0 JavaThread "Cache worker for execution history cache (C:\Users\Kuldeep\Touch-Comeback\android\.gradle\8.12.1\executionHistory)" [_thread_blocked, id=11276, stack(0x000000b666d00000,0x000000b666e00000)]

Other Threads:
  0x000001de4ca6e5c0 VMThread "VM Thread" [stack: 0x000000b660700000,0x000000b660800000] [id=9728] _threads_hazard_ptr=0x000001de7202b3f0
  0x000001de2d3008a0 WatcherThread [stack: 0x000000b661400000,0x000000b661500000] [id=9716]
  0x000001de2d35ddb0 GCTaskThread "GC Thread#0" [stack: 0x000000b660200000,0x000000b660300000] [id=19900]
  0x000001de6c24fb50 GCTaskThread "GC Thread#1" [stack: 0x000000b661500000,0x000000b661600000] [id=16764]
  0x000001de6c3549c0 GCTaskThread "GC Thread#2" [stack: 0x000000b661600000,0x000000b661700000] [id=9064]
  0x000001de6c9abc50 GCTaskThread "GC Thread#3" [stack: 0x000000b661700000,0x000000b661800000] [id=19120]
  0x000001de2d36ec10 ConcurrentGCThread "G1 Main Marker" [stack: 0x000000b660300000,0x000000b660400000] [id=19176]
  0x000001de2d370210 ConcurrentGCThread "G1 Conc#0" [stack: 0x000000b660400000,0x000000b660500000] [id=8448]
  0x000001de2d3a6910 ConcurrentGCThread "G1 Refine#0" [stack: 0x000000b660500000,0x000000b660600000] [id=20044]
  0x000001de4c9314a0 ConcurrentGCThread "G1 Service" [stack: 0x000000b660600000,0x000000b660700000] [id=14392]

Threads with active compile tasks:
C2 CompilerThread0    75665 22761       4       org.objectweb.asm.ClassReader::readCode (5117 bytes)
C1 CompilerThread0    75665 22764       3       org.objectweb.asm.commons.SignatureRemapper::visitBaseType (9 bytes)

VM state: not at safepoint (normal execution)

VM Mutex/Monitor currently owned by a thread:  ([mutex/lock_event])
[0x000001de2d2feb70] Heap_lock - owner thread: 0x000001de6f402cb0
[0x000001de2d2fd8e0] CompiledIC_lock - owner thread: 0x000001de4cad9aa0
[0x000001de2d2fde80] Compile_lock - owner thread: 0x000001de6f612c70
[0x000001de2d2ff230] MethodCompileQueue_lock - owner thread: 0x000001de4ca90eb0

Heap address: 0x0000000080000000, size: 2048 MB, Compressed Oops mode: 32-bit

CDS archive(s) mapped at: [0x000001de4d000000-0x000001de4dbc0000-0x000001de4dbc0000), size 12320768, SharedBaseAddress: 0x000001de4d000000, ArchiveRelocationMode: 1.
Compressed class space mapped at: 0x000001de4e000000-0x000001de68000000, reserved size: 436207616
Narrow klass base: 0x000001de4d000000, Narrow klass shift: 0, Narrow klass range: 0x100000000

GC Precious Log:
 CPUs: 4 total, 4 available
 Memory: 3871M
 Large Page Support: Disabled
 NUMA Support: Disabled
 Compressed Oops: Enabled (32-bit)
 Heap Region Size: 1M
 Heap Min Capacity: 8M
 Heap Initial Capacity: 62M
 Heap Max Capacity: 2G
 Pre-touch: Disabled
 Parallel Workers: 4
 Concurrent Workers: 1
 Concurrent Refinement Workers: 4
 Periodic GC: Disabled

Heap:
 garbage-first heap   total 1163264K, used 772851K [0x0000000080000000, 0x0000000100000000)
  region size 1024K, 5 young (5120K), 4 survivors (4096K)
 Metaspace       used 131531K, committed 133632K, reserved 557056K
  class space    used 17944K, committed 18944K, reserved 425984K

Heap Regions: E=young(eden), S=young(survivor), O=old, HS=humongous(starts), HC=humongous(continues), CS=collection set, F=free, OA=open archive, CA=closed archive, TAMS=top-at-mark-start (previous, next)
|   0|0x0000000080000000, 0x0000000080100000, 0x0000000080100000|100%|HS|  |TAMS 0x0000000080100000, 0x0000000080100000| Complete 
|   1|0x0000000080100000, 0x0000000080200000, 0x0000000080200000|100%|HC|  |TAMS 0x0000000080200000, 0x0000000080200000| Complete 
|   2|0x0000000080200000, 0x0000000080300000, 0x0000000080300000|100%|HC|  |TAMS 0x0000000080300000, 0x0000000080300000| Complete 
|   3|0x0000000080300000, 0x0000000080400000, 0x0000000080400000|100%| O|  |TAMS 0x0000000080400000, 0x0000000080400000| Untracked 
|   4|0x0000000080400000, 0x0000000080500000, 0x0000000080500000|100%| O|  |TAMS 0x0000000080500000, 0x0000000080500000| Untracked 
|   5|0x0000000080500000, 0x0000000080600000, 0x0000000080600000|100%| O|  |TAMS 0x0000000080600000, 0x0000000080600000| Untracked 
|   6|0x0000000080600000, 0x0000000080700000, 0x0000000080700000|100%| O|  |TAMS 0x0000000080700000, 0x0000000080700000| Untracked 
|   7|0x0000000080700000, 0x0000000080800000, 0x0000000080800000|100%| O|  |TAMS 0x0000000080800000, 0x0000000080800000| Untracked 
|   8|0x0000000080800000, 0x0000000080900000, 0x0000000080900000|100%|HS|  |TAMS 0x0000000080900000, 0x0000000080900000| Complete 
|   9|0x0000000080900000, 0x0000000080a00000, 0x0000000080a00000|100%| O|  |TAMS 0x0000000080a00000, 0x0000000080a00000| Untracked 
|  10|0x0000000080a00000, 0x0000000080b00000, 0x0000000080b00000|100%| O|  |TAMS 0x0000000080b00000, 0x0000000080b00000| Untracked 
|  11|0x0000000080b00000, 0x0000000080c00000, 0x0000000080c00000|100%| O|  |TAMS 0x0000000080c00000, 0x0000000080c00000| Untracked 
|  12|0x0000000080c00000, 0x0000000080d00000, 0x0000000080d00000|100%| O|  |TAMS 0x0000000080d00000, 0x0000000080d00000| Untracked 
|  13|0x0000000080d00000, 0x0000000080e00000, 0x0000000080e00000|100%| O|  |TAMS 0x0000000080e00000, 0x0000000080e00000| Untracked 
|  14|0x0000000080e00000, 0x0000000080f00000, 0x0000000080f00000|100%| O|  |TAMS 0x0000000080f00000, 0x0000000080f00000| Untracked 
|  15|0x0000000080f00000, 0x0000000081000000, 0x0000000081000000|100%| O|  |TAMS 0x0000000081000000, 0x0000000081000000| Untracked 
|  16|0x0000000081000000, 0x0000000081100000, 0x0000000081100000|100%| O|  |TAMS 0x0000000081100000, 0x0000000081100000| Untracked 
|  17|0x0000000081100000, 0x0000000081200000, 0x0000000081200000|100%| O|  |TAMS 0x0000000081200000, 0x0000000081200000| Untracked 
|  18|0x0000000081200000, 0x0000000081300000, 0x0000000081300000|100%| O|  |TAMS 0x0000000081300000, 0x0000000081300000| Untracked 
|  19|0x0000000081300000, 0x0000000081400000, 0x0000000081400000|100%| O|  |TAMS 0x0000000081400000, 0x0000000081400000| Untracked 
|  20|0x0000000081400000, 0x0000000081500000, 0x0000000081500000|100%| O|  |TAMS 0x0000000081500000, 0x0000000081500000| Untracked 
|  21|0x0000000081500000, 0x0000000081600000, 0x0000000081600000|100%| O|  |TAMS 0x0000000081600000, 0x0000000081600000| Untracked 
|  22|0x0000000081600000, 0x0000000081700000, 0x0000000081700000|100%| O|  |TAMS 0x0000000081700000, 0x0000000081700000| Untracked 
|  23|0x0000000081700000, 0x0000000081800000, 0x0000000081800000|100%| O|  |TAMS 0x0000000081800000, 0x0000000081800000| Untracked 
|  24|0x0000000081800000, 0x0000000081900000, 0x0000000081900000|100%| O|  |TAMS 0x0000000081900000, 0x0000000081900000| Untracked 
|  25|0x0000000081900000, 0x0000000081a00000, 0x0000000081a00000|100%| O|  |TAMS 0x0000000081a00000, 0x0000000081a00000| Untracked 
|  26|0x0000000081a00000, 0x0000000081b00000, 0x0000000081b00000|100%| O|  |TAMS 0x0000000081b00000, 0x0000000081b00000| Untracked 
|  27|0x0000000081b00000, 0x0000000081c00000, 0x0000000081c00000|100%| O|  |TAMS 0x0000000081c00000, 0x0000000081c00000| Untracked 
|  28|0x0000000081c00000, 0x0000000081d00000, 0x0000000081d00000|100%| O|  |TAMS 0x0000000081d00000, 0x0000000081d00000| Untracked 
|  29|0x0000000081d00000, 0x0000000081e00000, 0x0000000081e00000|100%| O|  |TAMS 0x0000000081e00000, 0x0000000081e00000| Untracked 
|  30|0x0000000081e00000, 0x0000000081f00000, 0x0000000081f00000|100%| O|  |TAMS 0x0000000081f00000, 0x0000000081f00000| Untracked 
|  31|0x0000000081f00000, 0x0000000082000000, 0x0000000082000000|100%| O|  |TAMS 0x0000000082000000, 0x0000000082000000| Untracked 
|  32|0x0000000082000000, 0x0000000082100000, 0x0000000082100000|100%| O|  |TAMS 0x0000000082100000, 0x0000000082100000| Untracked 
|  33|0x0000000082100000, 0x0000000082200000, 0x0000000082200000|100%| O|  |TAMS 0x0000000082200000, 0x0000000082200000| Untracked 
|  34|0x0000000082200000, 0x0000000082300000, 0x0000000082300000|100%| O|  |TAMS 0x0000000082300000, 0x0000000082300000| Untracked 
|  35|0x0000000082300000, 0x0000000082400000, 0x0000000082400000|100%| O|  |TAMS 0x0000000082400000, 0x0000000082400000| Untracked 
|  36|0x0000000082400000, 0x0000000082500000, 0x0000000082500000|100%| O|  |TAMS 0x0000000082500000, 0x0000000082500000| Untracked 
|  37|0x0000000082500000, 0x0000000082600000, 0x0000000082600000|100%| O|  |TAMS 0x0000000082600000, 0x0000000082600000| Untracked 
|  38|0x0000000082600000, 0x0000000082700000, 0x0000000082700000|100%| O|  |TAMS 0x0000000082700000, 0x0000000082700000| Untracked 
|  39|0x0000000082700000, 0x0000000082800000, 0x0000000082800000|100%| O|  |TAMS 0x0000000082800000, 0x0000000082800000| Untracked 
|  40|0x0000000082800000, 0x0000000082900000, 0x0000000082900000|100%| O|  |TAMS 0x0000000082900000, 0x0000000082900000| Untracked 
|  41|0x0000000082900000, 0x0000000082a00000, 0x0000000082a00000|100%| O|  |TAMS 0x0000000082a00000, 0x0000000082a00000| Untracked 
|  42|0x0000000082a00000, 0x0000000082b00000, 0x0000000082b00000|100%| O|  |TAMS 0x0000000082b00000, 0x0000000082b00000| Untracked 
|  43|0x0000000082b00000, 0x0000000082c00000, 0x0000000082c00000|100%| O|  |TAMS 0x0000000082c00000, 0x0000000082c00000| Untracked 
|  44|0x0000000082c00000, 0x0000000082d00000, 0x0000000082d00000|100%|HS|  |TAMS 0x0000000082c00000, 0x0000000082d00000| Complete 
|  45|0x0000000082d00000, 0x0000000082e00000, 0x0000000082e00000|100%| O|  |TAMS 0x0000000082e00000, 0x0000000082e00000| Untracked 
|  46|0x0000000082e00000, 0x0000000082f00000, 0x0000000082f00000|100%|HS|  |TAMS 0x0000000082f00000, 0x0000000082f00000| Complete 
|  47|0x0000000082f00000, 0x0000000083000000, 0x0000000083000000|100%|HC|  |TAMS 0x0000000083000000, 0x0000000083000000| Complete 
|  48|0x0000000083000000, 0x0000000083100000, 0x0000000083100000|100%|HS|  |TAMS 0x0000000083100000, 0x0000000083100000| Complete 
|  49|0x0000000083100000, 0x0000000083200000, 0x0000000083200000|100%|HC|  |TAMS 0x0000000083200000, 0x0000000083200000| Complete 
|  50|0x0000000083200000, 0x0000000083300000, 0x0000000083300000|100%|HS|  |TAMS 0x0000000083300000, 0x0000000083300000| Complete 
|  51|0x0000000083300000, 0x0000000083400000, 0x0000000083400000|100%|HC|  |TAMS 0x0000000083400000, 0x0000000083400000| Complete 
|  52|0x0000000083400000, 0x0000000083500000, 0x0000000083500000|100%|HC|  |TAMS 0x0000000083500000, 0x0000000083500000| Complete 
|  53|0x0000000083500000, 0x0000000083600000, 0x0000000083600000|100%|HC|  |TAMS 0x0000000083600000, 0x0000000083600000| Complete 
|  54|0x0000000083600000, 0x0000000083700000, 0x0000000083700000|100%|HS|  |TAMS 0x0000000083700000, 0x0000000083700000| Complete 
|  55|0x0000000083700000, 0x0000000083800000, 0x0000000083800000|100%|HC|  |TAMS 0x0000000083800000, 0x0000000083800000| Complete 
|  56|0x0000000083800000, 0x0000000083900000, 0x0000000083900000|100%|HC|  |TAMS 0x0000000083900000, 0x0000000083900000| Complete 
|  57|0x0000000083900000, 0x0000000083a00000, 0x0000000083a00000|100%|HC|  |TAMS 0x0000000083a00000, 0x0000000083a00000| Complete 
|  58|0x0000000083a00000, 0x0000000083b00000, 0x0000000083b00000|100%| O|  |TAMS 0x0000000083b00000, 0x0000000083b00000| Untracked 
|  59|0x0000000083b00000, 0x0000000083c00000, 0x0000000083c00000|100%| O|  |TAMS 0x0000000083c00000, 0x0000000083c00000| Untracked 
|  60|0x0000000083c00000, 0x0000000083d00000, 0x0000000083d00000|100%| O|  |TAMS 0x0000000083d00000, 0x0000000083d00000| Untracked 
|  61|0x0000000083d00000, 0x0000000083e00000, 0x0000000083e00000|100%| O|  |TAMS 0x0000000083e00000, 0x0000000083e00000| Untracked 
|  62|0x0000000083e00000, 0x0000000083f00000, 0x0000000083f00000|100%| O|  |TAMS 0x0000000083f00000, 0x0000000083f00000| Untracked 
|  63|0x0000000083f00000, 0x0000000084000000, 0x0000000084000000|100%| O|  |TAMS 0x0000000084000000, 0x0000000084000000| Untracked 
|  64|0x0000000084000000, 0x0000000084100000, 0x0000000084100000|100%| O|  |TAMS 0x0000000084100000, 0x0000000084100000| Untracked 
|  65|0x0000000084100000, 0x0000000084200000, 0x0000000084200000|100%| O|  |TAMS 0x0000000084200000, 0x0000000084200000| Untracked 
|  66|0x0000000084200000, 0x0000000084300000, 0x0000000084300000|100%|HS|  |TAMS 0x0000000084200000, 0x0000000084300000| Complete 
|  67|0x0000000084300000, 0x0000000084400000, 0x0000000084400000|100%| O|  |TAMS 0x0000000084400000, 0x0000000084400000| Untracked 
|  68|0x0000000084400000, 0x0000000084500000, 0x0000000084500000|100%| O|  |TAMS 0x0000000084500000, 0x0000000084500000| Untracked 
|  69|0x0000000084500000, 0x0000000084600000, 0x0000000084600000|100%| O|  |TAMS 0x0000000084600000, 0x0000000084600000| Untracked 
|  70|0x0000000084600000, 0x0000000084700000, 0x0000000084700000|100%| O|  |TAMS 0x0000000084700000, 0x0000000084700000| Untracked 
|  71|0x0000000084700000, 0x0000000084800000, 0x0000000084800000|100%| O|  |TAMS 0x0000000084800000, 0x0000000084800000| Untracked 
|  72|0x0000000084800000, 0x0000000084900000, 0x0000000084900000|100%| O|  |TAMS 0x0000000084900000, 0x0000000084900000| Untracked 
|  73|0x0000000084900000, 0x0000000084a00000, 0x0000000084a00000|100%| O|  |TAMS 0x0000000084a00000, 0x0000000084a00000| Untracked 
|  74|0x0000000084a00000, 0x0000000084b00000, 0x0000000084b00000|100%| O|  |TAMS 0x0000000084b00000, 0x0000000084b00000| Untracked 
|  75|0x0000000084b00000, 0x0000000084c00000, 0x0000000084c00000|100%| O|  |TAMS 0x0000000084c00000, 0x0000000084c00000| Untracked 
|  76|0x0000000084c00000, 0x0000000084d00000, 0x0000000084d00000|100%| O|  |TAMS 0x0000000084d00000, 0x0000000084d00000| Untracked 
|  77|0x0000000084d00000, 0x0000000084e00000, 0x0000000084e00000|100%| O|  |TAMS 0x0000000084e00000, 0x0000000084e00000| Untracked 
|  78|0x0000000084e00000, 0x0000000084f00000, 0x0000000084f00000|100%| O|  |TAMS 0x0000000084f00000, 0x0000000084f00000| Untracked 
|  79|0x0000000084f00000, 0x0000000085000000, 0x0000000085000000|100%|HS|  |TAMS 0x0000000085000000, 0x0000000085000000| Complete 
|  80|0x0000000085000000, 0x0000000085100000, 0x0000000085100000|100%|HS|  |TAMS 0x0000000085100000, 0x0000000085100000| Complete 
|  81|0x0000000085100000, 0x0000000085200000, 0x0000000085200000|100%|HS|  |TAMS 0x0000000085200000, 0x0000000085200000| Complete 
|  82|0x0000000085200000, 0x0000000085300000, 0x0000000085300000|100%|HS|  |TAMS 0x0000000085300000, 0x0000000085300000| Complete 
|  83|0x0000000085300000, 0x0000000085400000, 0x0000000085400000|100%| O|  |TAMS 0x0000000085400000, 0x0000000085400000| Untracked 
|  84|0x0000000085400000, 0x0000000085500000, 0x0000000085500000|100%|HS|  |TAMS 0x0000000085500000, 0x0000000085500000| Complete 
|  85|0x0000000085500000, 0x0000000085600000, 0x0000000085600000|100%|HS|  |TAMS 0x0000000085600000, 0x0000000085600000| Complete 
|  86|0x0000000085600000, 0x0000000085700000, 0x0000000085700000|100%|HS|  |TAMS 0x0000000085700000, 0x0000000085700000| Complete 
|  87|0x0000000085700000, 0x0000000085800000, 0x0000000085800000|100%|HC|  |TAMS 0x0000000085800000, 0x0000000085800000| Complete 
|  88|0x0000000085800000, 0x0000000085900000, 0x0000000085900000|100%| O|  |TAMS 0x0000000085900000, 0x0000000085900000| Untracked 
|  89|0x0000000085900000, 0x0000000085a00000, 0x0000000085a00000|100%|HS|  |TAMS 0x0000000085a00000, 0x0000000085a00000| Complete 
|  90|0x0000000085a00000, 0x0000000085b00000, 0x0000000085b00000|100%| O|  |TAMS 0x0000000085b00000, 0x0000000085b00000| Untracked 
|  91|0x0000000085b00000, 0x0000000085c00000, 0x0000000085c00000|100%| O|  |TAMS 0x0000000085c00000, 0x0000000085c00000| Untracked 
|  92|0x0000000085c00000, 0x0000000085d00000, 0x0000000085d00000|100%| O|  |TAMS 0x0000000085d00000, 0x0000000085d00000| Untracked 
|  93|0x0000000085d00000, 0x0000000085e00000, 0x0000000085e00000|100%| O|  |TAMS 0x0000000085e00000, 0x0000000085e00000| Untracked 
|  94|0x0000000085e00000, 0x0000000085f00000, 0x0000000085f00000|100%| O|  |TAMS 0x0000000085f00000, 0x0000000085f00000| Untracked 
|  95|0x0000000085f00000, 0x0000000086000000, 0x0000000086000000|100%| O|  |TAMS 0x0000000086000000, 0x0000000086000000| Untracked 
|  96|0x0000000086000000, 0x0000000086100000, 0x0000000086100000|100%| O|  |TAMS 0x0000000086100000, 0x0000000086100000| Untracked 
|  97|0x0000000086100000, 0x0000000086200000, 0x0000000086200000|100%| O|  |TAMS 0x0000000086200000, 0x0000000086200000| Untracked 
|  98|0x0000000086200000, 0x0000000086300000, 0x0000000086300000|100%| O|  |TAMS 0x0000000086300000, 0x0000000086300000| Untracked 
|  99|0x0000000086300000, 0x0000000086400000, 0x0000000086400000|100%|HS|  |TAMS 0x0000000086300000, 0x0000000086400000| Complete 
| 100|0x0000000086400000, 0x0000000086500000, 0x0000000086500000|100%|HS|  |TAMS 0x0000000086400000, 0x0000000086500000| Complete 
| 101|0x0000000086500000, 0x0000000086600000, 0x0000000086600000|100%| O|  |TAMS 0x0000000086600000, 0x0000000086600000| Untracked 
| 102|0x0000000086600000, 0x0000000086700000, 0x0000000086700000|100%| O|  |TAMS 0x0000000086700000, 0x0000000086700000| Untracked 
| 103|0x0000000086700000, 0x0000000086800000, 0x0000000086800000|100%| O|  |TAMS 0x0000000086800000, 0x0000000086800000| Untracked 
| 104|0x0000000086800000, 0x0000000086900000, 0x0000000086900000|100%| O|  |TAMS 0x0000000086900000, 0x0000000086900000| Untracked 
| 105|0x0000000086900000, 0x0000000086a00000, 0x0000000086a00000|100%| O|  |TAMS 0x0000000086a00000, 0x0000000086a00000| Untracked 
| 106|0x0000000086a00000, 0x0000000086b00000, 0x0000000086b00000|100%| O|  |TAMS 0x0000000086b00000, 0x0000000086b00000| Untracked 
| 107|0x0000000086b00000, 0x0000000086c00000, 0x0000000086c00000|100%| O|  |TAMS 0x0000000086c00000, 0x0000000086c00000| Untracked 
| 108|0x0000000086c00000, 0x0000000086d00000, 0x0000000086d00000|100%| O|  |TAMS 0x0000000086d00000, 0x0000000086d00000| Untracked 
| 109|0x0000000086d00000, 0x0000000086e00000, 0x0000000086e00000|100%| O|  |TAMS 0x0000000086e00000, 0x0000000086e00000| Untracked 
| 110|0x0000000086e00000, 0x0000000086f00000, 0x0000000086f00000|100%| O|  |TAMS 0x0000000086f00000, 0x0000000086f00000| Untracked 
| 111|0x0000000086f00000, 0x0000000087000000, 0x0000000087000000|100%| O|  |TAMS 0x0000000087000000, 0x0000000087000000| Untracked 
| 112|0x0000000087000000, 0x0000000087100000, 0x0000000087100000|100%| O|  |TAMS 0x0000000087100000, 0x0000000087100000| Untracked 
| 113|0x0000000087100000, 0x0000000087200000, 0x0000000087200000|100%| O|  |TAMS 0x0000000087200000, 0x0000000087200000| Untracked 
| 114|0x0000000087200000, 0x0000000087300000, 0x0000000087300000|100%| O|  |TAMS 0x0000000087300000, 0x0000000087300000| Untracked 
| 115|0x0000000087300000, 0x0000000087400000, 0x0000000087400000|100%| O|  |TAMS 0x0000000087400000, 0x0000000087400000| Untracked 
| 116|0x0000000087400000, 0x0000000087500000, 0x0000000087500000|100%| O|  |TAMS 0x0000000087500000, 0x0000000087500000| Untracked 
| 117|0x0000000087500000, 0x0000000087600000, 0x0000000087600000|100%| O|  |TAMS 0x0000000087600000, 0x0000000087600000| Untracked 
| 118|0x0000000087600000, 0x0000000087700000, 0x0000000087700000|100%| O|  |TAMS 0x0000000087700000, 0x0000000087700000| Untracked 
| 119|0x0000000087700000, 0x0000000087800000, 0x0000000087800000|100%| O|  |TAMS 0x0000000087800000, 0x0000000087800000| Untracked 
| 120|0x0000000087800000, 0x0000000087900000, 0x0000000087900000|100%| O|  |TAMS 0x0000000087900000, 0x0000000087900000| Untracked 
| 121|0x0000000087900000, 0x0000000087a00000, 0x0000000087a00000|100%| O|  |TAMS 0x0000000087a00000, 0x0000000087a00000| Untracked 
| 122|0x0000000087a00000, 0x0000000087b00000, 0x0000000087b00000|100%| O|  |TAMS 0x0000000087b00000, 0x0000000087b00000| Untracked 
| 123|0x0000000087b00000, 0x0000000087c00000, 0x0000000087c00000|100%| O|  |TAMS 0x0000000087c00000, 0x0000000087c00000| Untracked 
| 124|0x0000000087c00000, 0x0000000087d00000, 0x0000000087d00000|100%| O|  |TAMS 0x0000000087d00000, 0x0000000087d00000| Untracked 
| 125|0x0000000087d00000, 0x0000000087e00000, 0x0000000087e00000|100%| O|  |TAMS 0x0000000087e00000, 0x0000000087e00000| Untracked 
| 126|0x0000000087e00000, 0x0000000087f00000, 0x0000000087f00000|100%| O|  |TAMS 0x0000000087f00000, 0x0000000087f00000| Untracked 
| 127|0x0000000087f00000, 0x0000000088000000, 0x0000000088000000|100%| O|  |TAMS 0x0000000088000000, 0x0000000088000000| Untracked 
| 128|0x0000000088000000, 0x0000000088100000, 0x0000000088100000|100%| O|  |TAMS 0x0000000088100000, 0x0000000088100000| Untracked 
| 129|0x0000000088100000, 0x0000000088200000, 0x0000000088200000|100%| O|  |TAMS 0x0000000088200000, 0x0000000088200000| Untracked 
| 130|0x0000000088200000, 0x0000000088300000, 0x0000000088300000|100%| O|  |TAMS 0x0000000088300000, 0x0000000088300000| Untracked 
| 131|0x0000000088300000, 0x0000000088400000, 0x0000000088400000|100%| O|  |TAMS 0x0000000088400000, 0x0000000088400000| Untracked 
| 132|0x0000000088400000, 0x0000000088500000, 0x0000000088500000|100%| O|  |TAMS 0x0000000088500000, 0x0000000088500000| Untracked 
| 133|0x0000000088500000, 0x0000000088600000, 0x0000000088600000|100%| O|  |TAMS 0x0000000088600000, 0x0000000088600000| Untracked 
| 134|0x0000000088600000, 0x0000000088700000, 0x0000000088700000|100%| O|  |TAMS 0x0000000088700000, 0x0000000088700000| Untracked 
| 135|0x0000000088700000, 0x0000000088800000, 0x0000000088800000|100%| O|  |TAMS 0x0000000088800000, 0x0000000088800000| Untracked 
| 136|0x0000000088800000, 0x0000000088900000, 0x0000000088900000|100%|HS|  |TAMS 0x0000000088900000, 0x0000000088900000| Complete 
| 137|0x0000000088900000, 0x0000000088a00000, 0x0000000088a00000|100%|HC|  |TAMS 0x0000000088a00000, 0x0000000088a00000| Complete 
| 138|0x0000000088a00000, 0x0000000088b00000, 0x0000000088b00000|100%|HS|  |TAMS 0x0000000088b00000, 0x0000000088b00000| Complete 
| 139|0x0000000088b00000, 0x0000000088c00000, 0x0000000088c00000|100%|HS|  |TAMS 0x0000000088c00000, 0x0000000088c00000| Complete 
| 140|0x0000000088c00000, 0x0000000088d00000, 0x0000000088d00000|100%|HC|  |TAMS 0x0000000088d00000, 0x0000000088d00000| Complete 
| 141|0x0000000088d00000, 0x0000000088e00000, 0x0000000088e00000|100%|HC|  |TAMS 0x0000000088e00000, 0x0000000088e00000| Complete 
| 142|0x0000000088e00000, 0x0000000088f00000, 0x0000000088f00000|100%|HC|  |TAMS 0x0000000088f00000, 0x0000000088f00000| Complete 
| 143|0x0000000088f00000, 0x0000000089000000, 0x0000000089000000|100%|HS|  |TAMS 0x0000000089000000, 0x0000000089000000| Complete 
| 144|0x0000000089000000, 0x0000000089100000, 0x0000000089100000|100%|HS|  |TAMS 0x0000000089100000, 0x0000000089100000| Complete 
| 145|0x0000000089100000, 0x0000000089200000, 0x0000000089200000|100%|HC|  |TAMS 0x0000000089200000, 0x0000000089200000| Complete 
| 146|0x0000000089200000, 0x0000000089300000, 0x0000000089300000|100%| O|  |TAMS 0x0000000089300000, 0x0000000089300000| Untracked 
| 147|0x0000000089300000, 0x0000000089400000, 0x0000000089400000|100%| O|  |TAMS 0x0000000089400000, 0x0000000089400000| Untracked 
| 148|0x0000000089400000, 0x0000000089500000, 0x0000000089500000|100%| O|  |TAMS 0x0000000089500000, 0x0000000089500000| Untracked 
| 149|0x0000000089500000, 0x0000000089600000, 0x0000000089600000|100%| O|  |TAMS 0x0000000089600000, 0x0000000089600000| Untracked 
| 150|0x0000000089600000, 0x0000000089700000, 0x0000000089700000|100%| O|  |TAMS 0x0000000089700000, 0x0000000089700000| Untracked 
| 151|0x0000000089700000, 0x0000000089800000, 0x0000000089800000|100%| O|  |TAMS 0x0000000089800000, 0x0000000089800000| Untracked 
| 152|0x0000000089800000, 0x0000000089900000, 0x0000000089900000|100%| O|  |TAMS 0x0000000089900000, 0x0000000089900000| Untracked 
| 153|0x0000000089900000, 0x0000000089a00000, 0x0000000089a00000|100%| O|  |TAMS 0x0000000089a00000, 0x0000000089a00000| Untracked 
| 154|0x0000000089a00000, 0x0000000089b00000, 0x0000000089b00000|100%| O|  |TAMS 0x0000000089a52400, 0x0000000089b00000| Untracked 
| 155|0x0000000089b00000, 0x0000000089c00000, 0x0000000089c00000|100%| O|  |TAMS 0x0000000089b00000, 0x0000000089c00000| Untracked 
| 156|0x0000000089c00000, 0x0000000089d00000, 0x0000000089d00000|100%| O|  |TAMS 0x0000000089c00000, 0x0000000089d00000| Untracked 
| 157|0x0000000089d00000, 0x0000000089e00000, 0x0000000089e00000|100%| O|  |TAMS 0x0000000089d00000, 0x0000000089e00000| Untracked 
| 158|0x0000000089e00000, 0x0000000089f00000, 0x0000000089f00000|100%| O|  |TAMS 0x0000000089e00000, 0x0000000089f00000| Untracked 
| 159|0x0000000089f00000, 0x000000008a000000, 0x000000008a000000|100%| O|  |TAMS 0x0000000089f00000, 0x000000008a000000| Untracked 
| 160|0x000000008a000000, 0x000000008a100000, 0x000000008a100000|100%| O|  |TAMS 0x000000008a000000, 0x000000008a100000| Untracked 
| 161|0x000000008a100000, 0x000000008a200000, 0x000000008a200000|100%| O|  |TAMS 0x000000008a100000, 0x000000008a200000| Untracked 
| 162|0x000000008a200000, 0x000000008a300000, 0x000000008a300000|100%| O|  |TAMS 0x000000008a200000, 0x000000008a300000| Untracked 
| 163|0x000000008a300000, 0x000000008a400000, 0x000000008a400000|100%| O|  |TAMS 0x000000008a300000, 0x000000008a400000| Untracked 
| 164|0x000000008a400000, 0x000000008a500000, 0x000000008a500000|100%| O|  |TAMS 0x000000008a400000, 0x000000008a500000| Untracked 
| 165|0x000000008a500000, 0x000000008a600000, 0x000000008a600000|100%| O|  |TAMS 0x000000008a500000, 0x000000008a600000| Untracked 
| 166|0x000000008a600000, 0x000000008a700000, 0x000000008a700000|100%| O|  |TAMS 0x000000008a600000, 0x000000008a700000| Untracked 
| 167|0x000000008a700000, 0x000000008a800000, 0x000000008a800000|100%| O|  |TAMS 0x000000008a700000, 0x000000008a800000| Untracked 
| 168|0x000000008a800000, 0x000000008a900000, 0x000000008a900000|100%| O|  |TAMS 0x000000008a800000, 0x000000008a900000| Untracked 
| 169|0x000000008a900000, 0x000000008aa00000, 0x000000008aa00000|100%| O|  |TAMS 0x000000008a900000, 0x000000008aa00000| Untracked 
| 170|0x000000008aa00000, 0x000000008ab00000, 0x000000008ab00000|100%| O|  |TAMS 0x000000008aa00000, 0x000000008ab00000| Untracked 
| 171|0x000000008ab00000, 0x000000008ac00000, 0x000000008ac00000|100%|HS|  |TAMS 0x000000008ab00000, 0x000000008ac00000| Complete 
| 172|0x000000008ac00000, 0x000000008ad00000, 0x000000008ad00000|100%|HS|  |TAMS 0x000000008ac00000, 0x000000008ad00000| Complete 
| 173|0x000000008ad00000, 0x000000008ae00000, 0x000000008ae00000|100%|HS|  |TAMS 0x000000008ad00000, 0x000000008ae00000| Complete 
| 174|0x000000008ae00000, 0x000000008af00000, 0x000000008af00000|100%| O|  |TAMS 0x000000008ae00000, 0x000000008af00000| Untracked 
| 175|0x000000008af00000, 0x000000008b000000, 0x000000008b000000|100%| O|  |TAMS 0x000000008af00000, 0x000000008b000000| Untracked 
| 176|0x000000008b000000, 0x000000008b100000, 0x000000008b100000|100%| O|  |TAMS 0x000000008b000000, 0x000000008b100000| Untracked 
| 177|0x000000008b100000, 0x000000008b200000, 0x000000008b200000|100%| O|  |TAMS 0x000000008b100000, 0x000000008b200000| Untracked 
| 178|0x000000008b200000, 0x000000008b300000, 0x000000008b300000|100%| O|  |TAMS 0x000000008b200000, 0x000000008b300000| Untracked 
| 179|0x000000008b300000, 0x000000008b400000, 0x000000008b400000|100%| O|  |TAMS 0x000000008b300000, 0x000000008b400000| Untracked 
| 180|0x000000008b400000, 0x000000008b500000, 0x000000008b500000|100%| O|  |TAMS 0x000000008b400000, 0x000000008b500000| Untracked 
| 181|0x000000008b500000, 0x000000008b600000, 0x000000008b600000|100%| O|  |TAMS 0x000000008b500000, 0x000000008b600000| Untracked 
| 182|0x000000008b600000, 0x000000008b700000, 0x000000008b700000|100%| O|  |TAMS 0x000000008b600000, 0x000000008b700000| Untracked 
| 183|0x000000008b700000, 0x000000008b800000, 0x000000008b800000|100%| O|  |TAMS 0x000000008b700000, 0x000000008b800000| Untracked 
| 184|0x000000008b800000, 0x000000008b900000, 0x000000008b900000|100%| O|  |TAMS 0x000000008b800000, 0x000000008b900000| Untracked 
| 185|0x000000008b900000, 0x000000008ba00000, 0x000000008ba00000|100%| O|  |TAMS 0x000000008b900000, 0x000000008ba00000| Untracked 
| 186|0x000000008ba00000, 0x000000008bb00000, 0x000000008bb00000|100%| O|  |TAMS 0x000000008ba00000, 0x000000008bb00000| Untracked 
| 187|0x000000008bb00000, 0x000000008bc00000, 0x000000008bc00000|100%| O|  |TAMS 0x000000008bb00000, 0x000000008bc00000| Untracked 
| 188|0x000000008bc00000, 0x000000008bd00000, 0x000000008bd00000|100%| O|  |TAMS 0x000000008bc00000, 0x000000008bd00000| Untracked 
| 189|0x000000008bd00000, 0x000000008be00000, 0x000000008be00000|100%| O|  |TAMS 0x000000008bd00000, 0x000000008be00000| Untracked 
| 190|0x000000008be00000, 0x000000008bf00000, 0x000000008bf00000|100%| O|  |TAMS 0x000000008be00000, 0x000000008bf00000| Untracked 
| 191|0x000000008bf00000, 0x000000008c000000, 0x000000008c000000|100%| O|  |TAMS 0x000000008bf00000, 0x000000008c000000| Untracked 
| 192|0x000000008c000000, 0x000000008c100000, 0x000000008c100000|100%| O|  |TAMS 0x000000008c000000, 0x000000008c100000| Untracked 
| 193|0x000000008c100000, 0x000000008c200000, 0x000000008c200000|100%| O|  |TAMS 0x000000008c100000, 0x000000008c200000| Untracked 
| 194|0x000000008c200000, 0x000000008c300000, 0x000000008c300000|100%| O|  |TAMS 0x000000008c200000, 0x000000008c300000| Untracked 
| 195|0x000000008c300000, 0x000000008c400000, 0x000000008c400000|100%| O|  |TAMS 0x000000008c300000, 0x000000008c400000| Untracked 
| 196|0x000000008c400000, 0x000000008c500000, 0x000000008c500000|100%| O|  |TAMS 0x000000008c400000, 0x000000008c500000| Untracked 
| 197|0x000000008c500000, 0x000000008c600000, 0x000000008c600000|100%| O|  |TAMS 0x000000008c500000, 0x000000008c600000| Untracked 
| 198|0x000000008c600000, 0x000000008c700000, 0x000000008c700000|100%| O|  |TAMS 0x000000008c600000, 0x000000008c700000| Untracked 
| 199|0x000000008c700000, 0x000000008c800000, 0x000000008c800000|100%| O|  |TAMS 0x000000008c700000, 0x000000008c800000| Untracked 
| 200|0x000000008c800000, 0x000000008c900000, 0x000000008c900000|100%| O|  |TAMS 0x000000008c800000, 0x000000008c900000| Untracked 
| 201|0x000000008c900000, 0x000000008ca00000, 0x000000008ca00000|100%| O|  |TAMS 0x000000008c900000, 0x000000008ca00000| Untracked 
| 202|0x000000008ca00000, 0x000000008cb00000, 0x000000008cb00000|100%| O|  |TAMS 0x000000008ca00000, 0x000000008cb00000| Untracked 
| 203|0x000000008cb00000, 0x000000008cc00000, 0x000000008cc00000|100%| O|  |TAMS 0x000000008cb00000, 0x000000008cc00000| Untracked 
| 204|0x000000008cc00000, 0x000000008cd00000, 0x000000008cd00000|100%| O|  |TAMS 0x000000008cc00000, 0x000000008cd00000| Untracked 
| 205|0x000000008cd00000, 0x000000008ce00000, 0x000000008ce00000|100%| O|  |TAMS 0x000000008cd00000, 0x000000008ce00000| Untracked 
| 206|0x000000008ce00000, 0x000000008cf00000, 0x000000008cf00000|100%| O|  |TAMS 0x000000008ce00000, 0x000000008cf00000| Untracked 
| 207|0x000000008cf00000, 0x000000008d000000, 0x000000008d000000|100%| O|  |TAMS 0x000000008cf00000, 0x000000008d000000| Untracked 
| 208|0x000000008d000000, 0x000000008d100000, 0x000000008d100000|100%| O|  |TAMS 0x000000008d000000, 0x000000008d100000| Untracked 
| 209|0x000000008d100000, 0x000000008d200000, 0x000000008d200000|100%| O|  |TAMS 0x000000008d100000, 0x000000008d200000| Untracked 
| 210|0x000000008d200000, 0x000000008d300000, 0x000000008d300000|100%| O|  |TAMS 0x000000008d200000, 0x000000008d300000| Untracked 
| 211|0x000000008d300000, 0x000000008d400000, 0x000000008d400000|100%| O|  |TAMS 0x000000008d300000, 0x000000008d400000| Untracked 
| 212|0x000000008d400000, 0x000000008d500000, 0x000000008d500000|100%| O|  |TAMS 0x000000008d400000, 0x000000008d500000| Untracked 
| 213|0x000000008d500000, 0x000000008d600000, 0x000000008d600000|100%| O|  |TAMS 0x000000008d500000, 0x000000008d600000| Untracked 
| 214|0x000000008d600000, 0x000000008d700000, 0x000000008d700000|100%| O|  |TAMS 0x000000008d600000, 0x000000008d700000| Untracked 
| 215|0x000000008d700000, 0x000000008d800000, 0x000000008d800000|100%| O|  |TAMS 0x000000008d700000, 0x000000008d800000| Untracked 
| 216|0x000000008d800000, 0x000000008d900000, 0x000000008d900000|100%| O|  |TAMS 0x000000008d800000, 0x000000008d900000| Untracked 
| 217|0x000000008d900000, 0x000000008da00000, 0x000000008da00000|100%| O|  |TAMS 0x000000008d900000, 0x000000008da00000| Untracked 
| 218|0x000000008da00000, 0x000000008db00000, 0x000000008db00000|100%| O|  |TAMS 0x000000008da00000, 0x000000008db00000| Untracked 
| 219|0x000000008db00000, 0x000000008dc00000, 0x000000008dc00000|100%| O|  |TAMS 0x000000008db00000, 0x000000008dc00000| Untracked 
| 220|0x000000008dc00000, 0x000000008dd00000, 0x000000008dd00000|100%| O|  |TAMS 0x000000008dc00000, 0x000000008dd00000| Untracked 
| 221|0x000000008dd00000, 0x000000008de00000, 0x000000008de00000|100%| O|  |TAMS 0x000000008dd00000, 0x000000008de00000| Untracked 
| 222|0x000000008de00000, 0x000000008df00000, 0x000000008df00000|100%| O|  |TAMS 0x000000008de00000, 0x000000008df00000| Untracked 
| 223|0x000000008df00000, 0x000000008e000000, 0x000000008e000000|100%| O|  |TAMS 0x000000008df00000, 0x000000008e000000| Untracked 
| 224|0x000000008e000000, 0x000000008e100000, 0x000000008e100000|100%| O|  |TAMS 0x000000008e000000, 0x000000008e100000| Untracked 
| 225|0x000000008e100000, 0x000000008e200000, 0x000000008e200000|100%| O|  |TAMS 0x000000008e100000, 0x000000008e200000| Untracked 
| 226|0x000000008e200000, 0x000000008e300000, 0x000000008e300000|100%| O|  |TAMS 0x000000008e200000, 0x000000008e300000| Untracked 
| 227|0x000000008e300000, 0x000000008e400000, 0x000000008e400000|100%| O|  |TAMS 0x000000008e300000, 0x000000008e400000| Untracked 
| 228|0x000000008e400000, 0x000000008e500000, 0x000000008e500000|100%|HS|  |TAMS 0x000000008e400000, 0x000000008e500000| Complete 
| 229|0x000000008e500000, 0x000000008e600000, 0x000000008e600000|100%| O|  |TAMS 0x000000008e500000, 0x000000008e600000| Untracked 
| 230|0x000000008e600000, 0x000000008e700000, 0x000000008e700000|100%| O|  |TAMS 0x000000008e600000, 0x000000008e700000| Untracked 
| 231|0x000000008e700000, 0x000000008e800000, 0x000000008e800000|100%| O|  |TAMS 0x000000008e700000, 0x000000008e800000| Untracked 
| 232|0x000000008e800000, 0x000000008e900000, 0x000000008e900000|100%| O|  |TAMS 0x000000008e800000, 0x000000008e900000| Untracked 
| 233|0x000000008e900000, 0x000000008ea00000, 0x000000008ea00000|100%| O|  |TAMS 0x000000008e900000, 0x000000008ea00000| Untracked 
| 234|0x000000008ea00000, 0x000000008eb00000, 0x000000008eb00000|100%| O|  |TAMS 0x000000008ea00000, 0x000000008eb00000| Untracked 
| 235|0x000000008eb00000, 0x000000008ec00000, 0x000000008ec00000|100%| O|  |TAMS 0x000000008eb00000, 0x000000008ec00000| Untracked 
| 236|0x000000008ec00000, 0x000000008ed00000, 0x000000008ed00000|100%| O|  |TAMS 0x000000008ec00000, 0x000000008ed00000| Untracked 
| 237|0x000000008ed00000, 0x000000008ee00000, 0x000000008ee00000|100%| O|  |TAMS 0x000000008ed00000, 0x000000008ee00000| Untracked 
| 238|0x000000008ee00000, 0x000000008ef00000, 0x000000008ef00000|100%| O|  |TAMS 0x000000008ee00000, 0x000000008ef00000| Untracked 
| 239|0x000000008ef00000, 0x000000008f000000, 0x000000008f000000|100%| O|  |TAMS 0x000000008ef00000, 0x000000008f000000| Untracked 
| 240|0x000000008f000000, 0x000000008f100000, 0x000000008f100000|100%| O|  |TAMS 0x000000008f000000, 0x000000008f100000| Untracked 
| 241|0x000000008f100000, 0x000000008f200000, 0x000000008f200000|100%| O|  |TAMS 0x000000008f100000, 0x000000008f200000| Untracked 
| 242|0x000000008f200000, 0x000000008f300000, 0x000000008f300000|100%| O|  |TAMS 0x000000008f200000, 0x000000008f300000| Untracked 
| 243|0x000000008f300000, 0x000000008f400000, 0x000000008f400000|100%| O|  |TAMS 0x000000008f300000, 0x000000008f400000| Untracked 
| 244|0x000000008f400000, 0x000000008f500000, 0x000000008f500000|100%| O|  |TAMS 0x000000008f400000, 0x000000008f500000| Untracked 
| 245|0x000000008f500000, 0x000000008f600000, 0x000000008f600000|100%| O|  |TAMS 0x000000008f500000, 0x000000008f600000| Untracked 
| 246|0x000000008f600000, 0x000000008f700000, 0x000000008f700000|100%| O|  |TAMS 0x000000008f600000, 0x000000008f700000| Untracked 
| 247|0x000000008f700000, 0x000000008f800000, 0x000000008f800000|100%| O|  |TAMS 0x000000008f700000, 0x000000008f800000| Untracked 
| 248|0x000000008f800000, 0x000000008f900000, 0x000000008f900000|100%| O|  |TAMS 0x000000008f800000, 0x000000008f900000| Untracked 
| 249|0x000000008f900000, 0x000000008fa00000, 0x000000008fa00000|100%| O|  |TAMS 0x000000008f900000, 0x000000008fa00000| Untracked 
| 250|0x000000008fa00000, 0x000000008fb00000, 0x000000008fb00000|100%| O|  |TAMS 0x000000008fa00000, 0x000000008fb00000| Untracked 
| 251|0x000000008fb00000, 0x000000008fc00000, 0x000000008fc00000|100%| O|  |TAMS 0x000000008fb00000, 0x000000008fc00000| Untracked 
| 252|0x000000008fc00000, 0x000000008fd00000, 0x000000008fd00000|100%| O|  |TAMS 0x000000008fc00000, 0x000000008fd00000| Untracked 
| 253|0x000000008fd00000, 0x000000008fe00000, 0x000000008fe00000|100%| O|  |TAMS 0x000000008fd00000, 0x000000008fe00000| Untracked 
| 254|0x000000008fe00000, 0x000000008ff00000, 0x000000008ff00000|100%| O|  |TAMS 0x000000008fe00000, 0x000000008ff00000| Untracked 
| 255|0x000000008ff00000, 0x0000000090000000, 0x0000000090000000|100%| O|  |TAMS 0x000000008ff00000, 0x0000000090000000| Untracked 
| 256|0x0000000090000000, 0x0000000090100000, 0x0000000090100000|100%| O|  |TAMS 0x0000000090000000, 0x0000000090100000| Untracked 
| 257|0x0000000090100000, 0x0000000090200000, 0x0000000090200000|100%| O|  |TAMS 0x0000000090100000, 0x0000000090200000| Untracked 
| 258|0x0000000090200000, 0x0000000090300000, 0x0000000090300000|100%| O|  |TAMS 0x0000000090200000, 0x0000000090300000| Untracked 
| 259|0x0000000090300000, 0x0000000090400000, 0x0000000090400000|100%| O|  |TAMS 0x0000000090300000, 0x0000000090400000| Untracked 
| 260|0x0000000090400000, 0x0000000090500000, 0x0000000090500000|100%| O|  |TAMS 0x0000000090400000, 0x0000000090500000| Untracked 
| 261|0x0000000090500000, 0x0000000090600000, 0x0000000090600000|100%| O|  |TAMS 0x0000000090500000, 0x0000000090600000| Untracked 
| 262|0x0000000090600000, 0x0000000090700000, 0x0000000090700000|100%| O|  |TAMS 0x0000000090600000, 0x0000000090700000| Untracked 
| 263|0x0000000090700000, 0x0000000090800000, 0x0000000090800000|100%| O|  |TAMS 0x0000000090700000, 0x0000000090800000| Untracked 
| 264|0x0000000090800000, 0x0000000090900000, 0x0000000090900000|100%| O|  |TAMS 0x0000000090800000, 0x0000000090900000| Untracked 
| 265|0x0000000090900000, 0x0000000090a00000, 0x0000000090a00000|100%| O|  |TAMS 0x0000000090900000, 0x0000000090a00000| Untracked 
| 266|0x0000000090a00000, 0x0000000090b00000, 0x0000000090b00000|100%| O|  |TAMS 0x0000000090a00000, 0x0000000090b00000| Untracked 
| 267|0x0000000090b00000, 0x0000000090c00000, 0x0000000090c00000|100%| O|  |TAMS 0x0000000090b00000, 0x0000000090c00000| Untracked 
| 268|0x0000000090c00000, 0x0000000090d00000, 0x0000000090d00000|100%| O|  |TAMS 0x0000000090c00000, 0x0000000090d00000| Untracked 
| 269|0x0000000090d00000, 0x0000000090e00000, 0x0000000090e00000|100%| O|  |TAMS 0x0000000090d00000, 0x0000000090e00000| Untracked 
| 270|0x0000000090e00000, 0x0000000090f00000, 0x0000000090f00000|100%| O|  |TAMS 0x0000000090e00000, 0x0000000090f00000| Untracked 
| 271|0x0000000090f00000, 0x0000000091000000, 0x0000000091000000|100%| O|  |TAMS 0x0000000090f00000, 0x0000000091000000| Untracked 
| 272|0x0000000091000000, 0x0000000091100000, 0x0000000091100000|100%| O|  |TAMS 0x0000000091000000, 0x0000000091100000| Untracked 
| 273|0x0000000091100000, 0x0000000091200000, 0x0000000091200000|100%| O|  |TAMS 0x0000000091100000, 0x0000000091200000| Untracked 
| 274|0x0000000091200000, 0x0000000091300000, 0x0000000091300000|100%| O|  |TAMS 0x0000000091200000, 0x0000000091300000| Untracked 
| 275|0x0000000091300000, 0x0000000091400000, 0x0000000091400000|100%| O|  |TAMS 0x0000000091300000, 0x0000000091400000| Untracked 
| 276|0x0000000091400000, 0x0000000091500000, 0x0000000091500000|100%| O|  |TAMS 0x0000000091400000, 0x0000000091500000| Untracked 
| 277|0x0000000091500000, 0x0000000091600000, 0x0000000091600000|100%| O|  |TAMS 0x0000000091500000, 0x0000000091600000| Untracked 
| 278|0x0000000091600000, 0x0000000091700000, 0x0000000091700000|100%| O|  |TAMS 0x0000000091600000, 0x0000000091700000| Untracked 
| 279|0x0000000091700000, 0x0000000091800000, 0x0000000091800000|100%| O|  |TAMS 0x0000000091700000, 0x0000000091800000| Untracked 
| 280|0x0000000091800000, 0x0000000091900000, 0x0000000091900000|100%| O|  |TAMS 0x0000000091800000, 0x0000000091900000| Untracked 
| 281|0x0000000091900000, 0x0000000091a00000, 0x0000000091a00000|100%| O|  |TAMS 0x0000000091900000, 0x0000000091a00000| Untracked 
| 282|0x0000000091a00000, 0x0000000091b00000, 0x0000000091b00000|100%| O|  |TAMS 0x0000000091a00000, 0x0000000091b00000| Untracked 
| 283|0x0000000091b00000, 0x0000000091c00000, 0x0000000091c00000|100%| O|  |TAMS 0x0000000091b00000, 0x0000000091c00000| Untracked 
| 284|0x0000000091c00000, 0x0000000091d00000, 0x0000000091d00000|100%| O|  |TAMS 0x0000000091c00000, 0x0000000091d00000| Untracked 
| 285|0x0000000091d00000, 0x0000000091e00000, 0x0000000091e00000|100%| O|  |TAMS 0x0000000091d00000, 0x0000000091e00000| Untracked 
| 286|0x0000000091e00000, 0x0000000091f00000, 0x0000000091f00000|100%| O|  |TAMS 0x0000000091e00000, 0x0000000091f00000| Untracked 
| 287|0x0000000091f00000, 0x0000000092000000, 0x0000000092000000|100%| O|  |TAMS 0x0000000091f00000, 0x0000000092000000| Untracked 
| 288|0x0000000092000000, 0x0000000092100000, 0x0000000092100000|100%| O|  |TAMS 0x0000000092000000, 0x0000000092100000| Untracked 
| 289|0x0000000092100000, 0x0000000092200000, 0x0000000092200000|100%| O|  |TAMS 0x0000000092100000, 0x0000000092200000| Untracked 
| 290|0x0000000092200000, 0x0000000092300000, 0x0000000092300000|100%| O|  |TAMS 0x0000000092200000, 0x0000000092300000| Untracked 
| 291|0x0000000092300000, 0x0000000092400000, 0x0000000092400000|100%| O|  |TAMS 0x0000000092300000, 0x0000000092400000| Untracked 
| 292|0x0000000092400000, 0x0000000092500000, 0x0000000092500000|100%| O|  |TAMS 0x0000000092400000, 0x0000000092500000| Untracked 
| 293|0x0000000092500000, 0x0000000092600000, 0x0000000092600000|100%| O|  |TAMS 0x0000000092500000, 0x0000000092600000| Untracked 
| 294|0x0000000092600000, 0x0000000092700000, 0x0000000092700000|100%| O|  |TAMS 0x0000000092600000, 0x0000000092700000| Untracked 
| 295|0x0000000092700000, 0x0000000092800000, 0x0000000092800000|100%| O|  |TAMS 0x0000000092700000, 0x0000000092800000| Untracked 
| 296|0x0000000092800000, 0x0000000092900000, 0x0000000092900000|100%| O|  |TAMS 0x0000000092800000, 0x0000000092900000| Untracked 
| 297|0x0000000092900000, 0x0000000092a00000, 0x0000000092a00000|100%| O|  |TAMS 0x0000000092900000, 0x0000000092a00000| Untracked 
| 298|0x0000000092a00000, 0x0000000092b00000, 0x0000000092b00000|100%| O|  |TAMS 0x0000000092a00000, 0x0000000092a00000| Untracked 
| 299|0x0000000092b00000, 0x0000000092c00000, 0x0000000092c00000|100%| O|  |TAMS 0x0000000092b00000, 0x0000000092b00000| Untracked 
| 300|0x0000000092c00000, 0x0000000092d00000, 0x0000000092d00000|100%| O|  |TAMS 0x0000000092c00000, 0x0000000092c00000| Untracked 
| 301|0x0000000092d00000, 0x0000000092e00000, 0x0000000092e00000|100%| O|  |TAMS 0x0000000092d00000, 0x0000000092d00000| Untracked 
| 302|0x0000000092e00000, 0x0000000092f00000, 0x0000000092f00000|100%| O|  |TAMS 0x0000000092e00000, 0x0000000092e00000| Untracked 
| 303|0x0000000092f00000, 0x0000000093000000, 0x0000000093000000|100%| O|  |TAMS 0x0000000092f00000, 0x0000000092f00000| Untracked 
| 304|0x0000000093000000, 0x0000000093100000, 0x0000000093100000|100%| O|  |TAMS 0x0000000093000000, 0x0000000093100000| Untracked 
| 305|0x0000000093100000, 0x0000000093200000, 0x0000000093200000|100%| O|  |TAMS 0x0000000093100000, 0x0000000093200000| Untracked 
| 306|0x0000000093200000, 0x0000000093300000, 0x0000000093300000|100%| O|  |TAMS 0x0000000093200000, 0x0000000093300000| Untracked 
| 307|0x0000000093300000, 0x0000000093400000, 0x0000000093400000|100%| O|  |TAMS 0x0000000093300000, 0x0000000093400000| Untracked 
| 308|0x0000000093400000, 0x0000000093500000, 0x0000000093500000|100%| O|  |TAMS 0x0000000093400000, 0x0000000093500000| Untracked 
| 309|0x0000000093500000, 0x0000000093600000, 0x0000000093600000|100%| O|  |TAMS 0x0000000093500000, 0x0000000093600000| Untracked 
| 310|0x0000000093600000, 0x0000000093700000, 0x0000000093700000|100%| O|  |TAMS 0x0000000093600000, 0x0000000093700000| Untracked 
| 311|0x0000000093700000, 0x0000000093800000, 0x0000000093800000|100%| O|  |TAMS 0x0000000093700000, 0x0000000093800000| Untracked 
| 312|0x0000000093800000, 0x0000000093900000, 0x0000000093900000|100%| O|  |TAMS 0x0000000093800000, 0x0000000093900000| Untracked 
| 313|0x0000000093900000, 0x0000000093a00000, 0x0000000093a00000|100%| O|  |TAMS 0x0000000093900000, 0x0000000093a00000| Untracked 
| 314|0x0000000093a00000, 0x0000000093b00000, 0x0000000093b00000|100%| O|  |TAMS 0x0000000093a00000, 0x0000000093b00000| Untracked 
| 315|0x0000000093b00000, 0x0000000093c00000, 0x0000000093c00000|100%| O|  |TAMS 0x0000000093b00000, 0x0000000093c00000| Untracked 
| 316|0x0000000093c00000, 0x0000000093d00000, 0x0000000093d00000|100%| O|  |TAMS 0x0000000093c00000, 0x0000000093d00000| Untracked 
| 317|0x0000000093d00000, 0x0000000093e00000, 0x0000000093e00000|100%| O|  |TAMS 0x0000000093d00000, 0x0000000093e00000| Untracked 
| 318|0x0000000093e00000, 0x0000000093f00000, 0x0000000093f00000|100%| O|  |TAMS 0x0000000093e00000, 0x0000000093f00000| Untracked 
| 319|0x0000000093f00000, 0x0000000094000000, 0x0000000094000000|100%| O|  |TAMS 0x0000000093f00000, 0x0000000094000000| Untracked 
| 320|0x0000000094000000, 0x0000000094100000, 0x0000000094100000|100%| O|  |TAMS 0x0000000094000000, 0x0000000094100000| Untracked 
| 321|0x0000000094100000, 0x0000000094200000, 0x0000000094200000|100%|HS|  |TAMS 0x0000000094100000, 0x0000000094200000| Complete 
| 322|0x0000000094200000, 0x0000000094300000, 0x0000000094300000|100%|HC|  |TAMS 0x0000000094200000, 0x0000000094300000| Complete 
| 323|0x0000000094300000, 0x0000000094400000, 0x0000000094400000|100%|HS|  |TAMS 0x0000000094300000, 0x0000000094400000| Complete 
| 324|0x0000000094400000, 0x0000000094500000, 0x0000000094500000|100%|HC|  |TAMS 0x0000000094400000, 0x0000000094500000| Complete 
| 325|0x0000000094500000, 0x0000000094600000, 0x0000000094600000|100%| O|  |TAMS 0x0000000094500000, 0x0000000094500000| Untracked 
| 326|0x0000000094600000, 0x0000000094700000, 0x0000000094700000|100%|HS|  |TAMS 0x0000000094600000, 0x0000000094700000| Complete 
| 327|0x0000000094700000, 0x0000000094800000, 0x0000000094800000|100%|HS|  |TAMS 0x0000000094700000, 0x0000000094800000| Complete 
| 328|0x0000000094800000, 0x0000000094900000, 0x0000000094900000|100%|HC|  |TAMS 0x0000000094800000, 0x0000000094900000| Complete 
| 329|0x0000000094900000, 0x0000000094a00000, 0x0000000094a00000|100%|HS|  |TAMS 0x0000000094900000, 0x0000000094a00000| Complete 
| 330|0x0000000094a00000, 0x0000000094b00000, 0x0000000094b00000|100%|HS|  |TAMS 0x0000000094a00000, 0x0000000094b00000| Complete 
| 331|0x0000000094b00000, 0x0000000094c00000, 0x0000000094c00000|100%|HS|  |TAMS 0x0000000094b00000, 0x0000000094c00000| Complete 
| 332|0x0000000094c00000, 0x0000000094d00000, 0x0000000094d00000|100%|HC|  |TAMS 0x0000000094c00000, 0x0000000094d00000| Complete 
| 333|0x0000000094d00000, 0x0000000094e00000, 0x0000000094e00000|100%|HC|  |TAMS 0x0000000094d00000, 0x0000000094e00000| Complete 
| 334|0x0000000094e00000, 0x0000000094f00000, 0x0000000094f00000|100%|HC|  |TAMS 0x0000000094e00000, 0x0000000094f00000| Complete 
| 335|0x0000000094f00000, 0x0000000095000000, 0x0000000095000000|100%|HC|  |TAMS 0x0000000094f00000, 0x0000000095000000| Complete 
| 336|0x0000000095000000, 0x0000000095100000, 0x0000000095100000|100%|HC|  |TAMS 0x0000000095000000, 0x0000000095100000| Complete 
| 337|0x0000000095100000, 0x0000000095200000, 0x0000000095200000|100%|HC|  |TAMS 0x0000000095100000, 0x0000000095200000| Complete 
| 338|0x0000000095200000, 0x0000000095300000, 0x0000000095300000|100%|HC|  |TAMS 0x0000000095200000, 0x0000000095300000| Complete 
| 339|0x0000000095300000, 0x0000000095400000, 0x0000000095400000|100%|HC|  |TAMS 0x0000000095300000, 0x0000000095400000| Complete 
| 340|0x0000000095400000, 0x0000000095500000, 0x0000000095500000|100%|HC|  |TAMS 0x0000000095400000, 0x0000000095500000| Complete 
| 341|0x0000000095500000, 0x0000000095600000, 0x0000000095600000|100%|HC|  |TAMS 0x0000000095500000, 0x0000000095600000| Complete 
| 342|0x0000000095600000, 0x0000000095700000, 0x0000000095700000|100%|HC|  |TAMS 0x0000000095600000, 0x0000000095700000| Complete 
| 343|0x0000000095700000, 0x0000000095800000, 0x0000000095800000|100%|HC|  |TAMS 0x0000000095700000, 0x0000000095800000| Complete 
| 344|0x0000000095800000, 0x0000000095900000, 0x0000000095900000|100%|HC|  |TAMS 0x0000000095800000, 0x0000000095900000| Complete 
| 345|0x0000000095900000, 0x0000000095a00000, 0x0000000095a00000|100%|HC|  |TAMS 0x0000000095900000, 0x0000000095a00000| Complete 
| 346|0x0000000095a00000, 0x0000000095b00000, 0x0000000095b00000|100%|HC|  |TAMS 0x0000000095a00000, 0x0000000095b00000| Complete 
| 347|0x0000000095b00000, 0x0000000095c00000, 0x0000000095c00000|100%|HC|  |TAMS 0x0000000095b00000, 0x0000000095c00000| Complete 
| 348|0x0000000095c00000, 0x0000000095d00000, 0x0000000095d00000|100%|HC|  |TAMS 0x0000000095c00000, 0x0000000095d00000| Complete 
| 349|0x0000000095d00000, 0x0000000095e00000, 0x0000000095e00000|100%|HC|  |TAMS 0x0000000095d00000, 0x0000000095e00000| Complete 
| 350|0x0000000095e00000, 0x0000000095f00000, 0x0000000095f00000|100%|HC|  |TAMS 0x0000000095e00000, 0x0000000095f00000| Complete 
| 351|0x0000000095f00000, 0x0000000096000000, 0x0000000096000000|100%|HS|  |TAMS 0x0000000095f00000, 0x0000000096000000| Complete 
| 352|0x0000000096000000, 0x0000000096100000, 0x0000000096100000|100%|HC|  |TAMS 0x0000000096000000, 0x0000000096100000| Complete 
| 353|0x0000000096100000, 0x0000000096200000, 0x0000000096200000|100%|HC|  |TAMS 0x0000000096100000, 0x0000000096200000| Complete 
| 354|0x0000000096200000, 0x0000000096300000, 0x0000000096300000|100%|HC|  |TAMS 0x0000000096200000, 0x0000000096300000| Complete 
| 355|0x0000000096300000, 0x0000000096400000, 0x0000000096400000|100%|HC|  |TAMS 0x0000000096300000, 0x0000000096400000| Complete 
| 356|0x0000000096400000, 0x0000000096500000, 0x0000000096500000|100%|HC|  |TAMS 0x0000000096400000, 0x0000000096500000| Complete 
| 357|0x0000000096500000, 0x0000000096600000, 0x0000000096600000|100%|HC|  |TAMS 0x0000000096500000, 0x0000000096600000| Complete 
| 358|0x0000000096600000, 0x0000000096700000, 0x0000000096700000|100%|HC|  |TAMS 0x0000000096600000, 0x0000000096700000| Complete 
| 359|0x0000000096700000, 0x0000000096800000, 0x0000000096800000|100%|HC|  |TAMS 0x0000000096700000, 0x0000000096800000| Complete 
| 360|0x0000000096800000, 0x0000000096900000, 0x0000000096900000|100%|HC|  |TAMS 0x0000000096800000, 0x0000000096900000| Complete 
| 361|0x0000000096900000, 0x0000000096a00000, 0x0000000096a00000|100%|HC|  |TAMS 0x0000000096900000, 0x0000000096a00000| Complete 
| 362|0x0000000096a00000, 0x0000000096b00000, 0x0000000096b00000|100%|HC|  |TAMS 0x0000000096a00000, 0x0000000096b00000| Complete 
| 363|0x0000000096b00000, 0x0000000096c00000, 0x0000000096c00000|100%|HC|  |TAMS 0x0000000096b00000, 0x0000000096c00000| Complete 
| 364|0x0000000096c00000, 0x0000000096d00000, 0x0000000096d00000|100%|HS|  |TAMS 0x0000000096c00000, 0x0000000096d00000| Complete 
| 365|0x0000000096d00000, 0x0000000096e00000, 0x0000000096e00000|100%|HC|  |TAMS 0x0000000096d00000, 0x0000000096e00000| Complete 
| 366|0x0000000096e00000, 0x0000000096f00000, 0x0000000096f00000|100%|HS|  |TAMS 0x0000000096e00000, 0x0000000096f00000| Complete 
| 367|0x0000000096f00000, 0x0000000097000000, 0x0000000097000000|100%| O|  |TAMS 0x0000000096f00000, 0x0000000096f00000| Untracked 
| 368|0x0000000097000000, 0x0000000097100000, 0x0000000097100000|100%| O|  |TAMS 0x0000000097000000, 0x0000000097000000| Untracked 
| 369|0x0000000097100000, 0x0000000097200000, 0x0000000097200000|100%|HS|  |TAMS 0x0000000097100000, 0x0000000097200000| Complete 
| 370|0x0000000097200000, 0x0000000097300000, 0x0000000097300000|100%|HS|  |TAMS 0x0000000097200000, 0x0000000097300000| Complete 
| 371|0x0000000097300000, 0x0000000097400000, 0x0000000097400000|100%|HS|  |TAMS 0x0000000097300000, 0x0000000097400000| Complete 
| 372|0x0000000097400000, 0x0000000097500000, 0x0000000097500000|100%|HC|  |TAMS 0x0000000097400000, 0x0000000097500000| Complete 
| 373|0x0000000097500000, 0x0000000097600000, 0x0000000097600000|100%|HC|  |TAMS 0x0000000097500000, 0x0000000097600000| Complete 
| 374|0x0000000097600000, 0x0000000097700000, 0x0000000097700000|100%|HC|  |TAMS 0x0000000097600000, 0x0000000097700000| Complete 
| 375|0x0000000097700000, 0x0000000097800000, 0x0000000097800000|100%|HC|  |TAMS 0x0000000097700000, 0x0000000097800000| Complete 
| 376|0x0000000097800000, 0x0000000097900000, 0x0000000097900000|100%|HC|  |TAMS 0x0000000097800000, 0x0000000097900000| Complete 
| 377|0x0000000097900000, 0x0000000097a00000, 0x0000000097a00000|100%|HC|  |TAMS 0x0000000097900000, 0x0000000097a00000| Complete 
| 378|0x0000000097a00000, 0x0000000097b00000, 0x0000000097b00000|100%|HC|  |TAMS 0x0000000097a00000, 0x0000000097b00000| Complete 
| 379|0x0000000097b00000, 0x0000000097c00000, 0x0000000097c00000|100%|HC|  |TAMS 0x0000000097b00000, 0x0000000097c00000| Complete 
| 380|0x0000000097c00000, 0x0000000097d00000, 0x0000000097d00000|100%|HC|  |TAMS 0x0000000097c00000, 0x0000000097d00000| Complete 
| 381|0x0000000097d00000, 0x0000000097e00000, 0x0000000097e00000|100%|HC|  |TAMS 0x0000000097d00000, 0x0000000097e00000| Complete 
| 382|0x0000000097e00000, 0x0000000097f00000, 0x0000000097f00000|100%|HC|  |TAMS 0x0000000097e00000, 0x0000000097f00000| Complete 
| 383|0x0000000097f00000, 0x0000000098000000, 0x0000000098000000|100%|HC|  |TAMS 0x0000000097f00000, 0x0000000098000000| Complete 
| 384|0x0000000098000000, 0x0000000098100000, 0x0000000098100000|100%|HC|  |TAMS 0x0000000098000000, 0x0000000098100000| Complete 
| 385|0x0000000098100000, 0x0000000098200000, 0x0000000098200000|100%|HC|  |TAMS 0x0000000098100000, 0x0000000098200000| Complete 
| 386|0x0000000098200000, 0x0000000098300000, 0x0000000098300000|100%|HC|  |TAMS 0x0000000098200000, 0x0000000098300000| Complete 
| 387|0x0000000098300000, 0x0000000098400000, 0x0000000098400000|100%|HC|  |TAMS 0x0000000098300000, 0x0000000098400000| Complete 
| 388|0x0000000098400000, 0x0000000098500000, 0x0000000098500000|100%|HC|  |TAMS 0x0000000098400000, 0x0000000098500000| Complete 
| 389|0x0000000098500000, 0x0000000098600000, 0x0000000098600000|100%|HC|  |TAMS 0x0000000098500000, 0x0000000098600000| Complete 
| 390|0x0000000098600000, 0x0000000098700000, 0x0000000098700000|100%|HC|  |TAMS 0x0000000098600000, 0x0000000098700000| Complete 
| 391|0x0000000098700000, 0x0000000098800000, 0x0000000098800000|100%|HS|  |TAMS 0x0000000098700000, 0x0000000098800000| Complete 
| 392|0x0000000098800000, 0x0000000098900000, 0x0000000098900000|100%|HC|  |TAMS 0x0000000098800000, 0x0000000098900000| Complete 
| 393|0x0000000098900000, 0x0000000098a00000, 0x0000000098a00000|100%|HC|  |TAMS 0x0000000098900000, 0x0000000098a00000| Complete 
| 394|0x0000000098a00000, 0x0000000098b00000, 0x0000000098b00000|100%|HS|  |TAMS 0x0000000098a00000, 0x0000000098b00000| Complete 
| 395|0x0000000098b00000, 0x0000000098c00000, 0x0000000098c00000|100%| O|  |TAMS 0x0000000098b00000, 0x0000000098b00000| Untracked 
| 396|0x0000000098c00000, 0x0000000098d00000, 0x0000000098d00000|100%| O|  |TAMS 0x0000000098c00000, 0x0000000098c00000| Untracked 
| 397|0x0000000098d00000, 0x0000000098e00000, 0x0000000098e00000|100%| O|  |TAMS 0x0000000098d00000, 0x0000000098d00000| Untracked 
| 398|0x0000000098e00000, 0x0000000098f00000, 0x0000000098f00000|100%| O|  |TAMS 0x0000000098e00000, 0x0000000098e00000| Untracked 
| 399|0x0000000098f00000, 0x0000000099000000, 0x0000000099000000|100%| O|  |TAMS 0x0000000098f00000, 0x0000000098f00000| Untracked 
| 400|0x0000000099000000, 0x0000000099100000, 0x0000000099100000|100%|HS|  |TAMS 0x0000000099000000, 0x0000000099100000| Complete 
| 401|0x0000000099100000, 0x0000000099200000, 0x0000000099200000|100%|HC|  |TAMS 0x0000000099100000, 0x0000000099200000| Complete 
| 402|0x0000000099200000, 0x0000000099300000, 0x0000000099300000|100%|HC|  |TAMS 0x0000000099200000, 0x0000000099300000| Complete 
| 403|0x0000000099300000, 0x0000000099400000, 0x0000000099400000|100%|HC|  |TAMS 0x0000000099300000, 0x0000000099400000| Complete 
| 404|0x0000000099400000, 0x0000000099500000, 0x0000000099500000|100%|HC|  |TAMS 0x0000000099400000, 0x0000000099500000| Complete 
| 405|0x0000000099500000, 0x0000000099600000, 0x0000000099600000|100%|HC|  |TAMS 0x0000000099500000, 0x0000000099600000| Complete 
| 406|0x0000000099600000, 0x0000000099700000, 0x0000000099700000|100%|HC|  |TAMS 0x0000000099600000, 0x0000000099700000| Complete 
| 407|0x0000000099700000, 0x0000000099800000, 0x0000000099800000|100%| O|  |TAMS 0x0000000099700000, 0x0000000099700000| Untracked 
| 408|0x0000000099800000, 0x0000000099900000, 0x0000000099900000|100%| O|  |TAMS 0x0000000099800000, 0x0000000099900000| Untracked 
| 409|0x0000000099900000, 0x0000000099a00000, 0x0000000099a00000|100%| O|  |TAMS 0x0000000099900000, 0x0000000099a00000| Untracked 
| 410|0x0000000099a00000, 0x0000000099b00000, 0x0000000099b00000|100%| O|  |TAMS 0x0000000099a00000, 0x0000000099b00000| Untracked 
| 411|0x0000000099b00000, 0x0000000099c00000, 0x0000000099c00000|100%| O|  |TAMS 0x0000000099b00000, 0x0000000099c00000| Untracked 
| 412|0x0000000099c00000, 0x0000000099d00000, 0x0000000099d00000|100%| O|  |TAMS 0x0000000099c00000, 0x0000000099d00000| Untracked 
| 413|0x0000000099d00000, 0x0000000099e00000, 0x0000000099e00000|100%| O|  |TAMS 0x0000000099d00000, 0x0000000099e00000| Untracked 
| 414|0x0000000099e00000, 0x0000000099f00000, 0x0000000099f00000|100%| O|  |TAMS 0x0000000099e00000, 0x0000000099f00000| Untracked 
| 415|0x0000000099f00000, 0x000000009a000000, 0x000000009a000000|100%|HS|  |TAMS 0x0000000099f00000, 0x000000009a000000| Complete 
| 416|0x000000009a000000, 0x000000009a100000, 0x000000009a100000|100%|HC|  |TAMS 0x000000009a000000, 0x000000009a100000| Complete 
| 417|0x000000009a100000, 0x000000009a200000, 0x000000009a200000|100%|HC|  |TAMS 0x000000009a100000, 0x000000009a200000| Complete 
| 418|0x000000009a200000, 0x000000009a300000, 0x000000009a300000|100%|HC|  |TAMS 0x000000009a200000, 0x000000009a300000| Complete 
| 419|0x000000009a300000, 0x000000009a400000, 0x000000009a400000|100%|HC|  |TAMS 0x000000009a300000, 0x000000009a400000| Complete 
| 420|0x000000009a400000, 0x000000009a500000, 0x000000009a500000|100%|HC|  |TAMS 0x000000009a400000, 0x000000009a500000| Complete 
| 421|0x000000009a500000, 0x000000009a600000, 0x000000009a600000|100%|HC|  |TAMS 0x000000009a500000, 0x000000009a600000| Complete 
| 422|0x000000009a600000, 0x000000009a700000, 0x000000009a700000|100%| O|  |TAMS 0x000000009a600000, 0x000000009a600000| Untracked 
| 423|0x000000009a700000, 0x000000009a800000, 0x000000009a800000|100%|HS|  |TAMS 0x000000009a700000, 0x000000009a800000| Complete 
| 424|0x000000009a800000, 0x000000009a900000, 0x000000009a900000|100%|HS|  |TAMS 0x000000009a800000, 0x000000009a900000| Complete 
| 425|0x000000009a900000, 0x000000009aa00000, 0x000000009aa00000|100%|HC|  |TAMS 0x000000009a900000, 0x000000009aa00000| Complete 
| 426|0x000000009aa00000, 0x000000009ab00000, 0x000000009ab00000|100%|HC|  |TAMS 0x000000009aa00000, 0x000000009ab00000| Complete 
| 427|0x000000009ab00000, 0x000000009ac00000, 0x000000009ac00000|100%|HC|  |TAMS 0x000000009ab00000, 0x000000009ac00000| Complete 
| 428|0x000000009ac00000, 0x000000009ad00000, 0x000000009ad00000|100%|HC|  |TAMS 0x000000009ac00000, 0x000000009ad00000| Complete 
| 429|0x000000009ad00000, 0x000000009ae00000, 0x000000009ae00000|100%|HC|  |TAMS 0x000000009ad00000, 0x000000009ae00000| Complete 
| 430|0x000000009ae00000, 0x000000009af00000, 0x000000009af00000|100%|HC|  |TAMS 0x000000009ae00000, 0x000000009af00000| Complete 
| 431|0x000000009af00000, 0x000000009b000000, 0x000000009b000000|100%|HC|  |TAMS 0x000000009af00000, 0x000000009b000000| Complete 
| 432|0x000000009b000000, 0x000000009b100000, 0x000000009b100000|100%|HC|  |TAMS 0x000000009b000000, 0x000000009b100000| Complete 
| 433|0x000000009b100000, 0x000000009b200000, 0x000000009b200000|100%|HC|  |TAMS 0x000000009b100000, 0x000000009b200000| Complete 
| 434|0x000000009b200000, 0x000000009b300000, 0x000000009b300000|100%|HC|  |TAMS 0x000000009b200000, 0x000000009b300000| Complete 
| 435|0x000000009b300000, 0x000000009b400000, 0x000000009b400000|100%|HC|  |TAMS 0x000000009b300000, 0x000000009b400000| Complete 
| 436|0x000000009b400000, 0x000000009b500000, 0x000000009b500000|100%|HC|  |TAMS 0x000000009b400000, 0x000000009b500000| Complete 
| 437|0x000000009b500000, 0x000000009b600000, 0x000000009b600000|100%|HC|  |TAMS 0x000000009b500000, 0x000000009b600000| Complete 
| 438|0x000000009b600000, 0x000000009b700000, 0x000000009b700000|100%|HC|  |TAMS 0x000000009b600000, 0x000000009b700000| Complete 
| 439|0x000000009b700000, 0x000000009b800000, 0x000000009b800000|100%|HC|  |TAMS 0x000000009b700000, 0x000000009b800000| Complete 
| 440|0x000000009b800000, 0x000000009b900000, 0x000000009b900000|100%|HC|  |TAMS 0x000000009b800000, 0x000000009b900000| Complete 
| 441|0x000000009b900000, 0x000000009ba00000, 0x000000009ba00000|100%|HC|  |TAMS 0x000000009b900000, 0x000000009ba00000| Complete 
| 442|0x000000009ba00000, 0x000000009bb00000, 0x000000009bb00000|100%|HC|  |TAMS 0x000000009ba00000, 0x000000009bb00000| Complete 
| 443|0x000000009bb00000, 0x000000009bc00000, 0x000000009bc00000|100%|HC|  |TAMS 0x000000009bb00000, 0x000000009bc00000| Complete 
| 444|0x000000009bc00000, 0x000000009bd00000, 0x000000009bd00000|100%| O|  |TAMS 0x000000009bc00000, 0x000000009bc00000| Untracked 
| 445|0x000000009bd00000, 0x000000009be00000, 0x000000009be00000|100%| O|  |TAMS 0x000000009bd00000, 0x000000009bd00000| Untracked 
| 446|0x000000009be00000, 0x000000009bf00000, 0x000000009bf00000|100%| O|  |TAMS 0x000000009be00000, 0x000000009be00000| Untracked 
| 447|0x000000009bf00000, 0x000000009c000000, 0x000000009c000000|100%| O|  |TAMS 0x000000009bf00000, 0x000000009bf00000| Untracked 
| 448|0x000000009c000000, 0x000000009c100000, 0x000000009c100000|100%| O|  |TAMS 0x000000009c000000, 0x000000009c000000| Untracked 
| 449|0x000000009c100000, 0x000000009c200000, 0x000000009c200000|100%| O|  |TAMS 0x000000009c100000, 0x000000009c100000| Untracked 
| 450|0x000000009c200000, 0x000000009c300000, 0x000000009c300000|100%| O|  |TAMS 0x000000009c200000, 0x000000009c200000| Untracked 
| 451|0x000000009c300000, 0x000000009c400000, 0x000000009c400000|100%| O|  |TAMS 0x000000009c300000, 0x000000009c300000| Untracked 
| 452|0x000000009c400000, 0x000000009c500000, 0x000000009c500000|100%| O|  |TAMS 0x000000009c400000, 0x000000009c400000| Untracked 
| 453|0x000000009c500000, 0x000000009c600000, 0x000000009c600000|100%|HS|  |TAMS 0x000000009c500000, 0x000000009c600000| Complete 
| 454|0x000000009c600000, 0x000000009c700000, 0x000000009c700000|100%|HC|  |TAMS 0x000000009c600000, 0x000000009c700000| Complete 
| 455|0x000000009c700000, 0x000000009c800000, 0x000000009c800000|100%|HC|  |TAMS 0x000000009c700000, 0x000000009c800000| Complete 
| 456|0x000000009c800000, 0x000000009c900000, 0x000000009c900000|100%|HC|  |TAMS 0x000000009c800000, 0x000000009c900000| Complete 
| 457|0x000000009c900000, 0x000000009ca00000, 0x000000009ca00000|100%|HC|  |TAMS 0x000000009c900000, 0x000000009ca00000| Complete 
| 458|0x000000009ca00000, 0x000000009cb00000, 0x000000009cb00000|100%|HC|  |TAMS 0x000000009ca00000, 0x000000009cb00000| Complete 
| 459|0x000000009cb00000, 0x000000009cc00000, 0x000000009cc00000|100%|HC|  |TAMS 0x000000009cb00000, 0x000000009cc00000| Complete 
| 460|0x000000009cc00000, 0x000000009cd00000, 0x000000009cd00000|100%|HS|  |TAMS 0x000000009cc00000, 0x000000009cd00000| Complete 
| 461|0x000000009cd00000, 0x000000009ce00000, 0x000000009ce00000|100%|HC|  |TAMS 0x000000009cd00000, 0x000000009ce00000| Complete 
| 462|0x000000009ce00000, 0x000000009cf00000, 0x000000009cf00000|100%|HC|  |TAMS 0x000000009ce00000, 0x000000009cf00000| Complete 
| 463|0x000000009cf00000, 0x000000009d000000, 0x000000009d000000|100%|HC|  |TAMS 0x000000009cf00000, 0x000000009d000000| Complete 
| 464|0x000000009d000000, 0x000000009d100000, 0x000000009d100000|100%|HC|  |TAMS 0x000000009d000000, 0x000000009d100000| Complete 
| 465|0x000000009d100000, 0x000000009d200000, 0x000000009d200000|100%| O|  |TAMS 0x000000009d100000, 0x000000009d100000| Untracked 
| 466|0x000000009d200000, 0x000000009d300000, 0x000000009d300000|100%| O|  |TAMS 0x000000009d200000, 0x000000009d200000| Untracked 
| 467|0x000000009d300000, 0x000000009d400000, 0x000000009d400000|100%| O|  |TAMS 0x000000009d300000, 0x000000009d300000| Untracked 
| 468|0x000000009d400000, 0x000000009d500000, 0x000000009d500000|100%| O|  |TAMS 0x000000009d400000, 0x000000009d400000| Untracked 
| 469|0x000000009d500000, 0x000000009d600000, 0x000000009d600000|100%|HS|  |TAMS 0x000000009d500000, 0x000000009d600000| Complete 
| 470|0x000000009d600000, 0x000000009d700000, 0x000000009d700000|100%|HC|  |TAMS 0x000000009d600000, 0x000000009d700000| Complete 
| 471|0x000000009d700000, 0x000000009d800000, 0x000000009d800000|100%|HC|  |TAMS 0x000000009d700000, 0x000000009d800000| Complete 
| 472|0x000000009d800000, 0x000000009d900000, 0x000000009d900000|100%|HC|  |TAMS 0x000000009d800000, 0x000000009d900000| Complete 
| 473|0x000000009d900000, 0x000000009da00000, 0x000000009da00000|100%|HC|  |TAMS 0x000000009d900000, 0x000000009da00000| Complete 
| 474|0x000000009da00000, 0x000000009db00000, 0x000000009db00000|100%|HS|  |TAMS 0x000000009da00000, 0x000000009db00000| Complete 
| 475|0x000000009db00000, 0x000000009dc00000, 0x000000009dc00000|100%|HC|  |TAMS 0x000000009db00000, 0x000000009dc00000| Complete 
| 476|0x000000009dc00000, 0x000000009dd00000, 0x000000009dd00000|100%|HC|  |TAMS 0x000000009dc00000, 0x000000009dd00000| Complete 
| 477|0x000000009dd00000, 0x000000009de00000, 0x000000009de00000|100%|HC|  |TAMS 0x000000009dd00000, 0x000000009de00000| Complete 
| 478|0x000000009de00000, 0x000000009df00000, 0x000000009df00000|100%|HC|  |TAMS 0x000000009de00000, 0x000000009df00000| Complete 
| 479|0x000000009df00000, 0x000000009e000000, 0x000000009e000000|100%|HC|  |TAMS 0x000000009df00000, 0x000000009e000000| Complete 
| 480|0x000000009e000000, 0x000000009e100000, 0x000000009e100000|100%|HC|  |TAMS 0x000000009e000000, 0x000000009e100000| Complete 
| 481|0x000000009e100000, 0x000000009e200000, 0x000000009e200000|100%| O|  |TAMS 0x000000009e100000, 0x000000009e100000| Untracked 
| 482|0x000000009e200000, 0x000000009e300000, 0x000000009e300000|100%| O|  |TAMS 0x000000009e200000, 0x000000009e200000| Untracked 
| 483|0x000000009e300000, 0x000000009e400000, 0x000000009e400000|100%| O|  |TAMS 0x000000009e300000, 0x000000009e300000| Untracked 
| 484|0x000000009e400000, 0x000000009e500000, 0x000000009e500000|100%| O|  |TAMS 0x000000009e400000, 0x000000009e400000| Untracked 
| 485|0x000000009e500000, 0x000000009e600000, 0x000000009e600000|100%| O|  |TAMS 0x000000009e500000, 0x000000009e500000| Untracked 
| 486|0x000000009e600000, 0x000000009e700000, 0x000000009e700000|100%|HS|  |TAMS 0x000000009e600000, 0x000000009e700000| Complete 
| 487|0x000000009e700000, 0x000000009e800000, 0x000000009e800000|100%|HC|  |TAMS 0x000000009e700000, 0x000000009e800000| Complete 
| 488|0x000000009e800000, 0x000000009e900000, 0x000000009e900000|100%|HC|  |TAMS 0x000000009e800000, 0x000000009e900000| Complete 
| 489|0x000000009e900000, 0x000000009ea00000, 0x000000009ea00000|100%|HC|  |TAMS 0x000000009e900000, 0x000000009ea00000| Complete 
| 490|0x000000009ea00000, 0x000000009eb00000, 0x000000009eb00000|100%| O|  |TAMS 0x000000009ea00000, 0x000000009ea00000| Untracked 
| 491|0x000000009eb00000, 0x000000009ec00000, 0x000000009ec00000|100%|HS|  |TAMS 0x000000009eb00000, 0x000000009ec00000| Complete 
| 492|0x000000009ec00000, 0x000000009ed00000, 0x000000009ed00000|100%|HC|  |TAMS 0x000000009ec00000, 0x000000009ed00000| Complete 
| 493|0x000000009ed00000, 0x000000009ee00000, 0x000000009ee00000|100%|HC|  |TAMS 0x000000009ed00000, 0x000000009ee00000| Complete 
| 494|0x000000009ee00000, 0x000000009ef00000, 0x000000009ef00000|100%| O|  |TAMS 0x000000009ee00000, 0x000000009ee00000| Untracked 
| 495|0x000000009ef00000, 0x000000009f000000, 0x000000009f000000|100%| O|  |TAMS 0x000000009ef00000, 0x000000009ef00000| Untracked 
| 496|0x000000009f000000, 0x000000009f100000, 0x000000009f100000|100%| O|  |TAMS 0x000000009f000000, 0x000000009f000000| Untracked 
| 497|0x000000009f100000, 0x000000009f200000, 0x000000009f200000|100%| O|  |TAMS 0x000000009f100000, 0x000000009f100000| Untracked 
| 498|0x000000009f200000, 0x000000009f300000, 0x000000009f300000|100%| O|  |TAMS 0x000000009f200000, 0x000000009f200000| Untracked 
| 499|0x000000009f300000, 0x000000009f400000, 0x000000009f400000|100%| O|  |TAMS 0x000000009f300000, 0x000000009f300000| Untracked 
| 500|0x000000009f400000, 0x000000009f48f800, 0x000000009f500000| 56%| O|  |TAMS 0x000000009f400000, 0x000000009f400000| Untracked 
| 501|0x000000009f500000, 0x000000009f500000, 0x000000009f600000|  0%| F|  |TAMS 0x000000009f500000, 0x000000009f500000| Untracked 
| 502|0x000000009f600000, 0x000000009f600000, 0x000000009f700000|  0%| F|  |TAMS 0x000000009f600000, 0x000000009f600000| Untracked 
| 503|0x000000009f700000, 0x000000009f700000, 0x000000009f800000|  0%| F|  |TAMS 0x000000009f700000, 0x000000009f700000| Untracked 
| 504|0x000000009f800000, 0x000000009f900000, 0x000000009f900000|100%|HS|  |TAMS 0x000000009f800000, 0x000000009f900000| Complete 
| 505|0x000000009f900000, 0x000000009fa00000, 0x000000009fa00000|100%|HC|  |TAMS 0x000000009f900000, 0x000000009fa00000| Complete 
| 506|0x000000009fa00000, 0x000000009fb00000, 0x000000009fb00000|100%|HC|  |TAMS 0x000000009fa00000, 0x000000009fb00000| Complete 
| 507|0x000000009fb00000, 0x000000009fb00000, 0x000000009fc00000|  0%| F|  |TAMS 0x000000009fb00000, 0x000000009fb00000| Untracked 
| 508|0x000000009fc00000, 0x000000009fc00000, 0x000000009fd00000|  0%| F|  |TAMS 0x000000009fc00000, 0x000000009fc00000| Untracked 
| 509|0x000000009fd00000, 0x000000009fd00000, 0x000000009fe00000|  0%| F|  |TAMS 0x000000009fd00000, 0x000000009fd00000| Untracked 
| 510|0x000000009fe00000, 0x000000009fe00000, 0x000000009ff00000|  0%| F|  |TAMS 0x000000009fe00000, 0x000000009fe00000| Untracked 
| 511|0x000000009ff00000, 0x000000009ff00000, 0x00000000a0000000|  0%| F|  |TAMS 0x000000009ff00000, 0x000000009ff00000| Untracked 
| 512|0x00000000a0000000, 0x00000000a0000000, 0x00000000a0100000|  0%| F|  |TAMS 0x00000000a0000000, 0x00000000a0000000| Untracked 
| 513|0x00000000a0100000, 0x00000000a0100000, 0x00000000a0200000|  0%| F|  |TAMS 0x00000000a0100000, 0x00000000a0100000| Untracked 
| 514|0x00000000a0200000, 0x00000000a0200000, 0x00000000a0300000|  0%| F|  |TAMS 0x00000000a0200000, 0x00000000a0200000| Untracked 
| 515|0x00000000a0300000, 0x00000000a0400000, 0x00000000a0400000|100%|HS|  |TAMS 0x00000000a0300000, 0x00000000a0300000| Complete 
| 516|0x00000000a0400000, 0x00000000a0500000, 0x00000000a0500000|100%|HC|  |TAMS 0x00000000a0400000, 0x00000000a0400000| Complete 
| 517|0x00000000a0500000, 0x00000000a0500000, 0x00000000a0600000|  0%| F|  |TAMS 0x00000000a0500000, 0x00000000a0500000| Untracked 
| 518|0x00000000a0600000, 0x00000000a0700000, 0x00000000a0700000|100%|HS|  |TAMS 0x00000000a0600000, 0x00000000a0700000| Complete 
| 519|0x00000000a0700000, 0x00000000a0800000, 0x00000000a0800000|100%|HC|  |TAMS 0x00000000a0700000, 0x00000000a0800000| Complete 
| 520|0x00000000a0800000, 0x00000000a0900000, 0x00000000a0900000|100%|HC|  |TAMS 0x00000000a0800000, 0x00000000a0900000| Complete 
| 521|0x00000000a0900000, 0x00000000a0900000, 0x00000000a0a00000|  0%| F|  |TAMS 0x00000000a0900000, 0x00000000a0900000| Untracked 
| 522|0x00000000a0a00000, 0x00000000a0a00000, 0x00000000a0b00000|  0%| F|  |TAMS 0x00000000a0a00000, 0x00000000a0a00000| Untracked 
| 523|0x00000000a0b00000, 0x00000000a0b00000, 0x00000000a0c00000|  0%| F|  |TAMS 0x00000000a0b00000, 0x00000000a0b00000| Untracked 
| 524|0x00000000a0c00000, 0x00000000a0c00000, 0x00000000a0d00000|  0%| F|  |TAMS 0x00000000a0c00000, 0x00000000a0c00000| Untracked 
| 525|0x00000000a0d00000, 0x00000000a0d00000, 0x00000000a0e00000|  0%| F|  |TAMS 0x00000000a0d00000, 0x00000000a0d00000| Untracked 
| 526|0x00000000a0e00000, 0x00000000a0f00000, 0x00000000a0f00000|100%|HS|  |TAMS 0x00000000a0e00000, 0x00000000a0e00000| Complete 
| 527|0x00000000a0f00000, 0x00000000a1000000, 0x00000000a1000000|100%|HC|  |TAMS 0x00000000a0f00000, 0x00000000a0f00000| Complete 
| 528|0x00000000a1000000, 0x00000000a1100000, 0x00000000a1100000|100%|HS|  |TAMS 0x00000000a1000000, 0x00000000a1100000| Complete 
| 529|0x00000000a1100000, 0x00000000a1200000, 0x00000000a1200000|100%|HC|  |TAMS 0x00000000a1100000, 0x00000000a1200000| Complete 
| 530|0x00000000a1200000, 0x00000000a1300000, 0x00000000a1300000|100%|HC|  |TAMS 0x00000000a1200000, 0x00000000a1300000| Complete 
| 531|0x00000000a1300000, 0x00000000a1400000, 0x00000000a1400000|100%|HC|  |TAMS 0x00000000a1300000, 0x00000000a1400000| Complete 
| 532|0x00000000a1400000, 0x00000000a1500000, 0x00000000a1500000|100%|HC|  |TAMS 0x00000000a1400000, 0x00000000a1500000| Complete 
| 533|0x00000000a1500000, 0x00000000a1500000, 0x00000000a1600000|  0%| F|  |TAMS 0x00000000a1500000, 0x00000000a1500000| Untracked 
| 534|0x00000000a1600000, 0x00000000a1600000, 0x00000000a1700000|  0%| F|  |TAMS 0x00000000a1600000, 0x00000000a1600000| Untracked 
| 535|0x00000000a1700000, 0x00000000a1700000, 0x00000000a1800000|  0%| F|  |TAMS 0x00000000a1700000, 0x00000000a1700000| Untracked 
| 536|0x00000000a1800000, 0x00000000a1800000, 0x00000000a1900000|  0%| F|  |TAMS 0x00000000a1800000, 0x00000000a1800000| Untracked 
| 537|0x00000000a1900000, 0x00000000a1900000, 0x00000000a1a00000|  0%| F|  |TAMS 0x00000000a1900000, 0x00000000a1900000| Untracked 
| 538|0x00000000a1a00000, 0x00000000a1a00000, 0x00000000a1b00000|  0%| F|  |TAMS 0x00000000a1a00000, 0x00000000a1a00000| Untracked 
| 539|0x00000000a1b00000, 0x00000000a1c00000, 0x00000000a1c00000|100%|HS|  |TAMS 0x00000000a1b00000, 0x00000000a1b00000| Complete 
| 540|0x00000000a1c00000, 0x00000000a1d00000, 0x00000000a1d00000|100%|HC|  |TAMS 0x00000000a1c00000, 0x00000000a1c00000| Complete 
| 541|0x00000000a1d00000, 0x00000000a1d00000, 0x00000000a1e00000|  0%| F|  |TAMS 0x00000000a1d00000, 0x00000000a1d00000| Untracked 
| 542|0x00000000a1e00000, 0x00000000a1e00000, 0x00000000a1f00000|  0%| F|  |TAMS 0x00000000a1e00000, 0x00000000a1e00000| Untracked 
| 543|0x00000000a1f00000, 0x00000000a1f00000, 0x00000000a2000000|  0%| F|  |TAMS 0x00000000a1f00000, 0x00000000a1f00000| Untracked 
| 544|0x00000000a2000000, 0x00000000a2000000, 0x00000000a2100000|  0%| F|  |TAMS 0x00000000a2000000, 0x00000000a2000000| Untracked 
| 545|0x00000000a2100000, 0x00000000a2100000, 0x00000000a2200000|  0%| F|  |TAMS 0x00000000a2100000, 0x00000000a2100000| Untracked 
| 546|0x00000000a2200000, 0x00000000a2200000, 0x00000000a2300000|  0%| F|  |TAMS 0x00000000a2200000, 0x00000000a2200000| Untracked 
| 547|0x00000000a2300000, 0x00000000a2400000, 0x00000000a2400000|100%|HS|  |TAMS 0x00000000a2300000, 0x00000000a2300000| Complete 
| 548|0x00000000a2400000, 0x00000000a2500000, 0x00000000a2500000|100%|HC|  |TAMS 0x00000000a2400000, 0x00000000a2400000| Complete 
| 549|0x00000000a2500000, 0x00000000a2500000, 0x00000000a2600000|  0%| F|  |TAMS 0x00000000a2500000, 0x00000000a2500000| Untracked 
| 550|0x00000000a2600000, 0x00000000a2600000, 0x00000000a2700000|  0%| F|  |TAMS 0x00000000a2600000, 0x00000000a2600000| Untracked 
| 551|0x00000000a2700000, 0x00000000a2700000, 0x00000000a2800000|  0%| F|  |TAMS 0x00000000a2700000, 0x00000000a2700000| Untracked 
| 552|0x00000000a2800000, 0x00000000a2800000, 0x00000000a2900000|  0%| F|  |TAMS 0x00000000a2800000, 0x00000000a2800000| Untracked 
| 553|0x00000000a2900000, 0x00000000a2900000, 0x00000000a2a00000|  0%| F|  |TAMS 0x00000000a2900000, 0x00000000a2900000| Untracked 
| 554|0x00000000a2a00000, 0x00000000a2a00000, 0x00000000a2b00000|  0%| F|  |TAMS 0x00000000a2a00000, 0x00000000a2a00000| Untracked 
| 555|0x00000000a2b00000, 0x00000000a2b00000, 0x00000000a2c00000|  0%| F|  |TAMS 0x00000000a2b00000, 0x00000000a2b00000| Untracked 
| 556|0x00000000a2c00000, 0x00000000a2c00000, 0x00000000a2d00000|  0%| F|  |TAMS 0x00000000a2c00000, 0x00000000a2c00000| Untracked 
| 557|0x00000000a2d00000, 0x00000000a2d00000, 0x00000000a2e00000|  0%| F|  |TAMS 0x00000000a2d00000, 0x00000000a2d00000| Untracked 
| 558|0x00000000a2e00000, 0x00000000a2e00000, 0x00000000a2f00000|  0%| F|  |TAMS 0x00000000a2e00000, 0x00000000a2e00000| Untracked 
| 559|0x00000000a2f00000, 0x00000000a2f00000, 0x00000000a3000000|  0%| F|  |TAMS 0x00000000a2f00000, 0x00000000a2f00000| Untracked 
| 560|0x00000000a3000000, 0x00000000a3000000, 0x00000000a3100000|  0%| F|  |TAMS 0x00000000a3000000, 0x00000000a3000000| Untracked 
| 561|0x00000000a3100000, 0x00000000a3100000, 0x00000000a3200000|  0%| F|  |TAMS 0x00000000a3100000, 0x00000000a3100000| Untracked 
| 562|0x00000000a3200000, 0x00000000a3200000, 0x00000000a3300000|  0%| F|  |TAMS 0x00000000a3200000, 0x00000000a3200000| Untracked 
| 563|0x00000000a3300000, 0x00000000a3300000, 0x00000000a3400000|  0%| F|  |TAMS 0x00000000a3300000, 0x00000000a3300000| Untracked 
| 564|0x00000000a3400000, 0x00000000a3400000, 0x00000000a3500000|  0%| F|  |TAMS 0x00000000a3400000, 0x00000000a3400000| Untracked 
| 565|0x00000000a3500000, 0x00000000a3500000, 0x00000000a3600000|  0%| F|  |TAMS 0x00000000a3500000, 0x00000000a3500000| Untracked 
| 566|0x00000000a3600000, 0x00000000a3600000, 0x00000000a3700000|  0%| F|  |TAMS 0x00000000a3600000, 0x00000000a3600000| Untracked 
| 567|0x00000000a3700000, 0x00000000a3700000, 0x00000000a3800000|  0%| F|  |TAMS 0x00000000a3700000, 0x00000000a3700000| Untracked 
| 568|0x00000000a3800000, 0x00000000a3800000, 0x00000000a3900000|  0%| F|  |TAMS 0x00000000a3800000, 0x00000000a3800000| Untracked 
| 569|0x00000000a3900000, 0x00000000a3900000, 0x00000000a3a00000|  0%| F|  |TAMS 0x00000000a3900000, 0x00000000a3900000| Untracked 
| 570|0x00000000a3a00000, 0x00000000a3a00000, 0x00000000a3b00000|  0%| F|  |TAMS 0x00000000a3a00000, 0x00000000a3a00000| Untracked 
| 571|0x00000000a3b00000, 0x00000000a3b00000, 0x00000000a3c00000|  0%| F|  |TAMS 0x00000000a3b00000, 0x00000000a3b00000| Untracked 
| 572|0x00000000a3c00000, 0x00000000a3c00000, 0x00000000a3d00000|  0%| F|  |TAMS 0x00000000a3c00000, 0x00000000a3c00000| Untracked 
| 573|0x00000000a3d00000, 0x00000000a3d00000, 0x00000000a3e00000|  0%| F|  |TAMS 0x00000000a3d00000, 0x00000000a3d00000| Untracked 
| 574|0x00000000a3e00000, 0x00000000a3e00000, 0x00000000a3f00000|  0%| F|  |TAMS 0x00000000a3e00000, 0x00000000a3e00000| Untracked 
| 575|0x00000000a3f00000, 0x00000000a3f00000, 0x00000000a4000000|  0%| F|  |TAMS 0x00000000a3f00000, 0x00000000a3f00000| Untracked 
| 576|0x00000000a4000000, 0x00000000a4000000, 0x00000000a4100000|  0%| F|  |TAMS 0x00000000a4000000, 0x00000000a4000000| Untracked 
| 577|0x00000000a4100000, 0x00000000a4100000, 0x00000000a4200000|  0%| F|  |TAMS 0x00000000a4100000, 0x00000000a4100000| Untracked 
| 578|0x00000000a4200000, 0x00000000a4200000, 0x00000000a4300000|  0%| F|  |TAMS 0x00000000a4200000, 0x00000000a4200000| Untracked 
| 579|0x00000000a4300000, 0x00000000a4300000, 0x00000000a4400000|  0%| F|  |TAMS 0x00000000a4300000, 0x00000000a4300000| Untracked 
| 580|0x00000000a4400000, 0x00000000a4400000, 0x00000000a4500000|  0%| F|  |TAMS 0x00000000a4400000, 0x00000000a4400000| Untracked 
| 581|0x00000000a4500000, 0x00000000a4500000, 0x00000000a4600000|  0%| F|  |TAMS 0x00000000a4500000, 0x00000000a4500000| Untracked 
| 582|0x00000000a4600000, 0x00000000a4600000, 0x00000000a4700000|  0%| F|  |TAMS 0x00000000a4600000, 0x00000000a4600000| Untracked 
| 583|0x00000000a4700000, 0x00000000a4700000, 0x00000000a4800000|  0%| F|  |TAMS 0x00000000a4700000, 0x00000000a4700000| Untracked 
| 584|0x00000000a4800000, 0x00000000a4800000, 0x00000000a4900000|  0%| F|  |TAMS 0x00000000a4800000, 0x00000000a4800000| Untracked 
| 585|0x00000000a4900000, 0x00000000a4900000, 0x00000000a4a00000|  0%| F|  |TAMS 0x00000000a4900000, 0x00000000a4900000| Untracked 
| 586|0x00000000a4a00000, 0x00000000a4a00000, 0x00000000a4b00000|  0%| F|  |TAMS 0x00000000a4a00000, 0x00000000a4a00000| Untracked 
| 587|0x00000000a4b00000, 0x00000000a4b00000, 0x00000000a4c00000|  0%| F|  |TAMS 0x00000000a4b00000, 0x00000000a4b00000| Untracked 
| 588|0x00000000a4c00000, 0x00000000a4c00000, 0x00000000a4d00000|  0%| F|  |TAMS 0x00000000a4c00000, 0x00000000a4c00000| Untracked 
| 589|0x00000000a4d00000, 0x00000000a4d00000, 0x00000000a4e00000|  0%| F|  |TAMS 0x00000000a4d00000, 0x00000000a4d00000| Untracked 
| 590|0x00000000a4e00000, 0x00000000a4e00000, 0x00000000a4f00000|  0%| F|  |TAMS 0x00000000a4e00000, 0x00000000a4e00000| Untracked 
| 591|0x00000000a4f00000, 0x00000000a4f00000, 0x00000000a5000000|  0%| F|  |TAMS 0x00000000a4f00000, 0x00000000a4f00000| Untracked 
| 592|0x00000000a5000000, 0x00000000a5000000, 0x00000000a5100000|  0%| F|  |TAMS 0x00000000a5000000, 0x00000000a5000000| Untracked 
| 593|0x00000000a5100000, 0x00000000a5100000, 0x00000000a5200000|  0%| F|  |TAMS 0x00000000a5100000, 0x00000000a5100000| Untracked 
| 594|0x00000000a5200000, 0x00000000a5200000, 0x00000000a5300000|  0%| F|  |TAMS 0x00000000a5200000, 0x00000000a5200000| Untracked 
| 595|0x00000000a5300000, 0x00000000a5300000, 0x00000000a5400000|  0%| F|  |TAMS 0x00000000a5300000, 0x00000000a5300000| Untracked 
| 596|0x00000000a5400000, 0x00000000a5400000, 0x00000000a5500000|  0%| F|  |TAMS 0x00000000a5400000, 0x00000000a5400000| Untracked 
| 597|0x00000000a5500000, 0x00000000a5500000, 0x00000000a5600000|  0%| F|  |TAMS 0x00000000a5500000, 0x00000000a5500000| Untracked 
| 598|0x00000000a5600000, 0x00000000a5600000, 0x00000000a5700000|  0%| F|  |TAMS 0x00000000a5600000, 0x00000000a5600000| Untracked 
| 599|0x00000000a5700000, 0x00000000a5700000, 0x00000000a5800000|  0%| F|  |TAMS 0x00000000a5700000, 0x00000000a5700000| Untracked 
| 600|0x00000000a5800000, 0x00000000a5800000, 0x00000000a5900000|  0%| F|  |TAMS 0x00000000a5800000, 0x00000000a5800000| Untracked 
| 601|0x00000000a5900000, 0x00000000a5900000, 0x00000000a5a00000|  0%| F|  |TAMS 0x00000000a5900000, 0x00000000a5900000| Untracked 
| 602|0x00000000a5a00000, 0x00000000a5a00000, 0x00000000a5b00000|  0%| F|  |TAMS 0x00000000a5a00000, 0x00000000a5a00000| Untracked 
| 603|0x00000000a5b00000, 0x00000000a5b00000, 0x00000000a5c00000|  0%| F|  |TAMS 0x00000000a5b00000, 0x00000000a5b00000| Untracked 
| 604|0x00000000a5c00000, 0x00000000a5c00000, 0x00000000a5d00000|  0%| F|  |TAMS 0x00000000a5c00000, 0x00000000a5c00000| Untracked 
| 605|0x00000000a5d00000, 0x00000000a5d00000, 0x00000000a5e00000|  0%| F|  |TAMS 0x00000000a5d00000, 0x00000000a5d00000| Untracked 
| 606|0x00000000a5e00000, 0x00000000a5e00000, 0x00000000a5f00000|  0%| F|  |TAMS 0x00000000a5e00000, 0x00000000a5e00000| Untracked 
| 607|0x00000000a5f00000, 0x00000000a5f00000, 0x00000000a6000000|  0%| F|  |TAMS 0x00000000a5f00000, 0x00000000a5f00000| Untracked 
| 608|0x00000000a6000000, 0x00000000a6000000, 0x00000000a6100000|  0%| F|  |TAMS 0x00000000a6000000, 0x00000000a6000000| Untracked 
| 609|0x00000000a6100000, 0x00000000a6100000, 0x00000000a6200000|  0%| F|  |TAMS 0x00000000a6100000, 0x00000000a6100000| Untracked 
| 610|0x00000000a6200000, 0x00000000a6200000, 0x00000000a6300000|  0%| F|  |TAMS 0x00000000a6200000, 0x00000000a6200000| Untracked 
| 611|0x00000000a6300000, 0x00000000a6300000, 0x00000000a6400000|  0%| F|  |TAMS 0x00000000a6300000, 0x00000000a6300000| Untracked 
| 612|0x00000000a6400000, 0x00000000a6400000, 0x00000000a6500000|  0%| F|  |TAMS 0x00000000a6400000, 0x00000000a6400000| Untracked 
| 613|0x00000000a6500000, 0x00000000a6500000, 0x00000000a6600000|  0%| F|  |TAMS 0x00000000a6500000, 0x00000000a6500000| Untracked 
| 614|0x00000000a6600000, 0x00000000a6600000, 0x00000000a6700000|  0%| F|  |TAMS 0x00000000a6600000, 0x00000000a6600000| Untracked 
| 615|0x00000000a6700000, 0x00000000a6700000, 0x00000000a6800000|  0%| F|  |TAMS 0x00000000a6700000, 0x00000000a6700000| Untracked 
| 616|0x00000000a6800000, 0x00000000a6800000, 0x00000000a6900000|  0%| F|  |TAMS 0x00000000a6800000, 0x00000000a6800000| Untracked 
| 617|0x00000000a6900000, 0x00000000a6900000, 0x00000000a6a00000|  0%| F|  |TAMS 0x00000000a6900000, 0x00000000a6900000| Untracked 
| 618|0x00000000a6a00000, 0x00000000a6a00000, 0x00000000a6b00000|  0%| F|  |TAMS 0x00000000a6a00000, 0x00000000a6a00000| Untracked 
| 619|0x00000000a6b00000, 0x00000000a6b00000, 0x00000000a6c00000|  0%| F|  |TAMS 0x00000000a6b00000, 0x00000000a6b00000| Untracked 
| 620|0x00000000a6c00000, 0x00000000a6c00000, 0x00000000a6d00000|  0%| F|  |TAMS 0x00000000a6c00000, 0x00000000a6c00000| Untracked 
| 621|0x00000000a6d00000, 0x00000000a6d00000, 0x00000000a6e00000|  0%| F|  |TAMS 0x00000000a6d00000, 0x00000000a6d00000| Untracked 
| 622|0x00000000a6e00000, 0x00000000a6e00000, 0x00000000a6f00000|  0%| F|  |TAMS 0x00000000a6e00000, 0x00000000a6e00000| Untracked 
| 623|0x00000000a6f00000, 0x00000000a6f00000, 0x00000000a7000000|  0%| F|  |TAMS 0x00000000a6f00000, 0x00000000a6f00000| Untracked 
| 624|0x00000000a7000000, 0x00000000a7000000, 0x00000000a7100000|  0%| F|  |TAMS 0x00000000a7000000, 0x00000000a7000000| Untracked 
| 625|0x00000000a7100000, 0x00000000a7100000, 0x00000000a7200000|  0%| F|  |TAMS 0x00000000a7100000, 0x00000000a7100000| Untracked 
| 626|0x00000000a7200000, 0x00000000a7200000, 0x00000000a7300000|  0%| F|  |TAMS 0x00000000a7200000, 0x00000000a7200000| Untracked 
| 627|0x00000000a7300000, 0x00000000a7300000, 0x00000000a7400000|  0%| F|  |TAMS 0x00000000a7300000, 0x00000000a7300000| Untracked 
| 628|0x00000000a7400000, 0x00000000a7400000, 0x00000000a7500000|  0%| F|  |TAMS 0x00000000a7400000, 0x00000000a7400000| Untracked 
| 629|0x00000000a7500000, 0x00000000a7500000, 0x00000000a7600000|  0%| F|  |TAMS 0x00000000a7500000, 0x00000000a7500000| Untracked 
| 630|0x00000000a7600000, 0x00000000a7600000, 0x00000000a7700000|  0%| F|  |TAMS 0x00000000a7600000, 0x00000000a7600000| Untracked 
| 631|0x00000000a7700000, 0x00000000a7700000, 0x00000000a7800000|  0%| F|  |TAMS 0x00000000a7700000, 0x00000000a7700000| Untracked 
| 632|0x00000000a7800000, 0x00000000a7800000, 0x00000000a7900000|  0%| F|  |TAMS 0x00000000a7800000, 0x00000000a7800000| Untracked 
| 633|0x00000000a7900000, 0x00000000a7900000, 0x00000000a7a00000|  0%| F|  |TAMS 0x00000000a7900000, 0x00000000a7900000| Untracked 
| 634|0x00000000a7a00000, 0x00000000a7a00000, 0x00000000a7b00000|  0%| F|  |TAMS 0x00000000a7a00000, 0x00000000a7a00000| Untracked 
| 635|0x00000000a7b00000, 0x00000000a7b00000, 0x00000000a7c00000|  0%| F|  |TAMS 0x00000000a7b00000, 0x00000000a7b00000| Untracked 
| 636|0x00000000a7c00000, 0x00000000a7c00000, 0x00000000a7d00000|  0%| F|  |TAMS 0x00000000a7c00000, 0x00000000a7c00000| Untracked 
| 637|0x00000000a7d00000, 0x00000000a7d00000, 0x00000000a7e00000|  0%| F|  |TAMS 0x00000000a7d00000, 0x00000000a7d00000| Untracked 
| 638|0x00000000a7e00000, 0x00000000a7e00000, 0x00000000a7f00000|  0%| F|  |TAMS 0x00000000a7e00000, 0x00000000a7e00000| Untracked 
| 639|0x00000000a7f00000, 0x00000000a7f00000, 0x00000000a8000000|  0%| F|  |TAMS 0x00000000a7f00000, 0x00000000a7f00000| Untracked 
| 640|0x00000000a8000000, 0x00000000a8000000, 0x00000000a8100000|  0%| F|  |TAMS 0x00000000a8000000, 0x00000000a8000000| Untracked 
| 641|0x00000000a8100000, 0x00000000a8100000, 0x00000000a8200000|  0%| F|  |TAMS 0x00000000a8100000, 0x00000000a8100000| Untracked 
| 642|0x00000000a8200000, 0x00000000a8200000, 0x00000000a8300000|  0%| F|  |TAMS 0x00000000a8200000, 0x00000000a8200000| Untracked 
| 643|0x00000000a8300000, 0x00000000a8300000, 0x00000000a8400000|  0%| F|  |TAMS 0x00000000a8300000, 0x00000000a8300000| Untracked 
| 644|0x00000000a8400000, 0x00000000a8400000, 0x00000000a8500000|  0%| F|  |TAMS 0x00000000a8400000, 0x00000000a8400000| Untracked 
| 645|0x00000000a8500000, 0x00000000a8500000, 0x00000000a8600000|  0%| F|  |TAMS 0x00000000a8500000, 0x00000000a8500000| Untracked 
| 646|0x00000000a8600000, 0x00000000a8600000, 0x00000000a8700000|  0%| F|  |TAMS 0x00000000a8600000, 0x00000000a8600000| Untracked 
| 647|0x00000000a8700000, 0x00000000a8700000, 0x00000000a8800000|  0%| F|  |TAMS 0x00000000a8700000, 0x00000000a8700000| Untracked 
| 648|0x00000000a8800000, 0x00000000a8900000, 0x00000000a8900000|100%|HS|  |TAMS 0x00000000a8800000, 0x00000000a8800000| Complete 
| 649|0x00000000a8900000, 0x00000000a8a00000, 0x00000000a8a00000|100%|HC|  |TAMS 0x00000000a8900000, 0x00000000a8900000| Complete 
| 650|0x00000000a8a00000, 0x00000000a8b00000, 0x00000000a8b00000|100%|HC|  |TAMS 0x00000000a8a00000, 0x00000000a8a00000| Complete 
| 651|0x00000000a8b00000, 0x00000000a8c00000, 0x00000000a8c00000|100%|HC|  |TAMS 0x00000000a8b00000, 0x00000000a8b00000| Complete 
| 652|0x00000000a8c00000, 0x00000000a8d00000, 0x00000000a8d00000|100%|HC|  |TAMS 0x00000000a8c00000, 0x00000000a8c00000| Complete 
| 653|0x00000000a8d00000, 0x00000000a8e00000, 0x00000000a8e00000|100%|HC|  |TAMS 0x00000000a8d00000, 0x00000000a8d00000| Complete 
| 654|0x00000000a8e00000, 0x00000000a8f00000, 0x00000000a8f00000|100%|HC|  |TAMS 0x00000000a8e00000, 0x00000000a8e00000| Complete 
| 655|0x00000000a8f00000, 0x00000000a9000000, 0x00000000a9000000|100%|HC|  |TAMS 0x00000000a8f00000, 0x00000000a8f00000| Complete 
| 656|0x00000000a9000000, 0x00000000a9100000, 0x00000000a9100000|100%|HC|  |TAMS 0x00000000a9000000, 0x00000000a9000000| Complete 
| 657|0x00000000a9100000, 0x00000000a9200000, 0x00000000a9200000|100%|HC|  |TAMS 0x00000000a9100000, 0x00000000a9100000| Complete 
| 658|0x00000000a9200000, 0x00000000a9300000, 0x00000000a9300000|100%|HC|  |TAMS 0x00000000a9200000, 0x00000000a9200000| Complete 
| 659|0x00000000a9300000, 0x00000000a9400000, 0x00000000a9400000|100%|HC|  |TAMS 0x00000000a9300000, 0x00000000a9300000| Complete 
| 660|0x00000000a9400000, 0x00000000a9500000, 0x00000000a9500000|100%|HC|  |TAMS 0x00000000a9400000, 0x00000000a9400000| Complete 
| 661|0x00000000a9500000, 0x00000000a9600000, 0x00000000a9600000|100%|HC|  |TAMS 0x00000000a9500000, 0x00000000a9500000| Complete 
| 662|0x00000000a9600000, 0x00000000a9700000, 0x00000000a9700000|100%|HC|  |TAMS 0x00000000a9600000, 0x00000000a9600000| Complete 
| 663|0x00000000a9700000, 0x00000000a9800000, 0x00000000a9800000|100%|HC|  |TAMS 0x00000000a9700000, 0x00000000a9700000| Complete 
| 664|0x00000000a9800000, 0x00000000a9900000, 0x00000000a9900000|100%|HC|  |TAMS 0x00000000a9800000, 0x00000000a9800000| Complete 
| 665|0x00000000a9900000, 0x00000000a9a00000, 0x00000000a9a00000|100%|HC|  |TAMS 0x00000000a9900000, 0x00000000a9900000| Complete 
| 666|0x00000000a9a00000, 0x00000000a9b00000, 0x00000000a9b00000|100%|HC|  |TAMS 0x00000000a9a00000, 0x00000000a9a00000| Complete 
| 667|0x00000000a9b00000, 0x00000000a9c00000, 0x00000000a9c00000|100%|HC|  |TAMS 0x00000000a9b00000, 0x00000000a9b00000| Complete 
| 668|0x00000000a9c00000, 0x00000000a9d00000, 0x00000000a9d00000|100%|HC|  |TAMS 0x00000000a9c00000, 0x00000000a9c00000| Complete 
| 669|0x00000000a9d00000, 0x00000000a9e00000, 0x00000000a9e00000|100%|HC|  |TAMS 0x00000000a9d00000, 0x00000000a9d00000| Complete 
| 670|0x00000000a9e00000, 0x00000000a9f00000, 0x00000000a9f00000|100%|HC|  |TAMS 0x00000000a9e00000, 0x00000000a9e00000| Complete 
| 671|0x00000000a9f00000, 0x00000000aa000000, 0x00000000aa000000|100%|HC|  |TAMS 0x00000000a9f00000, 0x00000000a9f00000| Complete 
| 672|0x00000000aa000000, 0x00000000aa100000, 0x00000000aa100000|100%|HC|  |TAMS 0x00000000aa000000, 0x00000000aa000000| Complete 
| 673|0x00000000aa100000, 0x00000000aa200000, 0x00000000aa200000|100%|HC|  |TAMS 0x00000000aa100000, 0x00000000aa100000| Complete 
| 674|0x00000000aa200000, 0x00000000aa300000, 0x00000000aa300000|100%|HC|  |TAMS 0x00000000aa200000, 0x00000000aa200000| Complete 
| 675|0x00000000aa300000, 0x00000000aa400000, 0x00000000aa400000|100%|HC|  |TAMS 0x00000000aa300000, 0x00000000aa300000| Complete 
| 676|0x00000000aa400000, 0x00000000aa500000, 0x00000000aa500000|100%|HC|  |TAMS 0x00000000aa400000, 0x00000000aa400000| Complete 
| 677|0x00000000aa500000, 0x00000000aa600000, 0x00000000aa600000|100%|HC|  |TAMS 0x00000000aa500000, 0x00000000aa500000| Complete 
| 678|0x00000000aa600000, 0x00000000aa700000, 0x00000000aa700000|100%|HC|  |TAMS 0x00000000aa600000, 0x00000000aa600000| Complete 
| 679|0x00000000aa700000, 0x00000000aa800000, 0x00000000aa800000|100%|HC|  |TAMS 0x00000000aa700000, 0x00000000aa700000| Complete 
| 680|0x00000000aa800000, 0x00000000aa900000, 0x00000000aa900000|100%|HC|  |TAMS 0x00000000aa800000, 0x00000000aa800000| Complete 
| 681|0x00000000aa900000, 0x00000000aaa00000, 0x00000000aaa00000|100%|HC|  |TAMS 0x00000000aa900000, 0x00000000aa900000| Complete 
| 682|0x00000000aaa00000, 0x00000000aab00000, 0x00000000aab00000|100%|HC|  |TAMS 0x00000000aaa00000, 0x00000000aaa00000| Complete 
| 683|0x00000000aab00000, 0x00000000aac00000, 0x00000000aac00000|100%|HC|  |TAMS 0x00000000aab00000, 0x00000000aab00000| Complete 
| 684|0x00000000aac00000, 0x00000000aad00000, 0x00000000aad00000|100%|HC|  |TAMS 0x00000000aac00000, 0x00000000aac00000| Complete 
| 685|0x00000000aad00000, 0x00000000aae00000, 0x00000000aae00000|100%|HC|  |TAMS 0x00000000aad00000, 0x00000000aad00000| Complete 
| 686|0x00000000aae00000, 0x00000000aaf00000, 0x00000000aaf00000|100%|HC|  |TAMS 0x00000000aae00000, 0x00000000aae00000| Complete 
| 687|0x00000000aaf00000, 0x00000000ab000000, 0x00000000ab000000|100%|HC|  |TAMS 0x00000000aaf00000, 0x00000000aaf00000| Complete 
| 688|0x00000000ab000000, 0x00000000ab100000, 0x00000000ab100000|100%|HC|  |TAMS 0x00000000ab000000, 0x00000000ab000000| Complete 
| 689|0x00000000ab100000, 0x00000000ab200000, 0x00000000ab200000|100%|HC|  |TAMS 0x00000000ab100000, 0x00000000ab100000| Complete 
| 690|0x00000000ab200000, 0x00000000ab300000, 0x00000000ab300000|100%|HC|  |TAMS 0x00000000ab200000, 0x00000000ab200000| Complete 
| 691|0x00000000ab300000, 0x00000000ab400000, 0x00000000ab400000|100%|HC|  |TAMS 0x00000000ab300000, 0x00000000ab300000| Complete 
| 692|0x00000000ab400000, 0x00000000ab500000, 0x00000000ab500000|100%|HC|  |TAMS 0x00000000ab400000, 0x00000000ab400000| Complete 
| 693|0x00000000ab500000, 0x00000000ab600000, 0x00000000ab600000|100%|HC|  |TAMS 0x00000000ab500000, 0x00000000ab500000| Complete 
| 694|0x00000000ab600000, 0x00000000ab700000, 0x00000000ab700000|100%|HC|  |TAMS 0x00000000ab600000, 0x00000000ab600000| Complete 
| 695|0x00000000ab700000, 0x00000000ab800000, 0x00000000ab800000|100%|HC|  |TAMS 0x00000000ab700000, 0x00000000ab700000| Complete 
| 696|0x00000000ab800000, 0x00000000ab900000, 0x00000000ab900000|100%|HC|  |TAMS 0x00000000ab800000, 0x00000000ab800000| Complete 
| 697|0x00000000ab900000, 0x00000000aba00000, 0x00000000aba00000|100%|HC|  |TAMS 0x00000000ab900000, 0x00000000ab900000| Complete 
| 698|0x00000000aba00000, 0x00000000abb00000, 0x00000000abb00000|100%|HC|  |TAMS 0x00000000aba00000, 0x00000000aba00000| Complete 
| 699|0x00000000abb00000, 0x00000000abc00000, 0x00000000abc00000|100%|HC|  |TAMS 0x00000000abb00000, 0x00000000abb00000| Complete 
| 700|0x00000000abc00000, 0x00000000abd00000, 0x00000000abd00000|100%|HC|  |TAMS 0x00000000abc00000, 0x00000000abc00000| Complete 
| 701|0x00000000abd00000, 0x00000000abe00000, 0x00000000abe00000|100%|HC|  |TAMS 0x00000000abd00000, 0x00000000abd00000| Complete 
| 702|0x00000000abe00000, 0x00000000abf00000, 0x00000000abf00000|100%|HC|  |TAMS 0x00000000abe00000, 0x00000000abe00000| Complete 
| 703|0x00000000abf00000, 0x00000000ac000000, 0x00000000ac000000|100%|HC|  |TAMS 0x00000000abf00000, 0x00000000abf00000| Complete 
| 704|0x00000000ac000000, 0x00000000ac100000, 0x00000000ac100000|100%|HC|  |TAMS 0x00000000ac000000, 0x00000000ac000000| Complete 
| 705|0x00000000ac100000, 0x00000000ac200000, 0x00000000ac200000|100%|HC|  |TAMS 0x00000000ac100000, 0x00000000ac100000| Complete 
| 706|0x00000000ac200000, 0x00000000ac300000, 0x00000000ac300000|100%|HC|  |TAMS 0x00000000ac200000, 0x00000000ac200000| Complete 
| 707|0x00000000ac300000, 0x00000000ac400000, 0x00000000ac400000|100%|HC|  |TAMS 0x00000000ac300000, 0x00000000ac300000| Complete 
| 708|0x00000000ac400000, 0x00000000ac500000, 0x00000000ac500000|100%|HC|  |TAMS 0x00000000ac400000, 0x00000000ac400000| Complete 
| 709|0x00000000ac500000, 0x00000000ac600000, 0x00000000ac600000|100%|HC|  |TAMS 0x00000000ac500000, 0x00000000ac500000| Complete 
| 710|0x00000000ac600000, 0x00000000ac700000, 0x00000000ac700000|100%|HC|  |TAMS 0x00000000ac600000, 0x00000000ac600000| Complete 
| 711|0x00000000ac700000, 0x00000000ac800000, 0x00000000ac800000|100%|HC|  |TAMS 0x00000000ac700000, 0x00000000ac700000| Complete 
| 712|0x00000000ac800000, 0x00000000ac900000, 0x00000000ac900000|100%|HC|  |TAMS 0x00000000ac800000, 0x00000000ac800000| Complete 
| 713|0x00000000ac900000, 0x00000000aca00000, 0x00000000aca00000|100%|HC|  |TAMS 0x00000000ac900000, 0x00000000ac900000| Complete 
| 714|0x00000000aca00000, 0x00000000acb00000, 0x00000000acb00000|100%|HC|  |TAMS 0x00000000aca00000, 0x00000000aca00000| Complete 
| 715|0x00000000acb00000, 0x00000000acc00000, 0x00000000acc00000|100%|HC|  |TAMS 0x00000000acb00000, 0x00000000acb00000| Complete 
| 716|0x00000000acc00000, 0x00000000acd00000, 0x00000000acd00000|100%|HC|  |TAMS 0x00000000acc00000, 0x00000000acc00000| Complete 
| 717|0x00000000acd00000, 0x00000000ace00000, 0x00000000ace00000|100%|HC|  |TAMS 0x00000000acd00000, 0x00000000acd00000| Complete 
| 718|0x00000000ace00000, 0x00000000acf00000, 0x00000000acf00000|100%|HC|  |TAMS 0x00000000ace00000, 0x00000000ace00000| Complete 
| 719|0x00000000acf00000, 0x00000000ad000000, 0x00000000ad000000|100%|HC|  |TAMS 0x00000000acf00000, 0x00000000acf00000| Complete 
| 720|0x00000000ad000000, 0x00000000ad100000, 0x00000000ad100000|100%|HC|  |TAMS 0x00000000ad000000, 0x00000000ad000000| Complete 
| 721|0x00000000ad100000, 0x00000000ad200000, 0x00000000ad200000|100%|HC|  |TAMS 0x00000000ad100000, 0x00000000ad100000| Complete 
| 722|0x00000000ad200000, 0x00000000ad300000, 0x00000000ad300000|100%|HC|  |TAMS 0x00000000ad200000, 0x00000000ad200000| Complete 
| 723|0x00000000ad300000, 0x00000000ad400000, 0x00000000ad400000|100%|HC|  |TAMS 0x00000000ad300000, 0x00000000ad300000| Complete 
| 724|0x00000000ad400000, 0x00000000ad500000, 0x00000000ad500000|100%|HC|  |TAMS 0x00000000ad400000, 0x00000000ad400000| Complete 
| 725|0x00000000ad500000, 0x00000000ad600000, 0x00000000ad600000|100%|HC|  |TAMS 0x00000000ad500000, 0x00000000ad500000| Complete 
| 726|0x00000000ad600000, 0x00000000ad700000, 0x00000000ad700000|100%|HC|  |TAMS 0x00000000ad600000, 0x00000000ad600000| Complete 
| 727|0x00000000ad700000, 0x00000000ad800000, 0x00000000ad800000|100%|HC|  |TAMS 0x00000000ad700000, 0x00000000ad700000| Complete 
| 728|0x00000000ad800000, 0x00000000ad900000, 0x00000000ad900000|100%|HC|  |TAMS 0x00000000ad800000, 0x00000000ad800000| Complete 
| 729|0x00000000ad900000, 0x00000000ada00000, 0x00000000ada00000|100%|HC|  |TAMS 0x00000000ad900000, 0x00000000ad900000| Complete 
| 730|0x00000000ada00000, 0x00000000adb00000, 0x00000000adb00000|100%|HC|  |TAMS 0x00000000ada00000, 0x00000000ada00000| Complete 
| 731|0x00000000adb00000, 0x00000000adc00000, 0x00000000adc00000|100%|HC|  |TAMS 0x00000000adb00000, 0x00000000adb00000| Complete 
| 732|0x00000000adc00000, 0x00000000add00000, 0x00000000add00000|100%|HC|  |TAMS 0x00000000adc00000, 0x00000000adc00000| Complete 
| 733|0x00000000add00000, 0x00000000ade00000, 0x00000000ade00000|100%|HC|  |TAMS 0x00000000add00000, 0x00000000add00000| Complete 
| 734|0x00000000ade00000, 0x00000000adf00000, 0x00000000adf00000|100%|HC|  |TAMS 0x00000000ade00000, 0x00000000ade00000| Complete 
| 735|0x00000000adf00000, 0x00000000ae000000, 0x00000000ae000000|100%|HC|  |TAMS 0x00000000adf00000, 0x00000000adf00000| Complete 
| 736|0x00000000ae000000, 0x00000000ae100000, 0x00000000ae100000|100%|HC|  |TAMS 0x00000000ae000000, 0x00000000ae000000| Complete 
| 737|0x00000000ae100000, 0x00000000ae200000, 0x00000000ae200000|100%|HC|  |TAMS 0x00000000ae100000, 0x00000000ae100000| Complete 
| 738|0x00000000ae200000, 0x00000000ae300000, 0x00000000ae300000|100%|HC|  |TAMS 0x00000000ae200000, 0x00000000ae200000| Complete 
| 739|0x00000000ae300000, 0x00000000ae400000, 0x00000000ae400000|100%|HC|  |TAMS 0x00000000ae300000, 0x00000000ae300000| Complete 
| 740|0x00000000ae400000, 0x00000000ae500000, 0x00000000ae500000|100%|HC|  |TAMS 0x00000000ae400000, 0x00000000ae400000| Complete 
| 741|0x00000000ae500000, 0x00000000ae600000, 0x00000000ae600000|100%|HC|  |TAMS 0x00000000ae500000, 0x00000000ae500000| Complete 
| 742|0x00000000ae600000, 0x00000000ae700000, 0x00000000ae700000|100%|HC|  |TAMS 0x00000000ae600000, 0x00000000ae600000| Complete 
| 743|0x00000000ae700000, 0x00000000ae800000, 0x00000000ae800000|100%|HC|  |TAMS 0x00000000ae700000, 0x00000000ae700000| Complete 
| 744|0x00000000ae800000, 0x00000000ae900000, 0x00000000ae900000|100%|HC|  |TAMS 0x00000000ae800000, 0x00000000ae800000| Complete 
| 745|0x00000000ae900000, 0x00000000aea00000, 0x00000000aea00000|100%|HC|  |TAMS 0x00000000ae900000, 0x00000000ae900000| Complete 
| 746|0x00000000aea00000, 0x00000000aeb00000, 0x00000000aeb00000|100%|HC|  |TAMS 0x00000000aea00000, 0x00000000aea00000| Complete 
| 747|0x00000000aeb00000, 0x00000000aec00000, 0x00000000aec00000|100%|HC|  |TAMS 0x00000000aeb00000, 0x00000000aeb00000| Complete 
| 748|0x00000000aec00000, 0x00000000aed00000, 0x00000000aed00000|100%|HC|  |TAMS 0x00000000aec00000, 0x00000000aec00000| Complete 
| 749|0x00000000aed00000, 0x00000000aee00000, 0x00000000aee00000|100%|HC|  |TAMS 0x00000000aed00000, 0x00000000aed00000| Complete 
| 750|0x00000000aee00000, 0x00000000aef00000, 0x00000000aef00000|100%|HC|  |TAMS 0x00000000aee00000, 0x00000000aee00000| Complete 
| 751|0x00000000aef00000, 0x00000000af000000, 0x00000000af000000|100%|HC|  |TAMS 0x00000000aef00000, 0x00000000aef00000| Complete 
| 752|0x00000000af000000, 0x00000000af100000, 0x00000000af100000|100%|HC|  |TAMS 0x00000000af000000, 0x00000000af000000| Complete 
| 753|0x00000000af100000, 0x00000000af200000, 0x00000000af200000|100%|HC|  |TAMS 0x00000000af100000, 0x00000000af100000| Complete 
| 754|0x00000000af200000, 0x00000000af300000, 0x00000000af300000|100%|HC|  |TAMS 0x00000000af200000, 0x00000000af200000| Complete 
| 755|0x00000000af300000, 0x00000000af400000, 0x00000000af400000|100%|HC|  |TAMS 0x00000000af300000, 0x00000000af300000| Complete 
| 756|0x00000000af400000, 0x00000000af500000, 0x00000000af500000|100%|HC|  |TAMS 0x00000000af400000, 0x00000000af400000| Complete 
| 757|0x00000000af500000, 0x00000000af600000, 0x00000000af600000|100%|HC|  |TAMS 0x00000000af500000, 0x00000000af500000| Complete 
| 758|0x00000000af600000, 0x00000000af700000, 0x00000000af700000|100%|HC|  |TAMS 0x00000000af600000, 0x00000000af600000| Complete 
| 759|0x00000000af700000, 0x00000000af800000, 0x00000000af800000|100%|HC|  |TAMS 0x00000000af700000, 0x00000000af700000| Complete 
| 760|0x00000000af800000, 0x00000000af900000, 0x00000000af900000|100%|HC|  |TAMS 0x00000000af800000, 0x00000000af800000| Complete 
| 761|0x00000000af900000, 0x00000000afa00000, 0x00000000afa00000|100%|HC|  |TAMS 0x00000000af900000, 0x00000000af900000| Complete 
| 762|0x00000000afa00000, 0x00000000afb00000, 0x00000000afb00000|100%|HC|  |TAMS 0x00000000afa00000, 0x00000000afa00000| Complete 
| 763|0x00000000afb00000, 0x00000000afc00000, 0x00000000afc00000|100%|HC|  |TAMS 0x00000000afb00000, 0x00000000afb00000| Complete 
| 764|0x00000000afc00000, 0x00000000afd00000, 0x00000000afd00000|100%|HC|  |TAMS 0x00000000afc00000, 0x00000000afc00000| Complete 
| 765|0x00000000afd00000, 0x00000000afe00000, 0x00000000afe00000|100%|HC|  |TAMS 0x00000000afd00000, 0x00000000afd00000| Complete 
| 766|0x00000000afe00000, 0x00000000aff00000, 0x00000000aff00000|100%|HC|  |TAMS 0x00000000afe00000, 0x00000000afe00000| Complete 
| 767|0x00000000aff00000, 0x00000000b0000000, 0x00000000b0000000|100%|HC|  |TAMS 0x00000000aff00000, 0x00000000aff00000| Complete 
| 768|0x00000000b0000000, 0x00000000b0100000, 0x00000000b0100000|100%|HC|  |TAMS 0x00000000b0000000, 0x00000000b0000000| Complete 
| 769|0x00000000b0100000, 0x00000000b0200000, 0x00000000b0200000|100%|HC|  |TAMS 0x00000000b0100000, 0x00000000b0100000| Complete 
| 770|0x00000000b0200000, 0x00000000b0300000, 0x00000000b0300000|100%|HC|  |TAMS 0x00000000b0200000, 0x00000000b0200000| Complete 
| 771|0x00000000b0300000, 0x00000000b0400000, 0x00000000b0400000|100%|HC|  |TAMS 0x00000000b0300000, 0x00000000b0300000| Complete 
| 772|0x00000000b0400000, 0x00000000b0500000, 0x00000000b0500000|100%|HC|  |TAMS 0x00000000b0400000, 0x00000000b0400000| Complete 
| 773|0x00000000b0500000, 0x00000000b0600000, 0x00000000b0600000|100%|HC|  |TAMS 0x00000000b0500000, 0x00000000b0500000| Complete 
| 774|0x00000000b0600000, 0x00000000b0700000, 0x00000000b0700000|100%|HC|  |TAMS 0x00000000b0600000, 0x00000000b0600000| Complete 
| 775|0x00000000b0700000, 0x00000000b0800000, 0x00000000b0800000|100%|HC|  |TAMS 0x00000000b0700000, 0x00000000b0700000| Complete 
| 776|0x00000000b0800000, 0x00000000b0900000, 0x00000000b0900000|100%|HC|  |TAMS 0x00000000b0800000, 0x00000000b0800000| Complete 
| 777|0x00000000b0900000, 0x00000000b0900000, 0x00000000b0a00000|  0%| F|  |TAMS 0x00000000b0900000, 0x00000000b0900000| Untracked 
| 778|0x00000000b0a00000, 0x00000000b0a00000, 0x00000000b0b00000|  0%| F|  |TAMS 0x00000000b0a00000, 0x00000000b0a00000| Untracked 
| 779|0x00000000b0b00000, 0x00000000b0b00000, 0x00000000b0c00000|  0%| F|  |TAMS 0x00000000b0b00000, 0x00000000b0b00000| Untracked 
| 780|0x00000000b0c00000, 0x00000000b0c00000, 0x00000000b0d00000|  0%| F|  |TAMS 0x00000000b0c00000, 0x00000000b0c00000| Untracked 
| 781|0x00000000b0d00000, 0x00000000b0d00000, 0x00000000b0e00000|  0%| F|  |TAMS 0x00000000b0d00000, 0x00000000b0d00000| Untracked 
| 782|0x00000000b0e00000, 0x00000000b0e00000, 0x00000000b0f00000|  0%| F|  |TAMS 0x00000000b0e00000, 0x00000000b0e00000| Untracked 
| 783|0x00000000b0f00000, 0x00000000b0f00000, 0x00000000b1000000|  0%| F|  |TAMS 0x00000000b0f00000, 0x00000000b0f00000| Untracked 
| 784|0x00000000b1000000, 0x00000000b1000000, 0x00000000b1100000|  0%| F|  |TAMS 0x00000000b1000000, 0x00000000b1000000| Untracked 
| 785|0x00000000b1100000, 0x00000000b1100000, 0x00000000b1200000|  0%| F|  |TAMS 0x00000000b1100000, 0x00000000b1100000| Untracked 
| 786|0x00000000b1200000, 0x00000000b1200000, 0x00000000b1300000|  0%| F|  |TAMS 0x00000000b1200000, 0x00000000b1200000| Untracked 
| 787|0x00000000b1300000, 0x00000000b1400000, 0x00000000b1400000|100%|HS|  |TAMS 0x00000000b1300000, 0x00000000b1300000| Complete 
| 788|0x00000000b1400000, 0x00000000b1500000, 0x00000000b1500000|100%|HC|  |TAMS 0x00000000b1400000, 0x00000000b1400000| Complete 
| 789|0x00000000b1500000, 0x00000000b1600000, 0x00000000b1600000|100%|HC|  |TAMS 0x00000000b1500000, 0x00000000b1500000| Complete 
| 790|0x00000000b1600000, 0x00000000b1600000, 0x00000000b1700000|  0%| F|  |TAMS 0x00000000b1600000, 0x00000000b1600000| Untracked 
| 791|0x00000000b1700000, 0x00000000b1700000, 0x00000000b1800000|  0%| F|  |TAMS 0x00000000b1700000, 0x00000000b1700000| Untracked 
| 792|0x00000000b1800000, 0x00000000b1800000, 0x00000000b1900000|  0%| F|  |TAMS 0x00000000b1800000, 0x00000000b1800000| Untracked 
| 793|0x00000000b1900000, 0x00000000b1900000, 0x00000000b1a00000|  0%| F|  |TAMS 0x00000000b1900000, 0x00000000b1900000| Untracked 
| 794|0x00000000b1a00000, 0x00000000b1a00000, 0x00000000b1b00000|  0%| F|  |TAMS 0x00000000b1a00000, 0x00000000b1a00000| Untracked 
| 795|0x00000000b1b00000, 0x00000000b1b00000, 0x00000000b1c00000|  0%| F|  |TAMS 0x00000000b1b00000, 0x00000000b1b00000| Untracked 
| 796|0x00000000b1c00000, 0x00000000b1d00000, 0x00000000b1d00000|100%|HS|  |TAMS 0x00000000b1c00000, 0x00000000b1c00000| Complete 
| 797|0x00000000b1d00000, 0x00000000b1e00000, 0x00000000b1e00000|100%|HC|  |TAMS 0x00000000b1d00000, 0x00000000b1d00000| Complete 
| 798|0x00000000b1e00000, 0x00000000b1e00000, 0x00000000b1f00000|  0%| F|  |TAMS 0x00000000b1e00000, 0x00000000b1e00000| Untracked 
| 799|0x00000000b1f00000, 0x00000000b1f00000, 0x00000000b2000000|  0%| F|  |TAMS 0x00000000b1f00000, 0x00000000b1f00000| Untracked 
| 800|0x00000000b2000000, 0x00000000b2000000, 0x00000000b2100000|  0%| F|  |TAMS 0x00000000b2000000, 0x00000000b2000000| Untracked 
| 801|0x00000000b2100000, 0x00000000b2100000, 0x00000000b2200000|  0%| F|  |TAMS 0x00000000b2100000, 0x00000000b2100000| Untracked 
| 802|0x00000000b2200000, 0x00000000b2200000, 0x00000000b2300000|  0%| F|  |TAMS 0x00000000b2200000, 0x00000000b2200000| Untracked 
| 803|0x00000000b2300000, 0x00000000b2300000, 0x00000000b2400000|  0%| F|  |TAMS 0x00000000b2300000, 0x00000000b2300000| Untracked 
| 804|0x00000000b2400000, 0x00000000b2500000, 0x00000000b2500000|100%|HS|  |TAMS 0x00000000b2400000, 0x00000000b2400000| Complete 
| 805|0x00000000b2500000, 0x00000000b2600000, 0x00000000b2600000|100%|HC|  |TAMS 0x00000000b2500000, 0x00000000b2500000| Complete 
| 806|0x00000000b2600000, 0x00000000b2600000, 0x00000000b2700000|  0%| F|  |TAMS 0x00000000b2600000, 0x00000000b2600000| Untracked 
| 807|0x00000000b2700000, 0x00000000b2700000, 0x00000000b2800000|  0%| F|  |TAMS 0x00000000b2700000, 0x00000000b2700000| Untracked 
| 808|0x00000000b2800000, 0x00000000b2800000, 0x00000000b2900000|  0%| F|  |TAMS 0x00000000b2800000, 0x00000000b2800000| Untracked 
| 809|0x00000000b2900000, 0x00000000b2900000, 0x00000000b2a00000|  0%| F|  |TAMS 0x00000000b2900000, 0x00000000b2900000| Untracked 
| 810|0x00000000b2a00000, 0x00000000b2a00000, 0x00000000b2b00000|  0%| F|  |TAMS 0x00000000b2a00000, 0x00000000b2a00000| Untracked 
| 811|0x00000000b2b00000, 0x00000000b2b00000, 0x00000000b2c00000|  0%| F|  |TAMS 0x00000000b2b00000, 0x00000000b2b00000| Untracked 
| 812|0x00000000b2c00000, 0x00000000b2d00000, 0x00000000b2d00000|100%|HS|  |TAMS 0x00000000b2c00000, 0x00000000b2c00000| Complete 
| 813|0x00000000b2d00000, 0x00000000b2e00000, 0x00000000b2e00000|100%|HC|  |TAMS 0x00000000b2d00000, 0x00000000b2d00000| Complete 
| 814|0x00000000b2e00000, 0x00000000b2f00000, 0x00000000b2f00000|100%|HS|  |TAMS 0x00000000b2e00000, 0x00000000b2e00000| Complete 
| 815|0x00000000b2f00000, 0x00000000b3000000, 0x00000000b3000000|100%|HC|  |TAMS 0x00000000b2f00000, 0x00000000b2f00000| Complete 
| 816|0x00000000b3000000, 0x00000000b3100000, 0x00000000b3100000|100%|HC|  |TAMS 0x00000000b3000000, 0x00000000b3000000| Complete 
| 817|0x00000000b3100000, 0x00000000b3200000, 0x00000000b3200000|100%|HC|  |TAMS 0x00000000b3100000, 0x00000000b3100000| Complete 
| 818|0x00000000b3200000, 0x00000000b3300000, 0x00000000b3300000|100%|HC|  |TAMS 0x00000000b3200000, 0x00000000b3200000| Complete 
| 819|0x00000000b3300000, 0x00000000b3400000, 0x00000000b3400000|100%|HC|  |TAMS 0x00000000b3300000, 0x00000000b3300000| Complete 
| 820|0x00000000b3400000, 0x00000000b3500000, 0x00000000b3500000|100%|HC|  |TAMS 0x00000000b3400000, 0x00000000b3400000| Complete 
| 821|0x00000000b3500000, 0x00000000b3600000, 0x00000000b3600000|100%|HC|  |TAMS 0x00000000b3500000, 0x00000000b3500000| Complete 
| 822|0x00000000b3600000, 0x00000000b3700000, 0x00000000b3700000|100%|HC|  |TAMS 0x00000000b3600000, 0x00000000b3600000| Complete 
| 823|0x00000000b3700000, 0x00000000b3800000, 0x00000000b3800000|100%|HC|  |TAMS 0x00000000b3700000, 0x00000000b3700000| Complete 
| 824|0x00000000b3800000, 0x00000000b3900000, 0x00000000b3900000|100%|HC|  |TAMS 0x00000000b3800000, 0x00000000b3800000| Complete 
| 825|0x00000000b3900000, 0x00000000b3a00000, 0x00000000b3a00000|100%|HC|  |TAMS 0x00000000b3900000, 0x00000000b3900000| Complete 
| 826|0x00000000b3a00000, 0x00000000b3b00000, 0x00000000b3b00000|100%|HC|  |TAMS 0x00000000b3a00000, 0x00000000b3a00000| Complete 
| 827|0x00000000b3b00000, 0x00000000b3c00000, 0x00000000b3c00000|100%|HC|  |TAMS 0x00000000b3b00000, 0x00000000b3b00000| Complete 
| 828|0x00000000b3c00000, 0x00000000b3d00000, 0x00000000b3d00000|100%|HC|  |TAMS 0x00000000b3c00000, 0x00000000b3c00000| Complete 
| 829|0x00000000b3d00000, 0x00000000b3e00000, 0x00000000b3e00000|100%|HC|  |TAMS 0x00000000b3d00000, 0x00000000b3d00000| Complete 
| 830|0x00000000b3e00000, 0x00000000b3f00000, 0x00000000b3f00000|100%|HC|  |TAMS 0x00000000b3e00000, 0x00000000b3e00000| Complete 
| 831|0x00000000b3f00000, 0x00000000b4000000, 0x00000000b4000000|100%|HC|  |TAMS 0x00000000b3f00000, 0x00000000b3f00000| Complete 
| 832|0x00000000b4000000, 0x00000000b4100000, 0x00000000b4100000|100%|HC|  |TAMS 0x00000000b4000000, 0x00000000b4000000| Complete 
| 833|0x00000000b4100000, 0x00000000b4200000, 0x00000000b4200000|100%|HC|  |TAMS 0x00000000b4100000, 0x00000000b4100000| Complete 
| 834|0x00000000b4200000, 0x00000000b4300000, 0x00000000b4300000|100%|HC|  |TAMS 0x00000000b4200000, 0x00000000b4200000| Complete 
| 835|0x00000000b4300000, 0x00000000b4400000, 0x00000000b4400000|100%|HC|  |TAMS 0x00000000b4300000, 0x00000000b4300000| Complete 
| 836|0x00000000b4400000, 0x00000000b4500000, 0x00000000b4500000|100%|HC|  |TAMS 0x00000000b4400000, 0x00000000b4400000| Complete 
| 837|0x00000000b4500000, 0x00000000b4600000, 0x00000000b4600000|100%|HC|  |TAMS 0x00000000b4500000, 0x00000000b4500000| Complete 
| 838|0x00000000b4600000, 0x00000000b4700000, 0x00000000b4700000|100%|HC|  |TAMS 0x00000000b4600000, 0x00000000b4600000| Complete 
| 839|0x00000000b4700000, 0x00000000b4800000, 0x00000000b4800000|100%|HC|  |TAMS 0x00000000b4700000, 0x00000000b4700000| Complete 
| 840|0x00000000b4800000, 0x00000000b4900000, 0x00000000b4900000|100%|HC|  |TAMS 0x00000000b4800000, 0x00000000b4800000| Complete 
| 841|0x00000000b4900000, 0x00000000b4a00000, 0x00000000b4a00000|100%|HC|  |TAMS 0x00000000b4900000, 0x00000000b4900000| Complete 
| 842|0x00000000b4a00000, 0x00000000b4b00000, 0x00000000b4b00000|100%|HC|  |TAMS 0x00000000b4a00000, 0x00000000b4a00000| Complete 
| 843|0x00000000b4b00000, 0x00000000b4c00000, 0x00000000b4c00000|100%|HC|  |TAMS 0x00000000b4b00000, 0x00000000b4b00000| Complete 
| 844|0x00000000b4c00000, 0x00000000b4d00000, 0x00000000b4d00000|100%|HC|  |TAMS 0x00000000b4c00000, 0x00000000b4c00000| Complete 
| 845|0x00000000b4d00000, 0x00000000b4e00000, 0x00000000b4e00000|100%|HC|  |TAMS 0x00000000b4d00000, 0x00000000b4d00000| Complete 
| 846|0x00000000b4e00000, 0x00000000b4f00000, 0x00000000b4f00000|100%|HC|  |TAMS 0x00000000b4e00000, 0x00000000b4e00000| Complete 
| 847|0x00000000b4f00000, 0x00000000b5000000, 0x00000000b5000000|100%|HC|  |TAMS 0x00000000b4f00000, 0x00000000b4f00000| Complete 
| 848|0x00000000b5000000, 0x00000000b5100000, 0x00000000b5100000|100%|HC|  |TAMS 0x00000000b5000000, 0x00000000b5000000| Complete 
| 849|0x00000000b5100000, 0x00000000b5200000, 0x00000000b5200000|100%|HC|  |TAMS 0x00000000b5100000, 0x00000000b5100000| Complete 
| 850|0x00000000b5200000, 0x00000000b5300000, 0x00000000b5300000|100%|HC|  |TAMS 0x00000000b5200000, 0x00000000b5200000| Complete 
| 851|0x00000000b5300000, 0x00000000b5400000, 0x00000000b5400000|100%|HC|  |TAMS 0x00000000b5300000, 0x00000000b5300000| Complete 
| 852|0x00000000b5400000, 0x00000000b5500000, 0x00000000b5500000|100%|HC|  |TAMS 0x00000000b5400000, 0x00000000b5400000| Complete 
| 853|0x00000000b5500000, 0x00000000b5600000, 0x00000000b5600000|100%|HC|  |TAMS 0x00000000b5500000, 0x00000000b5500000| Complete 
| 854|0x00000000b5600000, 0x00000000b5700000, 0x00000000b5700000|100%|HC|  |TAMS 0x00000000b5600000, 0x00000000b5600000| Complete 
| 855|0x00000000b5700000, 0x00000000b5800000, 0x00000000b5800000|100%|HC|  |TAMS 0x00000000b5700000, 0x00000000b5700000| Complete 
| 856|0x00000000b5800000, 0x00000000b5900000, 0x00000000b5900000|100%|HC|  |TAMS 0x00000000b5800000, 0x00000000b5800000| Complete 
| 857|0x00000000b5900000, 0x00000000b5a00000, 0x00000000b5a00000|100%|HC|  |TAMS 0x00000000b5900000, 0x00000000b5900000| Complete 
| 858|0x00000000b5a00000, 0x00000000b5b00000, 0x00000000b5b00000|100%|HC|  |TAMS 0x00000000b5a00000, 0x00000000b5a00000| Complete 
| 859|0x00000000b5b00000, 0x00000000b5c00000, 0x00000000b5c00000|100%|HC|  |TAMS 0x00000000b5b00000, 0x00000000b5b00000| Complete 
| 860|0x00000000b5c00000, 0x00000000b5d00000, 0x00000000b5d00000|100%|HC|  |TAMS 0x00000000b5c00000, 0x00000000b5c00000| Complete 
| 861|0x00000000b5d00000, 0x00000000b5e00000, 0x00000000b5e00000|100%|HC|  |TAMS 0x00000000b5d00000, 0x00000000b5d00000| Complete 
| 862|0x00000000b5e00000, 0x00000000b5f00000, 0x00000000b5f00000|100%|HC|  |TAMS 0x00000000b5e00000, 0x00000000b5e00000| Complete 
| 863|0x00000000b5f00000, 0x00000000b6000000, 0x00000000b6000000|100%|HC|  |TAMS 0x00000000b5f00000, 0x00000000b5f00000| Complete 
| 864|0x00000000b6000000, 0x00000000b6100000, 0x00000000b6100000|100%|HC|  |TAMS 0x00000000b6000000, 0x00000000b6000000| Complete 
| 865|0x00000000b6100000, 0x00000000b6200000, 0x00000000b6200000|100%|HC|  |TAMS 0x00000000b6100000, 0x00000000b6100000| Complete 
| 866|0x00000000b6200000, 0x00000000b6300000, 0x00000000b6300000|100%|HC|  |TAMS 0x00000000b6200000, 0x00000000b6200000| Complete 
| 867|0x00000000b6300000, 0x00000000b6400000, 0x00000000b6400000|100%|HC|  |TAMS 0x00000000b6300000, 0x00000000b6300000| Complete 
| 868|0x00000000b6400000, 0x00000000b6500000, 0x00000000b6500000|100%|HC|  |TAMS 0x00000000b6400000, 0x00000000b6400000| Complete 
| 869|0x00000000b6500000, 0x00000000b6600000, 0x00000000b6600000|100%|HC|  |TAMS 0x00000000b6500000, 0x00000000b6500000| Complete 
| 870|0x00000000b6600000, 0x00000000b6700000, 0x00000000b6700000|100%|HC|  |TAMS 0x00000000b6600000, 0x00000000b6600000| Complete 
| 871|0x00000000b6700000, 0x00000000b6800000, 0x00000000b6800000|100%|HC|  |TAMS 0x00000000b6700000, 0x00000000b6700000| Complete 
| 872|0x00000000b6800000, 0x00000000b6900000, 0x00000000b6900000|100%|HC|  |TAMS 0x00000000b6800000, 0x00000000b6800000| Complete 
| 873|0x00000000b6900000, 0x00000000b6a00000, 0x00000000b6a00000|100%|HC|  |TAMS 0x00000000b6900000, 0x00000000b6900000| Complete 
| 874|0x00000000b6a00000, 0x00000000b6b00000, 0x00000000b6b00000|100%|HC|  |TAMS 0x00000000b6a00000, 0x00000000b6a00000| Complete 
| 875|0x00000000b6b00000, 0x00000000b6c00000, 0x00000000b6c00000|100%|HC|  |TAMS 0x00000000b6b00000, 0x00000000b6b00000| Complete 
| 876|0x00000000b6c00000, 0x00000000b6d00000, 0x00000000b6d00000|100%|HC|  |TAMS 0x00000000b6c00000, 0x00000000b6c00000| Complete 
| 877|0x00000000b6d00000, 0x00000000b6e00000, 0x00000000b6e00000|100%|HC|  |TAMS 0x00000000b6d00000, 0x00000000b6d00000| Complete 
| 878|0x00000000b6e00000, 0x00000000b6f00000, 0x00000000b6f00000|100%|HC|  |TAMS 0x00000000b6e00000, 0x00000000b6e00000| Complete 
| 879|0x00000000b6f00000, 0x00000000b7000000, 0x00000000b7000000|100%|HC|  |TAMS 0x00000000b6f00000, 0x00000000b6f00000| Complete 
| 880|0x00000000b7000000, 0x00000000b7100000, 0x00000000b7100000|100%|HC|  |TAMS 0x00000000b7000000, 0x00000000b7000000| Complete 
| 881|0x00000000b7100000, 0x00000000b7200000, 0x00000000b7200000|100%|HC|  |TAMS 0x00000000b7100000, 0x00000000b7100000| Complete 
| 882|0x00000000b7200000, 0x00000000b7300000, 0x00000000b7300000|100%|HC|  |TAMS 0x00000000b7200000, 0x00000000b7200000| Complete 
| 883|0x00000000b7300000, 0x00000000b7400000, 0x00000000b7400000|100%|HC|  |TAMS 0x00000000b7300000, 0x00000000b7300000| Complete 
| 884|0x00000000b7400000, 0x00000000b7500000, 0x00000000b7500000|100%|HC|  |TAMS 0x00000000b7400000, 0x00000000b7400000| Complete 
| 885|0x00000000b7500000, 0x00000000b7600000, 0x00000000b7600000|100%|HC|  |TAMS 0x00000000b7500000, 0x00000000b7500000| Complete 
| 886|0x00000000b7600000, 0x00000000b7700000, 0x00000000b7700000|100%|HC|  |TAMS 0x00000000b7600000, 0x00000000b7600000| Complete 
| 887|0x00000000b7700000, 0x00000000b7800000, 0x00000000b7800000|100%|HC|  |TAMS 0x00000000b7700000, 0x00000000b7700000| Complete 
| 888|0x00000000b7800000, 0x00000000b7900000, 0x00000000b7900000|100%|HC|  |TAMS 0x00000000b7800000, 0x00000000b7800000| Complete 
| 889|0x00000000b7900000, 0x00000000b7a00000, 0x00000000b7a00000|100%|HC|  |TAMS 0x00000000b7900000, 0x00000000b7900000| Complete 
| 890|0x00000000b7a00000, 0x00000000b7b00000, 0x00000000b7b00000|100%|HC|  |TAMS 0x00000000b7a00000, 0x00000000b7a00000| Complete 
| 891|0x00000000b7b00000, 0x00000000b7c00000, 0x00000000b7c00000|100%|HC|  |TAMS 0x00000000b7b00000, 0x00000000b7b00000| Complete 
| 892|0x00000000b7c00000, 0x00000000b7d00000, 0x00000000b7d00000|100%|HC|  |TAMS 0x00000000b7c00000, 0x00000000b7c00000| Complete 
| 893|0x00000000b7d00000, 0x00000000b7e00000, 0x00000000b7e00000|100%|HC|  |TAMS 0x00000000b7d00000, 0x00000000b7d00000| Complete 
| 894|0x00000000b7e00000, 0x00000000b7f00000, 0x00000000b7f00000|100%|HC|  |TAMS 0x00000000b7e00000, 0x00000000b7e00000| Complete 
| 895|0x00000000b7f00000, 0x00000000b8000000, 0x00000000b8000000|100%|HC|  |TAMS 0x00000000b7f00000, 0x00000000b7f00000| Complete 
| 896|0x00000000b8000000, 0x00000000b8100000, 0x00000000b8100000|100%|HC|  |TAMS 0x00000000b8000000, 0x00000000b8000000| Complete 
| 897|0x00000000b8100000, 0x00000000b8200000, 0x00000000b8200000|100%|HC|  |TAMS 0x00000000b8100000, 0x00000000b8100000| Complete 
| 898|0x00000000b8200000, 0x00000000b8300000, 0x00000000b8300000|100%|HC|  |TAMS 0x00000000b8200000, 0x00000000b8200000| Complete 
| 899|0x00000000b8300000, 0x00000000b8400000, 0x00000000b8400000|100%|HC|  |TAMS 0x00000000b8300000, 0x00000000b8300000| Complete 
| 900|0x00000000b8400000, 0x00000000b8500000, 0x00000000b8500000|100%|HC|  |TAMS 0x00000000b8400000, 0x00000000b8400000| Complete 
| 901|0x00000000b8500000, 0x00000000b8600000, 0x00000000b8600000|100%|HC|  |TAMS 0x00000000b8500000, 0x00000000b8500000| Complete 
| 902|0x00000000b8600000, 0x00000000b8700000, 0x00000000b8700000|100%|HC|  |TAMS 0x00000000b8600000, 0x00000000b8600000| Complete 
| 903|0x00000000b8700000, 0x00000000b8800000, 0x00000000b8800000|100%|HC|  |TAMS 0x00000000b8700000, 0x00000000b8700000| Complete 
| 904|0x00000000b8800000, 0x00000000b8900000, 0x00000000b8900000|100%|HC|  |TAMS 0x00000000b8800000, 0x00000000b8800000| Complete 
| 905|0x00000000b8900000, 0x00000000b8a00000, 0x00000000b8a00000|100%|HC|  |TAMS 0x00000000b8900000, 0x00000000b8900000| Complete 
| 906|0x00000000b8a00000, 0x00000000b8b00000, 0x00000000b8b00000|100%|HC|  |TAMS 0x00000000b8a00000, 0x00000000b8a00000| Complete 
| 907|0x00000000b8b00000, 0x00000000b8b00000, 0x00000000b8c00000|  0%| F|  |TAMS 0x00000000b8b00000, 0x00000000b8b00000| Untracked 
| 908|0x00000000b8c00000, 0x00000000b8c00000, 0x00000000b8d00000|  0%| F|  |TAMS 0x00000000b8c00000, 0x00000000b8c00000| Untracked 
| 909|0x00000000b8d00000, 0x00000000b8d00000, 0x00000000b8e00000|  0%| F|  |TAMS 0x00000000b8d00000, 0x00000000b8d00000| Untracked 
| 910|0x00000000b8e00000, 0x00000000b8e00000, 0x00000000b8f00000|  0%| F|  |TAMS 0x00000000b8e00000, 0x00000000b8e00000| Untracked 
| 911|0x00000000b8f00000, 0x00000000b8f00000, 0x00000000b9000000|  0%| F|  |TAMS 0x00000000b8f00000, 0x00000000b8f00000| Untracked 
| 912|0x00000000b9000000, 0x00000000b9000000, 0x00000000b9100000|  0%| F|  |TAMS 0x00000000b9000000, 0x00000000b9000000| Untracked 
| 913|0x00000000b9100000, 0x00000000b9100000, 0x00000000b9200000|  0%| F|  |TAMS 0x00000000b9100000, 0x00000000b9100000| Untracked 
| 914|0x00000000b9200000, 0x00000000b9200000, 0x00000000b9300000|  0%| F|  |TAMS 0x00000000b9200000, 0x00000000b9200000| Untracked 
| 915|0x00000000b9300000, 0x00000000b9300000, 0x00000000b9400000|  0%| F|  |TAMS 0x00000000b9300000, 0x00000000b9300000| Untracked 
| 916|0x00000000b9400000, 0x00000000b9400000, 0x00000000b9500000|  0%| F|  |TAMS 0x00000000b9400000, 0x00000000b9400000| Untracked 
| 917|0x00000000b9500000, 0x00000000b9500000, 0x00000000b9600000|  0%| F|  |TAMS 0x00000000b9500000, 0x00000000b9500000| Untracked 
| 918|0x00000000b9600000, 0x00000000b962d418, 0x00000000b9700000| 17%| S|CS|TAMS 0x00000000b9600000, 0x00000000b9600000| Complete 
| 919|0x00000000b9700000, 0x00000000b9800000, 0x00000000b9800000|100%| S|CS|TAMS 0x00000000b9700000, 0x00000000b9700000| Complete 
| 920|0x00000000b9800000, 0x00000000b9900000, 0x00000000b9900000|100%| S|CS|TAMS 0x00000000b9800000, 0x00000000b9800000| Complete 
| 921|0x00000000b9900000, 0x00000000b9a00000, 0x00000000b9a00000|100%| S|CS|TAMS 0x00000000b9900000, 0x00000000b9900000| Complete 
| 922|0x00000000b9a00000, 0x00000000b9a00000, 0x00000000b9b00000|  0%| F|  |TAMS 0x00000000b9a00000, 0x00000000b9a00000| Untracked 
| 923|0x00000000b9b00000, 0x00000000b9b00000, 0x00000000b9c00000|  0%| F|  |TAMS 0x00000000b9b00000, 0x00000000b9b00000| Untracked 
| 924|0x00000000b9c00000, 0x00000000b9c00000, 0x00000000b9d00000|  0%| F|  |TAMS 0x00000000b9c00000, 0x00000000b9c00000| Untracked 
| 925|0x00000000b9d00000, 0x00000000b9d00000, 0x00000000b9e00000|  0%| F|  |TAMS 0x00000000b9d00000, 0x00000000b9d00000| Untracked 
| 926|0x00000000b9e00000, 0x00000000b9e00000, 0x00000000b9f00000|  0%| F|  |TAMS 0x00000000b9e00000, 0x00000000b9e00000| Untracked 
| 927|0x00000000b9f00000, 0x00000000b9f00000, 0x00000000ba000000|  0%| F|  |TAMS 0x00000000b9f00000, 0x00000000b9f00000| Untracked 
| 928|0x00000000ba000000, 0x00000000ba000000, 0x00000000ba100000|  0%| F|  |TAMS 0x00000000ba000000, 0x00000000ba000000| Untracked 
| 929|0x00000000ba100000, 0x00000000ba100000, 0x00000000ba200000|  0%| F|  |TAMS 0x00000000ba100000, 0x00000000ba100000| Untracked 
| 930|0x00000000ba200000, 0x00000000ba200000, 0x00000000ba300000|  0%| F|  |TAMS 0x00000000ba200000, 0x00000000ba200000| Untracked 
| 931|0x00000000ba300000, 0x00000000ba300000, 0x00000000ba400000|  0%| F|  |TAMS 0x00000000ba300000, 0x00000000ba300000| Untracked 
| 932|0x00000000ba400000, 0x00000000ba400000, 0x00000000ba500000|  0%| F|  |TAMS 0x00000000ba400000, 0x00000000ba400000| Untracked 
| 933|0x00000000ba500000, 0x00000000ba500000, 0x00000000ba600000|  0%| F|  |TAMS 0x00000000ba500000, 0x00000000ba500000| Untracked 
| 934|0x00000000ba600000, 0x00000000ba600000, 0x00000000ba700000|  0%| F|  |TAMS 0x00000000ba600000, 0x00000000ba600000| Untracked 
| 935|0x00000000ba700000, 0x00000000ba700000, 0x00000000ba800000|  0%| F|  |TAMS 0x00000000ba700000, 0x00000000ba700000| Untracked 
| 936|0x00000000ba800000, 0x00000000ba800000, 0x00000000ba900000|  0%| F|  |TAMS 0x00000000ba800000, 0x00000000ba800000| Untracked 
| 937|0x00000000ba900000, 0x00000000ba900000, 0x00000000baa00000|  0%| F|  |TAMS 0x00000000ba900000, 0x00000000ba900000| Untracked 
| 938|0x00000000baa00000, 0x00000000baa00000, 0x00000000bab00000|  0%| F|  |TAMS 0x00000000baa00000, 0x00000000baa00000| Untracked 
| 939|0x00000000bab00000, 0x00000000bab00000, 0x00000000bac00000|  0%| F|  |TAMS 0x00000000bab00000, 0x00000000bab00000| Untracked 
| 940|0x00000000bac00000, 0x00000000bac00000, 0x00000000bad00000|  0%| F|  |TAMS 0x00000000bac00000, 0x00000000bac00000| Untracked 
| 941|0x00000000bad00000, 0x00000000bad00000, 0x00000000bae00000|  0%| F|  |TAMS 0x00000000bad00000, 0x00000000bad00000| Untracked 
| 942|0x00000000bae00000, 0x00000000bae00000, 0x00000000baf00000|  0%| F|  |TAMS 0x00000000bae00000, 0x00000000bae00000| Untracked 
| 943|0x00000000baf00000, 0x00000000baf00000, 0x00000000bb000000|  0%| F|  |TAMS 0x00000000baf00000, 0x00000000baf00000| Untracked 
| 944|0x00000000bb000000, 0x00000000bb000000, 0x00000000bb100000|  0%| F|  |TAMS 0x00000000bb000000, 0x00000000bb000000| Untracked 
| 945|0x00000000bb100000, 0x00000000bb100000, 0x00000000bb200000|  0%| F|  |TAMS 0x00000000bb100000, 0x00000000bb100000| Untracked 
| 946|0x00000000bb200000, 0x00000000bb200000, 0x00000000bb300000|  0%| F|  |TAMS 0x00000000bb200000, 0x00000000bb200000| Untracked 
| 947|0x00000000bb300000, 0x00000000bb300000, 0x00000000bb400000|  0%| F|  |TAMS 0x00000000bb300000, 0x00000000bb300000| Untracked 
| 948|0x00000000bb400000, 0x00000000bb400000, 0x00000000bb500000|  0%| F|  |TAMS 0x00000000bb400000, 0x00000000bb400000| Untracked 
| 949|0x00000000bb500000, 0x00000000bb500000, 0x00000000bb600000|  0%| F|  |TAMS 0x00000000bb500000, 0x00000000bb500000| Untracked 
| 950|0x00000000bb600000, 0x00000000bb600000, 0x00000000bb700000|  0%| F|  |TAMS 0x00000000bb600000, 0x00000000bb600000| Untracked 
| 951|0x00000000bb700000, 0x00000000bb700000, 0x00000000bb800000|  0%| F|  |TAMS 0x00000000bb700000, 0x00000000bb700000| Untracked 
| 952|0x00000000bb800000, 0x00000000bb800000, 0x00000000bb900000|  0%| F|  |TAMS 0x00000000bb800000, 0x00000000bb800000| Untracked 
| 953|0x00000000bb900000, 0x00000000bb900000, 0x00000000bba00000|  0%| F|  |TAMS 0x00000000bb900000, 0x00000000bb900000| Untracked 
| 954|0x00000000bba00000, 0x00000000bba00000, 0x00000000bbb00000|  0%| F|  |TAMS 0x00000000bba00000, 0x00000000bba00000| Untracked 
| 955|0x00000000bbb00000, 0x00000000bbb00000, 0x00000000bbc00000|  0%| F|  |TAMS 0x00000000bbb00000, 0x00000000bbb00000| Untracked 
| 956|0x00000000bbc00000, 0x00000000bbc00000, 0x00000000bbd00000|  0%| F|  |TAMS 0x00000000bbc00000, 0x00000000bbc00000| Untracked 
| 957|0x00000000bbd00000, 0x00000000bbd00000, 0x00000000bbe00000|  0%| F|  |TAMS 0x00000000bbd00000, 0x00000000bbd00000| Untracked 
| 958|0x00000000bbe00000, 0x00000000bbe00000, 0x00000000bbf00000|  0%| F|  |TAMS 0x00000000bbe00000, 0x00000000bbe00000| Untracked 
| 959|0x00000000bbf00000, 0x00000000bbf00000, 0x00000000bc000000|  0%| F|  |TAMS 0x00000000bbf00000, 0x00000000bbf00000| Untracked 
| 960|0x00000000bc000000, 0x00000000bc000000, 0x00000000bc100000|  0%| F|  |TAMS 0x00000000bc000000, 0x00000000bc000000| Untracked 
| 961|0x00000000bc100000, 0x00000000bc100000, 0x00000000bc200000|  0%| F|  |TAMS 0x00000000bc100000, 0x00000000bc100000| Untracked 
| 962|0x00000000bc200000, 0x00000000bc200000, 0x00000000bc300000|  0%| F|  |TAMS 0x00000000bc200000, 0x00000000bc200000| Untracked 
| 963|0x00000000bc300000, 0x00000000bc300000, 0x00000000bc400000|  0%| F|  |TAMS 0x00000000bc300000, 0x00000000bc300000| Untracked 
| 964|0x00000000bc400000, 0x00000000bc400000, 0x00000000bc500000|  0%| F|  |TAMS 0x00000000bc400000, 0x00000000bc400000| Untracked 
| 965|0x00000000bc500000, 0x00000000bc500000, 0x00000000bc600000|  0%| F|  |TAMS 0x00000000bc500000, 0x00000000bc500000| Untracked 
| 966|0x00000000bc600000, 0x00000000bc600000, 0x00000000bc700000|  0%| F|  |TAMS 0x00000000bc600000, 0x00000000bc600000| Untracked 
| 967|0x00000000bc700000, 0x00000000bc700000, 0x00000000bc800000|  0%| F|  |TAMS 0x00000000bc700000, 0x00000000bc700000| Untracked 
| 968|0x00000000bc800000, 0x00000000bc800000, 0x00000000bc900000|  0%| F|  |TAMS 0x00000000bc800000, 0x00000000bc800000| Untracked 
| 969|0x00000000bc900000, 0x00000000bc900000, 0x00000000bca00000|  0%| F|  |TAMS 0x00000000bc900000, 0x00000000bc900000| Untracked 
| 970|0x00000000bca00000, 0x00000000bca00000, 0x00000000bcb00000|  0%| F|  |TAMS 0x00000000bca00000, 0x00000000bca00000| Untracked 
| 971|0x00000000bcb00000, 0x00000000bcb00000, 0x00000000bcc00000|  0%| F|  |TAMS 0x00000000bcb00000, 0x00000000bcb00000| Untracked 
| 972|0x00000000bcc00000, 0x00000000bcc00000, 0x00000000bcd00000|  0%| F|  |TAMS 0x00000000bcc00000, 0x00000000bcc00000| Untracked 
| 973|0x00000000bcd00000, 0x00000000bcd00000, 0x00000000bce00000|  0%| F|  |TAMS 0x00000000bcd00000, 0x00000000bcd00000| Untracked 
| 974|0x00000000bce00000, 0x00000000bce00000, 0x00000000bcf00000|  0%| F|  |TAMS 0x00000000bce00000, 0x00000000bce00000| Untracked 
| 975|0x00000000bcf00000, 0x00000000bcf00000, 0x00000000bd000000|  0%| F|  |TAMS 0x00000000bcf00000, 0x00000000bcf00000| Untracked 
| 976|0x00000000bd000000, 0x00000000bd000000, 0x00000000bd100000|  0%| F|  |TAMS 0x00000000bd000000, 0x00000000bd000000| Untracked 
| 977|0x00000000bd100000, 0x00000000bd100000, 0x00000000bd200000|  0%| F|  |TAMS 0x00000000bd100000, 0x00000000bd100000| Untracked 
| 978|0x00000000bd200000, 0x00000000bd200000, 0x00000000bd300000|  0%| F|  |TAMS 0x00000000bd200000, 0x00000000bd200000| Untracked 
| 979|0x00000000bd300000, 0x00000000bd300000, 0x00000000bd400000|  0%| F|  |TAMS 0x00000000bd300000, 0x00000000bd300000| Untracked 
| 980|0x00000000bd400000, 0x00000000bd400000, 0x00000000bd500000|  0%| F|  |TAMS 0x00000000bd400000, 0x00000000bd400000| Untracked 
| 981|0x00000000bd500000, 0x00000000bd500000, 0x00000000bd600000|  0%| F|  |TAMS 0x00000000bd500000, 0x00000000bd500000| Untracked 
| 982|0x00000000bd600000, 0x00000000bd700000, 0x00000000bd700000|100%| E|  |TAMS 0x00000000bd600000, 0x00000000bd600000| Complete 
| 983|0x00000000bd700000, 0x00000000bd700000, 0x00000000bd800000|  0%| F|  |TAMS 0x00000000bd700000, 0x00000000bd700000| Untracked 
| 984|0x00000000bd800000, 0x00000000bd800000, 0x00000000bd900000|  0%| F|  |TAMS 0x00000000bd800000, 0x00000000bd800000| Untracked 
| 985|0x00000000bd900000, 0x00000000bd900000, 0x00000000bda00000|  0%| F|  |TAMS 0x00000000bd900000, 0x00000000bd900000| Untracked 
| 986|0x00000000bda00000, 0x00000000bda00000, 0x00000000bdb00000|  0%| F|  |TAMS 0x00000000bda00000, 0x00000000bda00000| Untracked 
| 987|0x00000000bdb00000, 0x00000000bdb00000, 0x00000000bdc00000|  0%| F|  |TAMS 0x00000000bdb00000, 0x00000000bdb00000| Untracked 
| 988|0x00000000bdc00000, 0x00000000bdc00000, 0x00000000bdd00000|  0%| F|  |TAMS 0x00000000bdc00000, 0x00000000bdc00000| Untracked 
| 989|0x00000000bdd00000, 0x00000000bdd00000, 0x00000000bde00000|  0%| F|  |TAMS 0x00000000bdd00000, 0x00000000bdd00000| Untracked 
| 990|0x00000000bde00000, 0x00000000bde00000, 0x00000000bdf00000|  0%| F|  |TAMS 0x00000000bde00000, 0x00000000bde00000| Untracked 
| 991|0x00000000bdf00000, 0x00000000bdf00000, 0x00000000be000000|  0%| F|  |TAMS 0x00000000bdf00000, 0x00000000bdf00000| Untracked 
| 992|0x00000000be000000, 0x00000000be000000, 0x00000000be100000|  0%| F|  |TAMS 0x00000000be000000, 0x00000000be000000| Untracked 
| 993|0x00000000be100000, 0x00000000be100000, 0x00000000be200000|  0%| F|  |TAMS 0x00000000be100000, 0x00000000be100000| Untracked 
| 994|0x00000000be200000, 0x00000000be200000, 0x00000000be300000|  0%| F|  |TAMS 0x00000000be200000, 0x00000000be200000| Untracked 
| 995|0x00000000be300000, 0x00000000be300000, 0x00000000be400000|  0%| F|  |TAMS 0x00000000be300000, 0x00000000be300000| Untracked 
| 996|0x00000000be400000, 0x00000000be400000, 0x00000000be500000|  0%| F|  |TAMS 0x00000000be400000, 0x00000000be400000| Untracked 
| 997|0x00000000be500000, 0x00000000be500000, 0x00000000be600000|  0%| F|  |TAMS 0x00000000be500000, 0x00000000be500000| Untracked 
| 998|0x00000000be600000, 0x00000000be600000, 0x00000000be700000|  0%| F|  |TAMS 0x00000000be600000, 0x00000000be600000| Untracked 
| 999|0x00000000be700000, 0x00000000be700000, 0x00000000be800000|  0%| F|  |TAMS 0x00000000be700000, 0x00000000be700000| Untracked 
|1000|0x00000000be800000, 0x00000000be800000, 0x00000000be900000|  0%| F|  |TAMS 0x00000000be800000, 0x00000000be800000| Untracked 
|1001|0x00000000be900000, 0x00000000be900000, 0x00000000bea00000|  0%| F|  |TAMS 0x00000000be900000, 0x00000000be900000| Untracked 
|1002|0x00000000bea00000, 0x00000000bea00000, 0x00000000beb00000|  0%| F|  |TAMS 0x00000000bea00000, 0x00000000bea00000| Untracked 
|1003|0x00000000beb00000, 0x00000000beb00000, 0x00000000bec00000|  0%| F|  |TAMS 0x00000000beb00000, 0x00000000beb00000| Untracked 
|1004|0x00000000bec00000, 0x00000000bec00000, 0x00000000bed00000|  0%| F|  |TAMS 0x00000000bec00000, 0x00000000bec00000| Untracked 
|1005|0x00000000bed00000, 0x00000000bed00000, 0x00000000bee00000|  0%| F|  |TAMS 0x00000000bed00000, 0x00000000bed00000| Untracked 
|1006|0x00000000bee00000, 0x00000000bee00000, 0x00000000bef00000|  0%| F|  |TAMS 0x00000000bee00000, 0x00000000bee00000| Untracked 
|1007|0x00000000bef00000, 0x00000000bef00000, 0x00000000bf000000|  0%| F|  |TAMS 0x00000000bef00000, 0x00000000bef00000| Untracked 
|1008|0x00000000bf000000, 0x00000000bf000000, 0x00000000bf100000|  0%| F|  |TAMS 0x00000000bf000000, 0x00000000bf000000| Untracked 
|1009|0x00000000bf100000, 0x00000000bf100000, 0x00000000bf200000|  0%| F|  |TAMS 0x00000000bf100000, 0x00000000bf100000| Untracked 
|1010|0x00000000bf200000, 0x00000000bf200000, 0x00000000bf300000|  0%| F|  |TAMS 0x00000000bf200000, 0x00000000bf200000| Untracked 
|1011|0x00000000bf300000, 0x00000000bf300000, 0x00000000bf400000|  0%| F|  |TAMS 0x00000000bf300000, 0x00000000bf300000| Untracked 
|1012|0x00000000bf400000, 0x00000000bf400000, 0x00000000bf500000|  0%| F|  |TAMS 0x00000000bf400000, 0x00000000bf400000| Untracked 
|1013|0x00000000bf500000, 0x00000000bf500000, 0x00000000bf600000|  0%| F|  |TAMS 0x00000000bf500000, 0x00000000bf500000| Untracked 
|1014|0x00000000bf600000, 0x00000000bf600000, 0x00000000bf700000|  0%| F|  |TAMS 0x00000000bf600000, 0x00000000bf600000| Untracked 
|1015|0x00000000bf700000, 0x00000000bf700000, 0x00000000bf800000|  0%| F|  |TAMS 0x00000000bf700000, 0x00000000bf700000| Untracked 
|1016|0x00000000bf800000, 0x00000000bf800000, 0x00000000bf900000|  0%| F|  |TAMS 0x00000000bf800000, 0x00000000bf800000| Untracked 
|1017|0x00000000bf900000, 0x00000000bf900000, 0x00000000bfa00000|  0%| F|  |TAMS 0x00000000bf900000, 0x00000000bf900000| Untracked 
|1018|0x00000000bfa00000, 0x00000000bfa00000, 0x00000000bfb00000|  0%| F|  |TAMS 0x00000000bfa00000, 0x00000000bfa00000| Untracked 
|1019|0x00000000bfb00000, 0x00000000bfb00000, 0x00000000bfc00000|  0%| F|  |TAMS 0x00000000bfb00000, 0x00000000bfb00000| Untracked 
|1020|0x00000000bfc00000, 0x00000000bfc00000, 0x00000000bfd00000|  0%| F|  |TAMS 0x00000000bfc00000, 0x00000000bfc00000| Untracked 
|1021|0x00000000bfd00000, 0x00000000bfd00000, 0x00000000bfe00000|  0%| F|  |TAMS 0x00000000bfd00000, 0x00000000bfd00000| Untracked 
|1022|0x00000000bfe00000, 0x00000000bfe00000, 0x00000000bff00000|  0%| F|  |TAMS 0x00000000bfe00000, 0x00000000bfe00000| Untracked 
|1023|0x00000000bff00000, 0x00000000bff00000, 0x00000000c0000000|  0%| F|  |TAMS 0x00000000bff00000, 0x00000000bff00000| Untracked 
|1024|0x00000000c0000000, 0x00000000c0000000, 0x00000000c0100000|  0%| F|  |TAMS 0x00000000c0000000, 0x00000000c0000000| Untracked 
|1025|0x00000000c0100000, 0x00000000c0100000, 0x00000000c0200000|  0%| F|  |TAMS 0x00000000c0100000, 0x00000000c0100000| Untracked 
|1026|0x00000000c0200000, 0x00000000c0200000, 0x00000000c0300000|  0%| F|  |TAMS 0x00000000c0200000, 0x00000000c0200000| Untracked 
|1027|0x00000000c0300000, 0x00000000c0300000, 0x00000000c0400000|  0%| F|  |TAMS 0x00000000c0300000, 0x00000000c0300000| Untracked 
|1028|0x00000000c0400000, 0x00000000c0400000, 0x00000000c0500000|  0%| F|  |TAMS 0x00000000c0400000, 0x00000000c0400000| Untracked 
|1029|0x00000000c0500000, 0x00000000c0500000, 0x00000000c0600000|  0%| F|  |TAMS 0x00000000c0500000, 0x00000000c0500000| Untracked 
|1030|0x00000000c0600000, 0x00000000c0600000, 0x00000000c0700000|  0%| F|  |TAMS 0x00000000c0600000, 0x00000000c0600000| Untracked 
|1031|0x00000000c0700000, 0x00000000c0700000, 0x00000000c0800000|  0%| F|  |TAMS 0x00000000c0700000, 0x00000000c0700000| Untracked 
|1032|0x00000000c0800000, 0x00000000c0800000, 0x00000000c0900000|  0%| F|  |TAMS 0x00000000c0800000, 0x00000000c0800000| Untracked 
|1033|0x00000000c0900000, 0x00000000c0900000, 0x00000000c0a00000|  0%| F|  |TAMS 0x00000000c0900000, 0x00000000c0900000| Untracked 
|1034|0x00000000c0a00000, 0x00000000c0a00000, 0x00000000c0b00000|  0%| F|  |TAMS 0x00000000c0a00000, 0x00000000c0a00000| Untracked 
|1035|0x00000000c0b00000, 0x00000000c0b00000, 0x00000000c0c00000|  0%| F|  |TAMS 0x00000000c0b00000, 0x00000000c0b00000| Untracked 
|1036|0x00000000c0c00000, 0x00000000c0c00000, 0x00000000c0d00000|  0%| F|  |TAMS 0x00000000c0c00000, 0x00000000c0c00000| Untracked 
|1037|0x00000000c0d00000, 0x00000000c0d00000, 0x00000000c0e00000|  0%| F|  |TAMS 0x00000000c0d00000, 0x00000000c0d00000| Untracked 
|1038|0x00000000c0e00000, 0x00000000c0e00000, 0x00000000c0f00000|  0%| F|  |TAMS 0x00000000c0e00000, 0x00000000c0e00000| Untracked 
|1039|0x00000000c0f00000, 0x00000000c0f00000, 0x00000000c1000000|  0%| F|  |TAMS 0x00000000c0f00000, 0x00000000c0f00000| Untracked 
|1040|0x00000000c1000000, 0x00000000c1000000, 0x00000000c1100000|  0%| F|  |TAMS 0x00000000c1000000, 0x00000000c1000000| Untracked 
|1041|0x00000000c1100000, 0x00000000c1100000, 0x00000000c1200000|  0%| F|  |TAMS 0x00000000c1100000, 0x00000000c1100000| Untracked 
|1042|0x00000000c1200000, 0x00000000c1200000, 0x00000000c1300000|  0%| F|  |TAMS 0x00000000c1200000, 0x00000000c1200000| Untracked 
|1043|0x00000000c1300000, 0x00000000c1300000, 0x00000000c1400000|  0%| F|  |TAMS 0x00000000c1300000, 0x00000000c1300000| Untracked 
|1044|0x00000000c1400000, 0x00000000c1400000, 0x00000000c1500000|  0%| F|  |TAMS 0x00000000c1400000, 0x00000000c1400000| Untracked 
|1045|0x00000000c1500000, 0x00000000c1500000, 0x00000000c1600000|  0%| F|  |TAMS 0x00000000c1500000, 0x00000000c1500000| Untracked 
|1046|0x00000000c1600000, 0x00000000c1600000, 0x00000000c1700000|  0%| F|  |TAMS 0x00000000c1600000, 0x00000000c1600000| Untracked 
|1047|0x00000000c1700000, 0x00000000c1700000, 0x00000000c1800000|  0%| F|  |TAMS 0x00000000c1700000, 0x00000000c1700000| Untracked 
|1048|0x00000000c1800000, 0x00000000c1800000, 0x00000000c1900000|  0%| F|  |TAMS 0x00000000c1800000, 0x00000000c1800000| Untracked 
|1049|0x00000000c1900000, 0x00000000c1900000, 0x00000000c1a00000|  0%| F|  |TAMS 0x00000000c1900000, 0x00000000c1900000| Untracked 
|1050|0x00000000c1a00000, 0x00000000c1a00000, 0x00000000c1b00000|  0%| F|  |TAMS 0x00000000c1a00000, 0x00000000c1a00000| Untracked 
|1051|0x00000000c1b00000, 0x00000000c1b00000, 0x00000000c1c00000|  0%| F|  |TAMS 0x00000000c1b00000, 0x00000000c1b00000| Untracked 
|1052|0x00000000c1c00000, 0x00000000c1c00000, 0x00000000c1d00000|  0%| F|  |TAMS 0x00000000c1c00000, 0x00000000c1c00000| Untracked 
|1053|0x00000000c1d00000, 0x00000000c1d00000, 0x00000000c1e00000|  0%| F|  |TAMS 0x00000000c1d00000, 0x00000000c1d00000| Untracked 
|1054|0x00000000c1e00000, 0x00000000c1e00000, 0x00000000c1f00000|  0%| F|  |TAMS 0x00000000c1e00000, 0x00000000c1e00000| Untracked 
|1055|0x00000000c1f00000, 0x00000000c1f00000, 0x00000000c2000000|  0%| F|  |TAMS 0x00000000c1f00000, 0x00000000c1f00000| Untracked 
|1056|0x00000000c2000000, 0x00000000c2000000, 0x00000000c2100000|  0%| F|  |TAMS 0x00000000c2000000, 0x00000000c2000000| Untracked 
|1057|0x00000000c2100000, 0x00000000c2100000, 0x00000000c2200000|  0%| F|  |TAMS 0x00000000c2100000, 0x00000000c2100000| Untracked 
|1058|0x00000000c2200000, 0x00000000c2200000, 0x00000000c2300000|  0%| F|  |TAMS 0x00000000c2200000, 0x00000000c2200000| Untracked 
|1059|0x00000000c2300000, 0x00000000c2300000, 0x00000000c2400000|  0%| F|  |TAMS 0x00000000c2300000, 0x00000000c2300000| Untracked 
|1060|0x00000000c2400000, 0x00000000c2400000, 0x00000000c2500000|  0%| F|  |TAMS 0x00000000c2400000, 0x00000000c2400000| Untracked 
|1061|0x00000000c2500000, 0x00000000c2500000, 0x00000000c2600000|  0%| F|  |TAMS 0x00000000c2500000, 0x00000000c2500000| Untracked 
|1062|0x00000000c2600000, 0x00000000c2600000, 0x00000000c2700000|  0%| F|  |TAMS 0x00000000c2600000, 0x00000000c2600000| Untracked 
|1063|0x00000000c2700000, 0x00000000c2700000, 0x00000000c2800000|  0%| F|  |TAMS 0x00000000c2700000, 0x00000000c2700000| Untracked 
|1064|0x00000000c2800000, 0x00000000c2800000, 0x00000000c2900000|  0%| F|  |TAMS 0x00000000c2800000, 0x00000000c2800000| Untracked 
|1065|0x00000000c2900000, 0x00000000c2900000, 0x00000000c2a00000|  0%| F|  |TAMS 0x00000000c2900000, 0x00000000c2900000| Untracked 
|1066|0x00000000c2a00000, 0x00000000c2a00000, 0x00000000c2b00000|  0%| F|  |TAMS 0x00000000c2a00000, 0x00000000c2a00000| Untracked 
|1067|0x00000000c2b00000, 0x00000000c2b00000, 0x00000000c2c00000|  0%| F|  |TAMS 0x00000000c2b00000, 0x00000000c2b00000| Untracked 
|1068|0x00000000c2c00000, 0x00000000c2c00000, 0x00000000c2d00000|  0%| F|  |TAMS 0x00000000c2c00000, 0x00000000c2c00000| Untracked 
|1069|0x00000000c2d00000, 0x00000000c2d00000, 0x00000000c2e00000|  0%| F|  |TAMS 0x00000000c2d00000, 0x00000000c2d00000| Untracked 
|1070|0x00000000c2e00000, 0x00000000c2e00000, 0x00000000c2f00000|  0%| F|  |TAMS 0x00000000c2e00000, 0x00000000c2e00000| Untracked 
|1071|0x00000000c2f00000, 0x00000000c2f00000, 0x00000000c3000000|  0%| F|  |TAMS 0x00000000c2f00000, 0x00000000c2f00000| Untracked 
|1072|0x00000000c3000000, 0x00000000c3000000, 0x00000000c3100000|  0%| F|  |TAMS 0x00000000c3000000, 0x00000000c3000000| Untracked 
|1073|0x00000000c3100000, 0x00000000c3100000, 0x00000000c3200000|  0%| F|  |TAMS 0x00000000c3100000, 0x00000000c3100000| Untracked 
|1074|0x00000000c3200000, 0x00000000c3200000, 0x00000000c3300000|  0%| F|  |TAMS 0x00000000c3200000, 0x00000000c3200000| Untracked 
|1075|0x00000000c3300000, 0x00000000c3300000, 0x00000000c3400000|  0%| F|  |TAMS 0x00000000c3300000, 0x00000000c3300000| Untracked 
|1076|0x00000000c3400000, 0x00000000c3400000, 0x00000000c3500000|  0%| F|  |TAMS 0x00000000c3400000, 0x00000000c3400000| Untracked 
|1077|0x00000000c3500000, 0x00000000c3500000, 0x00000000c3600000|  0%| F|  |TAMS 0x00000000c3500000, 0x00000000c3500000| Untracked 
|1078|0x00000000c3600000, 0x00000000c3600000, 0x00000000c3700000|  0%| F|  |TAMS 0x00000000c3600000, 0x00000000c3600000| Untracked 
|1079|0x00000000c3700000, 0x00000000c3700000, 0x00000000c3800000|  0%| F|  |TAMS 0x00000000c3700000, 0x00000000c3700000| Untracked 
|1080|0x00000000c3800000, 0x00000000c3800000, 0x00000000c3900000|  0%| F|  |TAMS 0x00000000c3800000, 0x00000000c3800000| Untracked 
|1081|0x00000000c3900000, 0x00000000c3900000, 0x00000000c3a00000|  0%| F|  |TAMS 0x00000000c3900000, 0x00000000c3900000| Untracked 
|1082|0x00000000c3a00000, 0x00000000c3a00000, 0x00000000c3b00000|  0%| F|  |TAMS 0x00000000c3a00000, 0x00000000c3a00000| Untracked 
|1083|0x00000000c3b00000, 0x00000000c3b00000, 0x00000000c3c00000|  0%| F|  |TAMS 0x00000000c3b00000, 0x00000000c3b00000| Untracked 
|1084|0x00000000c3c00000, 0x00000000c3c00000, 0x00000000c3d00000|  0%| F|  |TAMS 0x00000000c3c00000, 0x00000000c3c00000| Untracked 
|1085|0x00000000c3d00000, 0x00000000c3d00000, 0x00000000c3e00000|  0%| F|  |TAMS 0x00000000c3d00000, 0x00000000c3d00000| Untracked 
|1086|0x00000000c3e00000, 0x00000000c3e00000, 0x00000000c3f00000|  0%| F|  |TAMS 0x00000000c3e00000, 0x00000000c3e00000| Untracked 
|1087|0x00000000c3f00000, 0x00000000c3f00000, 0x00000000c4000000|  0%| F|  |TAMS 0x00000000c3f00000, 0x00000000c3f00000| Untracked 
|1088|0x00000000c4000000, 0x00000000c4000000, 0x00000000c4100000|  0%| F|  |TAMS 0x00000000c4000000, 0x00000000c4000000| Untracked 
|1089|0x00000000c4100000, 0x00000000c4100000, 0x00000000c4200000|  0%| F|  |TAMS 0x00000000c4100000, 0x00000000c4100000| Untracked 
|1090|0x00000000c4200000, 0x00000000c4200000, 0x00000000c4300000|  0%| F|  |TAMS 0x00000000c4200000, 0x00000000c4200000| Untracked 
|1091|0x00000000c4300000, 0x00000000c4300000, 0x00000000c4400000|  0%| F|  |TAMS 0x00000000c4300000, 0x00000000c4300000| Untracked 
|1092|0x00000000c4400000, 0x00000000c4400000, 0x00000000c4500000|  0%| F|  |TAMS 0x00000000c4400000, 0x00000000c4400000| Untracked 
|1093|0x00000000c4500000, 0x00000000c4500000, 0x00000000c4600000|  0%| F|  |TAMS 0x00000000c4500000, 0x00000000c4500000| Untracked 
|1094|0x00000000c4600000, 0x00000000c4600000, 0x00000000c4700000|  0%| F|  |TAMS 0x00000000c4600000, 0x00000000c4600000| Untracked 
|1095|0x00000000c4700000, 0x00000000c4700000, 0x00000000c4800000|  0%| F|  |TAMS 0x00000000c4700000, 0x00000000c4700000| Untracked 
|1096|0x00000000c4800000, 0x00000000c4800000, 0x00000000c4900000|  0%| F|  |TAMS 0x00000000c4800000, 0x00000000c4800000| Untracked 
|1097|0x00000000c4900000, 0x00000000c4900000, 0x00000000c4a00000|  0%| F|  |TAMS 0x00000000c4900000, 0x00000000c4900000| Untracked 
|1098|0x00000000c4a00000, 0x00000000c4a00000, 0x00000000c4b00000|  0%| F|  |TAMS 0x00000000c4a00000, 0x00000000c4a00000| Untracked 
|1099|0x00000000c4b00000, 0x00000000c4b00000, 0x00000000c4c00000|  0%| F|  |TAMS 0x00000000c4b00000, 0x00000000c4b00000| Untracked 
|1100|0x00000000c4c00000, 0x00000000c4c00000, 0x00000000c4d00000|  0%| F|  |TAMS 0x00000000c4c00000, 0x00000000c4c00000| Untracked 
|1101|0x00000000c4d00000, 0x00000000c4d00000, 0x00000000c4e00000|  0%| F|  |TAMS 0x00000000c4d00000, 0x00000000c4d00000| Untracked 
|1102|0x00000000c4e00000, 0x00000000c4e00000, 0x00000000c4f00000|  0%| F|  |TAMS 0x00000000c4e00000, 0x00000000c4e00000| Untracked 
|1103|0x00000000c4f00000, 0x00000000c4f00000, 0x00000000c5000000|  0%| F|  |TAMS 0x00000000c4f00000, 0x00000000c4f00000| Untracked 
|1104|0x00000000c5000000, 0x00000000c5000000, 0x00000000c5100000|  0%| F|  |TAMS 0x00000000c5000000, 0x00000000c5000000| Untracked 
|1105|0x00000000c5100000, 0x00000000c5100000, 0x00000000c5200000|  0%| F|  |TAMS 0x00000000c5100000, 0x00000000c5100000| Untracked 
|1106|0x00000000c5200000, 0x00000000c5200000, 0x00000000c5300000|  0%| F|  |TAMS 0x00000000c5200000, 0x00000000c5200000| Untracked 
|1107|0x00000000c5300000, 0x00000000c5300000, 0x00000000c5400000|  0%| F|  |TAMS 0x00000000c5300000, 0x00000000c5300000| Untracked 
|1108|0x00000000c5400000, 0x00000000c5400000, 0x00000000c5500000|  0%| F|  |TAMS 0x00000000c5400000, 0x00000000c5400000| Untracked 
|1109|0x00000000c5500000, 0x00000000c5500000, 0x00000000c5600000|  0%| F|  |TAMS 0x00000000c5500000, 0x00000000c5500000| Untracked 
|1110|0x00000000c5600000, 0x00000000c5600000, 0x00000000c5700000|  0%| F|  |TAMS 0x00000000c5600000, 0x00000000c5600000| Untracked 
|1111|0x00000000c5700000, 0x00000000c5700000, 0x00000000c5800000|  0%| F|  |TAMS 0x00000000c5700000, 0x00000000c5700000| Untracked 
|1112|0x00000000c5800000, 0x00000000c5800000, 0x00000000c5900000|  0%| F|  |TAMS 0x00000000c5800000, 0x00000000c5800000| Untracked 
|1113|0x00000000c5900000, 0x00000000c5900000, 0x00000000c5a00000|  0%| F|  |TAMS 0x00000000c5900000, 0x00000000c5900000| Untracked 
|1114|0x00000000c5a00000, 0x00000000c5a00000, 0x00000000c5b00000|  0%| F|  |TAMS 0x00000000c5a00000, 0x00000000c5a00000| Untracked 
|1115|0x00000000c5b00000, 0x00000000c5b00000, 0x00000000c5c00000|  0%| F|  |TAMS 0x00000000c5b00000, 0x00000000c5b00000| Untracked 
|1116|0x00000000c5c00000, 0x00000000c5c00000, 0x00000000c5d00000|  0%| F|  |TAMS 0x00000000c5c00000, 0x00000000c5c00000| Untracked 
|1117|0x00000000c5d00000, 0x00000000c5d00000, 0x00000000c5e00000|  0%| F|  |TAMS 0x00000000c5d00000, 0x00000000c5d00000| Untracked 
|1118|0x00000000c5e00000, 0x00000000c5e00000, 0x00000000c5f00000|  0%| F|  |TAMS 0x00000000c5e00000, 0x00000000c5e00000| Untracked 
|1119|0x00000000c5f00000, 0x00000000c5f00000, 0x00000000c6000000|  0%| F|  |TAMS 0x00000000c5f00000, 0x00000000c5f00000| Untracked 
|1120|0x00000000c6000000, 0x00000000c6000000, 0x00000000c6100000|  0%| F|  |TAMS 0x00000000c6000000, 0x00000000c6000000| Untracked 
|1121|0x00000000c6100000, 0x00000000c6100000, 0x00000000c6200000|  0%| F|  |TAMS 0x00000000c6100000, 0x00000000c6100000| Untracked 
|1122|0x00000000c6200000, 0x00000000c6200000, 0x00000000c6300000|  0%| F|  |TAMS 0x00000000c6200000, 0x00000000c6200000| Untracked 
|1123|0x00000000c6300000, 0x00000000c6300000, 0x00000000c6400000|  0%| F|  |TAMS 0x00000000c6300000, 0x00000000c6300000| Untracked 
|1124|0x00000000c6400000, 0x00000000c6400000, 0x00000000c6500000|  0%| F|  |TAMS 0x00000000c6400000, 0x00000000c6400000| Untracked 
|1125|0x00000000c6500000, 0x00000000c6500000, 0x00000000c6600000|  0%| F|  |TAMS 0x00000000c6500000, 0x00000000c6500000| Untracked 
|1126|0x00000000c6600000, 0x00000000c6600000, 0x00000000c6700000|  0%| F|  |TAMS 0x00000000c6600000, 0x00000000c6600000| Untracked 
|1127|0x00000000c6700000, 0x00000000c6700000, 0x00000000c6800000|  0%| F|  |TAMS 0x00000000c6700000, 0x00000000c6700000| Untracked 
|1128|0x00000000c6800000, 0x00000000c6800000, 0x00000000c6900000|  0%| F|  |TAMS 0x00000000c6800000, 0x00000000c6800000| Untracked 
|1129|0x00000000c6900000, 0x00000000c6900000, 0x00000000c6a00000|  0%| F|  |TAMS 0x00000000c6900000, 0x00000000c6900000| Untracked 
|1130|0x00000000c6a00000, 0x00000000c6a00000, 0x00000000c6b00000|  0%| F|  |TAMS 0x00000000c6a00000, 0x00000000c6a00000| Untracked 
|1131|0x00000000c6b00000, 0x00000000c6b00000, 0x00000000c6c00000|  0%| F|  |TAMS 0x00000000c6b00000, 0x00000000c6b00000| Untracked 
|1132|0x00000000c6c00000, 0x00000000c6c00000, 0x00000000c6d00000|  0%| F|  |TAMS 0x00000000c6c00000, 0x00000000c6c00000| Untracked 
|1133|0x00000000c6d00000, 0x00000000c6d00000, 0x00000000c6e00000|  0%| F|  |TAMS 0x00000000c6d00000, 0x00000000c6d00000| Untracked 
|1134|0x00000000c6e00000, 0x00000000c6e00000, 0x00000000c6f00000|  0%| F|  |TAMS 0x00000000c6e00000, 0x00000000c6e00000| Untracked 
|1135|0x00000000c6f00000, 0x00000000c6f00000, 0x00000000c7000000|  0%| F|  |TAMS 0x00000000c6f00000, 0x00000000c6f00000| Untracked 

Card table byte_map: [0x000001de45cd0000,0x000001de460d0000] _byte_map_base: 0x000001de458d0000

Marking Bits (Prev, Next): (CMBitMap*) 0x000001de2d35e320, (CMBitMap*) 0x000001de2d35e2e0
 Prev Bits: [0x000001de484d0000, 0x000001de4a4d0000)
 Next Bits: [0x000001de464d0000, 0x000001de484d0000)

Polling page: 0x000001de2ba20000

Metaspace:

Usage:
  Non-class:    110.92 MB used.
      Class:     17.52 MB used.
       Both:    128.45 MB used.

Virtual space:
  Non-class space:      128.00 MB reserved,     112.00 MB ( 88%) committed,  2 nodes.
      Class space:      416.00 MB reserved,      18.50 MB (  4%) committed,  1 nodes.
             Both:      544.00 MB reserved,     130.50 MB ( 24%) committed. 

Chunk freelists:
   Non-Class:  0 bytes
       Class:  13.50 MB
        Both:  13.50 MB

MaxMetaspaceSize: 512.00 MB
CompressedClassSpaceSize: 416.00 MB
Initial GC threshold: 21.00 MB
Current GC threshold: 171.88 MB
CDS: on
MetaspaceReclaimPolicy: balanced
 - commit_granule_bytes: 65536.
 - commit_granule_words: 8192.
 - virtual_space_node_default_size: 8388608.
 - enlarge_chunks_in_place: 1.
 - new_chunks_are_fully_committed: 0.
 - uncommit_free_chunks: 1.
 - use_allocation_guard: 0.
 - handle_deallocations: 1.


Internal statistics:

num_allocs_failed_limit: 3.
num_arena_births: 2940.
num_arena_deaths: 0.
num_vsnodes_births: 3.
num_vsnodes_deaths: 0.
num_space_committed: 2087.
num_space_uncommitted: 0.
num_chunks_returned_to_freelist: 3.
num_chunks_taken_from_freelist: 9118.
num_chunk_merges: 3.
num_chunk_splits: 5512.
num_chunks_enlarged: 3013.
num_inconsistent_stats: 0.

CodeHeap 'non-profiled nmethods': size=120000Kb used=13494Kb max_used=13541Kb free=106505Kb
 bounds [0x000001de3dd80000, 0x000001de3eac0000, 0x000001de452b0000]
CodeHeap 'profiled nmethods': size=120000Kb used=33156Kb max_used=33173Kb free=86843Kb
 bounds [0x000001de362b0000, 0x000001de38330000, 0x000001de3d7e0000]
CodeHeap 'non-nmethods': size=5760Kb used=2562Kb max_used=2605Kb free=3197Kb
 bounds [0x000001de3d7e0000, 0x000001de3da70000, 0x000001de3dd80000]
 total_blobs=19058 nmethods=18010 adapters=957
 compilation: enabled
              stopped_count=0, restarted_count=0
 full_count=0

Compilation events (20 events):
Event: 74.440 Thread 0x000001de4caa6540 22753       1       org.gradle.internal.execution.history.impl.DefaultExecutionOutputState::getOutputFilesProducedByWork (5 bytes)
Event: 74.440 Thread 0x000001de4caa6540 nmethod 22753 0x000001de3eab6190 code [0x000001de3eab6320, 0x000001de3eab63f8]
Event: 74.441 Thread 0x000001de4caa6540 22754       1       org.gradle.caching.internal.origin.OriginMetadata::getExecutionTime (5 bytes)
Event: 74.442 Thread 0x000001de4caa6540 nmethod 22754 0x000001de3eab6490 code [0x000001de3eab6620, 0x000001de3eab66f8]
Event: 74.451 Thread 0x000001de4ca90eb0 22755       4       com.google.common.collect.ImmutableList::listIterator (14 bytes)
Event: 74.451 Thread 0x000001de4caa6540 22756       3       org.slf4j.helpers.NOPLogger::warn (1 bytes)
Event: 74.452 Thread 0x000001de4caa6540 nmethod 22756 0x000001de37953210 code [0x000001de379533a0, 0x000001de379534b8]
Event: 74.455 Thread 0x000001de4ca90eb0 nmethod 22755 0x000001de3eab6790 code [0x000001de3eab6920, 0x000001de3eab6b38]
Event: 74.467 Thread 0x000001de4ca90eb0 22757       4       com.android.tools.build.jetifier.core.utils.Log::v (109 bytes)
Event: 74.469 Thread 0x000001de4ca90eb0 nmethod 22757 0x000001de3eab6d10 code [0x000001de3eab6ea0, 0x000001de3eab6fb8]
Event: 74.474 Thread 0x000001de4ca90eb0 22758       4       java.time.LocalDate::create (190 bytes)
Event: 74.475 Thread 0x000001de4ca90eb0 nmethod 22758 0x000001de3eab7190 code [0x000001de3eab7320, 0x000001de3eab7418]
Event: 74.478 Thread 0x000001de4ca90eb0 22759       4       org.objectweb.asm.commons.MethodRemapper::remapFrameTypes (78 bytes)
Event: 74.504 Thread 0x000001de4ca90eb0 nmethod 22759 0x000001de3eab7510 code [0x000001de3eab7700, 0x000001de3eab8418]
Event: 74.504 Thread 0x000001de4ca90eb0 22760 %     4       org.objectweb.asm.ClassReader::<init> @ 110 (371 bytes)
Event: 74.513 Thread 0x000001de4ca90eb0 nmethod 22760% 0x000001de3eab8b90 code [0x000001de3eab8d20, 0x000001de3eab92e8]
Event: 74.521 Thread 0x000001de4ca90eb0 22761       4       org.objectweb.asm.ClassReader::readCode (5117 bytes)
Event: 74.653 Thread 0x000001de4caa6540 22763   !   3       com.sun.org.apache.xerces.internal.utils.XMLSecurityManager::getSystemProperty (113 bytes)
Event: 74.656 Thread 0x000001de4caa6540 nmethod 22763 0x000001de37924190 code [0x000001de379244c0, 0x000001de37925878]
Event: 75.257 Thread 0x000001de4caa6540 22764       3       org.objectweb.asm.commons.SignatureRemapper::visitBaseType (9 bytes)

GC Heap History (20 events):
Event: 66.809 GC heap before
{Heap before GC invocations=70 (full 0):
 garbage-first heap   total 787456K, used 456192K [0x0000000080000000, 0x0000000100000000)
  region size 1024K, 24 young (24576K), 12 survivors (12288K)
 Metaspace       used 131274K, committed 133312K, reserved 557056K
  class space    used 17930K, committed 18880K, reserved 425984K
}
Event: 66.820 GC heap after
{Heap after GC invocations=71 (full 0):
 garbage-first heap   total 787456K, used 422400K [0x0000000080000000, 0x0000000100000000)
  region size 1024K, 13 young (13312K), 13 survivors (13312K)
 Metaspace       used 131274K, committed 133312K, reserved 557056K
  class space    used 17930K, committed 18880K, reserved 425984K
}
Event: 66.967 GC heap before
{Heap before GC invocations=71 (full 0):
 garbage-first heap   total 787456K, used 474624K [0x0000000080000000, 0x0000000100000000)
  region size 1024K, 15 young (15360K), 13 survivors (13312K)
 Metaspace       used 131281K, committed 133376K, reserved 557056K
  class space    used 17930K, committed 18880K, reserved 425984K
}
Event: 66.975 GC heap after
{Heap after GC invocations=72 (full 0):
 garbage-first heap   total 787456K, used 446277K [0x0000000080000000, 0x0000000100000000)
  region size 1024K, 12 young (12288K), 12 survivors (12288K)
 Metaspace       used 131281K, committed 133376K, reserved 557056K
  class space    used 17930K, committed 18880K, reserved 425984K
}
Event: 67.051 GC heap before
{Heap before GC invocations=72 (full 0):
 garbage-first heap   total 787456K, used 478021K [0x0000000080000000, 0x0000000100000000)
  region size 1024K, 13 young (13312K), 12 survivors (12288K)
 Metaspace       used 131281K, committed 133376K, reserved 557056K
  class space    used 17930K, committed 18880K, reserved 425984K
}
Event: 67.060 GC heap after
{Heap after GC invocations=73 (full 0):
 garbage-first heap   total 787456K, used 438784K [0x0000000080000000, 0x0000000100000000)
  region size 1024K, 13 young (13312K), 13 survivors (13312K)
 Metaspace       used 131281K, committed 133376K, reserved 557056K
  class space    used 17930K, committed 18880K, reserved 425984K
}
Event: 67.124 GC heap before
{Heap before GC invocations=73 (full 0):
 garbage-first heap   total 787456K, used 466432K [0x0000000080000000, 0x0000000100000000)
  region size 1024K, 14 young (14336K), 13 survivors (13312K)
 Metaspace       used 131281K, committed 133376K, reserved 557056K
  class space    used 17930K, committed 18880K, reserved 425984K
}
Event: 67.131 GC heap after
{Heap after GC invocations=74 (full 0):
 garbage-first heap   total 787456K, used 445940K [0x0000000080000000, 0x0000000100000000)
  region size 1024K, 13 young (13312K), 13 survivors (13312K)
 Metaspace       used 131281K, committed 133376K, reserved 557056K
  class space    used 17930K, committed 18880K, reserved 425984K
}
Event: 67.146 GC heap before
{Heap before GC invocations=74 (full 0):
 garbage-first heap   total 787456K, used 462324K [0x0000000080000000, 0x0000000100000000)
  region size 1024K, 14 young (14336K), 13 survivors (13312K)
 Metaspace       used 131281K, committed 133376K, reserved 557056K
  class space    used 17930K, committed 18880K, reserved 425984K
}
Event: 67.158 GC heap after
{Heap after GC invocations=75 (full 0):
 garbage-first heap   total 1006592K, used 448000K [0x0000000080000000, 0x0000000100000000)
  region size 1024K, 13 young (13312K), 13 survivors (13312K)
 Metaspace       used 131281K, committed 133376K, reserved 557056K
  class space    used 17930K, committed 18880K, reserved 425984K
}
Event: 67.367 GC heap before
{Heap before GC invocations=75 (full 0):
 garbage-first heap   total 1006592K, used 570880K [0x0000000080000000, 0x0000000100000000)
  region size 1024K, 32 young (32768K), 13 survivors (13312K)
 Metaspace       used 131305K, committed 133376K, reserved 557056K
  class space    used 17930K, committed 18880K, reserved 425984K
}
Event: 67.381 GC heap after
{Heap after GC invocations=76 (full 0):
 garbage-first heap   total 1006592K, used 475648K [0x0000000080000000, 0x0000000100000000)
  region size 1024K, 14 young (14336K), 14 survivors (14336K)
 Metaspace       used 131305K, committed 133376K, reserved 557056K
  class space    used 17930K, committed 18880K, reserved 425984K
}
Event: 67.679 GC heap before
{Heap before GC invocations=76 (full 0):
 garbage-first heap   total 1006592K, used 572928K [0x0000000080000000, 0x0000000100000000)
  region size 1024K, 37 young (37888K), 14 survivors (14336K)
 Metaspace       used 131330K, committed 133376K, reserved 557056K
  class space    used 17932K, committed 18880K, reserved 425984K
}
Event: 67.691 GC heap after
{Heap after GC invocations=77 (full 0):
 garbage-first heap   total 1006592K, used 489984K [0x0000000080000000, 0x0000000100000000)
  region size 1024K, 13 young (13312K), 13 survivors (13312K)
 Metaspace       used 131330K, committed 133376K, reserved 557056K
  class space    used 17932K, committed 18880K, reserved 425984K
}
Event: 68.586 GC heap before
{Heap before GC invocations=77 (full 0):
 garbage-first heap   total 1006592K, used 689664K [0x0000000080000000, 0x0000000100000000)
  region size 1024K, 162 young (165888K), 13 survivors (13312K)
 Metaspace       used 131338K, committed 133376K, reserved 557056K
  class space    used 17932K, committed 18880K, reserved 425984K
}
Event: 68.630 GC heap after
{Heap after GC invocations=78 (full 0):
 garbage-first heap   total 1006592K, used 533560K [0x0000000080000000, 0x0000000100000000)
  region size 1024K, 43 young (44032K), 43 survivors (44032K)
 Metaspace       used 131338K, committed 133376K, reserved 557056K
  class space    used 17932K, committed 18880K, reserved 425984K
}
Event: 70.125 GC heap before
{Heap before GC invocations=78 (full 0):
 garbage-first heap   total 1006592K, used 600120K [0x0000000080000000, 0x0000000100000000)
  region size 1024K, 59 young (60416K), 43 survivors (44032K)
 Metaspace       used 131359K, committed 133440K, reserved 557056K
  class space    used 17932K, committed 18880K, reserved 425984K
}
Event: 70.168 GC heap after
{Heap after GC invocations=79 (full 0):
 garbage-first heap   total 1006592K, used 559678K [0x0000000080000000, 0x0000000100000000)
  region size 1024K, 2 young (2048K), 2 survivors (2048K)
 Metaspace       used 131359K, committed 133440K, reserved 557056K
  class space    used 17932K, committed 18880K, reserved 425984K
}
Event: 75.236 GC heap before
{Heap before GC invocations=79 (full 0):
 garbage-first heap   total 1006592K, used 992830K [0x0000000080000000, 0x0000000100000000)
  region size 1024K, 61 young (62464K), 2 survivors (2048K)
 Metaspace       used 131530K, committed 133632K, reserved 557056K
  class space    used 17944K, committed 18944K, reserved 425984K
}
Event: 75.255 GC heap after
{Heap after GC invocations=80 (full 0):
 garbage-first heap   total 1006592K, used 771827K [0x0000000080000000, 0x0000000100000000)
  region size 1024K, 4 young (4096K), 4 survivors (4096K)
 Metaspace       used 131530K, committed 133632K, reserved 557056K
  class space    used 17944K, committed 18944K, reserved 425984K
}

Dll operation events (15 events):
Event: 0.006 Loaded shared library C:\Program Files\OpenLogic\jdk-17.0.14.7-hotspot\bin\java.dll
Event: 0.020 Loaded shared library C:\Program Files\OpenLogic\jdk-17.0.14.7-hotspot\bin\jsvml.dll
Event: 0.061 Loaded shared library C:\Program Files\OpenLogic\jdk-17.0.14.7-hotspot\bin\zip.dll
Event: 0.063 Loaded shared library C:\Program Files\OpenLogic\jdk-17.0.14.7-hotspot\bin\instrument.dll
Event: 0.066 Loaded shared library C:\Program Files\OpenLogic\jdk-17.0.14.7-hotspot\bin\net.dll
Event: 0.067 Loaded shared library C:\Program Files\OpenLogic\jdk-17.0.14.7-hotspot\bin\nio.dll
Event: 0.068 Loaded shared library C:\Program Files\OpenLogic\jdk-17.0.14.7-hotspot\bin\zip.dll
Event: 0.300 Loaded shared library C:\Program Files\OpenLogic\jdk-17.0.14.7-hotspot\bin\jimage.dll
Event: 0.454 Loaded shared library C:\Program Files\OpenLogic\jdk-17.0.14.7-hotspot\bin\verify.dll
Event: 0.672 Loaded shared library C:\Users\Kuldeep\.gradle\native\1def1411415f61bf3af743bc5b6707747c0891f09f0c88961ee8f79bc544acac\windows-amd64\native-platform.dll
Event: 0.685 Loaded shared library C:\Users\Kuldeep\.gradle\native\0.2.6\x86_64-windows-gnu\gradle-fileevents.dll
Event: 1.777 Loaded shared library C:\Program Files\OpenLogic\jdk-17.0.14.7-hotspot\bin\management.dll
Event: 1.780 Loaded shared library C:\Program Files\OpenLogic\jdk-17.0.14.7-hotspot\bin\management_ext.dll
Event: 2.038 Loaded shared library C:\Program Files\OpenLogic\jdk-17.0.14.7-hotspot\bin\extnet.dll
Event: 2.240 Loaded shared library C:\Program Files\OpenLogic\jdk-17.0.14.7-hotspot\bin\sunmscapi.dll

Deoptimization events (20 events):
Event: 69.129 Thread 0x000001de6f400940 DEOPT PACKING pc=0x000001de382de171 sp=0x000000b6657fb420
Event: 69.129 Thread 0x000001de6f400940 DEOPT UNPACKING pc=0x000001de3d83ace3 sp=0x000000b6657fab30 mode 0
Event: 70.658 Thread 0x000001de6f612c70 Uncommon trap: trap_request=0xffffff45 fr.pc=0x000001de3ea4df6c relative=0x000000000000754c
Event: 70.658 Thread 0x000001de6f612c70 Uncommon trap: reason=unstable_if action=reinterpret pc=0x000001de3ea4df6c method=org.objectweb.asm.ClassReader.readCode(Lorg/objectweb/asm/MethodVisitor;Lorg/objectweb/asm/Context;I)V @ 1693 c2
Event: 70.658 Thread 0x000001de6f612c70 DEOPT PACKING pc=0x000001de3ea4df6c sp=0x000000b6644f8160
Event: 70.658 Thread 0x000001de6f612c70 DEOPT UNPACKING pc=0x000001de3d83a1a3 sp=0x000000b6644f80e8 mode 2
Event: 71.134 Thread 0x000001de6ddc79b0 Uncommon trap: trap_request=0xffffffde fr.pc=0x000001de3e98f83c relative=0x000000000000225c
Event: 71.134 Thread 0x000001de6ddc79b0 Uncommon trap: reason=class_check action=maybe_recompile pc=0x000001de3e98f83c method=org.gradle.cache.internal.btree.FileBackedBlockStore$BlockImpl.getSize()I @ 12 c2
Event: 71.134 Thread 0x000001de6ddc79b0 DEOPT PACKING pc=0x000001de3e98f83c sp=0x000000b6624fe910
Event: 71.134 Thread 0x000001de6ddc79b0 DEOPT UNPACKING pc=0x000001de3d83a1a3 sp=0x000000b6624fe7c0 mode 2
Event: 71.826 Thread 0x000001de6f400940 Uncommon trap: trap_request=0xffffff45 fr.pc=0x000001de3e715b4c relative=0x000000000000056c
Event: 71.826 Thread 0x000001de6f400940 Uncommon trap: reason=unstable_if action=reinterpret pc=0x000001de3e715b4c method=jdk.internal.reflect.NativeMethodAccessorImpl.invoke(Ljava/lang/Object;[Ljava/lang/Object;)Ljava/lang/Object; @ 34 c2
Event: 71.827 Thread 0x000001de6f400940 DEOPT PACKING pc=0x000001de3e715b4c sp=0x000000b6657fbfe0
Event: 71.827 Thread 0x000001de6f400940 DEOPT UNPACKING pc=0x000001de3d83a1a3 sp=0x000000b6657fbfc0 mode 2
Event: 72.324 Thread 0x000001de6ddc79b0 Uncommon trap: trap_request=0xffffffde fr.pc=0x000001de3e98f83c relative=0x000000000000225c
Event: 72.324 Thread 0x000001de6ddc79b0 Uncommon trap: reason=class_check action=maybe_recompile pc=0x000001de3e98f83c method=org.gradle.cache.internal.btree.FileBackedBlockStore$BlockImpl.getSize()I @ 12 c2
Event: 72.324 Thread 0x000001de6ddc79b0 DEOPT PACKING pc=0x000001de3e98f83c sp=0x000000b6624fe910
Event: 72.324 Thread 0x000001de6ddc79b0 DEOPT UNPACKING pc=0x000001de3d83a1a3 sp=0x000000b6624fe7c0 mode 2
Event: 74.315 Thread 0x000001de6f400940 DEOPT PACKING pc=0x000001de3831e921 sp=0x000000b6657fb420
Event: 74.315 Thread 0x000001de6f400940 DEOPT UNPACKING pc=0x000001de3d83ace3 sp=0x000000b6657fab30 mode 0

Classes loaded (20 events):
Event: 74.229 Loading class javax/xml/stream/XMLInputFactory
Event: 74.271 Loading class javax/xml/stream/XMLInputFactory done
Event: 74.271 Loading class javax/xml/stream/FactoryFinder
Event: 74.352 Loading class javax/xml/stream/FactoryFinder done
Event: 74.420 Loading class javax/xml/stream/FactoryFinder$1
Event: 74.430 Loading class javax/xml/stream/FactoryFinder$1 done
Event: 74.458 Loading class com/sun/xml/internal/stream/XMLInputFactoryImpl
Event: 74.518 Loading class com/sun/xml/internal/stream/XMLInputFactoryImpl done
Event: 74.520 Loading class com/sun/org/apache/xerces/internal/impl/PropertyManager
Event: 74.557 Loading class com/sun/org/apache/xerces/internal/impl/PropertyManager done
Event: 74.565 Loading class com/sun/org/apache/xerces/internal/impl/XMLStreamReaderImpl
Event: 74.639 Loading class javax/xml/stream/XMLStreamReader
Event: 74.644 Loading class javax/xml/stream/XMLStreamConstants
Event: 74.646 Loading class javax/xml/stream/XMLStreamConstants done
Event: 74.646 Loading class javax/xml/stream/XMLStreamReader done
Event: 74.647 Loading class com/sun/org/apache/xerces/internal/impl/XMLStreamReaderImpl done
Event: 74.650 Loading class com/sun/org/apache/xerces/internal/util/NamespaceContextWrapper
Event: 74.652 Loading class com/sun/org/apache/xerces/internal/util/NamespaceContextWrapper done
Event: 74.655 Loading class com/sun/xml/internal/stream/StaxErrorReporter
Event: 74.662 Loading class com/sun/xml/internal/stream/StaxErrorReporter done

Classes unloaded (0 events):
No events

Classes redefined (0 events):
No events

Internal exceptions (20 events):
Event: 58.256 Thread 0x000001de6f612760 Exception <a 'java/lang/NoSuchMethodError'{0x00000000a0e0b7a8}: static Lcom/android/ide/common/gradle/Numeric;.<clinit>()V> (0x00000000a0e0b7a8) 
thrown [s\src\hotspot\share\prims\jni.cpp, line 1112]
Event: 58.256 Thread 0x000001de6f612760 Exception <a 'java/lang/NoSuchMethodError'{0x00000000a0e0dc60}: static Lcom/android/ide/common/gradle/Part;.<clinit>()V> (0x00000000a0e0dc60) 
thrown [s\src\hotspot\share\prims\jni.cpp, line 1112]
Event: 58.384 Thread 0x000001de6f612760 Exception <a 'sun/nio/fs/WindowsException'{0x00000000a0c84950}> (0x00000000a0c84950) 
thrown [s\src\hotspot\share\prims\jni.cpp, line 516]
Event: 58.400 Thread 0x000001de6f6103f0 Exception <a 'java/lang/NoSuchMethodError'{0x00000000a0bb7e70}: static Lcom/android/build/api/variant/BuildConfigField;.<clinit>()V> (0x00000000a0bb7e70) 
thrown [s\src\hotspot\share\prims\jni.cpp, line 1112]
Event: 59.360 Thread 0x000001de6f612c70 Exception <a 'sun/nio/fs/WindowsException'{0x000000009fd140d0}> (0x000000009fd140d0) 
thrown [s\src\hotspot\share\prims\jni.cpp, line 516]
Event: 61.558 Thread 0x000001de6f401d80 Implicit null exception at 0x000001de3e3b6258 to 0x000001de3e3b7b24
Event: 64.769 Thread 0x000001de6f612c70 Exception <a 'sun/nio/fs/WindowsException'{0x000000009b73cb78}> (0x000000009b73cb78) 
thrown [s\src\hotspot\share\prims\jni.cpp, line 516]
Event: 64.777 Thread 0x000001de6f401d80 Exception <a 'sun/nio/fs/WindowsException'{0x000000009b62a380}> (0x000000009b62a380) 
thrown [s\src\hotspot\share\prims\jni.cpp, line 516]
Event: 64.872 Thread 0x000001de6f400940 Exception <a 'sun/nio/fs/WindowsException'{0x000000009b2d00e8}> (0x000000009b2d00e8) 
thrown [s\src\hotspot\share\prims\jni.cpp, line 516]
Event: 65.586 Thread 0x000001de6f401d80 Exception <a 'sun/nio/fs/WindowsException'{0x00000000afc18b98}> (0x00000000afc18b98) 
thrown [s\src\hotspot\share\prims\jni.cpp, line 516]
Event: 65.810 Thread 0x000001de6f612c70 Exception <a 'sun/nio/fs/WindowsException'{0x00000000af991378}> (0x00000000af991378) 
thrown [s\src\hotspot\share\prims\jni.cpp, line 516]
Event: 66.623 Thread 0x000001de6f401d80 Exception <a 'sun/nio/fs/WindowsException'{0x00000000af4f6358}> (0x00000000af4f6358) 
thrown [s\src\hotspot\share\prims\jni.cpp, line 516]
Event: 67.493 Thread 0x000001de6f400940 Exception <a 'sun/nio/fs/WindowsException'{0x00000000bc89d9b8}> (0x00000000bc89d9b8) 
thrown [s\src\hotspot\share\prims\jni.cpp, line 516]
Event: 69.139 Thread 0x000001de6f612c70 Exception <a 'sun/nio/fs/WindowsException'{0x00000000bca09528}> (0x00000000bca09528) 
thrown [s\src\hotspot\share\prims\jni.cpp, line 516]
Event: 69.139 Thread 0x000001de6f400940 Exception <a 'sun/nio/fs/WindowsException'{0x00000000bcaebaa0}> (0x00000000bcaebaa0) 
thrown [s\src\hotspot\share\prims\jni.cpp, line 516]
Event: 70.746 Thread 0x000001de6f612c70 Exception <a 'sun/nio/fs/WindowsException'{0x00000000bcd04f18}> (0x00000000bcd04f18) 
thrown [s\src\hotspot\share\prims\jni.cpp, line 516]
Event: 70.782 Thread 0x000001de6f400940 Exception <a 'sun/nio/fs/WindowsException'{0x00000000bcf7fb68}> (0x00000000bcf7fb68) 
thrown [s\src\hotspot\share\prims\jni.cpp, line 516]
Event: 71.880 Thread 0x000001de6f612c70 Exception <a 'sun/nio/fs/WindowsException'{0x00000000bc9ee928}> (0x00000000bc9ee928) 
thrown [s\src\hotspot\share\prims\jni.cpp, line 516]
Event: 72.914 Thread 0x000001de6f612c70 Exception <a 'sun/nio/fs/WindowsException'{0x00000000bb565940}> (0x00000000bb565940) 
thrown [s\src\hotspot\share\prims\jni.cpp, line 516]
Event: 74.324 Thread 0x000001de6f400940 Exception <a 'sun/nio/fs/WindowsException'{0x00000000ba268cb0}> (0x00000000ba268cb0) 
thrown [s\src\hotspot\share\prims\jni.cpp, line 516]

VM Operations (20 events):
Event: 67.691 Executing VM operation: G1TryInitiateConcMark done
Event: 68.586 Executing VM operation: G1TryInitiateConcMark
Event: 68.630 Executing VM operation: G1TryInitiateConcMark done
Event: 69.631 Executing VM operation: Cleanup
Event: 69.642 Executing VM operation: Cleanup done
Event: 70.124 Executing VM operation: G1TryInitiateConcMark
Event: 70.168 Executing VM operation: G1TryInitiateConcMark done
Event: 71.171 Executing VM operation: Cleanup
Event: 71.581 Executing VM operation: Cleanup done
Event: 72.594 Executing VM operation: Cleanup
Event: 72.595 Executing VM operation: Cleanup done
Event: 73.609 Executing VM operation: Cleanup
Event: 73.618 Executing VM operation: Cleanup done
Event: 74.505 Executing VM operation: HandshakeAllThreads
Event: 75.235 Executing VM operation: HandshakeAllThreads done
Event: 75.235 Executing VM operation: Cleanup
Event: 75.236 Executing VM operation: Cleanup done
Event: 75.236 Executing VM operation: G1CollectForAllocation
Event: 75.256 Executing VM operation: G1CollectForAllocation done
Event: 75.256 Executing VM operation: HandshakeAllThreads

Memory protections (0 events):
No events

Nmethod flushes (20 events):
Event: 59.052 Thread 0x000001de4cad9aa0 flushing  nmethod 0x000001de38251110
Event: 59.052 Thread 0x000001de4cad9aa0 flushing  nmethod 0x000001de38252190
Event: 59.052 Thread 0x000001de4cad9aa0 flushing  nmethod 0x000001de38252510
Event: 59.052 Thread 0x000001de4cad9aa0 flushing  nmethod 0x000001de38252d10
Event: 59.052 Thread 0x000001de4cad9aa0 flushing  nmethod 0x000001de38255d90
Event: 59.052 Thread 0x000001de4cad9aa0 flushing  nmethod 0x000001de38256810
Event: 59.052 Thread 0x000001de4cad9aa0 flushing  nmethod 0x000001de38259d10
Event: 59.052 Thread 0x000001de4cad9aa0 flushing  nmethod 0x000001de3825a090
Event: 59.052 Thread 0x000001de4cad9aa0 flushing  nmethod 0x000001de3825a410
Event: 59.052 Thread 0x000001de4cad9aa0 flushing  nmethod 0x000001de38269f90
Event: 59.052 Thread 0x000001de4cad9aa0 flushing  nmethod 0x000001de3826c110
Event: 59.052 Thread 0x000001de4cad9aa0 flushing  nmethod 0x000001de38290890
Event: 75.337 Thread 0x000001de4cad9aa0 flushing  nmethod 0x000001de3e1a4a10
Event: 75.340 Thread 0x000001de4cad9aa0 flushing  nmethod 0x000001de3e1c6d10
Event: 75.343 Thread 0x000001de4cad9aa0 flushing  nmethod 0x000001de3e208290
Event: 75.371 Thread 0x000001de4cad9aa0 flushing  nmethod 0x000001de3e3e3310
Event: 75.388 Thread 0x000001de4cad9aa0 flushing  nmethod 0x000001de3e530a90
Event: 75.395 Thread 0x000001de4cad9aa0 flushing  nmethod 0x000001de3e5b3e90
Event: 75.414 Thread 0x000001de4cad9aa0 flushing  nmethod 0x000001de3e6e7c90
Event: 75.432 Thread 0x000001de4cad9aa0 flushing  nmethod 0x000001de3e86dd10

Events (20 events):
Event: 21.180 Thread 0x000001de6ddc74a0 Thread added: 0x000001de6e6c9eb0
Event: 21.765 Thread 0x000001de6ddc74a0 Thread added: 0x000001de6e6c8f80
Event: 40.750 Thread 0x000001de6ddc74a0 Thread added: 0x000001de77937ea0
Event: 40.786 Thread 0x000001de77937ea0 Thread added: 0x000001de7793a720
Event: 40.786 Thread 0x000001de77937ea0 Thread added: 0x000001de7793ac30
Event: 50.083 Thread 0x000001de4caa6540 Thread added: 0x000001de6d0990b0
Event: 50.584 Thread 0x000001de6d0990b0 Thread exited: 0x000001de6d0990b0
Event: 50.900 Thread 0x000001de4caa6540 Thread added: 0x000001de6d0990b0
Event: 58.196 Thread 0x000001de6ddc74a0 Thread added: 0x000001de6e814160
Event: 58.197 Thread 0x000001de6ddc74a0 Thread added: 0x000001de6e8164d0
Event: 58.308 Thread 0x000001de6f612760 Thread added: 0x000001de6e816ef0
Event: 61.522 Thread 0x000001de6d0990b0 Thread exited: 0x000001de6d0990b0
Event: 63.962 Thread 0x000001de4caa6540 Thread added: 0x000001de6d0990b0
Event: 65.542 Thread 0x000001de6d0990b0 Thread exited: 0x000001de6d0990b0
Event: 65.598 Thread 0x000001de4caa6540 Thread added: 0x000001de6d0990b0
Event: 66.171 Thread 0x000001de6d0990b0 Thread exited: 0x000001de6d0990b0
Event: 71.589 Thread 0x000001de4ca90eb0 Thread added: 0x000001de6d09d070
Event: 71.802 Thread 0x000001de6d09d070 Thread exited: 0x000001de6d09d070
Event: 72.990 Thread 0x000001de4caa6540 Thread added: 0x000001de6d09d070
Event: 74.268 Thread 0x000001de6d09d070 Thread exited: 0x000001de6d09d070


Dynamic libraries:
0x00007ff75bae0000 - 0x00007ff75baee000 	C:\Program Files\OpenLogic\jdk-17.0.14.7-hotspot\bin\java.exe
0x00007ffdadd60000 - 0x00007ffdadfc8000 	C:\WINDOWS\SYSTEM32\ntdll.dll
0x00007ffdad100000 - 0x00007ffdad1c9000 	C:\WINDOWS\System32\KERNEL32.DLL
0x00007ffdab710000 - 0x00007ffdabafd000 	C:\WINDOWS\System32\KERNELBASE.dll
0x00007ffdab530000 - 0x00007ffdab67b000 	C:\WINDOWS\System32\ucrtbase.dll
0x00007ffd24be0000 - 0x00007ffd24bf7000 	C:\Program Files\OpenLogic\jdk-17.0.14.7-hotspot\bin\jli.dll
0x00007ffd24bc0000 - 0x00007ffd24bdb000 	C:\Program Files\OpenLogic\jdk-17.0.14.7-hotspot\bin\VCRUNTIME140.dll
0x00007ffdadb50000 - 0x00007ffdadd1c000 	C:\WINDOWS\System32\USER32.dll
0x00007ffdab020000 - 0x00007ffdab047000 	C:\WINDOWS\System32\win32u.dll
0x00007ffd93d00000 - 0x00007ffd93f9a000 	C:\WINDOWS\WinSxS\amd64_microsoft.windows.common-controls_6595b64144ccf1df_6.0.26100.4484_none_3e0e6d4ce32ef3b3\COMCTL32.dll
0x00007ffdac4e0000 - 0x00007ffdac589000 	C:\WINDOWS\System32\msvcrt.dll
0x00007ffdad460000 - 0x00007ffdad48b000 	C:\WINDOWS\System32\GDI32.dll
0x00007ffdab050000 - 0x00007ffdab187000 	C:\WINDOWS\System32\gdi32full.dll
0x00007ffdaaf70000 - 0x00007ffdab013000 	C:\WINDOWS\System32\msvcp_win.dll
0x00007ffdabd30000 - 0x00007ffdabd5f000 	C:\WINDOWS\System32\IMM32.DLL
0x00007ffd24bb0000 - 0x00007ffd24bbc000 	C:\Program Files\OpenLogic\jdk-17.0.14.7-hotspot\bin\vcruntime140_1.dll
0x00007ffd24940000 - 0x00007ffd249cd000 	C:\Program Files\OpenLogic\jdk-17.0.14.7-hotspot\bin\msvcp140.dll
0x00007ffd23cd0000 - 0x00007ffd2493c000 	C:\Program Files\OpenLogic\jdk-17.0.14.7-hotspot\bin\server\jvm.dll
0x00007ffdacd60000 - 0x00007ffdace14000 	C:\WINDOWS\System32\ADVAPI32.dll
0x00007ffdabe90000 - 0x00007ffdabf36000 	C:\WINDOWS\System32\sechost.dll
0x00007ffdad6a0000 - 0x00007ffdad7b8000 	C:\WINDOWS\System32\RPCRT4.dll
0x00007ffdabb00000 - 0x00007ffdabb74000 	C:\WINDOWS\System32\WS2_32.dll
0x00007ffdaad00000 - 0x00007ffdaad5e000 	C:\WINDOWS\SYSTEM32\POWRPROF.dll
0x00007ffd9f140000 - 0x00007ffd9f14b000 	C:\WINDOWS\SYSTEM32\VERSION.dll
0x00007ffd969e0000 - 0x00007ffd96a15000 	C:\WINDOWS\SYSTEM32\WINMM.dll
0x00007ffdaace0000 - 0x00007ffdaacf4000 	C:\WINDOWS\SYSTEM32\UMPDC.dll
0x00007ffda9c50000 - 0x00007ffda9c6b000 	C:\WINDOWS\SYSTEM32\kernel.appcore.dll
0x00007ffd24ba0000 - 0x00007ffd24baa000 	C:\Program Files\OpenLogic\jdk-17.0.14.7-hotspot\bin\jimage.dll
0x00007ffda55f0000 - 0x00007ffda5831000 	C:\WINDOWS\SYSTEM32\DBGHELP.DLL
0x00007ffdad7c0000 - 0x00007ffdadb46000 	C:\WINDOWS\System32\combase.dll
0x00007ffdad500000 - 0x00007ffdad5e0000 	C:\WINDOWS\System32\OLEAUT32.dll
0x00007ffd8fc70000 - 0x00007ffd8fcb3000 	C:\WINDOWS\SYSTEM32\dbgcore.DLL
0x00007ffdab190000 - 0x00007ffdab229000 	C:\WINDOWS\System32\bcryptPrimitives.dll
0x00007ffd9fd80000 - 0x00007ffd9fd8e000 	C:\Program Files\OpenLogic\jdk-17.0.14.7-hotspot\bin\instrument.dll
0x00007ffd23ca0000 - 0x00007ffd23cc5000 	C:\Program Files\OpenLogic\jdk-17.0.14.7-hotspot\bin\java.dll
0x00007ffd23a00000 - 0x00007ffd23ad6000 	C:\Program Files\OpenLogic\jdk-17.0.14.7-hotspot\bin\jsvml.dll
0x00007ffdac5e0000 - 0x00007ffdacd2a000 	C:\WINDOWS\System32\SHELL32.dll
0x00007ffdab3b0000 - 0x00007ffdab524000 	C:\WINDOWS\System32\wintypes.dll
0x00007ffda8b30000 - 0x00007ffda938b000 	C:\WINDOWS\SYSTEM32\windows.storage.dll
0x00007ffdabd70000 - 0x00007ffdabe65000 	C:\WINDOWS\System32\SHCORE.dll
0x00007ffdabf40000 - 0x00007ffdabfaa000 	C:\WINDOWS\System32\shlwapi.dll
0x00007ffdaadc0000 - 0x00007ffdaadef000 	C:\WINDOWS\SYSTEM32\profapi.dll
0x00007ffd23940000 - 0x00007ffd23958000 	C:\Program Files\OpenLogic\jdk-17.0.14.7-hotspot\bin\zip.dll
0x00007ffd23980000 - 0x00007ffd23999000 	C:\Program Files\OpenLogic\jdk-17.0.14.7-hotspot\bin\net.dll
0x00007ffd9bd60000 - 0x00007ffd9be7e000 	C:\WINDOWS\SYSTEM32\WINHTTP.dll
0x00007ffdaa1e0000 - 0x00007ffdaa24a000 	C:\WINDOWS\system32\mswsock.dll
0x00007ffd23960000 - 0x00007ffd23976000 	C:\Program Files\OpenLogic\jdk-17.0.14.7-hotspot\bin\nio.dll
0x00007ffda29e0000 - 0x00007ffda29f0000 	C:\Program Files\OpenLogic\jdk-17.0.14.7-hotspot\bin\verify.dll
0x00007ffda4910000 - 0x00007ffda4937000 	C:\Users\Kuldeep\.gradle\native\1def1411415f61bf3af743bc5b6707747c0891f09f0c88961ee8f79bc544acac\windows-amd64\native-platform.dll
0x00007ffd961f0000 - 0x00007ffd96268000 	C:\Users\Kuldeep\.gradle\native\0.2.6\x86_64-windows-gnu\gradle-fileevents.dll
0x00007ffd236c0000 - 0x00007ffd236c9000 	C:\Program Files\OpenLogic\jdk-17.0.14.7-hotspot\bin\management.dll
0x00007ffd236b0000 - 0x00007ffd236bb000 	C:\Program Files\OpenLogic\jdk-17.0.14.7-hotspot\bin\management_ext.dll
0x00007ffdad2e0000 - 0x00007ffdad2e8000 	C:\WINDOWS\System32\PSAPI.DLL
0x00007ffda96d0000 - 0x00007ffda9703000 	C:\WINDOWS\SYSTEM32\IPHLPAPI.DLL
0x00007ffdabfc0000 - 0x00007ffdabfca000 	C:\WINDOWS\System32\NSI.dll
0x00007ffd9eb60000 - 0x00007ffd9eb7f000 	C:\WINDOWS\SYSTEM32\dhcpcsvc6.DLL
0x00007ffd9bd30000 - 0x00007ffd9bd55000 	C:\WINDOWS\SYSTEM32\dhcpcsvc.DLL
0x00007ffda9770000 - 0x00007ffda9896000 	C:\WINDOWS\SYSTEM32\DNSAPI.dll
0x00007ffd1b7c0000 - 0x00007ffd1b7c8000 	C:\Program Files\OpenLogic\jdk-17.0.14.7-hotspot\bin\extnet.dll
0x00007ffdaa490000 - 0x00007ffdaa4ab000 	C:\WINDOWS\SYSTEM32\CRYPTSP.dll
0x00007ffda9bb0000 - 0x00007ffda9beb000 	C:\WINDOWS\system32\rsaenh.dll
0x00007ffdaa280000 - 0x00007ffdaa2ab000 	C:\WINDOWS\SYSTEM32\USERENV.dll
0x00007ffdaad90000 - 0x00007ffdaadb6000 	C:\WINDOWS\SYSTEM32\bcrypt.dll
0x00007ffdaa4b0000 - 0x00007ffdaa4bc000 	C:\WINDOWS\SYSTEM32\CRYPTBASE.dll
0x00007ffd1b7e0000 - 0x00007ffd1b7ee000 	C:\Program Files\OpenLogic\jdk-17.0.14.7-hotspot\bin\sunmscapi.dll
0x00007ffdab230000 - 0x00007ffdab3a7000 	C:\WINDOWS\System32\CRYPT32.dll
0x00007ffdaa6b0000 - 0x00007ffdaa6e0000 	C:\WINDOWS\SYSTEM32\ncrypt.dll
0x00007ffdaa660000 - 0x00007ffdaa69f000 	C:\WINDOWS\SYSTEM32\NTASN1.dll
0x00007ffd1b7d0000 - 0x00007ffd1b7d8000 	C:\WINDOWS\system32\wshunix.dll
0x00007ffd8c430000 - 0x00007ffd8c448000 	C:\WINDOWS\system32\napinsp.dll
0x00007ffd8c260000 - 0x00007ffd8c272000 	C:\WINDOWS\System32\winrnr.dll
0x00007ffd8c200000 - 0x00007ffd8c230000 	C:\WINDOWS\system32\nlansp_c.dll
0x00007ffd8c770000 - 0x00007ffd8c790000 	C:\WINDOWS\system32\wshbth.dll
0x00007ffd981e0000 - 0x00007ffd981eb000 	C:\Windows\System32\rasadhlp.dll
0x00007ffd99d10000 - 0x00007ffd99d96000 	C:\WINDOWS\System32\fwpuclnt.dll
0x00007ffda9d80000 - 0x00007ffda9db6000 	C:\WINDOWS\SYSTEM32\ntmarta.dll

dbghelp: loaded successfully - version: 4.0.5 - missing functions: none
symbol engine: initialized successfully - sym options: 0x614 - pdb path: .;C:\Program Files\OpenLogic\jdk-17.0.14.7-hotspot\bin;C:\WINDOWS\SYSTEM32;C:\WINDOWS\WinSxS\amd64_microsoft.windows.common-controls_6595b64144ccf1df_6.0.26100.4484_none_3e0e6d4ce32ef3b3;C:\Program Files\OpenLogic\jdk-17.0.14.7-hotspot\bin\server;C:\Users\Kuldeep\.gradle\native\1def1411415f61bf3af743bc5b6707747c0891f09f0c88961ee8f79bc544acac\windows-amd64;C:\Users\Kuldeep\.gradle\native\0.2.6\x86_64-windows-gnu

VM Arguments:
jvm_args: --add-opens=java.base/java.lang=ALL-UNNAMED --add-opens=java.base/java.lang.invoke=ALL-UNNAMED --add-opens=java.base/java.util=ALL-UNNAMED --add-opens=java.prefs/java.util.prefs=ALL-UNNAMED --add-exports=jdk.compiler/com.sun.tools.javac.api=ALL-UNNAMED --add-exports=jdk.compiler/com.sun.tools.javac.util=ALL-UNNAMED --add-opens=java.base/java.util=ALL-UNNAMED --add-opens=java.prefs/java.util.prefs=ALL-UNNAMED --add-opens=java.base/java.nio.charset=ALL-UNNAMED --add-opens=java.base/java.net=ALL-UNNAMED --add-opens=java.base/java.util.concurrent.atomic=ALL-UNNAMED --add-opens=java.xml/javax.xml.namespace=ALL-UNNAMED -XX:MaxMetaspaceSize=512m -Xmx2048m -Dfile.encoding=windows-1252 -Duser.country=IN -Duser.language=en -Duser.variant -javaagent:C:\ProgramData\chocolatey\lib\gradle\tools\gradle-8.12.1\lib\agents\gradle-instrumentation-agent-8.12.1.jar 
java_command: org.gradle.launcher.daemon.bootstrap.GradleDaemon 8.12.1
java_class_path (initial): C:\ProgramData\chocolatey\lib\gradle\tools\gradle-8.12.1\lib\gradle-daemon-main-8.12.1.jar
Launcher Type: SUN_STANDARD

[Global flags]
     intx CICompilerCount                          = 3                                         {product} {ergonomic}
   size_t CompressedClassSpaceSize                 = 436207616                                 {product} {ergonomic}
     uint ConcGCThreads                            = 1                                         {product} {ergonomic}
     uint G1ConcRefinementThreads                  = 4                                         {product} {ergonomic}
   size_t G1HeapRegionSize                         = 1048576                                   {product} {ergonomic}
    uintx GCDrainStackTargetSize                   = 64                                        {product} {ergonomic}
   size_t InitialHeapSize                          = 65011712                                  {product} {ergonomic}
   size_t MarkStackSize                            = 4194304                                   {product} {ergonomic}
   size_t MaxHeapSize                              = 2147483648                                {product} {command line}
   size_t MaxMetaspaceSize                         = 536870912                                 {product} {command line}
   size_t MaxNewSize                               = 1287651328                                {product} {ergonomic}
   size_t MinHeapDeltaBytes                        = 1048576                                   {product} {ergonomic}
   size_t MinHeapSize                              = 8388608                                   {product} {ergonomic}
    uintx NonNMethodCodeHeapSize                   = 5832780                                {pd product} {ergonomic}
    uintx NonProfiledCodeHeapSize                  = 122912730                              {pd product} {ergonomic}
    uintx ProfiledCodeHeapSize                     = 122912730                              {pd product} {ergonomic}
    uintx ReservedCodeCacheSize                    = 251658240                              {pd product} {ergonomic}
     bool SegmentedCodeCache                       = true                                      {product} {ergonomic}
   size_t SoftMaxHeapSize                          = 2147483648                             {manageable} {ergonomic}
     bool UseCompressedClassPointers               = true                           {product lp64_product} {ergonomic}
     bool UseCompressedOops                        = true                           {product lp64_product} {ergonomic}
     bool UseG1GC                                  = true                                      {product} {ergonomic}
     bool UseLargePagesIndividualAllocation        = false                                  {pd product} {ergonomic}

Logging:
Log output configuration:
 #0: stdout all=warning uptime,level,tags
 #1: stderr all=off uptime,level,tags

Environment Variables:
JAVA_HOME=C:\Program Files\OpenLogic\jdk-17.0.14.7-hotspot
CLASSPATH=C:\ProgramData\chocolatey\lib\gradle\tools\gradle-8.12.1\lib\gradle-gradle-cli-main-8.12.1.jar
PATH=C:\Program Files\OpenLogic\jdk-17.0.14.7-hotspot\bin;C:\WINDOWS\system32;C:\WINDOWS;C:\WINDOWS\System32\Wbem;C:\WINDOWS\System32\WindowsPowerShell\v1.0\;C:\WINDOWS\System32\OpenSSH\;C:\Program Files\Microsoft SQL Server\150\Tools\Binn\;C:\Program Files\Microsoft SQL Server\Client SDK\ODBC\170\Tools\Binn\;C:\Program Files\dotnet\;C:\WINDOWS\system32;C:\WINDOWS;C:\WINDOWS\System32\Wbem;C:\WINDOWS\System32\WindowsPowerShell\v1.0\;C:\WINDOWS\System32\OpenSSH\;C:\MinGW\bin;C:\Users\Kuldeep\AppData\Local\Android\Sdk;C:\Users\Kuldeep\AppData\Local\Android\Sdk\tools\bin;C:\Users\Kuldeep\AppData\Local\Android\Sdk\emulator;C:\Users\Kuldeep\AppData\Local\Android\Sdk\platform-tools;C:\Program Files\Git\cmd;C:\ProgramData\chocolatey\bin;C:\Users\Kuldeep\AppData\Local\nvm;C:\nvm4w\nodejs;C:\Program Files\MongoDB\Server\6.0\bin;C:\Program Files (x86)\cloudflared\;C:\Program Files\MySQL\MySQL Shell 8.0\bin\;C:\Users\Kuldeep\AppData\Local\Android\Sdk\platform-tools;C:\Users\Kuldeep\AppData\Local\Android\Sdk\tools;C:\Users\Kuldeep\AppData\Local\jdk-11.0.2\bin;C:\Users\Kuldeep\AppData\Local\Programs\Python\Python312\Scripts\;C:\Users\Kuldeep\AppData\Local\Programs\Python\Python312\;C:\Users\Kuldeep\AppData\Local\Microsoft\WindowsApps;C:\Users\Kuldeep\.dotnet\tools;C:\Users\Kuldeep\AppData\Local\Programs\Microsoft VS Code\bin;C:\Users\Kuldeep\AppData\Local\GitHubDesktop\bin;C:\Program Files\OpenLogic\jdk-11.0.25.9-hotspot;C:\Users\Kuldeep\AppData\Local\Android\Sdk;C:\Users\Kuldeep\AppData\Local\Android\Sdk\tools\bin;C:\Users\Kuldeep\AppData\Local\Android\Sdk\emulator;C:\Users\Kuldeep\AppData\Local\Microsoft\WinGet\Packages\Schniz.fnm_Microsoft.Winget.Source_8wekyb3d8bbwe;C:\Users\Kuldeep\AppData\Local\nvm;C:\nvm4w\nodejs;C:\Program Files\MongoDB\Server\6.0\bin;
USERNAME=Kuldeep
LANG=en_US.UTF-8
OS=Windows_NT
PROCESSOR_IDENTIFIER=Intel64 Family 6 Model 126 Stepping 5, GenuineIntel
TMP=C:\Users\Kuldeep\AppData\Local\Temp
TEMP=C:\Users\Kuldeep\AppData\Local\Temp



Periodic native trim disabled


---------------  S Y S T E M  ---------------

OS:
 Windows 11 , 64 bit Build 26100 (10.0.26100.4484)
OS uptime: 0 days 1:44 hours

CPU: total 4 (initial active 4) (2 cores per cpu, 2 threads per core) family 6 model 126 stepping 5 microcode 0x86, cx8, cmov, fxsr, ht, mmx, 3dnowpref, sse, sse2, sse3, ssse3, sse4.1, sse4.2, popcnt, lzcnt, tsc, tscinvbit, avx, avx2, aes, erms, clmul, bmi1, bmi2, adx, avx512f, avx512dq, avx512cd, avx512bw, avx512vl, sha, fma, vzeroupper, avx512_vpopcntdq, avx512_vpclmulqdq, avx512_vaes, avx512_vnni, clflush, clflushopt, avx512_vbmi2, avx512_vbmi
Processor Information for processor 0
  Max Mhz: 1190, Current Mhz: 991, Mhz Limit: 1190
Processor Information for processor 1
  Max Mhz: 1190, Current Mhz: 1190, Mhz Limit: 1190
Processor Information for processor 2
  Max Mhz: 1190, Current Mhz: 1190, Mhz Limit: 1190
Processor Information for processor 3
  Max Mhz: 1190, Current Mhz: 1190, Mhz Limit: 1190

Memory: 4k page, system-wide physical 3871M (112M free)
TotalPageFile size 15647M (AvailPageFile size 0M)
current process WorkingSet (physical memory assigned to process): 815M, peak: 962M
current process commit charge ("private bytes"): 1677M, peak: 1678M

vm_info: OpenJDK 64-Bit Server VM (17.0.14+7-adhoc..jdk17u) for windows-amd64 JRE (17.0.14+7-adhoc..jdk17u), built on Jan 22 2025 11:06:43 by "" with MS VC++ 16.10 / 16.11 (VS2019)

END.
