#
# There is insufficient memory for the Java Runtime Environment to continue.
# Native memory allocation (mmap) failed to map 1048576 bytes. Error detail: G1 virtual space
# Possible reasons:
#   The system is out of physical RAM or swap space
#   This process is running with CompressedOops enabled, and the Java Heap may be blocking the growth of the native heap
# Possible solutions:
#   Reduce memory load on the system
#   Increase physical memory or swap space
#   Check if swap backing store is full
#   Decrease Java heap size (-Xmx/-Xms)
#   Decrease number of Java threads
#   Decrease Java thread stack sizes (-Xss)
#   Set larger code cache with -XX:ReservedCodeCacheSize=
#   JVM is running with Unscaled Compressed Oops mode in which the Java heap is
#     placed in the first 4GB address space. The Java Heap base address is the
#     maximum limit for the native heap growth. Please use -XX:HeapBaseMinAddress
#     to set the Java Heap base and to place the Java Heap above 4GB virtual address.
# This output file may be truncated or incomplete.
#
#  Out of Memory Error (os_windows.cpp:3618), pid=2748, tid=8060
#
# JRE version: OpenJDK Runtime Environment OpenLogic-OpenJDK (17.0.14+7) (build 17.0.14+7-adhoc..jdk17u)
# Java VM: OpenJDK 64-Bit Server VM OpenLogic-OpenJDK (17.0.14+7-adhoc..jdk17u, mixed mode, sharing, tiered, compressed oops, compressed class ptrs, g1 gc, windows-amd64)
# No core dump will be written. Minidumps are not enabled by default on client versions of Windows
#

---------------  S U M M A R Y ------------

Command Line: --add-opens=java.base/java.lang=ALL-UNNAMED --add-opens=java.base/java.lang.invoke=ALL-UNNAMED --add-opens=java.base/java.util=ALL-UNNAMED --add-opens=java.prefs/java.util.prefs=ALL-UNNAMED --add-exports=jdk.compiler/com.sun.tools.javac.api=ALL-UNNAMED --add-exports=jdk.compiler/com.sun.tools.javac.util=ALL-UNNAMED --add-opens=java.base/java.util=ALL-UNNAMED --add-opens=java.prefs/java.util.prefs=ALL-UNNAMED --add-opens=java.base/java.nio.charset=ALL-UNNAMED --add-opens=java.base/java.net=ALL-UNNAMED --add-opens=java.base/java.util.concurrent.atomic=ALL-UNNAMED --add-opens=java.xml/javax.xml.namespace=ALL-UNNAMED -XX:MaxMetaspaceSize=512m -Xmx2048m -Dfile.encoding=windows-1252 -Duser.country=IN -Duser.language=en -Duser.variant -javaagent:C:\ProgramData\chocolatey\lib\gradle\tools\gradle-8.12.1\lib\agents\gradle-instrumentation-agent-8.12.1.jar org.gradle.launcher.daemon.bootstrap.GradleDaemon 8.12.1

Host: Intel(R) Core(TM) i3-1005G1 CPU @ 1.20GHz, 4 cores, 3G,  Windows 11 , 64 bit Build 26100 (10.0.26100.4484)
Time: Sat Jul 12 17:14:17 2025 India Standard Time elapsed time: 73.127476 seconds (0d 0h 1m 13s)

---------------  T H R E A D  ---------------

Current thread (0x000002c0cf63f060):  JavaThread "Execution worker Thread 3" [_thread_in_vm, id=8060, stack(0x000000ddc5700000,0x000000ddc5800000)]

Stack: [0x000000ddc5700000,0x000000ddc5800000]
Native frames: (J=compiled Java code, j=interpreted, Vv=VM code, C=native code)
V  [jvm.dll+0x681069]
V  [jvm.dll+0x838cca]
V  [jvm.dll+0x83a78e]
V  [jvm.dll+0x83adf3]
V  [jvm.dll+0x24826f]
V  [jvm.dll+0x67dd99]
V  [jvm.dll+0x67286a]
V  [jvm.dll+0x30826b]
V  [jvm.dll+0x30f756]
V  [jvm.dll+0x35f7ab]
V  [jvm.dll+0x35fdf4]
V  [jvm.dll+0x35f996]
V  [jvm.dll+0x2df744]
V  [jvm.dll+0x2db856]
V  [jvm.dll+0x613783]
V  [jvm.dll+0x2124e5]
V  [jvm.dll+0x802896]
V  [jvm.dll+0x6dcd79]
C  0x000002c09e6af9a9

The last pc belongs to _new_array_nozero_Java (printed below).
Java frames: (J=compiled Java code, j=interpreted, Vv=VM code)
v  ~RuntimeStub::_new_array_nozero_Java
J 21102 c2 kotlin.io.ByteStreamsKt.copyTo(Ljava/io/InputStream;Ljava/io/OutputStream;I)J (60 bytes) @ 0x000002c09f719764 [0x000002c09f718be0+0x0000000000000b84]
J 21066 c1 kotlin.io.ByteStreamsKt.readBytes(Ljava/io/InputStream;)[B (47 bytes) @ 0x000002c09911b774 [0x000002c09911b280+0x00000000000004f4]
J 21037 c1 com.android.tools.build.jetifier.processor.archive.Archive$Builder.extractFile(Ljava/util/zip/ZipInputStream;Ljava/nio/file/Path;Ljava/nio/file/attribute/FileTime;)Lcom/android/tools/build/jetifier/processor/archive/ArchiveFile; (39 bytes) @ 0x000002c099107384 [0x000002c0991070e0+0x00000000000002a4]
j  com.android.tools.build.jetifier.processor.archive.Archive$Builder.extractArchive(Ljava/io/InputStream;Ljava/nio/file/Path;ZLjava/nio/file/attribute/FileTime;)Lcom/android/tools/build/jetifier/processor/archive/Archive;+144
j  com.android.tools.build.jetifier.processor.archive.Archive$Builder.extract(Ljava/io/File;Z)Lcom/android/tools/build/jetifier/processor/archive/Archive;+94
j  com.android.tools.build.jetifier.processor.archive.Archive$Builder.extract$default(Lcom/android/tools/build/jetifier/processor/archive/Archive$Builder;Ljava/io/File;ZILjava/lang/Object;)Lcom/android/tools/build/jetifier/processor/archive/Archive;+11
j  com.android.tools.build.jetifier.processor.Processor.loadLibraries(Ljava/lang/Iterable;)Ljava/util/Set;+98
j  com.android.tools.build.jetifier.processor.Processor.transform2(Ljava/util/Set;ZZ)Lcom/android/tools/build/jetifier/processor/TransformationResult;+372
j  com.android.build.gradle.internal.dependency.JetifyTransform.transform(Lorg/gradle/api/artifacts/transform/TransformOutputs;)V+368
j  org.gradle.api.internal.artifacts.transform.DefaultTransform.transform(Lorg/gradle/api/provider/Provider;Ljava/io/File;Lorg/gradle/api/internal/artifacts/transform/TransformDependencies;Lorg/gradle/work/InputChanges;)Lorg/gradle/api/internal/artifacts/transform/TransformExecutionResult;+42
j  org.gradle.api.internal.artifacts.transform.AbstractTransformExecution$2.call(Lorg/gradle/internal/operations/BuildOperationContext;)Lorg/gradle/api/internal/artifacts/transform/TransformExecutionResult;+96
j  org.gradle.api.internal.artifacts.transform.AbstractTransformExecution$2.call(Lorg/gradle/internal/operations/BuildOperationContext;)Ljava/lang/Object;+2
J 14846 c2 org.gradle.internal.operations.DefaultBuildOperationRunner$CallableBuildOperationWorker.execute(Lorg/gradle/internal/operations/BuildOperation;Lorg/gradle/internal/operations/BuildOperationContext;)V (10 bytes) @ 0x000002c09f19760c [0x000002c09f1975a0+0x000000000000006c]
J 13730 c2 org.gradle.internal.operations.DefaultBuildOperationRunner.execute(Lorg/gradle/internal/operations/BuildOperationDescriptor$Builder;Lorg/gradle/internal/operations/BuildOperationState;Lorg/gradle/internal/operations/DefaultBuildOperationRunner$BuildOperationExecution;)Ljava/lang/Object; (147 bytes) @ 0x000002c09f287a84 [0x000002c09f286e40+0x0000000000000c44]
J 14847 c2 org.gradle.internal.operations.DefaultBuildOperationRunner.call(Lorg/gradle/internal/operations/CallableBuildOperation;)Ljava/lang/Object; (24 bytes) @ 0x000002c09ec48648 [0x000002c09ec484a0+0x00000000000001a8]
j  org.gradle.api.internal.artifacts.transform.AbstractTransformExecution.executeWithinTransformerListener(Lorg/gradle/internal/execution/UnitOfWork$ExecutionRequest;)Lorg/gradle/internal/execution/UnitOfWork$WorkOutput;+13
j  org.gradle.api.internal.artifacts.transform.AbstractTransformExecution.execute(Lorg/gradle/internal/execution/UnitOfWork$ExecutionRequest;)Lorg/gradle/internal/execution/UnitOfWork$WorkOutput;+19
j  org.gradle.internal.execution.steps.ExecuteStep.executeInternal(Lorg/gradle/internal/execution/UnitOfWork;Lorg/gradle/internal/execution/steps/InputChangesContext;)Lorg/gradle/internal/execution/steps/Result;+16
j  org.gradle.internal.execution.steps.ExecuteStep.access$000(Lorg/gradle/internal/execution/UnitOfWork;Lorg/gradle/internal/execution/steps/InputChangesContext;)Lorg/gradle/internal/execution/steps/Result;+2
j  org.gradle.internal.execution.steps.ExecuteStep$1.call(Lorg/gradle/internal/operations/BuildOperationContext;)Lorg/gradle/internal/execution/steps/Result;+8
j  org.gradle.internal.execution.steps.ExecuteStep$1.call(Lorg/gradle/internal/operations/BuildOperationContext;)Ljava/lang/Object;+2
J 14846 c2 org.gradle.internal.operations.DefaultBuildOperationRunner$CallableBuildOperationWorker.execute(Lorg/gradle/internal/operations/BuildOperation;Lorg/gradle/internal/operations/BuildOperationContext;)V (10 bytes) @ 0x000002c09f19760c [0x000002c09f1975a0+0x000000000000006c]
J 13730 c2 org.gradle.internal.operations.DefaultBuildOperationRunner.execute(Lorg/gradle/internal/operations/BuildOperationDescriptor$Builder;Lorg/gradle/internal/operations/BuildOperationState;Lorg/gradle/internal/operations/DefaultBuildOperationRunner$BuildOperationExecution;)Ljava/lang/Object; (147 bytes) @ 0x000002c09f287a84 [0x000002c09f286e40+0x0000000000000c44]
J 14847 c2 org.gradle.internal.operations.DefaultBuildOperationRunner.call(Lorg/gradle/internal/operations/CallableBuildOperation;)Ljava/lang/Object; (24 bytes) @ 0x000002c09ec48648 [0x000002c09ec484a0+0x00000000000001a8]
j  org.gradle.internal.execution.steps.ExecuteStep.execute(Lorg/gradle/internal/execution/UnitOfWork;Lorg/gradle/internal/execution/steps/ChangingOutputsContext;)Lorg/gradle/internal/execution/steps/Result;+28
j  org.gradle.internal.execution.steps.ExecuteStep.execute(Lorg/gradle/internal/execution/UnitOfWork;Lorg/gradle/internal/execution/steps/Context;)Lorg/gradle/internal/execution/steps/Result;+6
j  org.gradle.internal.execution.steps.CancelExecutionStep.execute(Lorg/gradle/internal/execution/UnitOfWork;Lorg/gradle/internal/execution/steps/Context;)Lorg/gradle/internal/execution/steps/Result;+35
j  org.gradle.internal.execution.steps.TimeoutStep.executeWithoutTimeout(Lorg/gradle/internal/execution/UnitOfWork;Lorg/gradle/internal/execution/steps/Context;)Lorg/gradle/internal/execution/steps/Result;+6
j  org.gradle.internal.execution.steps.TimeoutStep.execute(Lorg/gradle/internal/execution/UnitOfWork;Lorg/gradle/internal/execution/steps/Context;)Lorg/gradle/internal/execution/steps/Result;+92
j  org.gradle.internal.execution.steps.PreCreateOutputParentsStep.execute(Lorg/gradle/internal/execution/UnitOfWork;Lorg/gradle/internal/execution/steps/ChangingOutputsContext;)Lorg/gradle/internal/execution/steps/Result;+24
j  org.gradle.internal.execution.steps.PreCreateOutputParentsStep.execute(Lorg/gradle/internal/execution/UnitOfWork;Lorg/gradle/internal/execution/steps/Context;)Lorg/gradle/internal/execution/steps/Result;+6
j  org.gradle.internal.execution.steps.BroadcastChangingOutputsStep.execute(Lorg/gradle/internal/execution/UnitOfWork;Lorg/gradle/internal/execution/steps/InputChangesContext;)Lorg/gradle/internal/execution/steps/Result;+53
j  org.gradle.internal.execution.steps.BroadcastChangingOutputsStep.execute(Lorg/gradle/internal/execution/UnitOfWork;Lorg/gradle/internal/execution/steps/Context;)Lorg/gradle/internal/execution/steps/Result;+6
j  org.gradle.internal.execution.steps.NoInputChangesStep.execute(Lorg/gradle/internal/execution/UnitOfWork;Lorg/gradle/internal/execution/steps/ValidationFinishedContext;)Lorg/gradle/internal/execution/steps/Result;+23
j  org.gradle.internal.execution.steps.NoInputChangesStep.execute(Lorg/gradle/internal/execution/UnitOfWork;Lorg/gradle/internal/execution/steps/Context;)Lorg/gradle/internal/execution/steps/Result;+6
j  org.gradle.internal.execution.steps.CaptureOutputsAfterExecutionStep.execute(Lorg/gradle/internal/execution/UnitOfWork;Lorg/gradle/internal/execution/steps/WorkspaceContext;)Lorg/gradle/internal/execution/steps/AfterExecutionResult;+6
j  org.gradle.internal.execution.steps.CaptureOutputsAfterExecutionStep.execute(Lorg/gradle/internal/execution/UnitOfWork;Lorg/gradle/internal/execution/steps/Context;)Lorg/gradle/internal/execution/steps/Result;+6
j  org.gradle.internal.execution.steps.BuildCacheStep.executeWithoutCache(Lorg/gradle/internal/execution/UnitOfWork;Lorg/gradle/internal/execution/steps/WorkspaceContext;)Lorg/gradle/internal/execution/steps/AfterExecutionResult;+6
j  org.gradle.internal.execution.steps.BuildCacheStep.lambda$execute$1(Lorg/gradle/internal/execution/UnitOfWork;Lorg/gradle/internal/execution/steps/WorkspaceContext;Lorg/gradle/internal/execution/caching/CachingState$Disabled;)Lorg/gradle/internal/execution/steps/AfterExecutionResult;+3
j  org.gradle.internal.execution.steps.BuildCacheStep$$Lambda$1706+0x000002c0af9e9220.apply(Ljava/lang/Object;)Ljava/lang/Object;+16
j  org.gradle.internal.Either$Right.fold(Ljava/util/function/Function;Ljava/util/function/Function;)Ljava/lang/Object;+5
j  org.gradle.internal.execution.caching.CachingState.fold(Ljava/util/function/Function;Ljava/util/function/Function;)Ljava/lang/Object;+6
j  org.gradle.internal.execution.steps.BuildCacheStep.execute(Lorg/gradle/internal/execution/UnitOfWork;Lorg/gradle/internal/execution/steps/WorkspaceContext;)Lorg/gradle/internal/execution/steps/AfterExecutionResult;+25
j  org.gradle.internal.execution.steps.BuildCacheStep.execute(Lorg/gradle/internal/execution/UnitOfWork;Lorg/gradle/internal/execution/steps/Context;)Lorg/gradle/internal/execution/steps/Result;+6
j  org.gradle.internal.execution.steps.NeverUpToDateStep.execute(Lorg/gradle/internal/execution/UnitOfWork;Lorg/gradle/internal/execution/steps/NonIncrementalCachingContext;)Lorg/gradle/internal/execution/steps/UpToDateResult;+6
j  org.gradle.internal.execution.steps.NeverUpToDateStep.execute(Lorg/gradle/internal/execution/UnitOfWork;Lorg/gradle/internal/execution/steps/Context;)Lorg/gradle/internal/execution/steps/Result;+6
j  org.gradle.internal.execution.steps.legacy.MarkSnapshottingInputsFinishedStep.execute(Lorg/gradle/internal/execution/UnitOfWork;Lorg/gradle/internal/execution/steps/CachingContext;)Lorg/gradle/internal/execution/steps/Result;+18
j  org.gradle.internal.execution.steps.legacy.MarkSnapshottingInputsFinishedStep.execute(Lorg/gradle/internal/execution/UnitOfWork;Lorg/gradle/internal/execution/steps/Context;)Lorg/gradle/internal/execution/steps/Result;+6
j  org.gradle.internal.execution.steps.ResolveNonIncrementalCachingStateStep.executeDelegate(Lorg/gradle/internal/execution/UnitOfWork;Lorg/gradle/internal/execution/steps/ValidationFinishedContext;Lorg/gradle/internal/execution/caching/CachingState;)Lorg/gradle/internal/execution/steps/UpToDateResult;+14
j  org.gradle.internal.execution.steps.AbstractResolveCachingStateStep.execute(Lorg/gradle/internal/execution/UnitOfWork;Lorg/gradle/internal/execution/steps/ValidationFinishedContext;)Lorg/gradle/internal/execution/steps/CachingResult;+51
j  org.gradle.internal.execution.steps.AbstractResolveCachingStateStep.execute(Lorg/gradle/internal/execution/UnitOfWork;Lorg/gradle/internal/execution/steps/Context;)Lorg/gradle/internal/execution/steps/Result;+6
j  org.gradle.internal.execution.steps.ValidateStep.execute(Lorg/gradle/internal/execution/UnitOfWork;Lorg/gradle/internal/execution/steps/BeforeExecutionContext;)Lorg/gradle/internal/execution/steps/Result;+255
j  org.gradle.internal.execution.steps.ValidateStep.execute(Lorg/gradle/internal/execution/UnitOfWork;Lorg/gradle/internal/execution/steps/Context;)Lorg/gradle/internal/execution/steps/Result;+6
j  org.gradle.internal.execution.steps.AbstractCaptureStateBeforeExecutionStep.execute(Lorg/gradle/internal/execution/UnitOfWork;Lorg/gradle/internal/execution/steps/PreviousExecutionContext;)Lorg/gradle/internal/execution/steps/CachingResult;+32
j  org.gradle.internal.execution.steps.AbstractCaptureStateBeforeExecutionStep.execute(Lorg/gradle/internal/execution/UnitOfWork;Lorg/gradle/internal/execution/steps/Context;)Lorg/gradle/internal/execution/steps/Result;+6
j  org.gradle.internal.execution.steps.legacy.MarkSnapshottingInputsStartedStep.execute(Lorg/gradle/internal/execution/UnitOfWork;Lorg/gradle/internal/execution/steps/Context;)Lorg/gradle/internal/execution/steps/Result;+12
j  org.gradle.internal.execution.steps.AssignImmutableWorkspaceStep.lambda$executeInTemporaryWorkspace$3(Lorg/gradle/internal/execution/steps/IdentityContext;Lorg/gradle/internal/execution/UnitOfWork;Lorg/gradle/internal/execution/workspace/ImmutableWorkspaceProvider$ImmutableWorkspace;Ljava/io/File;)Lorg/gradle/internal/execution/steps/WorkspaceResult;+50
j  org.gradle.internal.execution.steps.AssignImmutableWorkspaceStep$$Lambda$2567+0x000002c0b02471f8.executeInTemporaryWorkspace(Ljava/io/File;)Ljava/lang/Object;+17
j  org.gradle.internal.execution.workspace.impl.CacheBasedImmutableWorkspaceProvider$1.withTemporaryWorkspace(Lorg/gradle/internal/execution/workspace/ImmutableWorkspaceProvider$ImmutableWorkspace$TemporaryWorkspaceAction;)Ljava/lang/Object;+47
j  org.gradle.internal.execution.steps.AssignImmutableWorkspaceStep.executeInTemporaryWorkspace(Lorg/gradle/internal/execution/UnitOfWork;Lorg/gradle/internal/execution/steps/IdentityContext;Lorg/gradle/internal/execution/workspace/ImmutableWorkspaceProvider$ImmutableWorkspace;)Lorg/gradle/internal/execution/steps/WorkspaceResult;+10
j  org.gradle.internal.execution.steps.AssignImmutableWorkspaceStep.lambda$execute$0(Lorg/gradle/internal/execution/UnitOfWork;Lorg/gradle/internal/execution/steps/IdentityContext;Lorg/gradle/internal/execution/workspace/ImmutableWorkspaceProvider$ImmutableWorkspace;)Lorg/gradle/internal/execution/steps/WorkspaceResult;+4
j  org.gradle.internal.execution.steps.AssignImmutableWorkspaceStep$$Lambda$506+0x000002c0af453cc8.get()Ljava/lang/Object;+16
J 10807 c1 org.gradle.internal.execution.steps.AssignImmutableWorkspaceStep.execute(Lorg/gradle/internal/execution/UnitOfWork;Lorg/gradle/internal/execution/steps/IdentityContext;)Lorg/gradle/internal/execution/steps/WorkspaceResult; (55 bytes) @ 0x000002c0983a915c [0x000002c0983a8780+0x00000000000009dc]
J 9577 c1 org.gradle.internal.execution.steps.AssignImmutableWorkspaceStep.execute(Lorg/gradle/internal/execution/UnitOfWork;Lorg/gradle/internal/execution/steps/Context;)Lorg/gradle/internal/execution/steps/Result; (10 bytes) @ 0x000002c09810c0b4 [0x000002c09810bf40+0x0000000000000174]
J 9543 c1 org.gradle.internal.execution.steps.ChoosePipelineStep.execute(Lorg/gradle/internal/execution/UnitOfWork;Lorg/gradle/internal/execution/steps/IdentityContext;)Lorg/gradle/internal/execution/steps/Result; (71 bytes) @ 0x000002c0980f858c [0x000002c0980f7ca0+0x00000000000008ec]
J 9542 c1 org.gradle.internal.execution.steps.ChoosePipelineStep.execute(Lorg/gradle/internal/execution/UnitOfWork;Lorg/gradle/internal/execution/steps/Context;)Lorg/gradle/internal/execution/steps/Result; (10 bytes) @ 0x000002c0980f7834 [0x000002c0980f76c0+0x0000000000000174]
J 10820 c1 org.gradle.internal.execution.steps.ExecuteWorkBuildOperationFiringStep.lambda$execute$0(Lorg/gradle/internal/execution/UnitOfWork;Lorg/gradle/internal/execution/steps/IdentityContext;Lorg/gradle/internal/operations/BuildOperationContext;)Lorg/gradle/internal/execution/steps/CachingResult; (78 bytes) @ 0x000002c0983af374 [0x000002c0983af260+0x0000000000000114]
J 10822 c1 org.gradle.internal.execution.steps.ExecuteWorkBuildOperationFiringStep$$Lambda$934+0x000002c0af61e348.apply(Ljava/lang/Object;)Ljava/lang/Object; (20 bytes) @ 0x000002c0983b18dc [0x000002c0983b1740+0x000000000000019c]
J 15663 c2 org.gradle.internal.execution.steps.BuildOperationStep$1.call(Lorg/gradle/internal/operations/BuildOperationContext;)Ljava/lang/Object; (11 bytes) @ 0x000002c09f32e8c4 [0x000002c09f32e880+0x0000000000000044]
J 14846 c2 org.gradle.internal.operations.DefaultBuildOperationRunner$CallableBuildOperationWorker.execute(Lorg/gradle/internal/operations/BuildOperation;Lorg/gradle/internal/operations/BuildOperationContext;)V (10 bytes) @ 0x000002c09f19760c [0x000002c09f1975a0+0x000000000000006c]
J 13730 c2 org.gradle.internal.operations.DefaultBuildOperationRunner.execute(Lorg/gradle/internal/operations/BuildOperationDescriptor$Builder;Lorg/gradle/internal/operations/BuildOperationState;Lorg/gradle/internal/operations/DefaultBuildOperationRunner$BuildOperationExecution;)Ljava/lang/Object; (147 bytes) @ 0x000002c09f287a84 [0x000002c09f286e40+0x0000000000000c44]
J 15658 c2 org.gradle.internal.execution.steps.BuildOperationStep.operation(Ljava/util/function/Function;Lorg/gradle/internal/operations/BuildOperationDescriptor$Builder;)Ljava/lang/Object; (20 bytes) @ 0x000002c09f3288a4 [0x000002c09f3286a0+0x0000000000000204]
J 10826 c1 org.gradle.internal.execution.steps.ExecuteWorkBuildOperationFiringStep.lambda$execute$1(Lorg/gradle/internal/execution/UnitOfWork;Lorg/gradle/internal/execution/steps/IdentityContext;Ljava/lang/String;)Lorg/gradle/internal/execution/steps/CachingResult; (41 bytes) @ 0x000002c0983b2b44 [0x000002c0983b20a0+0x0000000000000aa4]
J 10832 c1 org.gradle.internal.execution.steps.ExecuteWorkBuildOperationFiringStep$$Lambda$450+0x000002c0af438420.apply(Ljava/lang/Object;)Ljava/lang/Object; (20 bytes) @ 0x000002c0983b66bc [0x000002c0983b6540+0x000000000000017c]
J 9545 c1 org.gradle.internal.execution.steps.ExecuteWorkBuildOperationFiringStep.execute(Lorg/gradle/internal/execution/UnitOfWork;Lorg/gradle/internal/execution/steps/Context;)Lorg/gradle/internal/execution/steps/Result; (10 bytes) @ 0x000002c0980f9de4 [0x000002c0980f94c0+0x0000000000000924]
J 10912 c1 org.gradle.internal.execution.steps.IdentityCacheStep.executeInCache(Lorg/gradle/internal/execution/UnitOfWork;Lorg/gradle/internal/execution/steps/IdentityContext;)Lorg/gradle/internal/execution/ExecutionEngine$IdentityCacheResult; (45 bytes) @ 0x000002c0983d6b84 [0x000002c0983d6a40+0x0000000000000144]
J 10831 c1 org.gradle.internal.execution.steps.IdentityCacheStep$$Lambda$933+0x000002c0af61e128.get()Ljava/lang/Object; (16 bytes) @ 0x000002c0983b6184 [0x000002c0983b60c0+0x00000000000000c4]
J 6714 c1 org.gradle.cache.Cache$$Lambda$88+0x000002c0af107220.apply(Ljava/lang/Object;)Ljava/lang/Object; (9 bytes) @ 0x000002c097b983fc [0x000002c097b982c0+0x000000000000013c]
J 12214 c2 java.util.concurrent.ConcurrentHashMap.computeIfAbsent(Ljava/lang/Object;Ljava/util/function/Function;)Ljava/lang/Object; java.base@17.0.14 (576 bytes) @ 0x000002c09f1c0234 [0x000002c09f1bf7c0+0x0000000000000a74]
J 14913 c2 org.gradle.cache.Cache.get(Ljava/lang/Object;Ljava/util/function/Supplier;)Ljava/lang/Object; (14 bytes) @ 0x000002c09f0ef824 [0x000002c09f0ef760+0x00000000000000c4]
J 9640 c1 org.gradle.internal.execution.steps.IdentityCacheStep.lambda$executeDeferred$1(Lorg/gradle/cache/Cache;Lorg/gradle/internal/execution/UnitOfWork$Identity;Lorg/gradle/internal/execution/UnitOfWork;Lorg/gradle/internal/execution/steps/IdentityContext;)Lorg/gradle/internal/Try; (41 bytes) @ 0x000002c09812b72c [0x000002c09812b180+0x00000000000005ac]
J 9639 c1 org.gradle.internal.execution.steps.IdentityCacheStep$$Lambda$928+0x000002c0af61d818.get()Ljava/lang/Object; (24 bytes) @ 0x000002c09812accc [0x000002c09812ac40+0x000000000000008c]
J 9236 c1 org.gradle.internal.Deferrable$3.completeAndGet()Ljava/lang/Object; (46 bytes) @ 0x000002c098086b6c [0x000002c0980869c0+0x00000000000001ac]
J 9215 c1 org.gradle.internal.Deferrable$1.completeAndGet()Ljava/lang/Object; (18 bytes) @ 0x000002c09807e36c [0x000002c09807e260+0x000000000000010c]
J 9215 c1 org.gradle.internal.Deferrable$1.completeAndGet()Ljava/lang/Object; (18 bytes) @ 0x000002c09807e36c [0x000002c09807e260+0x000000000000010c]
J 13736 c1 org.gradle.internal.Deferrable$$Lambda$974+0x000002c0af62eb20.get()Ljava/lang/Object; (14 bytes) @ 0x000002c09884c59c [0x000002c09884c380+0x000000000000021c]
J 9236 c1 org.gradle.internal.Deferrable$3.completeAndGet()Ljava/lang/Object; (46 bytes) @ 0x000002c098086b6c [0x000002c0980869c0+0x00000000000001ac]
J 13736 c1 org.gradle.internal.Deferrable$$Lambda$974+0x000002c0af62eb20.get()Ljava/lang/Object; (14 bytes) @ 0x000002c09884c59c [0x000002c09884c380+0x000000000000021c]
J 9236 c1 org.gradle.internal.Deferrable$3.completeAndGet()Ljava/lang/Object; (46 bytes) @ 0x000002c098086b6c [0x000002c0980869c0+0x00000000000001ac]
J 10813 c1 org.gradle.api.internal.artifacts.transform.TransformingAsyncArtifactListener$TransformedArtifact.finalizeValue()Lorg/gradle/internal/Try; (168 bytes) @ 0x000002c0983acbb4 [0x000002c0983abfc0+0x0000000000000bf4]
J 10896 c1 org.gradle.api.internal.artifacts.transform.TransformingAsyncArtifactListener$TransformedArtifact.run(Lorg/gradle/internal/operations/BuildOperationContext;)V (6 bytes) @ 0x000002c097455b14 [0x000002c097455aa0+0x0000000000000074]
J 10638 c1 org.gradle.internal.operations.DefaultBuildOperationExecutor$$Lambda$902+0x000002c0af60dff8.execute(Lorg/gradle/internal/operations/BuildOperation;Lorg/gradle/internal/operations/BuildOperationContext;)V (11 bytes) @ 0x000002c0983490d4 [0x000002c098348ec0+0x0000000000000214]
J 13730 c2 org.gradle.internal.operations.DefaultBuildOperationRunner.execute(Lorg/gradle/internal/operations/BuildOperationDescriptor$Builder;Lorg/gradle/internal/operations/BuildOperationState;Lorg/gradle/internal/operations/DefaultBuildOperationRunner$BuildOperationExecution;)Ljava/lang/Object; (147 bytes) @ 0x000002c09f287a84 [0x000002c09f286e40+0x0000000000000c44]
J 13770 c2 org.gradle.internal.operations.DefaultBuildOperationRunner.execute(Lorg/gradle/internal/operations/BuildOperation;Lorg/gradle/internal/operations/BuildOperationWorker;Lorg/gradle/internal/operations/BuildOperationState;)V (23 bytes) @ 0x000002c09f2a2258 [0x000002c09f2a21a0+0x00000000000000b8]
J 16260 c1 org.gradle.internal.operations.DefaultBuildOperationQueue$WorkerRunnable.doRunBatch(Lorg/gradle/internal/operations/BuildOperation;)I (44 bytes) @ 0x000002c098aceffc [0x000002c098aceee0+0x000000000000011c]
j  org.gradle.internal.operations.DefaultBuildOperationQueue$WorkerRunnable.lambda$runBatch$0(Lorg/gradle/internal/operations/BuildOperation;)Ljava/lang/Integer;+2
j  org.gradle.internal.operations.DefaultBuildOperationQueue$WorkerRunnable$$Lambda$905+0x000002c0af60ef00.create()Ljava/lang/Object;+8
j  org.gradle.internal.resources.AbstractResourceLockRegistry.whileDisallowingLockChanges(Lorg/gradle/internal/Factory;)Ljava/lang/Object;+17
j  org.gradle.internal.work.DefaultWorkerLeaseService.whileDisallowingProjectLockChanges(Lorg/gradle/internal/Factory;)Ljava/lang/Object;+14
j  org.gradle.internal.operations.DefaultBuildOperationQueue$WorkerRunnable.lambda$runBatch$1(Lorg/gradle/internal/operations/BuildOperation;)Ljava/lang/Integer;+33
j  org.gradle.internal.operations.DefaultBuildOperationQueue$WorkerRunnable$$Lambda$904+0x000002c0af60ece0.create()Ljava/lang/Object;+8
j  org.gradle.internal.work.DefaultWorkerLeaseService.runAsWorkerThread(Lorg/gradle/internal/Factory;)Ljava/lang/Object;+18
j  org.gradle.internal.operations.DefaultBuildOperationQueue$WorkerRunnable.runBatch(Lorg/gradle/internal/operations/BuildOperation;)V+18
j  org.gradle.internal.operations.DefaultBuildOperationQueue$WorkerRunnable.run()V+11
j  org.gradle.internal.operations.DefaultBuildOperationQueue.waitForCompletion()V+13
j  org.gradle.internal.operations.DefaultBuildOperationExecutor.executeInParallel(ZLorg/gradle/internal/operations/BuildOperationQueue$QueueWorker;Lorg/gradle/api/Action;Lorg/gradle/internal/operations/BuildOperationConstraint;)V+102
j  org.gradle.internal.operations.DefaultBuildOperationExecutor.runAll(Lorg/gradle/api/Action;Lorg/gradle/internal/operations/BuildOperationConstraint;)V+22
j  org.gradle.api.internal.artifacts.ivyservice.resolveengine.artifact.ParallelResolveArtifactSet$VisitingSet.visit(Lorg/gradle/api/internal/artifacts/ivyservice/resolveengine/artifact/ArtifactVisitor;)V+18
j  org.gradle.api.internal.artifacts.ivyservice.resolveengine.artifact.ResolvedArtifactSetResolver$1.run(Lorg/gradle/internal/operations/BuildOperationContext;)V+18
J 15721 c2 org.gradle.internal.operations.DefaultBuildOperationRunner$1.execute(Lorg/gradle/internal/operations/BuildOperation;Lorg/gradle/internal/operations/BuildOperationContext;)V (10 bytes) @ 0x000002c09f35c908 [0x000002c09f35c8a0+0x0000000000000068]
J 13730 c2 org.gradle.internal.operations.DefaultBuildOperationRunner.execute(Lorg/gradle/internal/operations/BuildOperationDescriptor$Builder;Lorg/gradle/internal/operations/BuildOperationState;Lorg/gradle/internal/operations/DefaultBuildOperationRunner$BuildOperationExecution;)Ljava/lang/Object; (147 bytes) @ 0x000002c09f287a84 [0x000002c09f286e40+0x0000000000000c44]
J 13770 c2 org.gradle.internal.operations.DefaultBuildOperationRunner.execute(Lorg/gradle/internal/operations/BuildOperation;Lorg/gradle/internal/operations/BuildOperationWorker;Lorg/gradle/internal/operations/BuildOperationState;)V (23 bytes) @ 0x000002c09f2a2258 [0x000002c09f2a21a0+0x00000000000000b8]
J 7504 c1 org.gradle.internal.operations.DefaultBuildOperationRunner.run(Lorg/gradle/internal/operations/RunnableBuildOperation;)V (13 bytes) @ 0x000002c097d1ecb4 [0x000002c097d1e8e0+0x00000000000003d4]
j  org.gradle.api.internal.artifacts.ivyservice.resolveengine.artifact.ResolvedArtifactSetResolver.visitArtifacts(Lorg/gradle/api/internal/artifacts/ivyservice/resolveengine/artifact/ResolvedArtifactSet;Lorg/gradle/api/internal/artifacts/ivyservice/resolveengine/artifact/ArtifactVisitor;Lorg/gradle/api/internal/artifacts/configurations/ResolutionHost;)V+15
j  org.gradle.api.internal.artifacts.ivyservice.resolveengine.artifact.ResolvedArtifactSetResolver.lambda$visitInUnmanagedWorkerThread$0(Lorg/gradle/api/internal/artifacts/ivyservice/resolveengine/artifact/ResolvedArtifactSet;Lorg/gradle/api/internal/artifacts/ivyservice/resolveengine/artifact/ArtifactVisitor;Lorg/gradle/api/internal/artifacts/configurations/ResolutionHost;)V+4
j  org.gradle.api.internal.artifacts.ivyservice.resolveengine.artifact.ResolvedArtifactSetResolver$$Lambda$856+0x000002c0af5ff0c0.run()V+16
j  org.gradle.internal.work.DefaultWorkerLeaseService.runAsUnmanagedWorkerThread(Ljava/lang/Runnable;)V+18
j  org.gradle.api.internal.artifacts.ivyservice.resolveengine.artifact.ResolvedArtifactSetResolver.visitInUnmanagedWorkerThread(Lorg/gradle/api/internal/artifacts/ivyservice/resolveengine/artifact/ResolvedArtifactSet;Lorg/gradle/api/internal/artifacts/ivyservice/resolveengine/artifact/ArtifactVisitor;Lorg/gradle/api/internal/artifacts/configurations/ResolutionHost;)V+13
j  org.gradle.api.internal.artifacts.ivyservice.resolveengine.artifact.DefaultSelectedArtifactSet.visitArtifacts(Lorg/gradle/api/internal/artifacts/ivyservice/resolveengine/artifact/ArtifactVisitor;Z)V+50
j  org.gradle.api.internal.artifacts.configurations.ResolutionResultProviderBackedSelectedArtifactSet.visitArtifacts(Lorg/gradle/api/internal/artifacts/ivyservice/resolveengine/artifact/ArtifactVisitor;Z)V+29
j  org.gradle.api.internal.artifacts.ivyservice.resolveengine.artifact.SelectedArtifactSet.visitFiles(Lorg/gradle/api/internal/artifacts/ivyservice/resolveengine/artifact/ResolvedFileVisitor;Z)V+10
j  org.gradle.api.internal.artifacts.configurations.ResolutionBackedFileCollection.visitContents(Lorg/gradle/api/internal/file/FileCollectionStructureVisitor;)V+18
J 9076 c1 org.gradle.api.internal.file.CompositeFileCollection$$Lambda$919+0x000002c0af617130.accept(Ljava/lang/Object;)V (12 bytes) @ 0x000002c09803abc4 [0x000002c09803a760+0x0000000000000464]
J 20713 c2 org.gradle.api.internal.file.collections.UnpackingVisitor.add(Ljava/lang/Object;)V (367 bytes) @ 0x000002c09f669b80 [0x000002c09f669b00+0x0000000000000080]
J 20713 c2 org.gradle.api.internal.file.collections.UnpackingVisitor.add(Ljava/lang/Object;)V (367 bytes) @ 0x000002c09f66a148 [0x000002c09f669b00+0x0000000000000648]
J 20698 c2 org.gradle.api.internal.file.DefaultFileCollectionFactory$ResolvingFileCollection.visitChildren(Ljava/util/function/Consumer;)V (35 bytes) @ 0x000002c09f65ef48 [0x000002c09f65eea0+0x00000000000000a8]
J 9100 c1 org.gradle.api.internal.file.CompositeFileCollection.visitContents(Lorg/gradle/api/internal/file/FileCollectionStructureVisitor;)V (11 bytes) @ 0x000002c098045a0c [0x000002c0980454a0+0x000000000000056c]
J 9076 c1 org.gradle.api.internal.file.CompositeFileCollection$$Lambda$919+0x000002c0af617130.accept(Ljava/lang/Object;)V (12 bytes) @ 0x000002c09803abc4 [0x000002c09803a760+0x0000000000000464]
j  org.gradle.api.internal.tasks.PropertyFileCollection.visitChildren(Ljava/util/function/Consumer;)V+5
J 9100 c1 org.gradle.api.internal.file.CompositeFileCollection.visitContents(Lorg/gradle/api/internal/file/FileCollectionStructureVisitor;)V (11 bytes) @ 0x000002c098045a0c [0x000002c0980454a0+0x000000000000056c]
J 13744 c2 org.gradle.internal.fingerprint.impl.DefaultFileCollectionSnapshotter.snapshot(Lorg/gradle/api/file/FileCollection;)Lorg/gradle/internal/execution/FileCollectionSnapshotter$Result; (46 bytes) @ 0x000002c09f293e50 [0x000002c09f293ce0+0x0000000000000170]
J 9000 c1 org.gradle.internal.execution.impl.DefaultInputFingerprinter$InputCollectingVisitor.visitInputFileProperty(Ljava/lang/String;Lorg/gradle/internal/properties/InputBehavior;Lorg/gradle/internal/execution/UnitOfWork$InputFileValueSupplier;)V (135 bytes) @ 0x000002c098021024 [0x000002c098020680+0x00000000000009a4]
j  org.gradle.api.internal.tasks.execution.TaskExecution.visitRegularInputs(Lorg/gradle/internal/execution/UnitOfWork$InputVisitor;)V+156
j  org.gradle.internal.execution.steps.AbstractCaptureStateBeforeExecutionStep$$Lambda$1777+0x000002c0afa0c478.accept(Ljava/lang/Object;)V+8
J 8351 c1 org.gradle.internal.execution.impl.DefaultInputFingerprinter.fingerprintInputProperties(Lcom/google/common/collect/ImmutableSortedMap;Lcom/google/common/collect/ImmutableSortedMap;Lcom/google/common/collect/ImmutableSortedMap;Lcom/google/common/collect/ImmutableSortedMap;Ljava/util/function/Consumer;)Lorg/gradle/internal/execution/InputFingerprinter$Result; (41 bytes) @ 0x000002c097eece1c [0x000002c097eecc60+0x00000000000001bc]
j  org.gradle.internal.execution.steps.AbstractCaptureStateBeforeExecutionStep.captureExecutionStateWithOutputs(Lorg/gradle/internal/execution/UnitOfWork;Lorg/gradle/internal/execution/steps/PreviousExecutionContext;Lcom/google/common/collect/ImmutableSortedMap;Lorg/gradle/internal/execution/history/OverlappingOutputs;)Lorg/gradle/internal/execution/history/BeforeExecutionState;+159
j  org.gradle.internal.execution.steps.AbstractCaptureStateBeforeExecutionStep.lambda$captureExecutionState$0(Lorg/gradle/internal/execution/UnitOfWork;Lorg/gradle/internal/execution/steps/PreviousExecutionContext;Lorg/gradle/internal/operations/BuildOperationContext;)Lorg/gradle/internal/execution/history/BeforeExecutionState;+25
j  org.gradle.internal.execution.steps.AbstractCaptureStateBeforeExecutionStep$$Lambda$1766+0x000002c0afa088c8.apply(Ljava/lang/Object;)Ljava/lang/Object;+16
J 15663 c2 org.gradle.internal.execution.steps.BuildOperationStep$1.call(Lorg/gradle/internal/operations/BuildOperationContext;)Ljava/lang/Object; (11 bytes) @ 0x000002c09f32e8c4 [0x000002c09f32e880+0x0000000000000044]
J 14846 c2 org.gradle.internal.operations.DefaultBuildOperationRunner$CallableBuildOperationWorker.execute(Lorg/gradle/internal/operations/BuildOperation;Lorg/gradle/internal/operations/BuildOperationContext;)V (10 bytes) @ 0x000002c09f19760c [0x000002c09f1975a0+0x000000000000006c]
J 13730 c2 org.gradle.internal.operations.DefaultBuildOperationRunner.execute(Lorg/gradle/internal/operations/BuildOperationDescriptor$Builder;Lorg/gradle/internal/operations/BuildOperationState;Lorg/gradle/internal/operations/DefaultBuildOperationRunner$BuildOperationExecution;)Ljava/lang/Object; (147 bytes) @ 0x000002c09f287a84 [0x000002c09f286e40+0x0000000000000c44]
J 15658 c2 org.gradle.internal.execution.steps.BuildOperationStep.operation(Ljava/util/function/Function;Lorg/gradle/internal/operations/BuildOperationDescriptor$Builder;)Ljava/lang/Object; (20 bytes) @ 0x000002c09f3288a4 [0x000002c09f3286a0+0x0000000000000204]
j  org.gradle.internal.execution.steps.AbstractCaptureStateBeforeExecutionStep.captureExecutionState(Lorg/gradle/internal/execution/UnitOfWork;Lorg/gradle/internal/execution/steps/PreviousExecutionContext;)Lorg/gradle/internal/execution/history/BeforeExecutionState;+42
j  org.gradle.internal.execution.steps.AbstractCaptureStateBeforeExecutionStep.execute(Lorg/gradle/internal/execution/UnitOfWork;Lorg/gradle/internal/execution/steps/PreviousExecutionContext;)Lorg/gradle/internal/execution/steps/CachingResult;+10
j  org.gradle.internal.execution.steps.AbstractCaptureStateBeforeExecutionStep.execute(Lorg/gradle/internal/execution/UnitOfWork;Lorg/gradle/internal/execution/steps/Context;)Lorg/gradle/internal/execution/steps/Result;+6
j  org.gradle.internal.execution.steps.AbstractSkipEmptyWorkStep.executeWithNonEmptySources(Lorg/gradle/internal/execution/UnitOfWork;Lorg/gradle/internal/execution/steps/WorkspaceContext;)Lorg/gradle/internal/execution/steps/CachingResult;+12
j  org.gradle.internal.execution.steps.AbstractSkipEmptyWorkStep.execute(Lorg/gradle/internal/execution/UnitOfWork;Lorg/gradle/internal/execution/steps/WorkspaceContext;)Lorg/gradle/internal/execution/steps/CachingResult;+42
j  org.gradle.internal.execution.steps.AbstractSkipEmptyWorkStep.execute(Lorg/gradle/internal/execution/UnitOfWork;Lorg/gradle/internal/execution/steps/Context;)Lorg/gradle/internal/execution/steps/Result;+6
j  org.gradle.internal.execution.steps.legacy.MarkSnapshottingInputsStartedStep.execute(Lorg/gradle/internal/execution/UnitOfWork;Lorg/gradle/internal/execution/steps/Context;)Lorg/gradle/internal/execution/steps/Result;+12
j  org.gradle.internal.execution.steps.LoadPreviousExecutionStateStep.execute(Lorg/gradle/internal/execution/UnitOfWork;Lorg/gradle/internal/execution/steps/WorkspaceContext;)Lorg/gradle/internal/execution/steps/AfterExecutionResult;+42
j  org.gradle.internal.execution.steps.LoadPreviousExecutionStateStep.execute(Lorg/gradle/internal/execution/UnitOfWork;Lorg/gradle/internal/execution/steps/Context;)Lorg/gradle/internal/execution/steps/Result;+6
j  org.gradle.internal.execution.steps.HandleStaleOutputsStep.execute(Lorg/gradle/internal/execution/UnitOfWork;Lorg/gradle/internal/execution/steps/WorkspaceContext;)Lorg/gradle/internal/execution/steps/AfterExecutionResult;+21
j  org.gradle.internal.execution.steps.HandleStaleOutputsStep.execute(Lorg/gradle/internal/execution/UnitOfWork;Lorg/gradle/internal/execution/steps/Context;)Lorg/gradle/internal/execution/steps/Result;+6
j  org.gradle.internal.execution.steps.AssignMutableWorkspaceStep.lambda$execute$0(Lorg/gradle/internal/execution/steps/IdentityContext;Lorg/gradle/internal/execution/UnitOfWork;Ljava/io/File;Lorg/gradle/internal/execution/history/ExecutionHistoryStore;)Lorg/gradle/internal/execution/steps/WorkspaceResult;+30
j  org.gradle.internal.execution.steps.AssignMutableWorkspaceStep$$Lambda$1676+0x000002c0af9df0c0.executeInWorkspace(Ljava/io/File;Lorg/gradle/internal/execution/history/ExecutionHistoryStore;)Ljava/lang/Object;+14
j  org.gradle.api.internal.tasks.execution.TaskExecution$4.withWorkspace(Ljava/lang/String;Lorg/gradle/internal/execution/workspace/MutableWorkspaceProvider$WorkspaceAction;)Ljava/lang/Object;+33
j  org.gradle.internal.execution.steps.AssignMutableWorkspaceStep.execute(Lorg/gradle/internal/execution/UnitOfWork;Lorg/gradle/internal/execution/steps/IdentityContext;)Lorg/gradle/internal/execution/steps/WorkspaceResult;+26
j  org.gradle.internal.execution.steps.AssignMutableWorkspaceStep.execute(Lorg/gradle/internal/execution/UnitOfWork;Lorg/gradle/internal/execution/steps/Context;)Lorg/gradle/internal/execution/steps/Result;+6
J 9543 c1 org.gradle.internal.execution.steps.ChoosePipelineStep.execute(Lorg/gradle/internal/execution/UnitOfWork;Lorg/gradle/internal/execution/steps/IdentityContext;)Lorg/gradle/internal/execution/steps/Result; (71 bytes) @ 0x000002c0980f84c4 [0x000002c0980f7ca0+0x0000000000000824]
J 9542 c1 org.gradle.internal.execution.steps.ChoosePipelineStep.execute(Lorg/gradle/internal/execution/UnitOfWork;Lorg/gradle/internal/execution/steps/Context;)Lorg/gradle/internal/execution/steps/Result; (10 bytes) @ 0x000002c0980f7834 [0x000002c0980f76c0+0x0000000000000174]
j  org.gradle.internal.execution.steps.ExecuteWorkBuildOperationFiringStep.lambda$execute$2(Lorg/gradle/internal/execution/UnitOfWork;Lorg/gradle/internal/execution/steps/IdentityContext;)Lorg/gradle/internal/execution/steps/CachingResult;+6
j  org.gradle.internal.execution.steps.ExecuteWorkBuildOperationFiringStep$$Lambda$451+0x000002c0af438660.get()Ljava/lang/Object;+12
J 9545 c1 org.gradle.internal.execution.steps.ExecuteWorkBuildOperationFiringStep.execute(Lorg/gradle/internal/execution/UnitOfWork;Lorg/gradle/internal/execution/steps/Context;)Lorg/gradle/internal/execution/steps/Result; (10 bytes) @ 0x000002c0980fa4dc [0x000002c0980f94c0+0x000000000000101c]
J 9544 c1 org.gradle.internal.execution.steps.IdentityCacheStep.execute(Lorg/gradle/internal/execution/UnitOfWork;Lorg/gradle/internal/execution/steps/IdentityContext;)Lorg/gradle/internal/execution/steps/WorkspaceResult; (15 bytes) @ 0x000002c0980f8ec4 [0x000002c0980f8dc0+0x0000000000000104]
j  org.gradle.internal.execution.steps.IdentityCacheStep.execute(Lorg/gradle/internal/execution/UnitOfWork;Lorg/gradle/internal/execution/steps/Context;)Lorg/gradle/internal/execution/steps/Result;+6
j  org.gradle.internal.execution.steps.IdentifyStep.execute(Lorg/gradle/internal/execution/UnitOfWork;Lorg/gradle/internal/execution/steps/ExecutionRequestContext;)Lorg/gradle/internal/execution/steps/Result;+11
j  org.gradle.internal.execution.steps.IdentifyStep.execute(Lorg/gradle/internal/execution/UnitOfWork;Lorg/gradle/internal/execution/steps/Context;)Lorg/gradle/internal/execution/steps/Result;+6
j  org.gradle.internal.execution.impl.DefaultExecutionEngine$1.execute()Lorg/gradle/internal/execution/ExecutionEngine$Result;+15
j  org.gradle.api.internal.tasks.execution.ExecuteActionsTaskExecuter.executeIfValid(Lorg/gradle/api/internal/TaskInternal;Lorg/gradle/api/internal/tasks/TaskStateInternal;Lorg/gradle/api/internal/tasks/TaskExecutionContext;Lorg/gradle/api/internal/tasks/execution/TaskExecution;)Lorg/gradle/api/internal/tasks/TaskExecuterResult;+54
j  org.gradle.api.internal.tasks.execution.ExecuteActionsTaskExecuter.execute(Lorg/gradle/api/internal/TaskInternal;Lorg/gradle/api/internal/tasks/TaskStateInternal;Lorg/gradle/api/internal/tasks/TaskExecutionContext;)Lorg/gradle/api/internal/tasks/TaskExecuterResult;+65
j  org.gradle.api.internal.tasks.execution.ProblemsTaskPathTrackingTaskExecuter.execute(Lorg/gradle/api/internal/TaskInternal;Lorg/gradle/api/internal/tasks/TaskStateInternal;Lorg/gradle/api/internal/tasks/TaskExecutionContext;)Lorg/gradle/api/internal/tasks/TaskExecuterResult;+19
j  org.gradle.api.internal.tasks.execution.FinalizePropertiesTaskExecuter.execute(Lorg/gradle/api/internal/TaskInternal;Lorg/gradle/api/internal/tasks/TaskStateInternal;Lorg/gradle/api/internal/tasks/TaskExecutionContext;)Lorg/gradle/api/internal/tasks/TaskExecuterResult;+61
j  org.gradle.api.internal.tasks.execution.ResolveTaskExecutionModeExecuter.execute(Lorg/gradle/api/internal/TaskInternal;Lorg/gradle/api/internal/tasks/TaskStateInternal;Lorg/gradle/api/internal/tasks/TaskExecutionContext;)Lorg/gradle/api/internal/tasks/TaskExecuterResult;+56
j  org.gradle.api.internal.tasks.execution.SkipTaskWithNoActionsExecuter.execute(Lorg/gradle/api/internal/TaskInternal;Lorg/gradle/api/internal/tasks/TaskStateInternal;Lorg/gradle/api/internal/tasks/TaskExecutionContext;)Lorg/gradle/api/internal/tasks/TaskExecuterResult;+120
j  org.gradle.api.internal.tasks.execution.SkipOnlyIfTaskExecuter.execute(Lorg/gradle/api/internal/TaskInternal;Lorg/gradle/api/internal/tasks/TaskStateInternal;Lorg/gradle/api/internal/tasks/TaskExecutionContext;)Lorg/gradle/api/internal/tasks/TaskExecuterResult;+199
j  org.gradle.api.internal.tasks.execution.CatchExceptionTaskExecuter.execute(Lorg/gradle/api/internal/TaskInternal;Lorg/gradle/api/internal/tasks/TaskStateInternal;Lorg/gradle/api/internal/tasks/TaskExecutionContext;)Lorg/gradle/api/internal/tasks/TaskExecuterResult;+7
j  org.gradle.api.internal.tasks.execution.EventFiringTaskExecuter$1.executeTask(Lorg/gradle/internal/operations/BuildOperationContext;)Lorg/gradle/api/internal/tasks/TaskExecuterResult;+136
j  org.gradle.api.internal.tasks.execution.EventFiringTaskExecuter$1.call(Lorg/gradle/internal/operations/BuildOperationContext;)Lorg/gradle/api/internal/tasks/TaskExecuterResult;+2
j  org.gradle.api.internal.tasks.execution.EventFiringTaskExecuter$1.call(Lorg/gradle/internal/operations/BuildOperationContext;)Ljava/lang/Object;+2
J 14846 c2 org.gradle.internal.operations.DefaultBuildOperationRunner$CallableBuildOperationWorker.execute(Lorg/gradle/internal/operations/BuildOperation;Lorg/gradle/internal/operations/BuildOperationContext;)V (10 bytes) @ 0x000002c09f19760c [0x000002c09f1975a0+0x000000000000006c]
J 13730 c2 org.gradle.internal.operations.DefaultBuildOperationRunner.execute(Lorg/gradle/internal/operations/BuildOperationDescriptor$Builder;Lorg/gradle/internal/operations/BuildOperationState;Lorg/gradle/internal/operations/DefaultBuildOperationRunner$BuildOperationExecution;)Ljava/lang/Object; (147 bytes) @ 0x000002c09f287a84 [0x000002c09f286e40+0x0000000000000c44]
J 14847 c2 org.gradle.internal.operations.DefaultBuildOperationRunner.call(Lorg/gradle/internal/operations/CallableBuildOperation;)Ljava/lang/Object; (24 bytes) @ 0x000002c09ec48648 [0x000002c09ec484a0+0x00000000000001a8]
j  org.gradle.api.internal.tasks.execution.EventFiringTaskExecuter.execute(Lorg/gradle/api/internal/TaskInternal;Lorg/gradle/api/internal/tasks/TaskStateInternal;Lorg/gradle/api/internal/tasks/TaskExecutionContext;)Lorg/gradle/api/internal/tasks/TaskExecuterResult;+15
j  org.gradle.execution.plan.LocalTaskNodeExecutor.execute(Lorg/gradle/execution/plan/Node;Lorg/gradle/api/internal/tasks/NodeExecutionContext;)Z+87
j  org.gradle.execution.taskgraph.DefaultTaskExecutionGraph$InvokeNodeExecutorsAction.execute(Lorg/gradle/execution/plan/Node;)V+46
j  org.gradle.execution.taskgraph.DefaultTaskExecutionGraph$InvokeNodeExecutorsAction.execute(Ljava/lang/Object;)V+5
j  org.gradle.execution.taskgraph.DefaultTaskExecutionGraph$BuildOperationAwareExecutionAction.lambda$execute$0(Lorg/gradle/execution/plan/Node;)V+5
j  org.gradle.execution.taskgraph.DefaultTaskExecutionGraph$BuildOperationAwareExecutionAction$$Lambda$1643+0x000002c0af9ce270.run()V+8
j  org.gradle.internal.operations.CurrentBuildOperationRef.with(Lorg/gradle/internal/operations/BuildOperationRef;Ljava/lang/Runnable;)V+11
j  org.gradle.execution.taskgraph.DefaultTaskExecutionGraph$BuildOperationAwareExecutionAction.execute(Lorg/gradle/execution/plan/Node;)V+14
j  org.gradle.execution.taskgraph.DefaultTaskExecutionGraph$BuildOperationAwareExecutionAction.execute(Ljava/lang/Object;)V+5
j  org.gradle.execution.plan.DefaultPlanExecutor$ExecutorWorker.execute(Ljava/lang/Object;Lorg/gradle/execution/plan/WorkSource;Lorg/gradle/api/Action;)V+14
j  org.gradle.execution.plan.DefaultPlanExecutor$ExecutorWorker.run()V+75
J 5536 c1 org.gradle.internal.concurrent.ExecutorPolicy$CatchAndRecordFailures.onExecute(Ljava/lang/Runnable;)V (29 bytes) @ 0x000002c09715b43c [0x000002c09715b320+0x000000000000011c]
j  org.gradle.internal.concurrent.AbstractManagedExecutor$1.run()V+25
j  java.util.concurrent.ThreadPoolExecutor.runWorker(Ljava/util/concurrent/ThreadPoolExecutor$Worker;)V+92 java.base@17.0.14
j  java.util.concurrent.ThreadPoolExecutor$Worker.run()V+5 java.base@17.0.14
j  java.lang.Thread.run()V+11 java.base@17.0.14
v  ~StubRoutines::call_stub
--------------------------------------------------------------------------------
Decoding CodeBlob, name: _new_array_nozero_Java, at  [0x000002c09e6af980, 0x000002c09e6af9e8]  104 bytes
[MachCode]
  0x000002c09e6af980: 4881 ec28 | 0000 0048 | 896c 2420 | 4989 a798 | 0200 0048 | 8bca 418b | d04d 8bc7 | 49ba 30cd 
  0x000002c09e6af9a0: 3a24 fd7f | 0000 41ff | d24d 89a7 | 9802 0000 | 4d89 a7a0 | 0200 0049 | 8b87 f002 | 0000 4d89 
  0x000002c09e6af9c0: a7f0 0200 | 004d 3b67 | 0875 0648 | 83c4 205d | c333 db49 | ba00 0f5b | 9ec0 0200 | 0048 83c4 
  0x000002c09e6af9e0: 205d 41ff | e2f4 f4f4 
[/MachCode]
--------------------------------------------------------------------------------


Compiled method (c2)   73201 21102       4       kotlin.io.ByteStreamsKt::copyTo (60 bytes)
 total in heap  [0x000002c09f718990,0x000002c09f71ae00] = 9328
 relocation     [0x000002c09f718ae8,0x000002c09f718bd0] = 232
 main code      [0x000002c09f718be0,0x000002c09f719f20] = 4928
 stub code      [0x000002c09f719f20,0x000002c09f719fb0] = 144
 oops           [0x000002c09f719fb0,0x000002c09f719fc8] = 24
 metadata       [0x000002c09f719fc8,0x000002c09f71a080] = 184
 scopes data    [0x000002c09f71a080,0x000002c09f71a920] = 2208
 scopes pcs     [0x000002c09f71a920,0x000002c09f71ac80] = 864
 dependencies   [0x000002c09f71ac80,0x000002c09f71aca0] = 32
 handler table  [0x000002c09f71aca0,0x000002c09f71adc0] = 288
 nul chk table  [0x000002c09f71adc0,0x000002c09f71ae00] = 64

[Constant Pool (empty)]

[MachCode]
[Verified Entry Point]
  # {method} {0x000002c0d5f38e10} 'copyTo' '(Ljava/io/InputStream;Ljava/io/OutputStream;I)J' in 'kotlin/io/ByteStreamsKt'
  # parm0:    rdx:rdx   = 'java/io/InputStream'
  # parm1:    r8:r8     = 'java/io/OutputStream'
  # parm2:    r9        = int
  #           [sp+0xc0]  (sp of caller)
  0x000002c09f718be0: 8984 2400 | 90ff ff55 | 4881 ecb0 | 0000 004c | 8bda 8b6a | 0841 8b50 | 0845 8bd1 | 4181 f900 
  0x000002c09f718c00: 0010 000f | 87af 0e00 | 0049 63c9 | 4181 f900 | 0010 000f | 8796 0b00 | 0049 8bb7 | 0801 0000 
  0x000002c09f718c20: 4883 c117 | 4c8b c949 | 83e1 f848 | 8bde 4903 | d949 3b9f | 1801 0000 | 0f83 710b | 0000 4989 
  0x000002c09f718c40: 9f08 0100 | 0048 8bfe | 4883 c710 | 48c7 0601 | 0000 000f | 0d8b c000 

  0x000002c09f718c58: ;   {metadata({type array byte})}
  0x000002c09f718c58: 0000 c746 | 0838 6700 | 0044 8956 | 0c0f 0d8b | 0001 0000 | 0f0d 8b40 | 0100 000f | 0d8b 8001 
  0x000002c09f718c78: 0000 48c1 | e903 4883 | c1fe 4833 | c048 83f9 | 087f 1048 | ffc9 7857 | 4889 04cf | 48ff c97d 
  0x000002c09f718c98: f7eb 4cc5 | fdef c0e9 | 0d00 0000 | c5fe 7f07 | c5fe 7f47 | 2048 83c7 | 4048 83e9 | 087d ed48 
  0x000002c09f718cb8: 83c1 047c | 0cc5 fe7f | 0748 83c7 | 2048 83e9 | 0448 83c1 | 047e 18b8 | 0100 0000 | c4e2 71f7 
  0x000002c09f718cd8: c048 83e8 | 01c5 f892 | f862 f1fe | 2f7f 074c 

  0x000002c09f718ce8: ;   {metadata('java/util/zip/ZipInputStream')}
  0x000002c09f718ce8: 8bce 81fd | a871 1702 | 0f85 ca0d | 0000 498b | db0f b66b | 1785 ed0f | 8577 0e00 | 0045 85d2 
  0x000002c09f718d08: 0f84 920e | 0000 448b | 5b38 4585 | db0f 8474 | 0500 0041 | 8b6b 0c49 | 8bc9 4883 | c110 4963 
  0x000002c09f718d28: f283 fd08 | 0f85 8a06 | 0000 4889 | 7424 4848 | 894c 2440 | 4489 5424 | 2c48 895c | 2438 4c89 
  0x000002c09f718d48: 4c24 3089 | 5424 284c | 8944 2420 | 488b d34d | 8bc1 4533 | c941 8bfa | 498b e890 

  0x000002c09f718d64: ;   {optimized virtual_call}
  0x000002c09f718d64: c5f8 77e8 

  0x000002c09f718d68: ; ImmutableOopMap {rbp=Oop [32]=Oop [48]=Oop [56]=Oop [64]=Derived_oop_rbp }
                      ;*invokespecial read {reexecute=0 rethrow=0 return_oop=0}
                      ; - java.util.zip.ZipInputStream::read@80 (line 196)
                      ; - java.io.FilterInputStream::read@5 (line 106)
                      ; - kotlin.io.ByteStreamsKt::copyTo@22 (line 106)
  0x000002c09f718d68: b48b fbff | 8bd8 83f8 | ff0f 84ee | 0400 004c | 8b54 2438 | 418b 7a3c 

  0x000002c09f718d80: ; implicit exception: dispatches to 0x000002c09f719da0
  0x000002c09f718d80: 8b4f 0c85 | c00f 8c39 | 0e00 008b | 6c24 2c2b | e885 ed0f | 8c47 0e00 | 0085 c00f | 8e5b 0e00 
  0x000002c09f718da0: 0044 8b5c | 242c 4585 | db0f 8e6d | 0e00 008b | e8ff cd41 | 3beb 0f83 | 800e 0000 | 488b 5424 
  0x000002c09f718dc0: 4044 8bc0 | c5f8 7749 | ba80 145b | 9ec0 0200 | 0041 ffd2 | 8947 0c89 | 5c24 7044 | 8b54 2428 
  0x000002c09f718de0: ;   {metadata('java/io/ByteArrayOutputStream')}
  0x000002c09f718de0: 4181 fa00 | 0a19 000f | 85ef 0c00 | 0044 8b54 | 242c 4585 | d20f 8ef9 | 0c00 004c | 8b54 2420 
  0x000002c09f718e00: 4c89 5424 | 5033 f6e9 | 9d01 0000 | 4c8b d749 | bbff ffff | ffff ffff | ffc4 42a8 | f5db c4c1 
  0x000002c09f718e20: fb92 fb62 | f17f af6f | 0162 f17f | 2f7f 024c | 8b54 2450 | 4101 5a0c | 488d 8424 | a000 0000 
  0x000002c09f718e40: 4c8b 5c24 | 5048 8138 | 0000 0000 | 0f84 8300 | 0000 4d8b | 1349 f7c2 | 0200 0000 | 746f 4981 
  0x000002c09f718e60: ba86 0000 | 0000 0000 | 0074 0949 | ff8a 8600 | 0000 eb51 | 498b 8296 | 0000 0049 | 0b82 8e00 
  0x000002c09f718e80: 0000 750a | 49c7 423e | 0000 0000 | eb47 4981 | ba9e 0000 | 0000 0000 | 0074 2548 | 33c0 49c7 
  0x000002c09f718ea0: 423e 0000 | 0000 f083 | 0424 0049 | 81ba 9e00 | 0000 0000 | 0000 750d | f04d 0fb1 | 7a3e 7505 
  0x000002c09f718ec0: 83c8 01eb | 10f7 c000 | 0000 00eb | 084c 8b10 | f04d 0fb1 | 130f 85dd | 0900 004c | 8b54 2438 
  0x000002c09f718ee0: 450f b652 | 1748 03f7 | 4585 d20f | 8523 0a00 | 004c 8b54 | 2438 458b | 5a38 4585 | db0f 8408 
  0x000002c09f718f00: 0200 0041 | 8b6b 0c83 | fd08 0f85 | 9a03 0000 | 4889 7424 | 2048 8b54 | 2438 4c8b | 4424 3045 
  0x000002c09f718f20: 33c9 8b7c | 242c 6690 

  0x000002c09f718f28: ;   {optimized virtual_call}
  0x000002c09f718f28: c5f8 77e8 

  0x000002c09f718f2c: ; ImmutableOopMap {[48]=Oop [56]=Oop [64]=Derived_oop_[48] [80]=Oop }
                      ;*invokespecial read {reexecute=0 rethrow=0 return_oop=0}
                      ; - java.util.zip.ZipInputStream::read@80 (line 196)
                      ; - java.io.FilterInputStream::read@5 (line 106)
                      ; - kotlin.io.ByteStreamsKt::copyTo@50 (line 110)
  0x000002c09f718f2c: f089 fbff | 8bd8 83f8 | ff0f 8493 | 0100 004c | 8b54 2438 | 418b 723c 

  0x000002c09f718f44: ; implicit exception: dispatches to 0x000002c09f719d8c
  0x000002c09f718f44: 8b4e 0c85 | c00f 8cf1 | 0900 008b | 6c24 2c2b | e885 ed0f | 8c03 0a00 | 0085 c00f | 8e27 0a00 
  0x000002c09f718f64: 008b e8ff | cd3b 6c24 | 2c0f 8345 | 0a00 0048 | 8b54 2440 | 448b c0c5 | f877 49ba | 8014 5b9e 
  0x000002c09f718f84: c002 0000 | 41ff d289 | 460c 488b | 7424 204d | 8b97 5803 

  0x000002c09f718f98: ; ImmutableOopMap {[48]=Oop [56]=Oop [64]=Derived_oop_[48] [80]=Oop }
                      ;*goto {reexecute=1 rethrow=0 return_oop=0}
                      ; - (reexecute) kotlin.io.ByteStreamsKt::copyTo@55 (line 110)
                      ;   {poll}
  0x000002c09f718f98: 0000 4185 | 0285 db0f | 8cbb 0200 | 0089 5c24 | 7048 8d9c | 24a0 0000 | 004c 8b44 | 2450 498b 
  0x000002c09f718fb8: 0048 f7c0 | 0200 0000 | 7524 4883 | c801 4889 | 03f0 490f | b118 0f84 | 3e00 0000 | 482b c448 
  0x000002c09f718fd8: 81e0 07f0 | ffff 4889 | 03e9 2c00 | 0000 4c8b | d048 33c0 | f04d 0fb1 | 7a3e 48c7 | 0303 0000 
  0x000002c09f718ff8: 000f 8413 | 0000 004c | 3bf8 0f85 | 0a00 0000 | 49ff 8286 | 0000 0048 | 33c0 0f85 | 1308 0000 
  0x000002c09f719018: 8b6c 242c | 0b6c 2470 | 85ed 0f8c | b508 0000 | 8b5c 2470 | 3b5c 242c | 0f8f c608 | 0000 4c8b 
  0x000002c09f719038: 5424 5045 | 8b52 1045 | 8b42 0c4c | 8b5c 2450 | 458b 5b0c | 8b6c 2470 | 4103 eb41 | 2be8 85ed 
  0x000002c09f719058: 0f8f b700 | 0000 4585 | db0f 8c28 | 0800 0044 | 8b4c 242c | 443b cb0f | 821a 0800 | 0045 8b4a 
  0x000002c09f719078: 0c44 8bc3 | 4503 c345 | 3bc8 0f82 | 0708 0000 | 85db 0f8c | ff07 0000 | 4863 fb85 | db0f 8494 
  0x000002c09f719098: fdff ff48 | 8b4c 2430 | 4883 c110 | 4d8b c24b | 8d54 1a10 | 4883 ff20 | 0f86 56fd | ffff 4c8b 
  0x000002c09f7190b8: c7c5 f877 | 49ba 0091 | 5e9e c002 | 0000 41ff | d2e9 61fd | ffff 4c8b | 5424 3845 | 8b5a 384d 
  0x000002c09f7190d8: 8bc3 488b | 5424 3890 

  0x000002c09f7190e0: ;   {optimized virtual_call}
  0x000002c09f7190e0: c5f8 77e8 

  0x000002c09f7190e4: ; ImmutableOopMap {[48]=Oop [56]=Oop [64]=Derived_oop_[48] [80]=Oop }
                      ;*invokevirtual readEnd {reexecute=0 rethrow=0 return_oop=0}
                      ; - java.util.zip.ZipInputStream::read@94 (line 198)
                      ; - java.io.FilterInputStream::read@5 (line 106)
                      ; - kotlin.io.ByteStreamsKt::copyTo@50 (line 110)
  0x000002c09f7190e4: b8d8 bfff | 4180 7f38 | 000f 85f5 | 0300 004c | 8b54 2438 | 41c6 4234 | 0145 8962 | 38bb ffff 
  0x000002c09f719104: ffff e983 | feff ffbb | ffff ffff | e97e feff | ff41 3be8 | 8bd5 410f | 4cd0 448b | da45 03d8 
  0x000002c09f719124: 458b cb41 | ffc9 4181 | f9f7 ffff | 7f0f 8305 | 0a00 0041 | 81fb 0000 | 1000 0f87 | d708 0000 
  0x000002c09f719144: 4963 c84c | 63ca 4c03 | c945 3bc3 | 418b eb41 | 0f4c e844 | 3bc5 0f82 | 3709 0000 | 443b dd0f 
  0x000002c09f719164: 822e 0900 | 0049 83c1 | 174d 8bc1 | 4983 e0f8 | 4181 fb00 | 0010 000f | 877e 0500 | 004d 8bb7 
  0x000002c09f719184: 0801 0000 | 498b ce49 | 03c8 493b | 8f18 0100 | 000f 8364 | 0500 0049 | 898f 0801 | 0000 0f0d 
  0x000002c09f7191a4: 89c0 0000 | 0049 c706 | 0100 0000 | 0f0d 8900 

  0x000002c09f7191b4: ;   {metadata({type array byte})}
  0x000002c09f7191b4: 0100 0041 | c746 0838 | 6700 0045 | 895e 0c0f | 0d89 4001 | 0000 0f0d | 8980 0100 | 0049 8bd6 
  0x000002c09f7191d4: 4883 c210 | 49c1 e903 | 4d8b ee85 | ed0f 843c | 0800 0049 | 8bca 4d8d | 5210 413b | eb0f 8c29 
  0x000002c09f7191f4: 0300 0049 | 83c0 f049 | c1e8 0349 | 8bca c5f8 | 7749 ba20 | ae5e 9ec0 | 0200 0041 | ffd2 4180 
  0x000002c09f719214: 7f38 000f | 85cc 0300 | 004c 8b54 | 2450 4589 | 6a10 458b | 5a0c 4d8b | d64c 8b44 | 2450 4d33 
  0x000002c09f719234: d049 c1ea | 144d 85d2 | 741a 49c1 | e809 48b9 | 0000 5ba6 | c002 0000 | 4903 c880 | 3904 0f85 
  0x000002c09f719254: c903 0000 | 4d8b d6e9 | fefd ffff | 488b c6eb | 2c48 8b6c | 2438 448b | 5538 4d8b | c248 8bd5 
  0x000002c09f719274: ;   {optimized virtual_call}
  0x000002c09f719274: c5f8 77e8 

  0x000002c09f719278: ; ImmutableOopMap {rbp=Oop [32]=Oop [48]=Oop }
                      ;*invokevirtual readEnd {reexecute=0 rethrow=0 return_oop=0}
                      ; - java.util.zip.ZipInputStream::read@94 (line 198)
                      ; - java.io.FilterInputStream::read@5 (line 106)
                      ; - kotlin.io.ByteStreamsKt::copyTo@22 (line 106)
  0x000002c09f719278: 8488 eefe | 4180 7f38 | 000f 8545 | 0400 00c6 | 4534 0144 | 8965 3833 | c0c5 f877 | 4881 c4b0 
  0x000002c09f719298: 0000 005d 

  0x000002c09f71929c: ;   {poll_return}
  0x000002c09f71929c: 493b a750 | 0300 000f | 8757 0c00 | 00c3 85ed | 0f85 c209 | 0000 4d8b | 5228 4d85 | d27f 2341 
  0x000002c09f7192bc: 807f 3800 | 0f85 2d05 | 0000 4c8b | 5424 3841 | c642 3401 | 4589 6238 | bbff ffff | ffe9 b5fc 
  0x000002c09f7192dc: ffff 48ff | 7424 5048 | 8f44 2458 | 4889 7424 | 504c 8b5c | 2438 458b | 5b0c 488b | 6c24 3841 
  0x000002c09f7192fc: 8bfa 4c8b | 4424 484d | 3bc2 4889 | 4424 f88b | 4424 2c89 | 4424 2048 | 8b44 24f8 | 0f4e 7c24 
  0x000002c09f71931c: 2c49 8bd3 | 4c8b 4424 | 3045 33c9 | 6690 c5f8 | 7748 b8ff | ffff ffff 

  0x000002c09f719334: ;   {virtual_call}
  0x000002c09f719334: ffff ffe8 

  0x000002c09f719338: ; ImmutableOopMap {rbp=Oop [48]=Oop [64]=Derived_oop_[48] [88]=Oop }
                      ;*invokevirtual read {reexecute=0 rethrow=0 return_oop=0}
                      ; - java.util.zip.ZipInputStream::read@166 (line 214)
                      ; - java.io.FilterInputStream::read@5 (line 106)
                      ; - kotlin.io.ByteStreamsKt::copyTo@50 (line 110)
  0x000002c09f719338: 448d eefe | 83f8 ff0f | 844b 0900 | 004c 8bc5 | 458b 583c | 4585 db0f | 844b 0900 | 0089 4424 
  0x000002c09f719358: 2449 8bd3 | 4c8b 4424 | 3045 33c9 | 8bf8 6690 

  0x000002c09f719368: ;   {optimized virtual_call}
  0x000002c09f719368: c5f8 77e8 

  0x000002c09f71936c: ; ImmutableOopMap {rbp=Oop [48]=Oop [64]=Derived_oop_[48] [88]=Oop }
                      ;*invokevirtual update {reexecute=0 rethrow=0 return_oop=0}
                      ; - java.util.zip.ZipInputStream::read@192 (line 218)
                      ; - java.io.FilterInputStream::read@5 (line 106)
                      ; - kotlin.io.ByteStreamsKt::copyTo@50 (line 110)
  0x000002c09f71936c: 9087 eefe | 4889 6c24 | 384c 8b55 | 284c 635c | 2424 4d2b | d34c 8955 | 284d 85d2 | 0f84 1001 
  0x000002c09f71938c: 0000 448b | 5c24 2448 | 8944 24f8 | 8b44 2420 | 8944 242c | 488b 4424 | f848 8b74 | 2450 418b 
  0x000002c09f7193ac: db48 ff74 | 2458 488f | 4424 50e9 | d7fb ffff | 85ed 0f85 | 0809 0000 | 4c8b 5b28 | 4d85 db0f 
  0x000002c09f7193cc: 8eb5 0000 | 0048 894c | 2440 4c89 | 4c24 3089 | 5424 284c | 8944 2420 | 448b 430c | 488b eb41 
  0x000002c09f7193ec: 8bfb 493b | f348 8974 | 2448 4489 | 5424 2c41 | 0f4e fa49 | 8bd0 4d8b | c145 33c9 | 6690 c5f8 
  0x000002c09f71940c: 7748 b880 | 7417 b0c0 

  0x000002c09f719414: ;   {virtual_call}
  0x000002c09f719414: 0200 00e8 

  0x000002c09f719418: ; ImmutableOopMap {rbp=Oop [32]=Oop [48]=Oop [64]=Derived_oop_[48] }
                      ;*invokevirtual read {reexecute=0 rethrow=0 return_oop=0}
                      ; - java.util.zip.ZipInputStream::read@166 (line 214)
                      ; - java.io.FilterInputStream::read@5 (line 106)
                      ; - kotlin.io.ByteStreamsKt::copyTo@22 (line 106)
  0x000002c09f719418: 04d3 ffff | 83f8 ff0f | 84ef 0800 | 004c 8bdd | 458b 533c | 4585 d20f | 84ef 0800 | 0089 4424 
  0x000002c09f719438: 5049 8bd2 | 4c8b 4424 | 3045 33c9 | 8bf8 6690 

  0x000002c09f719448: ;   {optimized virtual_call}
  0x000002c09f719448: c5f8 77e8 

  0x000002c09f71944c: ; ImmutableOopMap {rbp=Oop [32]=Oop [48]=Oop [64]=Derived_oop_[48] }
                      ;*invokevirtual update {reexecute=0 rethrow=0 return_oop=0}
                      ; - java.util.zip.ZipInputStream::read@192 (line 218)
                      ; - java.io.FilterInputStream::read@5 (line 106)
                      ; - kotlin.io.ByteStreamsKt::copyTo@22 (line 106)
  0x000002c09f71944c: f00a 78ff | 4889 6c24 | 384c 8b55 | 284c 635c | 2450 4d2b | d34c 8955 | 284d 85d2 | 0f84 1102 
  0x000002c09f71946c: 0000 448b | 5c24 5045 | 85db 0f8c | 13fe ffff | 4489 5c24 | 70e9 55f9 | ffff 4180 | 7f38 000f 
  0x000002c09f71948c: 8557 0500 | 0044 8963 | 38c6 4334 | 01e9 f1fd | ffff 448b | 5d38 498b | 6b18 4c8b | 5424 3845 
  0x000002c09f7194ac: 8b52 3c45 | 85d2 0f84 | 3808 0000 | 48ff 7424 | 3848 8f44 | 2428 498b | d266 6690 

  0x000002c09f7194c8: ;   {optimized virtual_call}
  0x000002c09f7194c8: c5f8 77e8 

  0x000002c09f7194cc: ; ImmutableOopMap {[40]=Oop [48]=Oop [64]=Derived_oop_[48] [88]=Oop }
                      ;*invokevirtual getValue {reexecute=0 rethrow=0 return_oop=0}
                      ; - java.util.zip.ZipInputStream::read@226 (line 220)
                      ; - java.io.FilterInputStream::read@5 (line 106)
                      ; - kotlin.io.ByteStreamsKt::copyTo@50 (line 110)
  0x000002c09f7194cc: 3086 eefe | 483b e80f | 8527 0800 | 0048 ff74 | 2428 488f | 4424 38e9 | a6fe ffff | 4c8b 5424 
  0x000002c09f7194ec: 3845 8b52 | 3845 85d2 | 0f84 f9fb | ffff 4d8b | 5f20 498b | ca4d 85db | 0f84 0206 | 0000 4d8b 
  0x000002c09f71950c: 5730 4b89 | 4c1a f849 | 83c3 f84d | 895f 20e9 | d3fb ffff | 4c63 c54d | 8bd8 4983 | c310 498b 
  0x000002c09f71952c: cb48 83e1 | f849 8bfe | 4803 f949 | c1eb 034d | 2bcb 498b | c948 33c0 | 4883 f908 | 7f10 48ff 
  0x000002c09f71954c: c978 5748 | 8904 cf48 | ffc9 7df7 | eb4c c5fd | efc0 e90d | 0000 00c5 | fe7f 07c5 | fe7f 4720 
  0x000002c09f71956c: 4883 c740 | 4883 e908 | 7ded 4883 | c104 7c0c | c5fe 7f07 | 4883 c720 | 4883 e904 | 4883 c104 
  0x000002c09f71958c: 7e18 b801 | 0000 00c4 | e271 f7c0 | 4883 e801 | c5f8 92f8 | 62f1 fe2f | 7f07 4983 | f820 7725 
  0x000002c09f7195ac: 49bb ffff | ffff ffff | ffff c442 | b8f5 dbc4 | c1fb 92fb | 62d1 7faf | 6f02 62f1 | 7f2f 7f02 
  0x000002c09f7195cc: e941 fcff | ff49 8bca | c5f8 7749 | ba60 8b5e | 9ec0 0200 | 0041 ffd2 | e929 fcff | ff4c 8b54 
  0x000002c09f7195ec: 2450 458b | 5210 4585 | d20f 8422 | fcff ff4d | 8b5f 2049 | 8bca 4d85 | db0f 8419 | 0500 004d 
  0x000002c09f71960c: 8b57 304b | 894c 1af8 | 4983 c3f8 | 4d89 5f20 | e9fc fbff | ff4d 8b57 | 404d 8b5f | 50f0 8344 
  0x000002c09f71962c: 24c0 0080 | 3900 742a | 4488 214d | 85d2 740f | 4b89 4c13 | f849 83c2 | f84d 8957 | 40eb 1349 
  0x000002c09f71964c: 8bd7 c5f8 | 7749 baf0 | 57fa 23fd | 7f00 0041 | ffd2 4c8b | 5424 5045 | 8b5a 0c45 | 8b42 1045 
  0x000002c09f71966c: 85c0 0f84 | c806 0000 | 4d8b d04d | 8bf2 e9d9 | fbff ff44 | 8b5d 3849 | 8b6b 184c | 8b54 2438 
  0x000002c09f71968c: 458b 523c | 4585 d20f | 84d3 0600 | 0049 8bd2 

  0x000002c09f71969c: ;   {optimized virtual_call}
  0x000002c09f71969c: c5f8 77e8 

  0x000002c09f7196a0: ; ImmutableOopMap {[32]=Oop [48]=Oop [56]=Oop [64]=Derived_oop_[48] }
                      ;*invokevirtual getValue {reexecute=0 rethrow=0 return_oop=0}
                      ; - java.util.zip.ZipInputStream::read@226 (line 220)
                      ; - java.io.FilterInputStream::read@5 (line 106)
                      ; - kotlin.io.ByteStreamsKt::copyTo@22 (line 106)
  0x000002c09f7196a0: 7c46 78ff | 483b e80f | 84c1 fdff | ffba 8a00 | 0000 488b | 6c24 384c | 8b54 2430 | 4c89 5424 
  0x000002c09f7196c0: 2866 6690 

  0x000002c09f7196c4: ;   {runtime_call UncommonTrapBlob}
  0x000002c09f7196c4: c5f8 77e8 

  0x000002c09f7196c8: ; ImmutableOopMap {rbp=Oop [32]=Oop [40]=Oop }
                      ;*new {reexecute=0 rethrow=0 return_oop=0}
                      ; - java.util.zip.ZipInputStream::read@233 (line 221)
                      ; - java.io.FilterInputStream::read@5 (line 106)
                      ; - kotlin.io.ByteStreamsKt::copyTo@22 (line 106)
  0x000002c09f7196c8: 340a effe | 448b 5d38 | 4585 db0f | 84ae fbff | ff4d 8b57 | 2049 8bcb | 4d85 d20f | 8473 0500 
  0x000002c09f7196e8: 004d 8b5f | 304b 894c | 13f8 4983 | c2f8 4d89 | 5720 e988 | fbff ff4c | 8944 2478 | 4c89 4c24 
  0x000002c09f719708: 7044 895c | 2468 4489 | 5424 5c48 | ff74 2450 | 488f 4424 | 6089 5c24 | 5848 8974 | 2450 4889 
  0x000002c09f719728: 4424 f88b | 4424 2c89 | 4424 2848 | 8b44 24f8 | 48ff 7424 | 3848 8f44 

  0x000002c09f719740: ;   {metadata({type array byte})}
  0x000002c09f719740: 2420 48ba | 3867 00ae | c002 0000 | 458b c348 | ff74 2460 | 488f 4424 | 3866 6690 

  0x000002c09f71975c: ;   {runtime_call _new_array_nozero_Java}
  0x000002c09f71975c: c5f8 77e8 

  0x000002c09f719760: ; ImmutableOopMap {[32]=Oop [48]=Oop [56]=Oop [64]=Derived_oop_[48] [92]=NarrowOop [96]=Oop }
                      ;*newarray {reexecute=0 rethrow=0 return_oop=1}
                      ; - java.util.Arrays::copyOf@1 (line 3537)
                      ; - java.io.ByteArrayOutputStream::ensureCapacity@25 (line 100)
                      ; - java.io.ByteArrayOutputStream::write@15 (line 130)
                      ; - kotlin.io.ByteStreamsKt::copyTo@38 (line 108)
  0x000002c09f719760: 1c62 f9fe | 48ff 7424 | 2048 8f44 | 2438 4889 | 4424 f88b | 4424 2889 | 4424 2c48 | 8b44 24f8 
  0x000002c09f719780: 488b 7424 | 508b 5c24 | 5848 ff74 | 2460 488f | 4424 5044 | 8b54 245c | 448b 5c24 | 684c 8b4c 
  0x000002c09f7197a0: 2470 4c8b | 4424 784c | 8bf0 e922 | faff ff89 | 5424 3444 | 8954 2430 | 4c89 4424 | 284c 895c 
  0x000002c09f7197c0: ;   {metadata({type array byte})}
  0x000002c09f7197c0: 2420 48ba | 3867 00ae | c002 0000 | 458b c290 

  0x000002c09f7197d0: ;   {runtime_call _new_array_Java}
  0x000002c09f7197d0: c5f8 77e8 

  0x000002c09f7197d4: ; ImmutableOopMap {[32]=Oop [40]=Oop }
                      ;*newarray {reexecute=0 rethrow=0 return_oop=1}
                      ; - kotlin.io.ByteStreamsKt::copyTo@15 (line 105)
  0x000002c09f7197d4: a864 f9fe | 4c8b 5c24 | 204c 8b44 | 2428 448b | 5424 308b | 5424 3448 | 8bf0 e9f4 | f4ff ff4c 
  0x000002c09f7197f4: 8b54 2438 | 458b 5238 | 4585 d20f | 84c1 faff | ff4d 8b5f | 2049 8bca | 4d85 db0f | 849f 0400 
  0x000002c09f719814: 004d 8b57 | 304b 894c | 1af8 4983 | c3f8 4d89 | 5f20 e99b | faff ff48 | ff74 2450 | 488f 4424 
  0x000002c09f719834: 5848 8974 | 2450 4889 | 4424 f88b | 4424 2c89 | 4424 2048 | 8b44 24f8 | 488b 6c24 | 3849 8bd0 
  0x000002c09f719854: 4c8d 8424 | a000 0000 

  0x000002c09f71985c: ;   {runtime_call _complete_monitor_locking_Java}
  0x000002c09f71985c: c5f8 77e8 

  0x000002c09f719860: ; ImmutableOopMap {rbp=Oop [48]=Oop [64]=Derived_oop_[48] [88]=Oop }
                      ;*synchronization entry
                      ; - java.io.ByteArrayOutputStream::write@-1 (line 129)
                      ; - kotlin.io.ByteStreamsKt::copyTo@38 (line 108)
  0x000002c09f719860: 9c70 f9fe | 4889 6c24 | 3848 8944 | 24f8 8b44 | 2420 8944 | 242c 488b | 4424 f848 | 8b74 2450 
  0x000002c09f719880: 48ff 7424 | 5848 8f44 | 2450 e989 | f7ff ffba | ccff ffff | 488b 6c24 | 3848 8974 | 2428 895c 
  0x000002c09f7198a0: 243c 4489 | 5424 5844 | 895c 245c | 895c 2460 

  0x000002c09f7198b0: ;   {runtime_call UncommonTrapBlob}
  0x000002c09f7198b0: c5f8 77e8 

  0x000002c09f7198b4: ; ImmutableOopMap {rbp=Oop [48]=Oop [80]=Oop [88]=NarrowOop }
                      ;*invokestatic arraycopy {reexecute=0 rethrow=0 return_oop=0}
                      ; - java.io.ByteArrayOutputStream::write@29 (line 131)
                      ; - kotlin.io.ByteStreamsKt::copyTo@38 (line 108)
  0x000002c09f7198b4: 4808 effe | 488b 4c24 | 5048 8d94 | 24a0 0000 | 004d 8bc7 | c5f8 7749 | ba50 533b | 24fd 7f00 
  0x000002c09f7198d4: 0041 ffd2 | e9fe f5ff | ffba 45ff | ffff 48ff | 7424 3848 | 8f44 2420 | 4889 7424 | 4066 6690 
  0x000002c09f7198f4: ;   {runtime_call UncommonTrapBlob}
  0x000002c09f7198f4: c5f8 77e8 

  0x000002c09f7198f8: ; ImmutableOopMap {[32]=Oop [48]=Oop [80]=Oop }
                      ;*iflt {reexecute=1 rethrow=0 return_oop=0}
                      ; - (reexecute) jdk.internal.util.Preconditions::checkFromIndexSize@5 (line 360)
                      ; - java.util.Objects::checkFromIndexSize@4 (line 413)
                      ; - java.io.ByteArrayOutputStream::write@4 (line 129)
                      ; - kotlin.io.ByteStreamsKt::copyTo@38 (line 108)
  0x000002c09f7198f8: 0408 effe | ba45 ffff | ff48 8b6c | 2438 4889 | 7424 3890 

  0x000002c09f71990c: ;   {runtime_call UncommonTrapBlob}
  0x000002c09f71990c: c5f8 77e8 

  0x000002c09f719910: ; ImmutableOopMap {rbp=Oop [48]=Oop [80]=Oop }
                      ;*if_icmple {reexecute=1 rethrow=0 return_oop=0}
                      ; - (reexecute) jdk.internal.util.Preconditions::checkFromIndexSize@12 (line 360)
                      ; - java.util.Objects::checkFromIndexSize@4 (line 413)
                      ; - java.io.ByteArrayOutputStream::write@4 (line 129)
                      ; - kotlin.io.ByteStreamsKt::copyTo@38 (line 108)
  0x000002c09f719910: ec07 effe | ba45 ffff | ff48 8974 | 2440 4889 | 4424 f88b | 4424 2c89 | 4424 2848 | 8b44 24f8 
  0x000002c09f719930: 4489 5424 | 2c66 6690 

  0x000002c09f719938: ;   {runtime_call UncommonTrapBlob}
  0x000002c09f719938: c5f8 77e8 

  0x000002c09f71993c: ; ImmutableOopMap {[48]=Oop [56]=Oop [80]=Oop }
                      ;*ifeq {reexecute=1 rethrow=0 return_oop=0}
                      ; - (reexecute) java.util.zip.ZipInputStream::ensureOpen@4 (line 68)
                      ; - java.util.zip.ZipInputStream::read@1 (line 184)
                      ; - java.io.FilterInputStream::read@5 (line 106)
                      ; - kotlin.io.ByteStreamsKt::copyTo@50 (line 110)
  0x000002c09f71993c: c007 effe | ba45 ffff | ff48 8b6c | 2438 8974 | 243c 8944 | 2448 8944 | 244c 6690 

  0x000002c09f719958: ;   {runtime_call UncommonTrapBlob}
  0x000002c09f719958: c5f8 77e8 

  0x000002c09f71995c: ; ImmutableOopMap {rbp=Oop [48]=Oop [60]=NarrowOop [80]=Oop }
                      ;*iflt {reexecute=1 rethrow=0 return_oop=0}
                      ; - (reexecute) java.util.zip.CRC32::update@17 (line 76)
                      ; - java.util.zip.ZipInputStream::read@117 (line 202)
                      ; - java.io.FilterInputStream::read@5 (line 106)
                      ; - kotlin.io.ByteStreamsKt::copyTo@50 (line 110)
  0x000002c09f71995c: a007 effe | ba45 ffff | ff48 ff74 | 2438 488f | 4424 284c | 8b54 2450 | 4c89 5424 | 3889 7424 
  0x000002c09f71997c: 4489 4424 | 5066 6690 

  0x000002c09f719984: ;   {runtime_call UncommonTrapBlob}
  0x000002c09f719984: c5f8 77e8 

  0x000002c09f719988: ; ImmutableOopMap {[40]=Oop [48]=Oop [56]=Oop [68]=NarrowOop }
                      ;*if_icmple {reexecute=1 rethrow=0 return_oop=0}
                      ; - (reexecute) java.util.zip.CRC32::update@25 (line 76)
                      ; - java.util.zip.ZipInputStream::read@117 (line 202)
                      ; - java.io.FilterInputStream::read@5 (line 106)
                      ; - kotlin.io.ByteStreamsKt::copyTo@50 (line 110)
  0x000002c09f719988: 7407 effe | ba45 ffff | ff48 8b6c | 2438 4c8b | 5424 504c | 8954 2428 | 8974 243c | 894c 2440 
  0x000002c09f7199a8: 8944 2444 | 8944 2458 

  0x000002c09f7199b0: ;   {runtime_call UncommonTrapBlob}
  0x000002c09f7199b0: c5f8 77e8 

  0x000002c09f7199b4: ; ImmutableOopMap {rbp=Oop [40]=Oop [48]=Oop [60]=NarrowOop }
                      ;*ifgt {reexecute=1 rethrow=0 return_oop=0}
                      ; - (reexecute) java.util.zip.CRC32::updateBytesCheck@1 (line 146)
                      ; - java.util.zip.CRC32::updateBytes@3 (line 138)
                      ; - java.util.zip.CRC32::update@44 (line 79)
                      ; - java.util.zip.ZipInputStream::read@117 (line 202)
                      ; - java.io.FilterInputStream::read@5 (line 106)
                      ; - kotlin.io.ByteStreamsKt::copyTo@50 (line 110)
  0x000002c09f7199b4: 4807 effe | ba3d ffff | ff48 ff74 | 2438 488f | 4424 284c | 8b54 2450 | 4c89 5424 | 3889 7424 
  0x000002c09f7199d4: 4489 4c24 | 4889 4424 | 4c66 6690 

  0x000002c09f7199e0: ;   {runtime_call UncommonTrapBlob}
  0x000002c09f7199e0: c5f8 77e8 

  0x000002c09f7199e4: ; ImmutableOopMap {[40]=Oop [48]=Oop [56]=Oop [68]=NarrowOop }
                      ;*iflt {reexecute=1 rethrow=0 return_oop=0}
                      ; - (reexecute) java.util.zip.CRC32::updateBytesCheck@36 (line 157)
                      ; - java.util.zip.CRC32::updateBytes@3 (line 138)
                      ; - java.util.zip.CRC32::update@44 (line 79)
                      ; - java.util.zip.ZipInputStream::read@117 (line 202)
                      ; - java.io.FilterInputStream::read@5 (line 106)
                      ; - kotlin.io.ByteStreamsKt::copyTo@50 (line 110)
  0x000002c09f7199e4: 1807 effe | 448b 5b38 | 4585 db0f | 849c faff | ff4d 8b57 | 2049 8bcb | 4d85 d20f | 844f 0300 
  0x000002c09f719a04: 004d 8b5f | 304b 894c | 13f8 4983 | c2f8 4d89 | 5720 e976 | faff ff4d | 63cb e92a | f7ff ff49 
  0x000002c09f719a24: 83c1 fe49 | 8bc9 488b | fa48 33c0 | 4883 f908 | 7f10 48ff | c978 5748 | 8904 cf48 | ffc9 7df7 
  0x000002c09f719a44: eb4c c5fd | efc0 e90d | 0000 00c5 | fe7f 07c5 | fe7f 4720 | 4883 c740 | 4883 e908 | 7ded 4883 
  0x000002c09f719a64: c104 7c0c | c5fe 7f07 | 4883 c720 | 4883 e904 | 4883 c104 | 7e18 b801 | 0000 00c4 | e271 f7c0 
  0x000002c09f719a84: 4883 e801 | c5f8 92f8 | 62f1 fe2f | 7f07 e97b | f7ff ffba | ccff ffff | 488b 6c24 | 3848 8974 
  0x000002c09f719aa4: 2428 4489 | 5424 6044 | 895c 2468 

  0x000002c09f719ab0: ;   {runtime_call UncommonTrapBlob}
  0x000002c09f719ab0: c5f8 77e8 

  0x000002c09f719ab4: ; ImmutableOopMap {rbp=Oop [48]=Oop [80]=Oop [96]=NarrowOop }
                      ;*newarray {reexecute=1 rethrow=0 return_oop=0}
                      ; - (reexecute) java.util.Arrays::copyOf@1 (line 3537)
                      ; - java.io.ByteArrayOutputStream::ensureCapacity@25 (line 100)
                      ; - java.io.ByteArrayOutputStream::write@15 (line 130)
                      ; - kotlin.io.ByteStreamsKt::copyTo@38 (line 108)
  0x000002c09f719ab4: 4806 effe | 4963 c9e9 | 4cf1 ffff | bade ffff | ff4c 8944 | 2420 4c89 | 5c24 304c | 894c 2438 
  0x000002c09f719ad4: ;   {runtime_call UncommonTrapBlob}
  0x000002c09f719ad4: c5f8 77e8 

  0x000002c09f719ad8: ; ImmutableOopMap {[32]=Oop [48]=Oop [56]=Oop }
                      ;*invokevirtual read {reexecute=0 rethrow=0 return_oop=0}
                      ; - kotlin.io.ByteStreamsKt::copyTo@22 (line 106)
  0x000002c09f719ad8: 2406 effe | ba76 ffff | ff4c 8b54 | 2430 4c89 | 5424 2890 

  0x000002c09f719aec: ;   {runtime_call UncommonTrapBlob}
  0x000002c09f719aec: c5f8 77e8 

  0x000002c09f719af0: ; ImmutableOopMap {[32]=Oop [40]=Oop [56]=Oop }
                      ;*iflt {reexecute=1 rethrow=0 return_oop=0}
                      ; - (reexecute) kotlin.io.ByteStreamsKt::copyTo@29 (line 107)
  0x000002c09f719af0: 0c06 effe | babe ffff | ff4c 8b54 | 2430 4c89 | 5424 2890 

  0x000002c09f719b04: ;   {runtime_call UncommonTrapBlob}
  0x000002c09f719b04: c5f8 77e8 

  0x000002c09f719b08: ; ImmutableOopMap {[32]=Oop [40]=Oop [56]=Oop }
                      ;*iflt {reexecute=1 rethrow=0 return_oop=0}
                      ; - (reexecute) kotlin.io.ByteStreamsKt::copyTo@29 (line 107)
  0x000002c09f719b08: f405 effe | 498b d7c5 | f877 49ba | 1058 fa23 | fd7f 0000 | 41ff d2e9 | cff5 ffff | 498b d7c5 
  0x000002c09f719b28: f877 49ba | 1058 fa23 | fd7f 0000 | 41ff d2e9 | e1f6 ffff | ba3d ffff | ff48 ff74 | 2438 488f 
  0x000002c09f719b48: 4424 2048 | 8974 2438 | 4889 4424 | f88b 4424 | 7089 4424 | 4448 8b44 | 24f8 4489 | 5424 6844 
  0x000002c09f719b68: 8944 246c | 4489 5c24 | 7466 6690 

  0x000002c09f719b74: ;   {runtime_call UncommonTrapBlob}
  0x000002c09f719b74: c5f8 77e8 

  0x000002c09f719b78: ; ImmutableOopMap {[32]=Oop [48]=Oop [80]=Oop [104]=NarrowOop }
                      ;*if_icmpge {reexecute=1 rethrow=0 return_oop=0}
                      ; - (reexecute) jdk.internal.util.ArraysSupport::newLength@10 (line 638)
                      ; - java.io.ByteArrayOutputStream::ensureCapacity@22 (line 100)
                      ; - java.io.ByteArrayOutputStream::write@15 (line 130)
                      ; - kotlin.io.ByteStreamsKt::copyTo@38 (line 108)
  0x000002c09f719b78: 8405 effe | ba45 ffff | ff4c 8944 | 2428 4889 | 5c24 384c | 894c 2440 | 4489 5424 | 4866 6690 
  0x000002c09f719b98: ;   {runtime_call UncommonTrapBlob}
  0x000002c09f719b98: c5f8 77e8 

  0x000002c09f719b9c: ; ImmutableOopMap {[40]=Oop [56]=Oop [64]=Oop }
                      ;*ifeq {reexecute=1 rethrow=0 return_oop=0}
                      ; - (reexecute) java.util.zip.ZipInputStream::ensureOpen@4 (line 68)
                      ; - java.util.zip.ZipInputStream::read@1 (line 184)
                      ; - java.io.FilterInputStream::read@5 (line 106)
                      ; - kotlin.io.ByteStreamsKt::copyTo@22 (line 106)
  0x000002c09f719b9c: 6005 effe | ba45 ffff | ff4c 8944 | 2420 4889 | 5c24 304c | 894c 2438 | 4489 5424 | 4466 6690 
  0x000002c09f719bbc: ;   {runtime_call UncommonTrapBlob}
  0x000002c09f719bbc: c5f8 77e8 

  0x000002c09f719bc0: ; ImmutableOopMap {[32]=Oop [48]=Oop [56]=Oop }
                      ;*ifne {reexecute=1 rethrow=0 return_oop=0}
                      ; - (reexecute) java.util.zip.ZipInputStream::read@29 (line 187)
                      ; - java.io.FilterInputStream::read@5 (line 106)
                      ; - kotlin.io.ByteStreamsKt::copyTo@22 (line 106)
  0x000002c09f719bc0: 3c05 effe | ba45 ffff | ff49 8bea | 897c 243c | 8944 2440 | 8944 2444 

  0x000002c09f719bd8: ;   {runtime_call UncommonTrapBlob}
  0x000002c09f719bd8: c5f8 77e8 

  0x000002c09f719bdc: ; ImmutableOopMap {rbp=Oop [32]=Oop [48]=Oop [60]=NarrowOop }
                      ;*iflt {reexecute=1 rethrow=0 return_oop=0}
                      ; - (reexecute) java.util.zip.CRC32::update@17 (line 76)
                      ; - java.util.zip.ZipInputStream::read@117 (line 202)
                      ; - java.io.FilterInputStream::read@5 (line 106)
                      ; - kotlin.io.ByteStreamsKt::copyTo@22 (line 106)
  0x000002c09f719bdc: 2005 effe | ba45 ffff | ff4c 8954 | 2428 897c | 243c 8944 | 2448 6690 

  0x000002c09f719bf4: ;   {runtime_call UncommonTrapBlob}
  0x000002c09f719bf4: c5f8 77e8 

  0x000002c09f719bf8: ; ImmutableOopMap {[32]=Oop [40]=Oop [48]=Oop [60]=NarrowOop }
                      ;*if_icmple {reexecute=1 rethrow=0 return_oop=0}
                      ; - (reexecute) java.util.zip.CRC32::update@25 (line 76)
                      ; - java.util.zip.ZipInputStream::read@117 (line 202)
                      ; - java.io.FilterInputStream::read@5 (line 106)
                      ; - kotlin.io.ByteStreamsKt::copyTo@22 (line 106)
  0x000002c09f719bf8: 0405 effe | ba45 ffff | ff49 8bea | 897c 243c | 894c 2440 | 8944 2444 | 8944 2450 

  0x000002c09f719c14: ;   {runtime_call UncommonTrapBlob}
  0x000002c09f719c14: c5f8 77e8 

  0x000002c09f719c18: ; ImmutableOopMap {rbp=Oop [32]=Oop [48]=Oop [60]=NarrowOop }
                      ;*ifgt {reexecute=1 rethrow=0 return_oop=0}
                      ; - (reexecute) java.util.zip.CRC32::updateBytesCheck@1 (line 146)
                      ; - java.util.zip.CRC32::updateBytes@3 (line 138)
                      ; - java.util.zip.CRC32::update@44 (line 79)
                      ; - java.util.zip.ZipInputStream::read@117 (line 202)
                      ; - java.io.FilterInputStream::read@5 (line 106)
                      ; - kotlin.io.ByteStreamsKt::copyTo@22 (line 106)
  0x000002c09f719c18: e404 effe | ba45 ffff | ff49 8bea | 897c 2440 | 894c 2444 | 8944 2448 | 8944 244c 

  0x000002c09f719c34: ;   {runtime_call UncommonTrapBlob}
  0x000002c09f719c34: c5f8 77e8 

  0x000002c09f719c38: ; ImmutableOopMap {rbp=Oop [32]=Oop [48]=Oop [64]=NarrowOop }
                      ;*if_icmplt {reexecute=1 rethrow=0 return_oop=0}
                      ; - (reexecute) java.util.zip.CRC32::updateBytesCheck@17 (line 152)
                      ; - java.util.zip.CRC32::updateBytes@3 (line 138)
                      ; - java.util.zip.CRC32::update@44 (line 79)
                      ; - java.util.zip.ZipInputStream::read@117 (line 202)
                      ; - java.io.FilterInputStream::read@5 (line 106)
                      ; - kotlin.io.ByteStreamsKt::copyTo@22 (line 106)
  0x000002c09f719c38: c404 effe | ba3d ffff | ff4c 8954 | 2428 897c | 243c 894c | 2440 8944 | 2444 6690 

  0x000002c09f719c54: ;   {runtime_call UncommonTrapBlob}
  0x000002c09f719c54: c5f8 77e8 

  0x000002c09f719c58: ; ImmutableOopMap {[32]=Oop [40]=Oop [48]=Oop [60]=NarrowOop }
                      ;*iflt {reexecute=1 rethrow=0 return_oop=0}
                      ; - (reexecute) java.util.zip.CRC32::updateBytesCheck@36 (line 157)
                      ; - java.util.zip.CRC32::updateBytes@3 (line 138)
                      ; - java.util.zip.CRC32::update@44 (line 79)
                      ; - java.util.zip.ZipInputStream::read@117 (line 202)
                      ; - java.io.FilterInputStream::read@5 (line 106)
                      ; - kotlin.io.ByteStreamsKt::copyTo@22 (line 106)
  0x000002c09f719c58: a404 effe | 498b d7c5 | f877 49ba | 1058 fa23 | fd7f 0000 | 41ff d2e9 | 13f6 ffff | ba45 ffff 
  0x000002c09f719c78: ff48 ff74 | 2450 488f | 4424 4048 | 8974 2448 

  0x000002c09f719c88: ;   {runtime_call UncommonTrapBlob}
  0x000002c09f719c88: c5f8 77e8 

  0x000002c09f719c8c: ; ImmutableOopMap {[48]=Oop [56]=Oop [64]=Oop }
                      ;*lookupswitch {reexecute=1 rethrow=0 return_oop=0}
                      ; - (reexecute) java.util.zip.ZipInputStream::read@50 (line 194)
                      ; - java.io.FilterInputStream::read@5 (line 106)
                      ; - kotlin.io.ByteStreamsKt::copyTo@50 (line 110)
  0x000002c09f719c8c: 7004 effe | ba8a 0000 | 0066 6690 

  0x000002c09f719c98: ;   {runtime_call UncommonTrapBlob}
  0x000002c09f719c98: c5f8 77e8 

  0x000002c09f719c9c: ; ImmutableOopMap {rbp=Oop [48]=Oop [88]=Oop }
                      ;*new {reexecute=0 rethrow=0 return_oop=0}
                      ; - java.util.zip.ZipInputStream::read@175 (line 216)
                      ; - java.io.FilterInputStream::read@5 (line 106)
                      ; - kotlin.io.ByteStreamsKt::copyTo@50 (line 110)
  0x000002c09f719c9c: 6004 effe | baf6 ffff | ff89 4424 | 2066 6690 

  0x000002c09f719cac: ;   {runtime_call UncommonTrapBlob}
  0x000002c09f719cac: c5f8 77e8 

  0x000002c09f719cb0: ; ImmutableOopMap {[48]=Oop }
                      ;*invokevirtual update {reexecute=0 rethrow=0 return_oop=0}
                      ; - java.util.zip.ZipInputStream::read@192 (line 218)
                      ; - java.io.FilterInputStream::read@5 (line 106)
                      ; - kotlin.io.ByteStreamsKt::copyTo@50 (line 110)
  0x000002c09f719cb0: 4c04 effe | 498b d7c5 | f877 49ba | 1058 fa23 | fd7f 0000 | 41ff d2e9 | faf5 ffff | ba45 ffff 
  0x000002c09f719cd0: ff4c 8944 | 2428 4889 | 5c24 384c | 894c 2440 | 4489 5424 | 4866 6690 

  0x000002c09f719ce8: ;   {runtime_call UncommonTrapBlob}
  0x000002c09f719ce8: c5f8 77e8 

  0x000002c09f719cec: ; ImmutableOopMap {[40]=Oop [56]=Oop [64]=Oop }
                      ;*lookupswitch {reexecute=1 rethrow=0 return_oop=0}
                      ; - (reexecute) java.util.zip.ZipInputStream::read@50 (line 194)
                      ; - java.io.FilterInputStream::read@5 (line 106)
                      ; - kotlin.io.ByteStreamsKt::copyTo@22 (line 106)
  0x000002c09f719cec: 1004 effe | baf6 ffff | ff66 6690 

  0x000002c09f719cf8: ;   {runtime_call UncommonTrapBlob}
  0x000002c09f719cf8: c5f8 77e8 

  0x000002c09f719cfc: ; ImmutableOopMap {}
                      ;*invokevirtual getValue {reexecute=0 rethrow=0 return_oop=0}
                      ; - java.util.zip.ZipInputStream::read@226 (line 220)
                      ; - java.io.FilterInputStream::read@5 (line 106)
                      ; - kotlin.io.ByteStreamsKt::copyTo@50 (line 110)
  0x000002c09f719cfc: 0004 effe | ba8a 0000 | 0048 8b6c | 2428 6690 

  0x000002c09f719d0c: ;   {runtime_call UncommonTrapBlob}
  0x000002c09f719d0c: c5f8 77e8 

  0x000002c09f719d10: ; ImmutableOopMap {rbp=Oop [48]=Oop [88]=Oop }
                      ;*new {reexecute=0 rethrow=0 return_oop=0}
                      ; - java.util.zip.ZipInputStream::read@233 (line 221)
                      ; - java.io.FilterInputStream::read@5 (line 106)
                      ; - kotlin.io.ByteStreamsKt::copyTo@50 (line 110)
  0x000002c09f719d10: ec03 effe | ba8a 0000 | 0066 6690 

  0x000002c09f719d1c: ;   {runtime_call UncommonTrapBlob}
  0x000002c09f719d1c: c5f8 77e8 

  0x000002c09f719d20: ; ImmutableOopMap {rbp=Oop [32]=Oop [48]=Oop }
                      ;*new {reexecute=0 rethrow=0 return_oop=0}
                      ; - java.util.zip.ZipInputStream::read@175 (line 216)
                      ; - java.io.FilterInputStream::read@5 (line 106)
                      ; - kotlin.io.ByteStreamsKt::copyTo@22 (line 106)
  0x000002c09f719d20: dc03 effe | baf6 ffff | ff48 8b6c | 2430 8944 | 2420 6690 

  0x000002c09f719d34: ;   {runtime_call UncommonTrapBlob}
  0x000002c09f719d34: c5f8 77e8 

  0x000002c09f719d38: ; ImmutableOopMap {rbp=Oop }
                      ;*invokevirtual update {reexecute=0 rethrow=0 return_oop=0}
                      ; - java.util.zip.ZipInputStream::read@192 (line 218)
                      ; - java.io.FilterInputStream::read@5 (line 106)
                      ; - kotlin.io.ByteStreamsKt::copyTo@22 (line 106)
  0x000002c09f719d38: c403 effe | baf6 ffff | ff44 895c | 2420 895c | 2424 6690 

  0x000002c09f719d4c: ;   {runtime_call UncommonTrapBlob}
  0x000002c09f719d4c: c5f8 77e8 

  0x000002c09f719d50: ; ImmutableOopMap {[48]=Oop [80]=Oop }
                      ;*invokestatic arraycopy {reexecute=0 rethrow=0 return_oop=0}
                      ; - java.io.ByteArrayOutputStream::write@29 (line 131)
                      ; - kotlin.io.ByteStreamsKt::copyTo@38 (line 108)
  0x000002c09f719d50: ac03 effe | 498b d7c5 | f877 49ba | 1058 fa23 | fd7f 0000 | 41ff d2e9 | 25f7 ffff | baf6 ffff 
  0x000002c09f719d70: ff66 6690 

  0x000002c09f719d74: ;   {runtime_call UncommonTrapBlob}
  0x000002c09f719d74: c5f8 77e8 

  0x000002c09f719d78: ; ImmutableOopMap {}
                      ;*invokevirtual getValue {reexecute=0 rethrow=0 return_oop=0}
                      ; - java.util.zip.ZipInputStream::read@226 (line 220)
                      ; - java.io.FilterInputStream::read@5 (line 106)
                      ; - kotlin.io.ByteStreamsKt::copyTo@22 (line 106)
  0x000002c09f719d78: 8403 effe | baf6 ffff | ff66 6690 

  0x000002c09f719d84: ;   {runtime_call UncommonTrapBlob}
  0x000002c09f719d84: c5f8 77e8 

  0x000002c09f719d88: ; ImmutableOopMap {[80]=Oop }
                      ;*arraylength {reexecute=0 rethrow=0 return_oop=0}
                      ; - java.io.ByteArrayOutputStream::ensureCapacity@4 (line 97)
                      ; - java.io.ByteArrayOutputStream::write@15 (line 130)
                      ; - kotlin.io.ByteStreamsKt::copyTo@38 (line 108)
  0x000002c09f719d88: 7403 effe | baf6 ffff | ff89 4424 | 2066 6690 

  0x000002c09f719d98: ;   {runtime_call UncommonTrapBlob}
  0x000002c09f719d98: c5f8 77e8 

  0x000002c09f719d9c: ; ImmutableOopMap {[48]=Oop }
                      ;*invokevirtual update {reexecute=0 rethrow=0 return_oop=0}
                      ; - java.util.zip.ZipInputStream::read@117 (line 202)
                      ; - java.io.FilterInputStream::read@5 (line 106)
                      ; - kotlin.io.ByteStreamsKt::copyTo@50 (line 110)
  0x000002c09f719d9c: 6003 effe | baf6 ffff | ff89 4424 | 2066 6690 

  0x000002c09f719dac: ;   {runtime_call UncommonTrapBlob}
  0x000002c09f719dac: c5f8 77e8 

  0x000002c09f719db0: ; ImmutableOopMap {rbp=Oop }
                      ;*invokevirtual update {reexecute=0 rethrow=0 return_oop=0}
                      ; - java.util.zip.ZipInputStream::read@117 (line 202)
                      ; - java.io.FilterInputStream::read@5 (line 106)
                      ; - kotlin.io.ByteStreamsKt::copyTo@22 (line 106)
  0x000002c09f719db0: 4c03 effe | ba45 ffff | ff4c 8944 | 2420 4489 | 4c24 284c | 895c 2430 

  0x000002c09f719dc8: ;   {runtime_call UncommonTrapBlob}
  0x000002c09f719dc8: c5f8 77e8 

  0x000002c09f719dcc: ; ImmutableOopMap {[32]=Oop [48]=Oop }
                      ;*ifnonnull {reexecute=1 rethrow=0 return_oop=0}
                      ; - (reexecute) kotlin.jvm.internal.Intrinsics::checkNotNullParameter@1 (line 130)
                      ; - kotlin.io.ByteStreamsKt::copyTo@3
  0x000002c09f719dcc: 3003 effe | ba45 ffff | ff49 8beb | 4489 4c24 | 284c 8944 | 2430 6690 

  0x000002c09f719de4: ;   {runtime_call UncommonTrapBlob}
  0x000002c09f719de4: c5f8 77e8 

  0x000002c09f719de8: ; ImmutableOopMap {rbp=Oop [48]=Oop }
                      ;*ifnonnull {reexecute=1 rethrow=0 return_oop=0}
                      ; - (reexecute) kotlin.jvm.internal.Intrinsics::checkNotNullParameter@1 (line 130)
                      ; - kotlin.io.ByteStreamsKt::copyTo@9
  0x000002c09f719de8: 1403 effe | baf6 ffff | ff66 6690 

  0x000002c09f719df4: ;   {runtime_call UncommonTrapBlob}
  0x000002c09f719df4: c5f8 77e8 

  0x000002c09f719df8: ; ImmutableOopMap {}
                      ;*getfield crc {reexecute=1 rethrow=0 return_oop=0}
                      ; - (reexecute) java.util.zip.ZipInputStream::read@219 (line 220)
                      ; - java.io.FilterInputStream::read@5 (line 106)
                      ; - kotlin.io.ByteStreamsKt::copyTo@50 (line 110)
  0x000002c09f719df8: 0403 effe | 488b d0e9 | bf00 0000 | 488b d84c | 8b5c 2438 | 488d 8424 | a000 0000 | 4881 3800 
  0x000002c09f719e18: 0000 000f | 8483 0000 | 004d 8b13 | 49f7 c202 | 0000 0074 | 6f49 81ba | 8600 0000 | 0000 0000 
  0x000002c09f719e38: 7409 49ff | 8a86 0000 | 00eb 5149 | 8b82 9600 | 0000 490b | 828e 0000 | 0075 0a49 | c742 3e00 
  0x000002c09f719e58: 0000 00eb | 4749 81ba | 9e00 0000 | 0000 0000 | 7425 4833 | c049 c742 | 3e00 0000 | 00f0 8304 
  0x000002c09f719e78: 2400 4981 | ba9e 0000 | 0000 0000 | 0075 0df0 | 4d0f b17a | 3e75 0583 | c801 eb10 | f7c0 0000 
  0x000002c09f719e98: 0000 eb08 | 4c8b 10f0 | 4d0f b113 | 752d 488b | d3eb 18eb | 0ceb 0aeb | 08eb 0deb | 0beb 09eb 
  0x000002c09f719eb8: 0048 8bd0 | eb05 eb00 | 488b d0c5 | f877 4881 | c4b0 0000 

  0x000002c09f719ecc: ;   {runtime_call _rethrow_Java}
  0x000002c09f719ecc: 005d e9ad | 60f9 fe49 | 8bcb 488d | 9424 a000 | 0000 4d8b | c7c5 f877 | 49ba 5053 | 3b24 fd7f 
  0x000002c09f719eec: 0000 41ff | d2eb b3ba | f6ff ffff 

  0x000002c09f719ef8: ;   {runtime_call UncommonTrapBlob}
  0x000002c09f719ef8: c5f8 77e8 

  0x000002c09f719efc: ; ImmutableOopMap {}
                      ;*getfield crc {reexecute=1 rethrow=0 return_oop=0}
                      ; - (reexecute) java.util.zip.ZipInputStream::read@219 (line 220)
                      ; - java.io.FilterInputStream::read@5 (line 106)
                      ; - kotlin.io.ByteStreamsKt::copyTo@22 (line 106)
  0x000002c09f719efc: 0002 effe 

  0x000002c09f719f00: ;   {internal_word}
  0x000002c09f719f00: 49ba 9c92 | 719f c002 | 0000 4d89 | 9768 0300 

  0x000002c09f719f10: ;   {runtime_call SafepointBlob}
  0x000002c09f719f10: 00e9 6af0 | eefe f4f4 | f4f4 f4f4 | f4f4 f4f4 
[Stub Code]
  0x000002c09f719f20: ;   {no_reloc}
  0x000002c09f719f20: 48bb 0000 | 0000 0000 

  0x000002c09f719f28: ;   {runtime_call}
  0x000002c09f719f28: 0000 e9fb 

  0x000002c09f719f2c: ;   {static_stub}
  0x000002c09f719f2c: ffff ff48 | bb00 0000 | 0000 0000 

  0x000002c09f719f38: ;   {runtime_call}
  0x000002c09f719f38: 00e9 fbff 

  0x000002c09f719f3c: ;   {static_stub}
  0x000002c09f719f3c: ffff 48bb | 0000 0000 | 0000 0000 

  0x000002c09f719f48: ;   {runtime_call}
  0x000002c09f719f48: e9fb ffff 

  0x000002c09f719f4c: ;   {static_stub}
  0x000002c09f719f4c: ff48 bb00 | 0000 0000 

  0x000002c09f719f54: ;   {runtime_call}
  0x000002c09f719f54: 0000 00e9 | fbff ffff 

  0x000002c09f719f5c: ;   {static_stub}
  0x000002c09f719f5c: 48bb 0000 | 0000 0000 

  0x000002c09f719f64: ;   {runtime_call}
  0x000002c09f719f64: 0000 e9fb 

  0x000002c09f719f68: ;   {static_stub}
  0x000002c09f719f68: ffff ff48 | bb00 0000 | 0000 0000 

  0x000002c09f719f74: ;   {runtime_call}
  0x000002c09f719f74: 00e9 fbff 

  0x000002c09f719f78: ;   {static_stub}
  0x000002c09f719f78: ffff 48bb | 0000 0000 | 0000 0000 

  0x000002c09f719f84: ;   {runtime_call}
  0x000002c09f719f84: e9fb ffff 

  0x000002c09f719f88: ;   {static_stub}
  0x000002c09f719f88: ff48 bb00 | 0000 0000 

  0x000002c09f719f90: ;   {runtime_call}
  0x000002c09f719f90: 0000 00e9 | fbff ffff 
[Exception Handler]
  0x000002c09f719f98: ;   {runtime_call ExceptionBlob}
  0x000002c09f719f98: e963 c9f8 | fee8 0000 | 0000 4883 

  0x000002c09f719fa4: ;   {runtime_call DeoptimizationBlob}
  0x000002c09f719fa4: 2c24 05e9 | 7404 effe | f4f4 f4f4 
[/MachCode]


Compiled method (c1)   73250 21066       3       kotlin.io.ByteStreamsKt::readBytes (47 bytes)
 total in heap  [0x000002c09911b010,0x000002c09911c0b8] = 4264
 relocation     [0x000002c09911b168,0x000002c09911b280] = 280
 main code      [0x000002c09911b280,0x000002c09911bc60] = 2528
 stub code      [0x000002c09911bc60,0x000002c09911bd28] = 200
 oops           [0x000002c09911bd28,0x000002c09911bd40] = 24
 metadata       [0x000002c09911bd40,0x000002c09911bd80] = 64
 scopes data    [0x000002c09911bd80,0x000002c09911bec8] = 328
 scopes pcs     [0x000002c09911bec8,0x000002c09911c078] = 432
 dependencies   [0x000002c09911c078,0x000002c09911c080] = 8
 handler table  [0x000002c09911c080,0x000002c09911c098] = 24
 nul chk table  [0x000002c09911c098,0x000002c09911c0b8] = 32

[Constant Pool (empty)]

[MachCode]
[Verified Entry Point]
  # {method} {0x000002c0d5f39190} 'readBytes' '(Ljava/io/InputStream;)[B' in 'kotlin/io/ByteStreamsKt'
  # parm0:    rdx:rdx   = 'java/io/InputStream'
  #           [sp+0xd0]  (sp of caller)
  0x000002c09911b280: 8984 2400 | 90ff ff55 | 4881 ecc0 | 0000 0048 | 8994 2490 

  0x000002c09911b294: ;   {metadata(method data for {method} {0x000002c0d5f39190} 'readBytes' '(Ljava/io/InputStream;)[B' in 'kotlin/io/ByteStreamsKt')}
  0x000002c09911b294: 0000 0048 | be38 aaf3 | d5c0 0200 | 008b becc | 0000 0083 | c702 89be | cc00 0000 | 81e7 fe07 
  0x000002c09911b2b4: 0000 83ff | 000f 84bd 

  0x000002c09911b2bc: ;   {metadata(method data for {method} {0x000002c0d5f39190} 'readBytes' '(Ljava/io/InputStream;)[B' in 'kotlin/io/ByteStreamsKt')}
  0x000002c09911b2bc: 0700 0048 | be38 aaf3 | d5c0 0200 | 0048 8386 | 1001 0000 

  0x000002c09911b2d0: ;   {metadata(method data for {method} {0x000002c0c95b7a88} 'checkNotNullParameter' '(Ljava/lang/Object;Ljava/lang/String;)V' in 'kotlin/jvm/internal/Intrinsics')}
  0x000002c09911b2d0: 0148 be60 | 69f7 cac0 | 0200 008b | becc 0000 | 0083 c702 | 89be cc00 | 0000 81e7 | feff 1f00 
  0x000002c09911b2f0: 83ff 000f | 84a4 0700 | 0048 83fa 

  0x000002c09911b2fc: ;   {metadata(method data for {method} {0x000002c0c95b7a88} 'checkNotNullParameter' '(Ljava/lang/Object;Ljava/lang/String;)V' in 'kotlin/jvm/internal/Intrinsics')}
  0x000002c09911b2fc: 0048 be60 | 69f7 cac0 | 0200 0048 | c7c7 1001 | 0000 0f85 | 0700 0000 | 48c7 c720 | 0100 0048 
  0x000002c09911b31c: 8b04 3e48 | 8d40 0148 | 8904 3e0f | 85ff 0100 

  0x000002c09911b32c: ;   {metadata(method data for {method} {0x000002c0c95b7a88} 'checkNotNullParameter' '(Ljava/lang/Object;Ljava/lang/String;)V' in 'kotlin/jvm/internal/Intrinsics')}
  0x000002c09911b32c: 0048 be60 | 69f7 cac0 | 0200 0048 | 8386 3001 

  0x000002c09911b33c: ;   {metadata(method data for {method} {0x000002c0c95b7bf8} 'throwParameterIsNullNPE' '(Ljava/lang/String;)V' in 'kotlin/jvm/internal/Intrinsics')}
  0x000002c09911b33c: 0000 0148 | bee8 6af7 | cac0 0200 | 008b becc | 0000 0083 | c702 89be | cc00 0000 | 81e7 feff 
  0x000002c09911b35c: 1f00 83ff | 000f 8457 | 0700 0090 

  0x000002c09911b368: ;   {no_reloc}
  0x000002c09911b368: e981 0700 | 0000 0000 | 0000 498b | 8708 0100 | 0048 8d78 | 3049 3bbf | 1801 0000 | 0f87 6e07 
  0x000002c09911b388: 0000 4989 | bf08 0100 | 0048 c700 | 0100 0000 | 488b ca49 | ba00 0000 | aec0 0200 | 0049 2bca 
  0x000002c09911b3a8: 8948 0848 | 33c9 8948 | 0c48 33c9 | 4889 4810 | 4889 4818 | 4889 4820 | 4889 4828 

  0x000002c09911b3c4: ;   {metadata(method data for {method} {0x000002c0c95b7bf8} 'throwParameterIsNullNPE' '(Ljava/lang/String;)V' in 'kotlin/jvm/internal/Intrinsics')}
  0x000002c09911b3c4: 48ba e86a | f7ca c002 | 0000 4883 | 8210 0100 

  0x000002c09911b3d4: ;   {oop("<this>"{0x0000000081a53ec8})}
  0x000002c09911b3d4: 0001 48ba | c83e a581 | 0000 0000 | 4889 8424 | 8800 0000 | 0f1f 8000 

  0x000002c09911b3ec: ;   {static_call}
  0x000002c09911b3ec: 0000 00e8 

  0x000002c09911b3f0: ; ImmutableOopMap {[144]=Oop [136]=Oop }
                      ;*invokestatic createParameterIsNullExceptionMessage {reexecute=0 rethrow=0 return_oop=0}
                      ; - kotlin.jvm.internal.Intrinsics::throwParameterIsNullNPE@5 (line 140)
                      ; - kotlin.jvm.internal.Intrinsics::checkNotNullParameter@5 (line 131)
                      ; - kotlin.io.ByteStreamsKt::readBytes@3
  0x000002c09911b3f0: 0c72 4e05 | 4c8b 8424 | 8800 0000 

  0x000002c09911b3fc: ;   {metadata(method data for {method} {0x000002c0c95b7bf8} 'throwParameterIsNullNPE' '(Ljava/lang/String;)V' in 'kotlin/jvm/internal/Intrinsics')}
  0x000002c09911b3fc: 48ba e86a | f7ca c002 | 0000 4883 | 8220 0100 | 0001 4c8b | c048 8b94 | 2488 0000 | 0066 0f1f 
  0x000002c09911b41c: ;   {optimized virtual_call}
  0x000002c09911b41c: 4400 00e8 

  0x000002c09911b420: ; ImmutableOopMap {[144]=Oop [136]=Oop }
                      ;*invokespecial <init> {reexecute=0 rethrow=0 return_oop=0}
                      ; - kotlin.jvm.internal.Intrinsics::throwParameterIsNullNPE@8 (line 140)
                      ; - kotlin.jvm.internal.Intrinsics::checkNotNullParameter@5 (line 131)
                      ; - kotlin.io.ByteStreamsKt::readBytes@3
  0x000002c09911b420: dc66 4e05 

  0x000002c09911b424: ;   {metadata(method data for {method} {0x000002c0c95b7bf8} 'throwParameterIsNullNPE' '(Ljava/lang/String;)V' in 'kotlin/jvm/internal/Intrinsics')}
  0x000002c09911b424: 48ba e86a | f7ca c002 | 0000 4883 | 8230 0100 

  0x000002c09911b434: ;   {metadata(method data for {method} {0x000002c0c95b8be0} 'sanitizeStackTrace' '(Ljava/lang/Throwable;)Ljava/lang/Throwable;' in 'kotlin/jvm/internal/Intrinsics')}
  0x000002c09911b434: 0001 48ba | c871 f7ca | c002 0000 | 8bb2 cc00 | 0000 83c6 | 0289 b2cc | 0000 0081 | e6fe ff1f 
  0x000002c09911b454: 0083 fe00 | 0f84 a706 

  0x000002c09911b45c: ;   {oop(a 'java/lang/Class'{0x0000000080fb8200} = 'kotlin/jvm/internal/Intrinsics')}
  0x000002c09911b45c: 0000 48ba | 0082 fb80 | 0000 0000 

  0x000002c09911b468: ;   {metadata(method data for {method} {0x000002c0c95b8be0} 'sanitizeStackTrace' '(Ljava/lang/Throwable;)Ljava/lang/Throwable;' in 'kotlin/jvm/internal/Intrinsics')}
  0x000002c09911b468: 488b f248 | bfc8 71f7 | cac0 0200 | 0048 8387 | 1001 0000 

  0x000002c09911b47c: ;   {metadata(method data for {method} {0x000002c0ae43e310} 'getName' '()Ljava/lang/String;' in 'java/lang/Class')}
  0x000002c09911b47c: 0148 be88 | 0406 c9c0 | 0200 008b | becc 0000 | 0083 c702 | 89be cc00 | 0000 81e7 | feff 1f00 
  0x000002c09911b49c: 83ff 000f | 8481 0600 | 008b 522c | 4883 fa00 

  0x000002c09911b4ac: ;   {metadata(method data for {method} {0x000002c0ae43e310} 'getName' '()Ljava/lang/String;' in 'java/lang/Class')}
  0x000002c09911b4ac: 48be 8804 | 06c9 c002 | 0000 48c7 | c710 0100 | 000f 8407 | 0000 0048 | c7c7 2001 | 0000 488b 
  0x000002c09911b4cc: 1c3e 488d | 5b01 4889 | 1c3e 0f84 | 1800 0000 

  0x000002c09911b4dc: ;   {metadata(method data for {method} {0x000002c0ae43e310} 'getName' '()Ljava/lang/String;' in 'java/lang/Class')}
  0x000002c09911b4dc: 48be 8804 | 06c9 c002 | 0000 ff86 | 3001 0000 | 488b f2e9 | 2b00 0000 

  0x000002c09911b4f4: ;   {oop(a 'java/lang/Class'{0x0000000080fb8200} = 'kotlin/jvm/internal/Intrinsics')}
  0x000002c09911b4f4: 48ba 0082 | fb80 0000 | 0000 488b 

  0x000002c09911b500: ;   {metadata(method data for {method} {0x000002c0ae43e310} 'getName' '()Ljava/lang/String;' in 'java/lang/Class')}
  0x000002c09911b500: f248 bf88 | 0406 c9c0 | 0200 0048 | 8387 4801 | 0000 010f 

  0x000002c09911b514: ;   {optimized virtual_call}
  0x000002c09911b514: 1f40 00e8 

  0x000002c09911b518: ; ImmutableOopMap {[144]=Oop [136]=Oop }
                      ;*invokevirtual initClassName {reexecute=0 rethrow=0 return_oop=0}
                      ; - java.lang.Class::getName@14 (line 863)
                      ; - kotlin.jvm.internal.Intrinsics::sanitizeStackTrace@3 (line 253)
                      ; - kotlin.jvm.internal.Intrinsics::throwParameterIsNullNPE@11 (line 140)
                      ; - kotlin.jvm.internal.Intrinsics::checkNotNullParameter@5 (line 131)
                      ; - kotlin.io.ByteStreamsKt::readBytes@3
  0x000002c09911b518: e465 4e05 | 488b f048 | 8b84 2488 | 0000 00e9 | e603 0000 

  0x000002c09911b52c: ;   {metadata('java/io/ByteArrayOutputStream')}
  0x000002c09911b52c: 488b da48 | ba00 0a19 | aec0 0200 | 0049 8b87 | 0801 0000 | 488d 7818 | 493b bf18 | 0100 000f 
  0x000002c09911b54c: 87fb 0500 | 0049 89bf | 0801 0000 | 48c7 0001 | 0000 0048 | 8bca 49ba | 0000 00ae | c002 0000 
  0x000002c09911b56c: 492b ca89 | 4808 4833 | c989 480c | 4833 c948 | 8948 1048 | 3b03 488b 

  0x000002c09911b584: ;   {metadata(method data for {method} {0x000002c0d5f39190} 'readBytes' '(Ljava/io/InputStream;)[B' in 'kotlin/io/ByteStreamsKt')}
  0x000002c09911b584: d348 be38 | aaf3 d5c0 | 0200 008b | 5208 49ba | 0000 00ae | c002 0000 | 4903 d248 | 3b96 3001 
  0x000002c09911b5a4: 0000 750d | 4883 8638 | 0100 0001 | e966 0000 | 0048 3b96 | 4001 0000 | 750d 4883 | 8648 0100 
  0x000002c09911b5c4: 0001 e950 | 0000 0048 | 81be 3001 | 0000 0000 | 0000 7517 | 4889 9630 | 0100 0048 | c786 3801 
  0x000002c09911b5e4: 0000 0100 | 0000 e92c | 0000 0048 | 81be 4001 | 0000 0000 | 0000 7517 | 4889 9640 | 0100 0048 
  0x000002c09911b604: c786 4801 | 0000 0100 | 0000 e908 | 0000 0048 | 8386 2001 | 0000 0148 | 8bd3 4889 | 8424 9800 
  0x000002c09911b624: 0000 0f1f | 8000 0000 | 0048 b8a8 | 7117 b0c0 

  0x000002c09911b634: ;   {virtual_call}
  0x000002c09911b634: 0200 00e8 

  0x000002c09911b638: ; ImmutableOopMap {[152]=Oop [144]=Oop }
                      ;*invokevirtual available {reexecute=0 rethrow=0 return_oop=0}
                      ; - kotlin.io.ByteStreamsKt::readBytes@14 (line 135)
  0x000002c09911b638: 84c8 feff 

  0x000002c09911b63c: ;   {metadata(method data for {method} {0x000002c0d5f39190} 'readBytes' '(Ljava/io/InputStream;)[B' in 'kotlin/io/ByteStreamsKt')}
  0x000002c09911b63c: 49b8 38aa | f3d5 c002 | 0000 4983 | 8058 0100 

  0x000002c09911b64c: ;   {metadata(method data for {method} {0x000002c0ae3eab18} 'max' '(II)I' in 'java/lang/Math')}
  0x000002c09911b64c: 0001 49b8 | f88a 04c9 | c002 0000 | 418b 90cc | 0000 0083 | c202 4189 | 90cc 0000 | 0081 e2fe 
  0x000002c09911b66c: ff1f 0083 | fa00 0f84 | e604 0000 | 81f8 0020 

  0x000002c09911b67c: ;   {metadata(method data for {method} {0x000002c0ae3eab18} 'max' '(II)I' in 'java/lang/Math')}
  0x000002c09911b67c: 0000 49b8 | f88a 04c9 | c002 0000 | 48c7 c210 | 0100 000f | 8f07 0000 | 0048 c7c2 | 2001 0000 
  0x000002c09911b69c: 498b 3410 | 488d 7601 | 4989 3410 | 0f8f 1600 

  0x000002c09911b6ac: ;   {metadata(method data for {method} {0x000002c0ae3eab18} 'max' '(II)I' in 'java/lang/Math')}
  0x000002c09911b6ac: 0000 49b8 | f88a 04c9 | c002 0000 | 41ff 8030 | 0100 00b8 | 0020 0000 | 4c8b 8424 | 9800 0000 
  0x000002c09911b6cc: ;   {metadata(method data for {method} {0x000002c0d5f39190} 'readBytes' '(Ljava/io/InputStream;)[B' in 'kotlin/io/ByteStreamsKt')}
  0x000002c09911b6cc: 48ba 38aa | f3d5 c002 | 0000 4883 | 8268 0100 | 0001 4c8b | c048 8b94 | 2498 0000 | 0066 0f1f 
  0x000002c09911b6ec: ;   {optimized virtual_call}
  0x000002c09911b6ec: 4400 00e8 

  0x000002c09911b6f0: ; ImmutableOopMap {[152]=Oop [144]=Oop }
                      ;*invokespecial <init> {reexecute=0 rethrow=0 return_oop=0}
                      ; - kotlin.io.ByteStreamsKt::readBytes@20 (line 135)
  0x000002c09911b6f0: 4cd5 d705 

  0x000002c09911b6f4: ;   {metadata(method data for {method} {0x000002c0d5f39190} 'readBytes' '(Ljava/io/InputStream;)[B' in 'kotlin/io/ByteStreamsKt')}
  0x000002c09911b6f4: 48ba 38aa | f3d5 c002 | 0000 4883 | 82b0 0100 

  0x000002c09911b704: ;   {metadata(method data for {method} {0x000002c0d5f38ec8} 'copyTo$default' '(Ljava/io/InputStream;Ljava/io/OutputStream;IILjava/lang/Object;)J' in 'kotlin/io/ByteStreamsKt')}
  0x000002c09911b704: 0001 48ba | 08ae f3d5 | c002 0000 | 448b 82cc | 0000 0041 | 83c0 0244 | 8982 cc00 | 0000 4181 
  0x000002c09911b724: e0fe ff1f | 0041 83f8 | 000f 844c 

  0x000002c09911b730: ;   {metadata(method data for {method} {0x000002c0d5f38ec8} 'copyTo$default' '(Ljava/io/InputStream;Ljava/io/OutputStream;IILjava/lang/Object;)J' in 'kotlin/io/ByteStreamsKt')}
  0x000002c09911b730: 0400 0048 | ba08 aef3 | d5c0 0200 | 00ff 8220 

  0x000002c09911b740: ;   {metadata(method data for {method} {0x000002c0d5f38ec8} 'copyTo$default' '(Ljava/io/InputStream;Ljava/io/OutputStream;IILjava/lang/Object;)J' in 'kotlin/io/ByteStreamsKt')}
  0x000002c09911b740: 0100 0048 | ba08 aef3 | d5c0 0200 | 0048 8382 | 3001 0000 | 0148 8b94 | 2490 0000 | 004c 8b84 
  0x000002c09911b760: 2498 0000 | 0041 b900 | 2000 000f 

  0x000002c09911b76c: ;   {static_call}
  0x000002c09911b76c: 1f40 00e8 

  0x000002c09911b770: ; ImmutableOopMap {[152]=Oop }
                      ;*invokestatic copyTo {reexecute=0 rethrow=0 return_oop=0}
                      ; - kotlin.io.ByteStreamsKt::copyTo$default@13 (line 103)
                      ; - kotlin.io.ByteStreamsKt::readBytes@32 (line 136)
  0x000002c09911b770: 6cd4 5f06 | 488b 9424 | 9800 0000 

  0x000002c09911b77c: ;   {metadata(method data for {method} {0x000002c0d5f39190} 'readBytes' '(Ljava/io/InputStream;)[B' in 'kotlin/io/ByteStreamsKt')}
  0x000002c09911b77c: 488b c249 | b838 aaf3 | d5c0 0200 | 008b 4008 | 49ba 0000 | 00ae c002 | 0000 4903 | c249 3b80 
  0x000002c09911b79c: d001 0000 | 750d 4983 | 80d8 0100 | 0001 e966 | 0000 0049 | 3b80 e001 | 0000 750d | 4983 80e8 
  0x000002c09911b7bc: 0100 0001 | e950 0000 | 0049 81b8 | d001 0000 | 0000 0000 | 7517 4989 | 80d0 0100 | 0049 c780 
  0x000002c09911b7dc: d801 0000 | 0100 0000 | e92c 0000 | 0049 81b8 | e001 0000 | 0000 0000 | 7517 4989 | 80e0 0100 
  0x000002c09911b7fc: 0049 c780 | e801 0000 | 0100 0000 | e908 0000 | 0049 8380 | c001 0000 | 014c 8d84 | 24a8 0000 
  0x000002c09911b81c: 0049 8950 | 0848 8b02 | 4883 c801 | 4989 00f0 | 4c0f b102 | 0f84 1300 | 0000 482b | c448 81e0 
  0x000002c09911b83c: 07f0 ffff | 4989 000f | 8557 0300 

  0x000002c09911b848: ;   {metadata(method data for {method} {0x000002c0ae303a80} 'toByteArray' '()[B' in 'java/io/ByteArrayOutputStream')}
  0x000002c09911b848: 0049 b808 | 58d0 cbc0 | 0200 0041 | 8bb0 cc00 | 0000 83c6 | 0241 89b0 | cc00 0000 | 81e6 feff 
  0x000002c09911b868: 1f00 83fe | 000f 8440 | 0300 0044 | 8b42 108b 

  0x000002c09911b878: ;   {metadata(method data for {method} {0x000002c0ae303a80} 'toByteArray' '()[B' in 'java/io/ByteArrayOutputStream')}
  0x000002c09911b878: 720c 48ba | 0858 d0cb | c002 0000 | 4883 8210 | 0100 0001 | 498b d04c | 8bc6 0f1f 

  0x000002c09911b894: ;   {static_call}
  0x000002c09911b894: 4400 00e8 

  0x000002c09911b898: ; ImmutableOopMap {[176]=Oop }
                      ;*invokestatic copyOf {reexecute=0 rethrow=0 return_oop=0}
                      ; - java.io.ByteArrayOutputStream::toByteArray@8 (line 185)
                      ; - kotlin.io.ByteStreamsKt::readBytes@37 (line 137)
  0x000002c09911b898: 8498 b205 | 488b f048 | 8d84 24a8 | 0000 0048 | 8b10 4885 | d20f 840f | 0000 004c | 8b40 08f0 
  0x000002c09911b8b8: 490f b110 | 0f85 1203 

  0x000002c09911b8c0: ;   {metadata(method data for {method} {0x000002c0d5f39190} 'readBytes' '(Ljava/io/InputStream;)[B' in 'kotlin/io/ByteStreamsKt')}
  0x000002c09911b8c0: 0000 48ba | 38aa f3d5 | c002 0000 | 4883 82f8 | 0100 0001 

  0x000002c09911b8d4: ;   {oop("toByteArray(...)"{0x0000000085aca568})}
  0x000002c09911b8d4: 488b d649 | b868 a5ac | 8500 0000 | 0048 89b4 | 24a0 0000 | 0066 0f1f 

  0x000002c09911b8ec: ;   {static_call}
  0x000002c09911b8ec: 4400 00e8 

  0x000002c09911b8f0: ; ImmutableOopMap {[160]=Oop }
                      ;*invokestatic checkNotNullExpressionValue {reexecute=0 rethrow=0 return_oop=0}
                      ; - kotlin.io.ByteStreamsKt::readBytes@43 (line 137)
  0x000002c09911b8f0: 0cd6 df05 | 488b 8424 | a000 0000 | 4881 c4c0 | 0000 005d 

  0x000002c09911b904: ;   {poll_return}
  0x000002c09911b904: 493b a750 | 0300 000f | 87d9 0200 

  0x000002c09911b910: ;   {metadata(method data for {method} {0x000002c0c95b8be0} 'sanitizeStackTrace' '(Ljava/lang/Throwable;)Ljava/lang/Throwable;' in 'kotlin/jvm/internal/Intrinsics')}
  0x000002c09911b910: 00c3 48ba | c871 f7ca | c002 0000 | 4883 8248 | 0100 0001 | 488b d04c | 8bc6 0f1f 

  0x000002c09911b92c: ;   {static_call}
  0x000002c09911b92c: 4400 00e8 

  0x000002c09911b930: ; ImmutableOopMap {[144]=Oop }
                      ;*invokestatic sanitizeStackTrace {reexecute=0 rethrow=0 return_oop=0}
                      ; - kotlin.jvm.internal.Intrinsics::sanitizeStackTrace@6 (line 253)
                      ; - kotlin.jvm.internal.Intrinsics::throwParameterIsNullNPE@11 (line 140)
                      ; - kotlin.jvm.internal.Intrinsics::checkNotNullParameter@5 (line 131)
                      ; - kotlin.io.ByteStreamsKt::readBytes@3
  0x000002c09911b930: cc6c 4e05 | 488b 9424 | 9000 0000 | 4883 f800 

  0x000002c09911b940: ;   {metadata(method data for {method} {0x000002c0c95b7bf8} 'throwParameterIsNullNPE' '(Ljava/lang/String;)V' in 'kotlin/jvm/internal/Intrinsics')}
  0x000002c09911b940: 7516 48bf | e86a f7ca | c002 0000 | 808f 3901 | 0000 01e9 | d300 0000 

  0x000002c09911b958: ;   {metadata('java/lang/NullPointerException')}
  0x000002c09911b958: 48bb 401a | 06ae c002 | 0000 8b78 | 0849 ba00 | 0000 aec0 | 0200 0049 | 03fa 483b | 5f50 0f85 
  0x000002c09911b978: 9300 0000 

  0x000002c09911b97c: ;   {metadata(method data for {method} {0x000002c0c95b7bf8} 'throwParameterIsNullNPE' '(Ljava/lang/String;)V' in 'kotlin/jvm/internal/Intrinsics')}
  0x000002c09911b97c: 48bf e86a | f7ca c002 | 0000 8b58 | 0849 ba00 | 0000 aec0 | 0200 0049 | 03da 483b | 9f50 0100 
  0x000002c09911b99c: 0075 0d48 | 8387 5801 | 0000 01e9 | 7f00 0000 | 483b 9f60 | 0100 0075 | 0d48 8387 | 6801 0000 
  0x000002c09911b9bc: 01e9 6900 | 0000 4881 | bf50 0100 | 0000 0000 | 0075 1748 | 899f 5001 | 0000 48c7 | 8758 0100 
  0x000002c09911b9dc: 0001 0000 | 00e9 4500 | 0000 4881 | bf60 0100 | 0000 0000 | 0075 1748 | 899f 6001 | 0000 48c7 
  0x000002c09911b9fc: 8768 0100 | 0001 0000 | 00e9 2100 | 0000 e91c 

  0x000002c09911ba0c: ;   {metadata(method data for {method} {0x000002c0c95b7bf8} 'throwParameterIsNullNPE' '(Ljava/lang/String;)V' in 'kotlin/jvm/internal/Intrinsics')}
  0x000002c09911ba0c: 0000 0048 | bfe8 6af7 | cac0 0200 | 0048 83af | 4001 0000 | 01e9 da01 | 0000 e900 | 0000 0048 
  0x000002c09911ba2c: 3b00 e910 | 0200 0049 | 8b87 e003 | 0000 4d33 | d24d 8997 | e003 0000 | 4d33 d24d | 8997 e803 
  0x000002c09911ba4c: 0000 488b | f048 8d84 | 24a8 0000 | 0048 8b38 | 4885 ff0f | 840f 0000 | 0048 8b58 | 08f0 480f 
  0x000002c09911ba6c: b13b 0f85 | 9a01 0000 | 488b c6e9 | c701 0000 

  0x000002c09911ba7c: ;   {metadata({method} {0x000002c0d5f39190} 'readBytes' '(Ljava/io/InputStream;)[B' in 'kotlin/io/ByteStreamsKt')}
  0x000002c09911ba7c: 49ba 8891 | f3d5 c002 | 0000 4c89 | 5424 0848 | c704 24ff 

  0x000002c09911ba90: ;   {runtime_call counter_overflow Runtime1 stub}
  0x000002c09911ba90: ffff ffe8 

  0x000002c09911ba94: ; ImmutableOopMap {rdx=Oop [144]=Oop }
                      ;*synchronization entry
                      ; - kotlin.io.ByteStreamsKt::readBytes@-1
  0x000002c09911ba94: e822 5905 | e922 f8ff 

  0x000002c09911ba9c: ;   {metadata({method} {0x000002c0c95b7a88} 'checkNotNullParameter' '(Ljava/lang/Object;Ljava/lang/String;)V' in 'kotlin/jvm/internal/Intrinsics')}
  0x000002c09911ba9c: ff49 ba80 | 7a5b c9c0 | 0200 004c | 8954 2408 | 48c7 0424 | ffff ffff 

  0x000002c09911bab4: ;   {runtime_call counter_overflow Runtime1 stub}
  0x000002c09911bab4: e8c7 2259 

  0x000002c09911bab8: ; ImmutableOopMap {rdx=Oop [144]=Oop }
                      ;*synchronization entry
                      ; - kotlin.jvm.internal.Intrinsics::checkNotNullParameter@-1 (line 130)
                      ; - kotlin.io.ByteStreamsKt::readBytes@3
  0x000002c09911bab8: 05e9 3bf8 

  0x000002c09911babc: ;   {metadata({method} {0x000002c0c95b7bf8} 'throwParameterIsNullNPE' '(Ljava/lang/String;)V' in 'kotlin/jvm/internal/Intrinsics')}
  0x000002c09911babc: ffff 49ba | f07b 5bc9 | c002 0000 | 4c89 5424 | 0848 c704 | 24ff ffff 

  0x000002c09911bad4: ;   {runtime_call counter_overflow Runtime1 stub}
  0x000002c09911bad4: ffe8 a622 

  0x000002c09911bad8: ; ImmutableOopMap {[144]=Oop }
                      ;*synchronization entry
                      ; - kotlin.jvm.internal.Intrinsics::throwParameterIsNullNPE@-1 (line 140)
                      ; - kotlin.jvm.internal.Intrinsics::checkNotNullParameter@5 (line 131)
                      ; - kotlin.io.ByteStreamsKt::readBytes@3
  0x000002c09911bad8: 5905 e988 

  0x000002c09911badc: ;   {metadata(NULL)}
  0x000002c09911badc: f8ff ff48 | ba00 0000 | 0000 0000 | 00b8 000f 

  0x000002c09911baec: ;   {runtime_call load_klass_patching Runtime1 stub}
  0x000002c09911baec: 050a e80d 

  0x000002c09911baf0: ; ImmutableOopMap {[144]=Oop }
                      ;*new {reexecute=1 rethrow=0 return_oop=0}
                      ; - (reexecute) kotlin.jvm.internal.Intrinsics::throwParameterIsNullNPE@0 (line 140)
                      ; - kotlin.jvm.internal.Intrinsics::checkNotNullParameter@5 (line 131)
                      ; - kotlin.io.ByteStreamsKt::readBytes@3
  0x000002c09911baf0: 0c59 05e9 | 70f8 ffff 

  0x000002c09911baf8: ;   {runtime_call fast_new_instance Runtime1 stub}
  0x000002c09911baf8: 488b d2e8 

  0x000002c09911bafc: ; ImmutableOopMap {[144]=Oop }
                      ;*new {reexecute=0 rethrow=0 return_oop=0}
                      ; - kotlin.jvm.internal.Intrinsics::throwParameterIsNullNPE@0 (line 140)
                      ; - kotlin.jvm.internal.Intrinsics::checkNotNullParameter@5 (line 131)
                      ; - kotlin.io.ByteStreamsKt::readBytes@3
  0x000002c09911bafc: 00cb 5805 | e9bf f8ff 

  0x000002c09911bb04: ;   {metadata({method} {0x000002c0c95b8be0} 'sanitizeStackTrace' '(Ljava/lang/Throwable;)Ljava/lang/Throwable;' in 'kotlin/jvm/internal/Intrinsics')}
  0x000002c09911bb04: ff49 bad8 | 8b5b c9c0 | 0200 004c | 8954 2408 | 48c7 0424 | ffff ffff 

  0x000002c09911bb1c: ;   {runtime_call counter_overflow Runtime1 stub}
  0x000002c09911bb1c: e85f 2259 

  0x000002c09911bb20: ; ImmutableOopMap {[144]=Oop [136]=Oop }
                      ;*synchronization entry
                      ; - kotlin.jvm.internal.Intrinsics::sanitizeStackTrace@-1 (line 253)
                      ; - kotlin.jvm.internal.Intrinsics::throwParameterIsNullNPE@11 (line 140)
                      ; - kotlin.jvm.internal.Intrinsics::checkNotNullParameter@5 (line 131)
                      ; - kotlin.io.ByteStreamsKt::readBytes@3
  0x000002c09911bb20: 05e9 38f9 

  0x000002c09911bb24: ;   {metadata({method} {0x000002c0ae43e310} 'getName' '()Ljava/lang/String;' in 'java/lang/Class')}
  0x000002c09911bb24: ffff 49ba | 08e3 43ae | c002 0000 | 4c89 5424 | 0848 c704 | 24ff ffff 

  0x000002c09911bb3c: ;   {runtime_call counter_overflow Runtime1 stub}
  0x000002c09911bb3c: ffe8 3e22 

  0x000002c09911bb40: ; ImmutableOopMap {[144]=Oop [136]=Oop rdx=Oop }
                      ;*synchronization entry
                      ; - java.lang.Class::getName@-1 (line 862)
                      ; - kotlin.jvm.internal.Intrinsics::sanitizeStackTrace@3 (line 253)
                      ; - kotlin.jvm.internal.Intrinsics::throwParameterIsNullNPE@11 (line 140)
                      ; - kotlin.jvm.internal.Intrinsics::checkNotNullParameter@5 (line 131)
                      ; - kotlin.io.ByteStreamsKt::readBytes@3
  0x000002c09911bb40: 5905 e95e 

  0x000002c09911bb44: ;   {runtime_call throw_null_pointer_exception Runtime1 stub}
  0x000002c09911bb44: f9ff ffe8 

  0x000002c09911bb48: ; ImmutableOopMap {[144]=Oop [136]=Oop }
                      ;*getfield name {reexecute=1 rethrow=0 return_oop=0}
                      ; - (reexecute) java.lang.Class::getName@1 (line 862)
                      ; - kotlin.jvm.internal.Intrinsics::sanitizeStackTrace@3 (line 253)
                      ; - kotlin.jvm.internal.Intrinsics::throwParameterIsNullNPE@11 (line 140)
                      ; - kotlin.jvm.internal.Intrinsics::checkNotNullParameter@5 (line 131)
                      ; - kotlin.io.ByteStreamsKt::readBytes@3
  0x000002c09911bb48: d4bc 5805 

  0x000002c09911bb4c: ;   {runtime_call fast_new_instance Runtime1 stub}
  0x000002c09911bb4c: 488b d2e8 

  0x000002c09911bb50: ; ImmutableOopMap {rbx=Oop [144]=Oop }
                      ;*new {reexecute=0 rethrow=0 return_oop=0}
                      ; - kotlin.io.ByteStreamsKt::readBytes@6 (line 135)
  0x000002c09911bb50: acca 5805 | e926 faff 

  0x000002c09911bb58: ;   {runtime_call throw_null_pointer_exception Runtime1 stub}
  0x000002c09911bb58: ffe8 c2bc 

  0x000002c09911bb5c: ; ImmutableOopMap {rbx=Oop [144]=Oop rax=Oop }
                      ;*invokevirtual available {reexecute=0 rethrow=0 return_oop=0}
                      ; - kotlin.io.ByteStreamsKt::readBytes@14 (line 135)
                      ;   {metadata({method} {0x000002c0ae3eab18} 'max' '(II)I' in 'java/lang/Math')}
  0x000002c09911bb5c: 5805 49ba | 10ab 3eae | c002 0000 | 4c89 5424 | 0848 c704 | 24ff ffff 

  0x000002c09911bb74: ;   {runtime_call counter_overflow Runtime1 stub}
  0x000002c09911bb74: ffe8 0622 

  0x000002c09911bb78: ; ImmutableOopMap {[152]=Oop [144]=Oop }
                      ;*synchronization entry
                      ; - java.lang.Math::max@-1 (line 1562)
                      ; - kotlin.io.ByteStreamsKt::readBytes@17 (line 135)
  0x000002c09911bb78: 5905 e9f9 

  0x000002c09911bb7c: ;   {metadata({method} {0x000002c0d5f38ec8} 'copyTo$default' '(Ljava/io/InputStream;Ljava/io/OutputStream;IILjava/lang/Object;)J' in 'kotlin/io/ByteStreamsKt')}
  0x000002c09911bb7c: faff ff49 | bac0 8ef3 | d5c0 0200 | 004c 8954 | 2408 48c7 | 0424 ffff 

  0x000002c09911bb94: ;   {runtime_call counter_overflow Runtime1 stub}
  0x000002c09911bb94: ffff e8e5 

  0x000002c09911bb98: ; ImmutableOopMap {[152]=Oop [144]=Oop }
                      ;*synchronization entry
                      ; - kotlin.io.ByteStreamsKt::copyTo$default@-1 (line 103)
                      ; - kotlin.io.ByteStreamsKt::readBytes@32 (line 136)
  0x000002c09911bb98: 2159 05e9 | 93fb ffff | 4889 5424 | 084c 8904 

  0x000002c09911bba8: ;   {runtime_call monitorenter_nofpu Runtime1 stub}
  0x000002c09911bba8: 24e8 d2f7 

  0x000002c09911bbac: ; ImmutableOopMap {rdx=Oop [176]=Oop }
                      ;*synchronization entry
                      ; - java.io.ByteArrayOutputStream::toByteArray@-1 (line 185)
                      ; - kotlin.io.ByteStreamsKt::readBytes@37 (line 137)
  0x000002c09911bbac: 5805 e996 

  0x000002c09911bbb0: ;   {metadata({method} {0x000002c0ae303a80} 'toByteArray' '()[B' in 'java/io/ByteArrayOutputStream')}
  0x000002c09911bbb0: fcff ff49 | ba78 3a30 | aec0 0200 | 004c 8954 | 2408 48c7 | 0424 ffff 

  0x000002c09911bbc8: ;   {runtime_call counter_overflow Runtime1 stub}
  0x000002c09911bbc8: ffff e8b1 

  0x000002c09911bbcc: ; ImmutableOopMap {rdx=Oop [176]=Oop }
                      ;*synchronization entry
                      ; - java.io.ByteArrayOutputStream::toByteArray@-1 (line 185)
                      ; - kotlin.io.ByteStreamsKt::readBytes@37 (line 137)
  0x000002c09911bbcc: 2159 05e9 | 9ffc ffff | 488d 8424 | a800 0000 | 4889 0424 

  0x000002c09911bbe0: ;   {runtime_call monitorexit_nofpu Runtime1 stub}
  0x000002c09911bbe0: e81b fe58 | 05e9 d8fc 

  0x000002c09911bbe8: ;   {internal_word}
  0x000002c09911bbe8: ffff 49ba | 04b9 1199 | c002 0000 | 4d89 9768 

  0x000002c09911bbf8: ;   {runtime_call SafepointBlob}
  0x000002c09911bbf8: 0300 00e9 | 80d3 4e05 | 4889 0424 

  0x000002c09911bc04: ;   {runtime_call throw_class_cast_exception Runtime1 stub}
  0x000002c09911bc04: e817 eb58 

  0x000002c09911bc08: ; ImmutableOopMap {rdx=Oop [144]=Oop }
                      ;*checkcast {reexecute=0 rethrow=0 return_oop=0}
                      ; - kotlin.jvm.internal.Intrinsics::throwParameterIsNullNPE@14 (line 140)
                      ; - kotlin.jvm.internal.Intrinsics::checkNotNullParameter@5 (line 131)
                      ; - kotlin.io.ByteStreamsKt::readBytes@3
                      ;   {runtime_call throw_null_pointer_exception Runtime1 stub}
  0x000002c09911bc08: 05e8 12bc 

  0x000002c09911bc0c: ; ImmutableOopMap {rdx=Oop [144]=Oop rax=Oop }
                      ;*athrow {reexecute=1 rethrow=0 return_oop=0}
                      ; - (reexecute) kotlin.jvm.internal.Intrinsics::throwParameterIsNullNPE@17 (line 140)
                      ; - kotlin.jvm.internal.Intrinsics::checkNotNullParameter@5 (line 131)
                      ; - kotlin.io.ByteStreamsKt::readBytes@3
  0x000002c09911bc0c: 5805 488d | 8424 a800 | 0000 4889 

  0x000002c09911bc18: ;   {runtime_call monitorexit_nofpu Runtime1 stub}
  0x000002c09911bc18: 0424 e8e1 | fd58 05e9 | 50fe ffff | 9090 498b | 87e0 0300 | 0049 c787 | e003 0000 | 0000 0000 
  0x000002c09911bc38: 49c7 87e8 | 0300 0000 | 0000 0048 | 81c4 c000 

  0x000002c09911bc48: ;   {runtime_call unwind_exception Runtime1 stub}
  0x000002c09911bc48: 0000 5de9 | b0d8 4f05 | f4f4 f4f4 | f4f4 f4f4 | f4f4 f4f4 | f4f4 f4f4 
[Stub Code]
  0x000002c09911bc60: ;   {no_reloc}
  0x000002c09911bc60: 0f1f 4400 

  0x000002c09911bc64: ;   {static_stub}
  0x000002c09911bc64: 0048 bb00 | 0000 0000 

  0x000002c09911bc6c: ;   {runtime_call}
  0x000002c09911bc6c: 0000 00e9 | fbff ffff 

  0x000002c09911bc74: ;   {static_stub}
  0x000002c09911bc74: 9048 bb00 | 0000 0000 

  0x000002c09911bc7c: ;   {runtime_call}
  0x000002c09911bc7c: 0000 00e9 | fbff ffff 

  0x000002c09911bc84: ;   {static_stub}
  0x000002c09911bc84: 9048 bb00 | 0000 0000 

  0x000002c09911bc8c: ;   {runtime_call}
  0x000002c09911bc8c: 0000 00e9 | fbff ffff 

  0x000002c09911bc94: ;   {static_stub}
  0x000002c09911bc94: 9048 bb00 | 0000 0000 

  0x000002c09911bc9c: ;   {runtime_call}
  0x000002c09911bc9c: 0000 00e9 | fbff ffff 

  0x000002c09911bca4: ;   {static_stub}
  0x000002c09911bca4: 9048 bb00 | 0000 0000 

  0x000002c09911bcac: ;   {runtime_call}
  0x000002c09911bcac: 0000 00e9 | fbff ffff 

  0x000002c09911bcb4: ;   {static_stub}
  0x000002c09911bcb4: 9048 bb00 | 0000 0000 

  0x000002c09911bcbc: ;   {runtime_call}
  0x000002c09911bcbc: 0000 00e9 | fbff ffff 

  0x000002c09911bcc4: ;   {static_stub}
  0x000002c09911bcc4: 9048 bb00 | 0000 0000 

  0x000002c09911bccc: ;   {runtime_call}
  0x000002c09911bccc: 0000 00e9 | fbff ffff 

  0x000002c09911bcd4: ;   {static_stub}
  0x000002c09911bcd4: 9048 bb00 | 0000 0000 

  0x000002c09911bcdc: ;   {runtime_call}
  0x000002c09911bcdc: 0000 00e9 | fbff ffff 

  0x000002c09911bce4: ;   {static_stub}
  0x000002c09911bce4: 9048 bb00 | 0000 0000 

  0x000002c09911bcec: ;   {runtime_call}
  0x000002c09911bcec: 0000 00e9 | fbff ffff 
[Exception Handler]
  0x000002c09911bcf4: ;   {runtime_call handle_exception_from_callee Runtime1 stub}
  0x000002c09911bcf4: e807 e458 

  0x000002c09911bcf8: ;   {external_word}
  0x000002c09911bcf8: 0548 b960 | ea5f 24fd | 7f00 0048 

  0x000002c09911bd04: ;   {runtime_call}
  0x000002c09911bd04: 83e4 f049 | ba20 5828 | 24fd 7f00 | 0041 ffd2 

  0x000002c09911bd14: ;   {section_word}
  0x000002c09911bd14: f449 ba15 | bd11 99c0 | 0200 0041 

  0x000002c09911bd20: ;   {runtime_call DeoptimizationBlob}
  0x000002c09911bd20: 52e9 fae6 | 4e05 f4f4 
[/MachCode]


---------------  P R O C E S S  ---------------

Threads class SMR info:
_java_thread_list=0x000002c0d9c190c0, length=96, elements={
0x000002c08c875410, 0x000002c0ad686450, 0x000002c0ad687010, 0x000002c0ad69d470,
0x000002c0ad69e030, 0x000002c0ad6a0f10, 0x000002c0ad6a28e0, 0x000002c0ad6a55e0,
0x000002c0ad6afa70, 0x000002c0ad6b4fb0, 0x000002c0ad993c40, 0x000002c0ada560b0,
0x000002c0cefdb030, 0x000002c0cedeba00, 0x000002c0ce473f90, 0x000002c0cdeee8d0,
0x000002c0cf1d9430, 0x000002c0ce2393d0, 0x000002c0ce238ec0, 0x000002c0ce23a810,
0x000002c0ce23bc50, 0x000002c0ce23ad20, 0x000002c0ce23b740, 0x000002c0ce23c160,
0x000002c0ce23a300, 0x000002c0d0723630, 0x000002c0d0725eb0, 0x000002c0d0723b40,
0x000002c0d0724a70, 0x000002c0d0724560, 0x000002c0d07268d0, 0x000002c0d0725490,
0x000002c0d0723120, 0x000002c0d0729660, 0x000002c0d0729150, 0x000002c0d0727d10,
0x000002c0d0728220, 0x000002c0d0728730, 0x000002c0d0728c40, 0x000002c0d07272f0,
0x000002c0d0726de0, 0x000002c0d0729b70, 0x000002c0d072a080, 0x000002c0d0727800,
0x000002c0cf63dc20, 0x000002c0cf63bdc0, 0x000002c0cf63a980, 0x000002c0cf63b8b0,
0x000002c0cf63c2d0, 0x000002c0cf63b3a0, 0x000002c0cf63ae90, 0x000002c0cf63ccf0,
0x000002c0cf63d710, 0x000002c0cf63a470, 0x000002c0cf63f570, 0x000002c0cf63e640,
0x000002c0cf63eb50, 0x000002c0cf63ff90, 0x000002c0cf63f060, 0x000002c0cf63fa80,
0x000002c0cf6404a0, 0x000002c0cf63e130, 0x000002c0cf6409b0, 0x000002c0cf640ec0,
0x000002c0cf641df0, 0x000002c0cf6413d0, 0x000002c0d1fdf830, 0x000002c0d1fe20b0,
0x000002c0d1fdf320, 0x000002c0d1fdee10, 0x000002c0d1fe0c70, 0x000002c0d1fde900,
0x000002c0d1fe2fe0, 0x000002c0d1fe2ad0, 0x000002c0d1fe25c0, 0x000002c0d1fe34f0,
0x000002c0d1fdfd40, 0x000002c0d1fe1180, 0x000002c0d1fe1690, 0x000002c0d1fe1ba0,
0x000002c0d1fe3a00, 0x000002c0d1fe0250, 0x000002c0d1fe3f10, 0x000002c0d1fe4420,
0x000002c0d1fe4930, 0x000002c0d1fe4e40, 0x000002c0d1fe5350, 0x000002c0d1fe6280,
0x000002c0d0b1a9e0, 0x000002c0d0b1a4d0, 0x000002c0d0b1e190, 0x000002c0d0b1ebb0,
0x000002c0d0722c10, 0x000002c0d963a300, 0x000002c0d9639df0, 0x000002c0d9636b50
}

Java Threads: ( => current thread )
  0x000002c08c875410 JavaThread "main" [_thread_blocked, id=7488, stack(0x000000ddc1100000,0x000000ddc1200000)]
  0x000002c0ad686450 JavaThread "Reference Handler" daemon [_thread_blocked, id=2116, stack(0x000000ddc1800000,0x000000ddc1900000)]
  0x000002c0ad687010 JavaThread "Finalizer" daemon [_thread_blocked, id=3900, stack(0x000000ddc1900000,0x000000ddc1a00000)]
  0x000002c0ad69d470 JavaThread "Signal Dispatcher" daemon [_thread_blocked, id=4912, stack(0x000000ddc1a00000,0x000000ddc1b00000)]
  0x000002c0ad69e030 JavaThread "Attach Listener" daemon [_thread_blocked, id=4012, stack(0x000000ddc1b00000,0x000000ddc1c00000)]
  0x000002c0ad6a0f10 JavaThread "Service Thread" daemon [_thread_blocked, id=6292, stack(0x000000ddc1c00000,0x000000ddc1d00000)]
  0x000002c0ad6a28e0 JavaThread "Monitor Deflation Thread" daemon [_thread_blocked, id=17424, stack(0x000000ddc1d00000,0x000000ddc1e00000)]
  0x000002c0ad6a55e0 JavaThread "C2 CompilerThread0" daemon [_thread_blocked, id=15748, stack(0x000000ddc1e00000,0x000000ddc1f00000)]
  0x000002c0ad6afa70 JavaThread "C1 CompilerThread0" daemon [_thread_blocked, id=2908, stack(0x000000ddc1f00000,0x000000ddc2000000)]
  0x000002c0ad6b4fb0 JavaThread "Sweeper thread" daemon [_thread_blocked, id=7684, stack(0x000000ddc2000000,0x000000ddc2100000)]
  0x000002c0ad993c40 JavaThread "Common-Cleaner" daemon [_thread_blocked, id=20284, stack(0x000000ddc2100000,0x000000ddc2200000)]
  0x000002c0ada560b0 JavaThread "Notification Thread" daemon [_thread_blocked, id=2072, stack(0x000000ddc2200000,0x000000ddc2300000)]
  0x000002c0cefdb030 JavaThread "Daemon health stats" [_thread_blocked, id=17672, stack(0x000000ddc2900000,0x000000ddc2a00000)]
  0x000002c0cedeba00 JavaThread "Incoming local TCP Connector on port 51519" [_thread_in_native, id=16464, stack(0x000000ddc2600000,0x000000ddc2700000)]
  0x000002c0ce473f90 JavaThread "Daemon periodic checks" [_thread_blocked, id=10596, stack(0x000000ddc2a00000,0x000000ddc2b00000)]
  0x000002c0cdeee8d0 JavaThread "Daemon" [_thread_blocked, id=5028, stack(0x000000ddc2b00000,0x000000ddc2c00000)]
  0x000002c0cf1d9430 JavaThread "Handler for socket connection from /127.0.0.1:51519 to /127.0.0.1:51520" [_thread_in_native, id=18376, stack(0x000000ddc2c00000,0x000000ddc2d00000)]
  0x000002c0ce2393d0 JavaThread "Cancel handler" [_thread_blocked, id=6940, stack(0x000000ddc2d00000,0x000000ddc2e00000)]
  0x000002c0ce238ec0 JavaThread "Daemon worker" [_thread_blocked, id=18012, stack(0x000000ddc2e00000,0x000000ddc2f00000)]
  0x000002c0ce23a810 JavaThread "Asynchronous log dispatcher for DefaultDaemonConnection: socket connection from /127.0.0.1:51519 to /127.0.0.1:51520" [_thread_blocked, id=19928, stack(0x000000ddc2f00000,0x000000ddc3000000)]
  0x000002c0ce23bc50 JavaThread "Stdin handler" [_thread_blocked, id=1876, stack(0x000000ddc3000000,0x000000ddc3100000)]
  0x000002c0ce23ad20 JavaThread "Daemon client event forwarder" [_thread_blocked, id=11924, stack(0x000000ddc3100000,0x000000ddc3200000)]
  0x000002c0ce23b740 JavaThread "Cache worker for journal cache (C:\Users\Kuldeep\.gradle\caches\journal-1)" [_thread_blocked, id=19904, stack(0x000000ddc3200000,0x000000ddc3300000)]
  0x000002c0ce23c160 JavaThread "File lock request listener" [_thread_in_native, id=20460, stack(0x000000ddc3300000,0x000000ddc3400000)]
  0x000002c0ce23a300 JavaThread "Cache worker for file hash cache (C:\Users\Kuldeep\.gradle\caches\8.12.1\fileHashes)" [_thread_blocked, id=5856, stack(0x000000ddc3400000,0x000000ddc3500000)]
  0x000002c0d0723630 JavaThread "Cache worker for file hash cache (C:\Users\Kuldeep\Touch-Comeback\android\.gradle\8.12.1\fileHashes)" [_thread_blocked, id=6112, stack(0x000000ddc3600000,0x000000ddc3700000)]
  0x000002c0d0725eb0 JavaThread "Cache worker for Build Output Cleanup Cache (C:\Users\Kuldeep\Touch-Comeback\android\.gradle\buildOutputCleanup)" [_thread_blocked, id=9040, stack(0x000000ddc3700000,0x000000ddc3800000)]
  0x000002c0d0723b40 JavaThread "File watcher server" daemon [_thread_in_native, id=14640, stack(0x000000ddc3800000,0x000000ddc3900000)]
  0x000002c0d0724a70 JavaThread "File watcher consumer" daemon [_thread_blocked, id=18148, stack(0x000000ddc3900000,0x000000ddc3a00000)]
  0x000002c0d0724560 JavaThread "jar transforms" [_thread_blocked, id=19580, stack(0x000000ddc3a00000,0x000000ddc3b00000)]
  0x000002c0d07268d0 JavaThread "Cache worker for checksums cache (C:\Users\Kuldeep\Touch-Comeback\android\.gradle\8.12.1\checksums)" [_thread_blocked, id=17896, stack(0x000000ddc3b00000,0x000000ddc3c00000)]
  0x000002c0d0725490 JavaThread "Cache worker for file content cache (C:\Users\Kuldeep\.gradle\caches\8.12.1\fileContent)" [_thread_blocked, id=15560, stack(0x000000ddc3c00000,0x000000ddc3d00000)]
  0x000002c0d0723120 JavaThread "Cache worker for cache directory md-rule (C:\Users\Kuldeep\.gradle\caches\8.12.1\md-rule)" [_thread_blocked, id=4352, stack(0x000000ddc3d00000,0x000000ddc3e00000)]
  0x000002c0d0729660 JavaThread "Cache worker for cache directory md-supplier (C:\Users\Kuldeep\.gradle\caches\8.12.1\md-supplier)" [_thread_blocked, id=17256, stack(0x000000ddc3e00000,0x000000ddc3f00000)]
  0x000002c0d0729150 JavaThread "Cache worker for Build Output Cleanup Cache (C:\Users\Kuldeep\Touch-Comeback\node_modules\@react-native\gradle-plugin\.gradle\buildOutputCleanup)" [_thread_blocked, id=10332, stack(0x000000ddc3f00000,0x000000ddc4000000)]
  0x000002c0d0727d10 JavaThread "Unconstrained build operations" [_thread_blocked, id=8980, stack(0x000000ddc4000000,0x000000ddc4100000)]
  0x000002c0d0728220 JavaThread "Unconstrained build operations Thread 2" [_thread_blocked, id=17796, stack(0x000000ddc4100000,0x000000ddc4200000)]
  0x000002c0d0728730 JavaThread "Unconstrained build operations Thread 3" [_thread_blocked, id=2648, stack(0x000000ddc4200000,0x000000ddc4300000)]
  0x000002c0d0728c40 JavaThread "Unconstrained build operations Thread 4" [_thread_blocked, id=13924, stack(0x000000ddc4300000,0x000000ddc4400000)]
  0x000002c0d07272f0 JavaThread "Unconstrained build operations Thread 5" [_thread_blocked, id=18900, stack(0x000000ddc4400000,0x000000ddc4500000)]
  0x000002c0d0726de0 JavaThread "Unconstrained build operations Thread 6" [_thread_blocked, id=14768, stack(0x000000ddc4500000,0x000000ddc4600000)]
  0x000002c0d0729b70 JavaThread "Unconstrained build operations Thread 7" [_thread_blocked, id=17420, stack(0x000000ddc4600000,0x000000ddc4700000)]
  0x000002c0d072a080 JavaThread "Unconstrained build operations Thread 8" [_thread_blocked, id=340, stack(0x000000ddc4700000,0x000000ddc4800000)]
  0x000002c0d0727800 JavaThread "Unconstrained build operations Thread 9" [_thread_blocked, id=7992, stack(0x000000ddc4800000,0x000000ddc4900000)]
  0x000002c0cf63dc20 JavaThread "Unconstrained build operations Thread 10" [_thread_blocked, id=20208, stack(0x000000ddc4900000,0x000000ddc4a00000)]
  0x000002c0cf63bdc0 JavaThread "Unconstrained build operations Thread 11" [_thread_blocked, id=10512, stack(0x000000ddc4a00000,0x000000ddc4b00000)]
  0x000002c0cf63a980 JavaThread "Unconstrained build operations Thread 12" [_thread_blocked, id=8224, stack(0x000000ddc4b00000,0x000000ddc4c00000)]
  0x000002c0cf63b8b0 JavaThread "Unconstrained build operations Thread 13" [_thread_blocked, id=17980, stack(0x000000ddc4c00000,0x000000ddc4d00000)]
  0x000002c0cf63c2d0 JavaThread "Unconstrained build operations Thread 14" [_thread_blocked, id=5760, stack(0x000000ddc4d00000,0x000000ddc4e00000)]
  0x000002c0cf63b3a0 JavaThread "Unconstrained build operations Thread 15" [_thread_blocked, id=2660, stack(0x000000ddc4e00000,0x000000ddc4f00000)]
  0x000002c0cf63ae90 JavaThread "Memory manager" [_thread_blocked, id=14928, stack(0x000000ddc4f00000,0x000000ddc5000000)]
  0x000002c0cf63ccf0 JavaThread "build event listener" [_thread_blocked, id=9704, stack(0x000000ddc5000000,0x000000ddc5100000)]
  0x000002c0cf63d710 JavaThread "ForkJoinPool.commonPool-worker-1" daemon [_thread_blocked, id=12168, stack(0x000000ddc5100000,0x000000ddc5200000)]
  0x000002c0cf63a470 JavaThread "ForkJoinPool.commonPool-worker-2" daemon [_thread_blocked, id=20420, stack(0x000000ddc5200000,0x000000ddc5300000)]
  0x000002c0cf63f570 JavaThread "ForkJoinPool.commonPool-worker-3" daemon [_thread_blocked, id=3380, stack(0x000000ddc5300000,0x000000ddc5400000)]
  0x000002c0cf63e640 JavaThread "included builds" [_thread_blocked, id=7292, stack(0x000000ddc5400000,0x000000ddc5500000)]
  0x000002c0cf63eb50 JavaThread "Execution worker" [_thread_blocked, id=15044, stack(0x000000ddc5500000,0x000000ddc5600000)]
  0x000002c0cf63ff90 JavaThread "Execution worker Thread 2" [_thread_blocked, id=15036, stack(0x000000ddc5600000,0x000000ddc5700000)]
=>0x000002c0cf63f060 JavaThread "Execution worker Thread 3" [_thread_in_vm, id=8060, stack(0x000000ddc5700000,0x000000ddc5800000)]
  0x000002c0cf63fa80 JavaThread "Cache worker for execution history cache (C:\Users\Kuldeep\Touch-Comeback\node_modules\@react-native\gradle-plugin\.gradle\8.12.1\executionHistory)" [_thread_blocked, id=15028, stack(0x000000ddc5800000,0x000000ddc5900000)]
  0x000002c0cf6404a0 JavaThread "Unconstrained build operations Thread 16" [_thread_blocked, id=1884, stack(0x000000ddc5900000,0x000000ddc5a00000)]
  0x000002c0cf63e130 JavaThread "Unconstrained build operations Thread 17" [_thread_blocked, id=18152, stack(0x000000ddc5a00000,0x000000ddc5b00000)]
  0x000002c0cf6409b0 JavaThread "Unconstrained build operations Thread 18" [_thread_blocked, id=17884, stack(0x000000ddc5b00000,0x000000ddc5c00000)]
  0x000002c0cf640ec0 JavaThread "Unconstrained build operations Thread 19" [_thread_blocked, id=14800, stack(0x000000ddc5c00000,0x000000ddc5d00000)]
  0x000002c0cf641df0 JavaThread "Unconstrained build operations Thread 20" [_thread_blocked, id=14884, stack(0x000000ddc5d00000,0x000000ddc5e00000)]
  0x000002c0cf6413d0 JavaThread "Unconstrained build operations Thread 21" [_thread_blocked, id=14896, stack(0x000000ddc5e00000,0x000000ddc5f00000)]
  0x000002c0d1fdf830 JavaThread "Unconstrained build operations Thread 22" [_thread_blocked, id=20452, stack(0x000000ddc5f00000,0x000000ddc6000000)]
  0x000002c0d1fe20b0 JavaThread "Unconstrained build operations Thread 23" [_thread_blocked, id=18748, stack(0x000000ddc6000000,0x000000ddc6100000)]
  0x000002c0d1fdf320 JavaThread "Unconstrained build operations Thread 24" [_thread_blocked, id=15232, stack(0x000000ddc6100000,0x000000ddc6200000)]
  0x000002c0d1fdee10 JavaThread "Unconstrained build operations Thread 25" [_thread_blocked, id=19996, stack(0x000000ddc6200000,0x000000ddc6300000)]
  0x000002c0d1fe0c70 JavaThread "Unconstrained build operations Thread 26" [_thread_blocked, id=19548, stack(0x000000ddc6300000,0x000000ddc6400000)]
  0x000002c0d1fde900 JavaThread "Unconstrained build operations Thread 27" [_thread_blocked, id=1816, stack(0x000000ddc6400000,0x000000ddc6500000)]
  0x000002c0d1fe2fe0 JavaThread "Unconstrained build operations Thread 28" [_thread_blocked, id=18032, stack(0x000000ddc6500000,0x000000ddc6600000)]
  0x000002c0d1fe2ad0 JavaThread "Unconstrained build operations Thread 29" [_thread_blocked, id=18936, stack(0x000000ddc6600000,0x000000ddc6700000)]
  0x000002c0d1fe25c0 JavaThread "Unconstrained build operations Thread 30" [_thread_blocked, id=8676, stack(0x000000ddc6700000,0x000000ddc6800000)]
  0x000002c0d1fe34f0 JavaThread "Unconstrained build operations Thread 31" [_thread_blocked, id=2240, stack(0x000000ddc6800000,0x000000ddc6900000)]
  0x000002c0d1fdfd40 JavaThread "Unconstrained build operations Thread 32" [_thread_blocked, id=19048, stack(0x000000ddc6900000,0x000000ddc6a00000)]
  0x000002c0d1fe1180 JavaThread "Unconstrained build operations Thread 33" [_thread_blocked, id=15012, stack(0x000000ddc6a00000,0x000000ddc6b00000)]
  0x000002c0d1fe1690 JavaThread "Unconstrained build operations Thread 34" [_thread_blocked, id=8824, stack(0x000000ddc6b00000,0x000000ddc6c00000)]
  0x000002c0d1fe1ba0 JavaThread "Unconstrained build operations Thread 35" [_thread_blocked, id=19184, stack(0x000000ddc6c00000,0x000000ddc6d00000)]
  0x000002c0d1fe3a00 JavaThread "Unconstrained build operations Thread 36" [_thread_blocked, id=20244, stack(0x000000ddc6d00000,0x000000ddc6e00000)]
  0x000002c0d1fe0250 JavaThread "jar transforms Thread 2" [_thread_blocked, id=13664, stack(0x000000ddc6e00000,0x000000ddc6f00000)]
  0x000002c0d1fe3f10 JavaThread "jar transforms Thread 3" [_thread_blocked, id=19444, stack(0x000000ddc6f00000,0x000000ddc7000000)]
  0x000002c0d1fe4420 JavaThread "Unconstrained build operations Thread 37" [_thread_blocked, id=18920, stack(0x000000ddc7000000,0x000000ddc7100000)]
  0x000002c0d1fe4930 JavaThread "Unconstrained build operations Thread 38" [_thread_blocked, id=2868, stack(0x000000ddc7100000,0x000000ddc7200000)]
  0x000002c0d1fe4e40 JavaThread "Unconstrained build operations Thread 39" [_thread_blocked, id=18704, stack(0x000000ddc7200000,0x000000ddc7300000)]
  0x000002c0d1fe5350 JavaThread "Unconstrained build operations Thread 40" [_thread_blocked, id=448, stack(0x000000ddc7300000,0x000000ddc7400000)]
  0x000002c0d1fe6280 JavaThread "jar transforms Thread 4" [_thread_blocked, id=18772, stack(0x000000ddc3500000,0x000000ddc3600000)]
  0x000002c0d0b1a9e0 JavaThread "build event listener" [_thread_blocked, id=20096, stack(0x000000ddc7400000,0x000000ddc7500000)]
  0x000002c0d0b1a4d0 JavaThread "Problems report writer" [_thread_blocked, id=8076, stack(0x000000ddc7500000,0x000000ddc7600000)]
  0x000002c0d0b1e190 JavaThread "Exec process" [_thread_blocked, id=7468, stack(0x000000ddc7700000,0x000000ddc7800000)]
  0x000002c0d0b1ebb0 JavaThread "Exec process Thread 2" [_thread_blocked, id=7896, stack(0x000000ddc7800000,0x000000ddc7900000)]
  0x000002c0d0722c10 JavaThread "Exec process Thread 3" [_thread_blocked, id=4436, stack(0x000000ddc7900000,0x000000ddc7a00000)]
  0x000002c0d963a300 JavaThread "pool-3-thread-1" [_thread_blocked, id=17788, stack(0x000000ddc7b00000,0x000000ddc7c00000)]
  0x000002c0d9639df0 JavaThread "build event listener" [_thread_blocked, id=2076, stack(0x000000ddc7c00000,0x000000ddc7d00000)]
  0x000002c0d9636b50 JavaThread "Cache worker for execution history cache (C:\Users\Kuldeep\Touch-Comeback\android\.gradle\8.12.1\executionHistory)" [_thread_blocked, id=9320, stack(0x000000ddc7d00000,0x000000ddc7e00000)]

Other Threads:
  0x000002c0ad680450 VMThread "VM Thread" [stack: 0x000000ddc1700000,0x000000ddc1800000] [id=19500]
  0x000002c08c8761a0 WatcherThread [stack: 0x000000ddc2300000,0x000000ddc2400000] [id=17880]
  0x000002c08c8d16a0 GCTaskThread "GC Thread#0" [stack: 0x000000ddc1200000,0x000000ddc1300000] [id=17480]
  0x000002c0cd030cf0 GCTaskThread "GC Thread#1" [stack: 0x000000ddc2400000,0x000000ddc2500000] [id=15872]
  0x000002c0adb5d220 GCTaskThread "GC Thread#2" [stack: 0x000000ddc2500000,0x000000ddc2600000] [id=8960]
  0x000002c0cd9a5020 GCTaskThread "GC Thread#3" [stack: 0x000000ddc2700000,0x000000ddc2800000] [id=6020]
  0x000002c08c73e6b0 ConcurrentGCThread "G1 Main Marker" [stack: 0x000000ddc1300000,0x000000ddc1400000] [id=15976]
  0x000002c08c8ded40 ConcurrentGCThread "G1 Conc#0" [stack: 0x000000ddc1400000,0x000000ddc1500000] [id=19424]
  0x000002c08c919230 ConcurrentGCThread "G1 Refine#0" [stack: 0x000000ddc1500000,0x000000ddc1600000] [id=20384]
  0x000002c0cd28a8d0 ConcurrentGCThread "G1 Refine#1" [stack: 0x000000ddc2800000,0x000000ddc2900000] [id=15104]
  0x000002c08c919b00 ConcurrentGCThread "G1 Service" [stack: 0x000000ddc1600000,0x000000ddc1700000] [id=10468]

Threads with active compile tasks:

VM state: not at safepoint (normal execution)

VM Mutex/Monitor currently owned by a thread:  ([mutex/lock_event])
[0x000002c08c8723d0] Heap_lock - owner thread: 0x000002c0cf63f060

Heap address: 0x0000000080000000, size: 2048 MB, Compressed Oops mode: 32-bit

CDS archive(s) mapped at: [0x000002c0ae000000-0x000002c0aebc0000-0x000002c0aebc0000), size 12320768, SharedBaseAddress: 0x000002c0ae000000, ArchiveRelocationMode: 1.
Compressed class space mapped at: 0x000002c0af000000-0x000002c0c9000000, reserved size: 436207616
Narrow klass base: 0x000002c0ae000000, Narrow klass shift: 0, Narrow klass range: 0x100000000

GC Precious Log:
 CPUs: 4 total, 4 available
 Memory: 3871M
 Large Page Support: Disabled
 NUMA Support: Disabled
 Compressed Oops: Enabled (32-bit)
 Heap Region Size: 1M
 Heap Min Capacity: 8M
 Heap Initial Capacity: 62M
 Heap Max Capacity: 2G
 Pre-touch: Disabled
 Parallel Workers: 4
 Concurrent Workers: 1
 Concurrent Refinement Workers: 4
 Periodic GC: Disabled

Heap:
 garbage-first heap   total 1293312K, used 1096064K [0x0000000080000000, 0x0000000100000000)
  region size 1024K, 98 young (100352K), 26 survivors (26624K)
 Metaspace       used 131325K, committed 133504K, reserved 557056K
  class space    used 17920K, committed 18880K, reserved 425984K

Heap Regions: E=young(eden), S=young(survivor), O=old, HS=humongous(starts), HC=humongous(continues), CS=collection set, F=free, OA=open archive, CA=closed archive, TAMS=top-at-mark-start (previous, next)
|   0|0x0000000080000000, 0x0000000080100000, 0x0000000080100000|100%|HS|  |TAMS 0x0000000080100000, 0x0000000080100000| Complete 
|   1|0x0000000080100000, 0x0000000080200000, 0x0000000080200000|100%|HC|  |TAMS 0x0000000080200000, 0x0000000080200000| Complete 
|   2|0x0000000080200000, 0x0000000080300000, 0x0000000080300000|100%|HC|  |TAMS 0x0000000080300000, 0x0000000080300000| Complete 
|   3|0x0000000080300000, 0x0000000080400000, 0x0000000080400000|100%| O|  |TAMS 0x0000000080400000, 0x0000000080400000| Untracked 
|   4|0x0000000080400000, 0x0000000080500000, 0x0000000080500000|100%| O|  |TAMS 0x0000000080500000, 0x0000000080500000| Untracked 
|   5|0x0000000080500000, 0x0000000080600000, 0x0000000080600000|100%| O|  |TAMS 0x0000000080600000, 0x0000000080600000| Untracked 
|   6|0x0000000080600000, 0x0000000080700000, 0x0000000080700000|100%| O|  |TAMS 0x0000000080700000, 0x0000000080700000| Untracked 
|   7|0x0000000080700000, 0x0000000080800000, 0x0000000080800000|100%| O|  |TAMS 0x0000000080800000, 0x0000000080800000| Untracked 
|   8|0x0000000080800000, 0x0000000080900000, 0x0000000080900000|100%| O|  |TAMS 0x0000000080900000, 0x0000000080900000| Untracked 
|   9|0x0000000080900000, 0x0000000080a00000, 0x0000000080a00000|100%| O|  |TAMS 0x0000000080a00000, 0x0000000080a00000| Untracked 
|  10|0x0000000080a00000, 0x0000000080b00000, 0x0000000080b00000|100%|HS|  |TAMS 0x0000000080b00000, 0x0000000080b00000| Complete 
|  11|0x0000000080b00000, 0x0000000080c00000, 0x0000000080c00000|100%| O|  |TAMS 0x0000000080c00000, 0x0000000080c00000| Untracked 
|  12|0x0000000080c00000, 0x0000000080d00000, 0x0000000080d00000|100%| O|  |TAMS 0x0000000080d00000, 0x0000000080d00000| Untracked 
|  13|0x0000000080d00000, 0x0000000080e00000, 0x0000000080e00000|100%| O|  |TAMS 0x0000000080e00000, 0x0000000080e00000| Untracked 
|  14|0x0000000080e00000, 0x0000000080f00000, 0x0000000080f00000|100%| O|  |TAMS 0x0000000080f00000, 0x0000000080f00000| Untracked 
|  15|0x0000000080f00000, 0x0000000081000000, 0x0000000081000000|100%| O|  |TAMS 0x0000000081000000, 0x0000000081000000| Untracked 
|  16|0x0000000081000000, 0x0000000081100000, 0x0000000081100000|100%| O|  |TAMS 0x0000000081100000, 0x0000000081100000| Untracked 
|  17|0x0000000081100000, 0x0000000081200000, 0x0000000081200000|100%| O|  |TAMS 0x0000000081200000, 0x0000000081200000| Untracked 
|  18|0x0000000081200000, 0x0000000081300000, 0x0000000081300000|100%| O|  |TAMS 0x0000000081300000, 0x0000000081300000| Untracked 
|  19|0x0000000081300000, 0x0000000081400000, 0x0000000081400000|100%| O|  |TAMS 0x0000000081400000, 0x0000000081400000| Untracked 
|  20|0x0000000081400000, 0x0000000081500000, 0x0000000081500000|100%| O|  |TAMS 0x0000000081500000, 0x0000000081500000| Untracked 
|  21|0x0000000081500000, 0x0000000081600000, 0x0000000081600000|100%| O|  |TAMS 0x0000000081600000, 0x0000000081600000| Untracked 
|  22|0x0000000081600000, 0x0000000081700000, 0x0000000081700000|100%| O|  |TAMS 0x0000000081700000, 0x0000000081700000| Untracked 
|  23|0x0000000081700000, 0x0000000081800000, 0x0000000081800000|100%| O|  |TAMS 0x0000000081800000, 0x0000000081800000| Untracked 
|  24|0x0000000081800000, 0x0000000081900000, 0x0000000081900000|100%| O|  |TAMS 0x0000000081900000, 0x0000000081900000| Untracked 
|  25|0x0000000081900000, 0x0000000081a00000, 0x0000000081a00000|100%| O|  |TAMS 0x0000000081a00000, 0x0000000081a00000| Untracked 
|  26|0x0000000081a00000, 0x0000000081b00000, 0x0000000081b00000|100%| O|  |TAMS 0x0000000081b00000, 0x0000000081b00000| Untracked 
|  27|0x0000000081b00000, 0x0000000081c00000, 0x0000000081c00000|100%| O|  |TAMS 0x0000000081c00000, 0x0000000081c00000| Untracked 
|  28|0x0000000081c00000, 0x0000000081d00000, 0x0000000081d00000|100%| O|  |TAMS 0x0000000081d00000, 0x0000000081d00000| Untracked 
|  29|0x0000000081d00000, 0x0000000081e00000, 0x0000000081e00000|100%| O|  |TAMS 0x0000000081e00000, 0x0000000081e00000| Untracked 
|  30|0x0000000081e00000, 0x0000000081f00000, 0x0000000081f00000|100%| O|  |TAMS 0x0000000081f00000, 0x0000000081f00000| Untracked 
|  31|0x0000000081f00000, 0x0000000082000000, 0x0000000082000000|100%| O|  |TAMS 0x0000000082000000, 0x0000000082000000| Untracked 
|  32|0x0000000082000000, 0x0000000082100000, 0x0000000082100000|100%| O|  |TAMS 0x0000000082100000, 0x0000000082100000| Untracked 
|  33|0x0000000082100000, 0x0000000082200000, 0x0000000082200000|100%| O|  |TAMS 0x0000000082200000, 0x0000000082200000| Untracked 
|  34|0x0000000082200000, 0x0000000082300000, 0x0000000082300000|100%| O|  |TAMS 0x0000000082300000, 0x0000000082300000| Untracked 
|  35|0x0000000082300000, 0x0000000082400000, 0x0000000082400000|100%| O|  |TAMS 0x0000000082400000, 0x0000000082400000| Untracked 
|  36|0x0000000082400000, 0x0000000082500000, 0x0000000082500000|100%| O|  |TAMS 0x0000000082500000, 0x0000000082500000| Untracked 
|  37|0x0000000082500000, 0x0000000082600000, 0x0000000082600000|100%| O|  |TAMS 0x0000000082600000, 0x0000000082600000| Untracked 
|  38|0x0000000082600000, 0x0000000082700000, 0x0000000082700000|100%| O|  |TAMS 0x0000000082700000, 0x0000000082700000| Untracked 
|  39|0x0000000082700000, 0x0000000082800000, 0x0000000082800000|100%| O|  |TAMS 0x0000000082800000, 0x0000000082800000| Untracked 
|  40|0x0000000082800000, 0x0000000082900000, 0x0000000082900000|100%| O|  |TAMS 0x0000000082900000, 0x0000000082900000| Untracked 
|  41|0x0000000082900000, 0x0000000082a00000, 0x0000000082a00000|100%| O|  |TAMS 0x0000000082a00000, 0x0000000082a00000| Untracked 
|  42|0x0000000082a00000, 0x0000000082b00000, 0x0000000082b00000|100%| O|  |TAMS 0x0000000082b00000, 0x0000000082b00000| Untracked 
|  43|0x0000000082b00000, 0x0000000082c00000, 0x0000000082c00000|100%|HS|  |TAMS 0x0000000082c00000, 0x0000000082c00000| Complete 
|  44|0x0000000082c00000, 0x0000000082d00000, 0x0000000082d00000|100%| O|  |TAMS 0x0000000082d00000, 0x0000000082d00000| Untracked 
|  45|0x0000000082d00000, 0x0000000082e00000, 0x0000000082e00000|100%|HS|  |TAMS 0x0000000082e00000, 0x0000000082e00000| Complete 
|  46|0x0000000082e00000, 0x0000000082f00000, 0x0000000082f00000|100%|HC|  |TAMS 0x0000000082f00000, 0x0000000082f00000| Complete 
|  47|0x0000000082f00000, 0x0000000083000000, 0x0000000083000000|100%|HS|  |TAMS 0x0000000083000000, 0x0000000083000000| Complete 
|  48|0x0000000083000000, 0x0000000083100000, 0x0000000083100000|100%|HC|  |TAMS 0x0000000083100000, 0x0000000083100000| Complete 
|  49|0x0000000083100000, 0x0000000083200000, 0x0000000083200000|100%| O|  |TAMS 0x0000000083200000, 0x0000000083200000| Untracked 
|  50|0x0000000083200000, 0x0000000083300000, 0x0000000083300000|100%| O|  |TAMS 0x0000000083300000, 0x0000000083300000| Untracked 
|  51|0x0000000083300000, 0x0000000083400000, 0x0000000083400000|100%|HS|  |TAMS 0x0000000083400000, 0x0000000083400000| Complete 
|  52|0x0000000083400000, 0x0000000083500000, 0x0000000083500000|100%|HC|  |TAMS 0x0000000083500000, 0x0000000083500000| Complete 
|  53|0x0000000083500000, 0x0000000083600000, 0x0000000083600000|100%|HC|  |TAMS 0x0000000083600000, 0x0000000083600000| Complete 
|  54|0x0000000083600000, 0x0000000083700000, 0x0000000083700000|100%|HC|  |TAMS 0x0000000083700000, 0x0000000083700000| Complete 
|  55|0x0000000083700000, 0x0000000083800000, 0x0000000083800000|100%|HS|  |TAMS 0x0000000083800000, 0x0000000083800000| Complete 
|  56|0x0000000083800000, 0x0000000083900000, 0x0000000083900000|100%|HC|  |TAMS 0x0000000083900000, 0x0000000083900000| Complete 
|  57|0x0000000083900000, 0x0000000083a00000, 0x0000000083a00000|100%|HC|  |TAMS 0x0000000083a00000, 0x0000000083a00000| Complete 
|  58|0x0000000083a00000, 0x0000000083b00000, 0x0000000083b00000|100%|HC|  |TAMS 0x0000000083b00000, 0x0000000083b00000| Complete 
|  59|0x0000000083b00000, 0x0000000083c00000, 0x0000000083c00000|100%| O|  |TAMS 0x0000000083c00000, 0x0000000083c00000| Untracked 
|  60|0x0000000083c00000, 0x0000000083d00000, 0x0000000083d00000|100%| O|  |TAMS 0x0000000083d00000, 0x0000000083d00000| Untracked 
|  61|0x0000000083d00000, 0x0000000083e00000, 0x0000000083e00000|100%| O|  |TAMS 0x0000000083e00000, 0x0000000083e00000| Untracked 
|  62|0x0000000083e00000, 0x0000000083f00000, 0x0000000083f00000|100%| O|  |TAMS 0x0000000083f00000, 0x0000000083f00000| Untracked 
|  63|0x0000000083f00000, 0x0000000084000000, 0x0000000084000000|100%| O|  |TAMS 0x0000000084000000, 0x0000000084000000| Untracked 
|  64|0x0000000084000000, 0x0000000084100000, 0x0000000084100000|100%| O|  |TAMS 0x0000000084000000, 0x0000000084100000| Untracked 
|  65|0x0000000084100000, 0x0000000084200000, 0x0000000084200000|100%| O|  |TAMS 0x0000000084200000, 0x0000000084200000| Untracked 
|  66|0x0000000084200000, 0x0000000084300000, 0x0000000084300000|100%| O|  |TAMS 0x0000000084300000, 0x0000000084300000| Untracked 
|  67|0x0000000084300000, 0x0000000084400000, 0x0000000084400000|100%| O|  |TAMS 0x0000000084400000, 0x0000000084400000| Untracked 
|  68|0x0000000084400000, 0x0000000084500000, 0x0000000084500000|100%| O|  |TAMS 0x0000000084500000, 0x0000000084500000| Untracked 
|  69|0x0000000084500000, 0x0000000084600000, 0x0000000084600000|100%| O|  |TAMS 0x0000000084600000, 0x0000000084600000| Untracked 
|  70|0x0000000084600000, 0x0000000084700000, 0x0000000084700000|100%| O|  |TAMS 0x0000000084700000, 0x0000000084700000| Untracked 
|  71|0x0000000084700000, 0x0000000084800000, 0x0000000084800000|100%| O|  |TAMS 0x0000000084800000, 0x0000000084800000| Untracked 
|  72|0x0000000084800000, 0x0000000084900000, 0x0000000084900000|100%| O|  |TAMS 0x0000000084800000, 0x0000000084900000| Untracked 
|  73|0x0000000084900000, 0x0000000084a00000, 0x0000000084a00000|100%| O|  |TAMS 0x0000000084a00000, 0x0000000084a00000| Untracked 
|  74|0x0000000084a00000, 0x0000000084b00000, 0x0000000084b00000|100%| O|  |TAMS 0x0000000084b00000, 0x0000000084b00000| Untracked 
|  75|0x0000000084b00000, 0x0000000084c00000, 0x0000000084c00000|100%|HS|  |TAMS 0x0000000084c00000, 0x0000000084c00000| Complete 
|  76|0x0000000084c00000, 0x0000000084d00000, 0x0000000084d00000|100%|HS|  |TAMS 0x0000000084d00000, 0x0000000084d00000| Complete 
|  77|0x0000000084d00000, 0x0000000084e00000, 0x0000000084e00000|100%|HS|  |TAMS 0x0000000084e00000, 0x0000000084e00000| Complete 
|  78|0x0000000084e00000, 0x0000000084f00000, 0x0000000084f00000|100%| O|  |TAMS 0x0000000084f00000, 0x0000000084f00000| Untracked 
|  79|0x0000000084f00000, 0x0000000085000000, 0x0000000085000000|100%|HS|  |TAMS 0x0000000085000000, 0x0000000085000000| Complete 
|  80|0x0000000085000000, 0x0000000085100000, 0x0000000085100000|100%|HS|  |TAMS 0x0000000085100000, 0x0000000085100000| Complete 
|  81|0x0000000085100000, 0x0000000085200000, 0x0000000085200000|100%| O|  |TAMS 0x0000000085200000, 0x0000000085200000| Untracked 
|  82|0x0000000085200000, 0x0000000085300000, 0x0000000085300000|100%| O|  |TAMS 0x0000000085300000, 0x0000000085300000| Untracked 
|  83|0x0000000085300000, 0x0000000085400000, 0x0000000085400000|100%| O|  |TAMS 0x0000000085400000, 0x0000000085400000| Untracked 
|  84|0x0000000085400000, 0x0000000085500000, 0x0000000085500000|100%| O|  |TAMS 0x0000000085500000, 0x0000000085500000| Untracked 
|  85|0x0000000085500000, 0x0000000085600000, 0x0000000085600000|100%| O|  |TAMS 0x0000000085600000, 0x0000000085600000| Untracked 
|  86|0x0000000085600000, 0x0000000085700000, 0x0000000085700000|100%| O|  |TAMS 0x0000000085700000, 0x0000000085700000| Untracked 
|  87|0x0000000085700000, 0x0000000085800000, 0x0000000085800000|100%| O|  |TAMS 0x0000000085800000, 0x0000000085800000| Untracked 
|  88|0x0000000085800000, 0x0000000085900000, 0x0000000085900000|100%|HS|  |TAMS 0x0000000085900000, 0x0000000085900000| Complete 
|  89|0x0000000085900000, 0x0000000085a00000, 0x0000000085a00000|100%|HC|  |TAMS 0x0000000085a00000, 0x0000000085a00000| Complete 
|  90|0x0000000085a00000, 0x0000000085b00000, 0x0000000085b00000|100%| O|  |TAMS 0x0000000085b00000, 0x0000000085b00000| Untracked 
|  91|0x0000000085b00000, 0x0000000085c00000, 0x0000000085c00000|100%|HS|  |TAMS 0x0000000085c00000, 0x0000000085c00000| Complete 
|  92|0x0000000085c00000, 0x0000000085d00000, 0x0000000085d00000|100%| O|  |TAMS 0x0000000085d00000, 0x0000000085d00000| Untracked 
|  93|0x0000000085d00000, 0x0000000085e00000, 0x0000000085e00000|100%|HS|  |TAMS 0x0000000085d00000, 0x0000000085e00000| Complete 
|  94|0x0000000085e00000, 0x0000000085f00000, 0x0000000085f00000|100%|HC|  |TAMS 0x0000000085e00000, 0x0000000085f00000| Complete 
|  95|0x0000000085f00000, 0x0000000086000000, 0x0000000086000000|100%| O|  |TAMS 0x0000000086000000, 0x0000000086000000| Untracked 
|  96|0x0000000086000000, 0x0000000086100000, 0x0000000086100000|100%| O|  |TAMS 0x0000000086100000, 0x0000000086100000| Untracked 
|  97|0x0000000086100000, 0x0000000086200000, 0x0000000086200000|100%| O|  |TAMS 0x0000000086200000, 0x0000000086200000| Untracked 
|  98|0x0000000086200000, 0x0000000086300000, 0x0000000086300000|100%| O|  |TAMS 0x0000000086300000, 0x0000000086300000| Untracked 
|  99|0x0000000086300000, 0x0000000086400000, 0x0000000086400000|100%| O|  |TAMS 0x0000000086400000, 0x0000000086400000| Untracked 
| 100|0x0000000086400000, 0x0000000086500000, 0x0000000086500000|100%| O|  |TAMS 0x0000000086500000, 0x0000000086500000| Untracked 
| 101|0x0000000086500000, 0x0000000086600000, 0x0000000086600000|100%| O|  |TAMS 0x0000000086600000, 0x0000000086600000| Untracked 
| 102|0x0000000086600000, 0x0000000086700000, 0x0000000086700000|100%| O|  |TAMS 0x0000000086700000, 0x0000000086700000| Untracked 
| 103|0x0000000086700000, 0x0000000086800000, 0x0000000086800000|100%| O|  |TAMS 0x0000000086800000, 0x0000000086800000| Untracked 
| 104|0x0000000086800000, 0x0000000086900000, 0x0000000086900000|100%| O|  |TAMS 0x0000000086900000, 0x0000000086900000| Untracked 
| 105|0x0000000086900000, 0x0000000086a00000, 0x0000000086a00000|100%| O|  |TAMS 0x0000000086a00000, 0x0000000086a00000| Untracked 
| 106|0x0000000086a00000, 0x0000000086b00000, 0x0000000086b00000|100%| O|  |TAMS 0x0000000086b00000, 0x0000000086b00000| Untracked 
| 107|0x0000000086b00000, 0x0000000086c00000, 0x0000000086c00000|100%| O|  |TAMS 0x0000000086c00000, 0x0000000086c00000| Untracked 
| 108|0x0000000086c00000, 0x0000000086d00000, 0x0000000086d00000|100%| O|  |TAMS 0x0000000086d00000, 0x0000000086d00000| Untracked 
| 109|0x0000000086d00000, 0x0000000086e00000, 0x0000000086e00000|100%| O|  |TAMS 0x0000000086e00000, 0x0000000086e00000| Untracked 
| 110|0x0000000086e00000, 0x0000000086f00000, 0x0000000086f00000|100%| O|  |TAMS 0x0000000086f00000, 0x0000000086f00000| Untracked 
| 111|0x0000000086f00000, 0x0000000087000000, 0x0000000087000000|100%| O|  |TAMS 0x0000000087000000, 0x0000000087000000| Untracked 
| 112|0x0000000087000000, 0x0000000087100000, 0x0000000087100000|100%| O|  |TAMS 0x0000000087100000, 0x0000000087100000| Untracked 
| 113|0x0000000087100000, 0x0000000087200000, 0x0000000087200000|100%| O|  |TAMS 0x0000000087200000, 0x0000000087200000| Untracked 
| 114|0x0000000087200000, 0x0000000087300000, 0x0000000087300000|100%| O|  |TAMS 0x0000000087300000, 0x0000000087300000| Untracked 
| 115|0x0000000087300000, 0x0000000087400000, 0x0000000087400000|100%| O|  |TAMS 0x0000000087400000, 0x0000000087400000| Untracked 
| 116|0x0000000087400000, 0x0000000087500000, 0x0000000087500000|100%| O|  |TAMS 0x0000000087500000, 0x0000000087500000| Untracked 
| 117|0x0000000087500000, 0x0000000087600000, 0x0000000087600000|100%| O|  |TAMS 0x0000000087600000, 0x0000000087600000| Untracked 
| 118|0x0000000087600000, 0x0000000087700000, 0x0000000087700000|100%| O|  |TAMS 0x0000000087700000, 0x0000000087700000| Untracked 
| 119|0x0000000087700000, 0x0000000087800000, 0x0000000087800000|100%| O|  |TAMS 0x0000000087800000, 0x0000000087800000| Untracked 
| 120|0x0000000087800000, 0x0000000087900000, 0x0000000087900000|100%| O|  |TAMS 0x0000000087900000, 0x0000000087900000| Untracked 
| 121|0x0000000087900000, 0x0000000087a00000, 0x0000000087a00000|100%| O|  |TAMS 0x0000000087a00000, 0x0000000087a00000| Untracked 
| 122|0x0000000087a00000, 0x0000000087b00000, 0x0000000087b00000|100%| O|  |TAMS 0x0000000087b00000, 0x0000000087b00000| Untracked 
| 123|0x0000000087b00000, 0x0000000087c00000, 0x0000000087c00000|100%| O|  |TAMS 0x0000000087c00000, 0x0000000087c00000| Untracked 
| 124|0x0000000087c00000, 0x0000000087d00000, 0x0000000087d00000|100%| O|  |TAMS 0x0000000087c65800, 0x0000000087d00000| Untracked 
| 125|0x0000000087d00000, 0x0000000087e00000, 0x0000000087e00000|100%| O|  |TAMS 0x0000000087d00000, 0x0000000087e00000| Untracked 
| 126|0x0000000087e00000, 0x0000000087f00000, 0x0000000087f00000|100%| O|  |TAMS 0x0000000087e00000, 0x0000000087f00000| Untracked 
| 127|0x0000000087f00000, 0x0000000088000000, 0x0000000088000000|100%| O|  |TAMS 0x0000000087f00000, 0x0000000088000000| Untracked 
| 128|0x0000000088000000, 0x0000000088100000, 0x0000000088100000|100%| O|  |TAMS 0x0000000088000000, 0x0000000088100000| Untracked 
| 129|0x0000000088100000, 0x0000000088200000, 0x0000000088200000|100%| O|  |TAMS 0x0000000088100000, 0x0000000088200000| Untracked 
| 130|0x0000000088200000, 0x0000000088300000, 0x0000000088300000|100%| O|  |TAMS 0x0000000088200000, 0x0000000088300000| Untracked 
| 131|0x0000000088300000, 0x0000000088400000, 0x0000000088400000|100%| O|  |TAMS 0x0000000088300000, 0x0000000088400000| Untracked 
| 132|0x0000000088400000, 0x0000000088500000, 0x0000000088500000|100%| O|  |TAMS 0x0000000088400000, 0x0000000088500000| Untracked 
| 133|0x0000000088500000, 0x0000000088600000, 0x0000000088600000|100%| O|  |TAMS 0x0000000088500000, 0x0000000088600000| Untracked 
| 134|0x0000000088600000, 0x0000000088700000, 0x0000000088700000|100%| O|  |TAMS 0x0000000088600000, 0x0000000088700000| Untracked 
| 135|0x0000000088700000, 0x0000000088800000, 0x0000000088800000|100%|HS|  |TAMS 0x0000000088700000, 0x0000000088800000| Complete 
| 136|0x0000000088800000, 0x0000000088900000, 0x0000000088900000|100%|HC|  |TAMS 0x0000000088800000, 0x0000000088900000| Complete 
| 137|0x0000000088900000, 0x0000000088a00000, 0x0000000088a00000|100%|HS|  |TAMS 0x0000000088900000, 0x0000000088a00000| Complete 
| 138|0x0000000088a00000, 0x0000000088b00000, 0x0000000088b00000|100%|HS|  |TAMS 0x0000000088a00000, 0x0000000088b00000| Complete 
| 139|0x0000000088b00000, 0x0000000088c00000, 0x0000000088c00000|100%|HC|  |TAMS 0x0000000088b00000, 0x0000000088c00000| Complete 
| 140|0x0000000088c00000, 0x0000000088d00000, 0x0000000088d00000|100%|HC|  |TAMS 0x0000000088c00000, 0x0000000088d00000| Complete 
| 141|0x0000000088d00000, 0x0000000088e00000, 0x0000000088e00000|100%|HC|  |TAMS 0x0000000088d00000, 0x0000000088e00000| Complete 
| 142|0x0000000088e00000, 0x0000000088f00000, 0x0000000088f00000|100%|HS|  |TAMS 0x0000000088e00000, 0x0000000088f00000| Complete 
| 143|0x0000000088f00000, 0x0000000089000000, 0x0000000089000000|100%| O|  |TAMS 0x0000000088f00000, 0x0000000089000000| Untracked 
| 144|0x0000000089000000, 0x0000000089100000, 0x0000000089100000|100%| O|  |TAMS 0x0000000089000000, 0x0000000089100000| Untracked 
| 145|0x0000000089100000, 0x0000000089200000, 0x0000000089200000|100%| O|  |TAMS 0x0000000089100000, 0x0000000089200000| Untracked 
| 146|0x0000000089200000, 0x0000000089300000, 0x0000000089300000|100%| O|  |TAMS 0x0000000089200000, 0x0000000089300000| Untracked 
| 147|0x0000000089300000, 0x0000000089400000, 0x0000000089400000|100%| O|  |TAMS 0x0000000089300000, 0x0000000089400000| Untracked 
| 148|0x0000000089400000, 0x0000000089500000, 0x0000000089500000|100%| O|  |TAMS 0x0000000089400000, 0x0000000089500000| Untracked 
| 149|0x0000000089500000, 0x0000000089600000, 0x0000000089600000|100%| O|  |TAMS 0x0000000089500000, 0x0000000089600000| Untracked 
| 150|0x0000000089600000, 0x0000000089700000, 0x0000000089700000|100%| O|  |TAMS 0x0000000089600000, 0x0000000089700000| Untracked 
| 151|0x0000000089700000, 0x0000000089800000, 0x0000000089800000|100%| O|  |TAMS 0x0000000089700000, 0x0000000089800000| Untracked 
| 152|0x0000000089800000, 0x0000000089900000, 0x0000000089900000|100%| O|  |TAMS 0x0000000089800000, 0x0000000089900000| Untracked 
| 153|0x0000000089900000, 0x0000000089a00000, 0x0000000089a00000|100%| O|  |TAMS 0x0000000089900000, 0x0000000089a00000| Untracked 
| 154|0x0000000089a00000, 0x0000000089b00000, 0x0000000089b00000|100%| O|  |TAMS 0x0000000089a00000, 0x0000000089b00000| Untracked 
| 155|0x0000000089b00000, 0x0000000089c00000, 0x0000000089c00000|100%| O|  |TAMS 0x0000000089b00000, 0x0000000089c00000| Untracked 
| 156|0x0000000089c00000, 0x0000000089d00000, 0x0000000089d00000|100%| O|  |TAMS 0x0000000089c00000, 0x0000000089d00000| Untracked 
| 157|0x0000000089d00000, 0x0000000089e00000, 0x0000000089e00000|100%| O|  |TAMS 0x0000000089d00000, 0x0000000089e00000| Untracked 
| 158|0x0000000089e00000, 0x0000000089f00000, 0x0000000089f00000|100%| O|  |TAMS 0x0000000089e00000, 0x0000000089f00000| Untracked 
| 159|0x0000000089f00000, 0x000000008a000000, 0x000000008a000000|100%| O|  |TAMS 0x0000000089f00000, 0x000000008a000000| Untracked 
| 160|0x000000008a000000, 0x000000008a100000, 0x000000008a100000|100%| O|  |TAMS 0x000000008a000000, 0x000000008a100000| Untracked 
| 161|0x000000008a100000, 0x000000008a200000, 0x000000008a200000|100%| O|  |TAMS 0x000000008a100000, 0x000000008a200000| Untracked 
| 162|0x000000008a200000, 0x000000008a300000, 0x000000008a300000|100%| O|  |TAMS 0x000000008a200000, 0x000000008a300000| Untracked 
| 163|0x000000008a300000, 0x000000008a400000, 0x000000008a400000|100%| O|  |TAMS 0x000000008a300000, 0x000000008a400000| Untracked 
| 164|0x000000008a400000, 0x000000008a500000, 0x000000008a500000|100%| O|  |TAMS 0x000000008a400000, 0x000000008a500000| Untracked 
| 165|0x000000008a500000, 0x000000008a600000, 0x000000008a600000|100%| O|  |TAMS 0x000000008a500000, 0x000000008a600000| Untracked 
| 166|0x000000008a600000, 0x000000008a700000, 0x000000008a700000|100%| O|  |TAMS 0x000000008a600000, 0x000000008a700000| Untracked 
| 167|0x000000008a700000, 0x000000008a800000, 0x000000008a800000|100%|HS|  |TAMS 0x000000008a700000, 0x000000008a800000| Complete 
| 168|0x000000008a800000, 0x000000008a900000, 0x000000008a900000|100%| O|  |TAMS 0x000000008a800000, 0x000000008a900000| Untracked 
| 169|0x000000008a900000, 0x000000008aa00000, 0x000000008aa00000|100%| O|  |TAMS 0x000000008a900000, 0x000000008aa00000| Untracked 
| 170|0x000000008aa00000, 0x000000008ab00000, 0x000000008ab00000|100%| O|  |TAMS 0x000000008aa00000, 0x000000008ab00000| Untracked 
| 171|0x000000008ab00000, 0x000000008ac00000, 0x000000008ac00000|100%| O|  |TAMS 0x000000008ab00000, 0x000000008ac00000| Untracked 
| 172|0x000000008ac00000, 0x000000008ad00000, 0x000000008ad00000|100%| O|  |TAMS 0x000000008ac00000, 0x000000008ad00000| Untracked 
| 173|0x000000008ad00000, 0x000000008ae00000, 0x000000008ae00000|100%| O|  |TAMS 0x000000008ad00000, 0x000000008ae00000| Untracked 
| 174|0x000000008ae00000, 0x000000008af00000, 0x000000008af00000|100%| O|  |TAMS 0x000000008ae00000, 0x000000008af00000| Untracked 
| 175|0x000000008af00000, 0x000000008b000000, 0x000000008b000000|100%| O|  |TAMS 0x000000008af00000, 0x000000008b000000| Untracked 
| 176|0x000000008b000000, 0x000000008b100000, 0x000000008b100000|100%| O|  |TAMS 0x000000008b000000, 0x000000008b100000| Untracked 
| 177|0x000000008b100000, 0x000000008b200000, 0x000000008b200000|100%| O|  |TAMS 0x000000008b100000, 0x000000008b200000| Untracked 
| 178|0x000000008b200000, 0x000000008b300000, 0x000000008b300000|100%| O|  |TAMS 0x000000008b200000, 0x000000008b300000| Untracked 
| 179|0x000000008b300000, 0x000000008b400000, 0x000000008b400000|100%| O|  |TAMS 0x000000008b300000, 0x000000008b400000| Untracked 
| 180|0x000000008b400000, 0x000000008b500000, 0x000000008b500000|100%| O|  |TAMS 0x000000008b400000, 0x000000008b500000| Untracked 
| 181|0x000000008b500000, 0x000000008b600000, 0x000000008b600000|100%| O|  |TAMS 0x000000008b500000, 0x000000008b600000| Untracked 
| 182|0x000000008b600000, 0x000000008b700000, 0x000000008b700000|100%|HS|  |TAMS 0x000000008b600000, 0x000000008b700000| Complete 
| 183|0x000000008b700000, 0x000000008b800000, 0x000000008b800000|100%|HS|  |TAMS 0x000000008b700000, 0x000000008b800000| Complete 
| 184|0x000000008b800000, 0x000000008b900000, 0x000000008b900000|100%|HS|  |TAMS 0x000000008b800000, 0x000000008b900000| Complete 
| 185|0x000000008b900000, 0x000000008ba00000, 0x000000008ba00000|100%| O|  |TAMS 0x000000008b900000, 0x000000008ba00000| Untracked 
| 186|0x000000008ba00000, 0x000000008bb00000, 0x000000008bb00000|100%| O|  |TAMS 0x000000008ba00000, 0x000000008bb00000| Untracked 
| 187|0x000000008bb00000, 0x000000008bc00000, 0x000000008bc00000|100%| O|  |TAMS 0x000000008bb00000, 0x000000008bc00000| Untracked 
| 188|0x000000008bc00000, 0x000000008bd00000, 0x000000008bd00000|100%| O|  |TAMS 0x000000008bc00000, 0x000000008bd00000| Untracked 
| 189|0x000000008bd00000, 0x000000008be00000, 0x000000008be00000|100%| O|  |TAMS 0x000000008bd00000, 0x000000008be00000| Untracked 
| 190|0x000000008be00000, 0x000000008bf00000, 0x000000008bf00000|100%| O|  |TAMS 0x000000008be00000, 0x000000008bf00000| Untracked 
| 191|0x000000008bf00000, 0x000000008c000000, 0x000000008c000000|100%| O|  |TAMS 0x000000008bf00000, 0x000000008c000000| Untracked 
| 192|0x000000008c000000, 0x000000008c100000, 0x000000008c100000|100%| O|  |TAMS 0x000000008c000000, 0x000000008c100000| Untracked 
| 193|0x000000008c100000, 0x000000008c200000, 0x000000008c200000|100%| O|  |TAMS 0x000000008c100000, 0x000000008c200000| Untracked 
| 194|0x000000008c200000, 0x000000008c300000, 0x000000008c300000|100%| O|  |TAMS 0x000000008c200000, 0x000000008c300000| Untracked 
| 195|0x000000008c300000, 0x000000008c400000, 0x000000008c400000|100%| O|  |TAMS 0x000000008c300000, 0x000000008c400000| Untracked 
| 196|0x000000008c400000, 0x000000008c500000, 0x000000008c500000|100%| O|  |TAMS 0x000000008c400000, 0x000000008c500000| Untracked 
| 197|0x000000008c500000, 0x000000008c600000, 0x000000008c600000|100%| O|  |TAMS 0x000000008c500000, 0x000000008c600000| Untracked 
| 198|0x000000008c600000, 0x000000008c700000, 0x000000008c700000|100%| O|  |TAMS 0x000000008c600000, 0x000000008c700000| Untracked 
| 199|0x000000008c700000, 0x000000008c800000, 0x000000008c800000|100%| O|  |TAMS 0x000000008c700000, 0x000000008c800000| Untracked 
| 200|0x000000008c800000, 0x000000008c900000, 0x000000008c900000|100%| O|  |TAMS 0x000000008c800000, 0x000000008c900000| Untracked 
| 201|0x000000008c900000, 0x000000008ca00000, 0x000000008ca00000|100%| O|  |TAMS 0x000000008c900000, 0x000000008ca00000| Untracked 
| 202|0x000000008ca00000, 0x000000008cb00000, 0x000000008cb00000|100%| O|  |TAMS 0x000000008ca00000, 0x000000008cb00000| Untracked 
| 203|0x000000008cb00000, 0x000000008cc00000, 0x000000008cc00000|100%| O|  |TAMS 0x000000008cb00000, 0x000000008cc00000| Untracked 
| 204|0x000000008cc00000, 0x000000008cd00000, 0x000000008cd00000|100%| O|  |TAMS 0x000000008cc00000, 0x000000008cd00000| Untracked 
| 205|0x000000008cd00000, 0x000000008ce00000, 0x000000008ce00000|100%| O|  |TAMS 0x000000008cd00000, 0x000000008ce00000| Untracked 
| 206|0x000000008ce00000, 0x000000008cf00000, 0x000000008cf00000|100%| O|  |TAMS 0x000000008ce00000, 0x000000008cf00000| Untracked 
| 207|0x000000008cf00000, 0x000000008d000000, 0x000000008d000000|100%| O|  |TAMS 0x000000008cf00000, 0x000000008d000000| Untracked 
| 208|0x000000008d000000, 0x000000008d100000, 0x000000008d100000|100%| O|  |TAMS 0x000000008d000000, 0x000000008d100000| Untracked 
| 209|0x000000008d100000, 0x000000008d200000, 0x000000008d200000|100%| O|  |TAMS 0x000000008d100000, 0x000000008d200000| Untracked 
| 210|0x000000008d200000, 0x000000008d300000, 0x000000008d300000|100%| O|  |TAMS 0x000000008d200000, 0x000000008d300000| Untracked 
| 211|0x000000008d300000, 0x000000008d400000, 0x000000008d400000|100%| O|  |TAMS 0x000000008d300000, 0x000000008d400000| Untracked 
| 212|0x000000008d400000, 0x000000008d500000, 0x000000008d500000|100%| O|  |TAMS 0x000000008d400000, 0x000000008d500000| Untracked 
| 213|0x000000008d500000, 0x000000008d600000, 0x000000008d600000|100%| O|  |TAMS 0x000000008d500000, 0x000000008d600000| Untracked 
| 214|0x000000008d600000, 0x000000008d700000, 0x000000008d700000|100%| O|  |TAMS 0x000000008d600000, 0x000000008d700000| Untracked 
| 215|0x000000008d700000, 0x000000008d800000, 0x000000008d800000|100%| O|  |TAMS 0x000000008d700000, 0x000000008d800000| Untracked 
| 216|0x000000008d800000, 0x000000008d900000, 0x000000008d900000|100%| O|  |TAMS 0x000000008d800000, 0x000000008d900000| Untracked 
| 217|0x000000008d900000, 0x000000008da00000, 0x000000008da00000|100%| O|  |TAMS 0x000000008d900000, 0x000000008da00000| Untracked 
| 218|0x000000008da00000, 0x000000008db00000, 0x000000008db00000|100%| O|  |TAMS 0x000000008da00000, 0x000000008db00000| Untracked 
| 219|0x000000008db00000, 0x000000008dc00000, 0x000000008dc00000|100%| O|  |TAMS 0x000000008db00000, 0x000000008dc00000| Untracked 
| 220|0x000000008dc00000, 0x000000008dd00000, 0x000000008dd00000|100%| O|  |TAMS 0x000000008dc00000, 0x000000008dd00000| Untracked 
| 221|0x000000008dd00000, 0x000000008de00000, 0x000000008de00000|100%| O|  |TAMS 0x000000008dd00000, 0x000000008de00000| Untracked 
| 222|0x000000008de00000, 0x000000008df00000, 0x000000008df00000|100%| O|  |TAMS 0x000000008de00000, 0x000000008df00000| Untracked 
| 223|0x000000008df00000, 0x000000008e000000, 0x000000008e000000|100%|HS|  |TAMS 0x000000008df00000, 0x000000008e000000| Complete 
| 224|0x000000008e000000, 0x000000008e100000, 0x000000008e100000|100%|HS|  |TAMS 0x000000008e000000, 0x000000008e100000| Complete 
| 225|0x000000008e100000, 0x000000008e200000, 0x000000008e200000|100%| O|  |TAMS 0x000000008e100000, 0x000000008e200000| Untracked 
| 226|0x000000008e200000, 0x000000008e300000, 0x000000008e300000|100%| O|  |TAMS 0x000000008e200000, 0x000000008e300000| Untracked 
| 227|0x000000008e300000, 0x000000008e400000, 0x000000008e400000|100%| O|  |TAMS 0x000000008e300000, 0x000000008e400000| Untracked 
| 228|0x000000008e400000, 0x000000008e500000, 0x000000008e500000|100%| O|  |TAMS 0x000000008e400000, 0x000000008e500000| Untracked 
| 229|0x000000008e500000, 0x000000008e600000, 0x000000008e600000|100%| O|  |TAMS 0x000000008e500000, 0x000000008e600000| Untracked 
| 230|0x000000008e600000, 0x000000008e700000, 0x000000008e700000|100%| O|  |TAMS 0x000000008e600000, 0x000000008e700000| Untracked 
| 231|0x000000008e700000, 0x000000008e800000, 0x000000008e800000|100%| O|  |TAMS 0x000000008e700000, 0x000000008e800000| Untracked 
| 232|0x000000008e800000, 0x000000008e900000, 0x000000008e900000|100%| O|  |TAMS 0x000000008e800000, 0x000000008e900000| Untracked 
| 233|0x000000008e900000, 0x000000008ea00000, 0x000000008ea00000|100%| O|  |TAMS 0x000000008e900000, 0x000000008ea00000| Untracked 
| 234|0x000000008ea00000, 0x000000008eb00000, 0x000000008eb00000|100%| O|  |TAMS 0x000000008ea00000, 0x000000008eb00000| Untracked 
| 235|0x000000008eb00000, 0x000000008ec00000, 0x000000008ec00000|100%| O|  |TAMS 0x000000008eb00000, 0x000000008ec00000| Untracked 
| 236|0x000000008ec00000, 0x000000008ed00000, 0x000000008ed00000|100%| O|  |TAMS 0x000000008ec00000, 0x000000008ed00000| Untracked 
| 237|0x000000008ed00000, 0x000000008ee00000, 0x000000008ee00000|100%| O|  |TAMS 0x000000008ed00000, 0x000000008ee00000| Untracked 
| 238|0x000000008ee00000, 0x000000008ef00000, 0x000000008ef00000|100%| O|  |TAMS 0x000000008ee00000, 0x000000008ef00000| Untracked 
| 239|0x000000008ef00000, 0x000000008f000000, 0x000000008f000000|100%| O|  |TAMS 0x000000008ef00000, 0x000000008f000000| Untracked 
| 240|0x000000008f000000, 0x000000008f100000, 0x000000008f100000|100%| O|  |TAMS 0x000000008f000000, 0x000000008f100000| Untracked 
| 241|0x000000008f100000, 0x000000008f200000, 0x000000008f200000|100%| O|  |TAMS 0x000000008f100000, 0x000000008f200000| Untracked 
| 242|0x000000008f200000, 0x000000008f300000, 0x000000008f300000|100%| O|  |TAMS 0x000000008f200000, 0x000000008f300000| Untracked 
| 243|0x000000008f300000, 0x000000008f400000, 0x000000008f400000|100%| O|  |TAMS 0x000000008f300000, 0x000000008f400000| Untracked 
| 244|0x000000008f400000, 0x000000008f500000, 0x000000008f500000|100%| O|  |TAMS 0x000000008f400000, 0x000000008f500000| Untracked 
| 245|0x000000008f500000, 0x000000008f600000, 0x000000008f600000|100%| O|  |TAMS 0x000000008f500000, 0x000000008f600000| Untracked 
| 246|0x000000008f600000, 0x000000008f700000, 0x000000008f700000|100%| O|  |TAMS 0x000000008f600000, 0x000000008f700000| Untracked 
| 247|0x000000008f700000, 0x000000008f800000, 0x000000008f800000|100%| O|  |TAMS 0x000000008f700000, 0x000000008f800000| Untracked 
| 248|0x000000008f800000, 0x000000008f900000, 0x000000008f900000|100%| O|  |TAMS 0x000000008f800000, 0x000000008f900000| Untracked 
| 249|0x000000008f900000, 0x000000008fa00000, 0x000000008fa00000|100%| O|  |TAMS 0x000000008f900000, 0x000000008fa00000| Untracked 
| 250|0x000000008fa00000, 0x000000008fb00000, 0x000000008fb00000|100%| O|  |TAMS 0x000000008fa00000, 0x000000008fb00000| Untracked 
| 251|0x000000008fb00000, 0x000000008fc00000, 0x000000008fc00000|100%| O|  |TAMS 0x000000008fb00000, 0x000000008fc00000| Untracked 
| 252|0x000000008fc00000, 0x000000008fd00000, 0x000000008fd00000|100%|HS|  |TAMS 0x000000008fc00000, 0x000000008fd00000| Complete 
| 253|0x000000008fd00000, 0x000000008fe00000, 0x000000008fe00000|100%|HS|  |TAMS 0x000000008fd00000, 0x000000008fe00000| Complete 
| 254|0x000000008fe00000, 0x000000008ff00000, 0x000000008ff00000|100%| O|  |TAMS 0x000000008fe00000, 0x000000008ff00000| Untracked 
| 255|0x000000008ff00000, 0x0000000090000000, 0x0000000090000000|100%| O|  |TAMS 0x000000008ff00000, 0x0000000090000000| Untracked 
| 256|0x0000000090000000, 0x0000000090100000, 0x0000000090100000|100%| O|  |TAMS 0x0000000090000000, 0x0000000090100000| Untracked 
| 257|0x0000000090100000, 0x0000000090200000, 0x0000000090200000|100%| O|  |TAMS 0x0000000090100000, 0x0000000090200000| Untracked 
| 258|0x0000000090200000, 0x0000000090300000, 0x0000000090300000|100%| O|  |TAMS 0x0000000090200000, 0x0000000090300000| Untracked 
| 259|0x0000000090300000, 0x0000000090400000, 0x0000000090400000|100%| O|  |TAMS 0x0000000090300000, 0x0000000090400000| Untracked 
| 260|0x0000000090400000, 0x0000000090500000, 0x0000000090500000|100%| O|  |TAMS 0x0000000090400000, 0x0000000090500000| Untracked 
| 261|0x0000000090500000, 0x0000000090600000, 0x0000000090600000|100%| O|  |TAMS 0x0000000090500000, 0x0000000090600000| Untracked 
| 262|0x0000000090600000, 0x0000000090700000, 0x0000000090700000|100%| O|  |TAMS 0x0000000090600000, 0x0000000090700000| Untracked 
| 263|0x0000000090700000, 0x0000000090800000, 0x0000000090800000|100%| O|  |TAMS 0x0000000090700000, 0x0000000090800000| Untracked 
| 264|0x0000000090800000, 0x0000000090900000, 0x0000000090900000|100%| O|  |TAMS 0x0000000090800000, 0x0000000090900000| Untracked 
| 265|0x0000000090900000, 0x0000000090a00000, 0x0000000090a00000|100%| O|  |TAMS 0x0000000090900000, 0x0000000090a00000| Untracked 
| 266|0x0000000090a00000, 0x0000000090b00000, 0x0000000090b00000|100%| O|  |TAMS 0x0000000090a00000, 0x0000000090b00000| Untracked 
| 267|0x0000000090b00000, 0x0000000090c00000, 0x0000000090c00000|100%| O|  |TAMS 0x0000000090b00000, 0x0000000090c00000| Untracked 
| 268|0x0000000090c00000, 0x0000000090d00000, 0x0000000090d00000|100%| O|  |TAMS 0x0000000090c00000, 0x0000000090d00000| Untracked 
| 269|0x0000000090d00000, 0x0000000090e00000, 0x0000000090e00000|100%| O|  |TAMS 0x0000000090d00000, 0x0000000090e00000| Untracked 
| 270|0x0000000090e00000, 0x0000000090f00000, 0x0000000090f00000|100%| O|  |TAMS 0x0000000090e00000, 0x0000000090f00000| Untracked 
| 271|0x0000000090f00000, 0x0000000091000000, 0x0000000091000000|100%| O|  |TAMS 0x0000000090f00000, 0x0000000091000000| Untracked 
| 272|0x0000000091000000, 0x0000000091100000, 0x0000000091100000|100%| O|  |TAMS 0x0000000091000000, 0x0000000091100000| Untracked 
| 273|0x0000000091100000, 0x0000000091200000, 0x0000000091200000|100%| O|  |TAMS 0x0000000091100000, 0x0000000091200000| Untracked 
| 274|0x0000000091200000, 0x0000000091300000, 0x0000000091300000|100%| O|  |TAMS 0x0000000091200000, 0x0000000091300000| Untracked 
| 275|0x0000000091300000, 0x0000000091400000, 0x0000000091400000|100%| O|  |TAMS 0x0000000091300000, 0x0000000091400000| Untracked 
| 276|0x0000000091400000, 0x0000000091500000, 0x0000000091500000|100%| O|  |TAMS 0x0000000091400000, 0x0000000091500000| Untracked 
| 277|0x0000000091500000, 0x0000000091600000, 0x0000000091600000|100%| O|  |TAMS 0x0000000091500000, 0x0000000091600000| Untracked 
| 278|0x0000000091600000, 0x0000000091700000, 0x0000000091700000|100%| O|  |TAMS 0x0000000091600000, 0x0000000091700000| Untracked 
| 279|0x0000000091700000, 0x0000000091800000, 0x0000000091800000|100%| O|  |TAMS 0x0000000091700000, 0x0000000091800000| Untracked 
| 280|0x0000000091800000, 0x0000000091900000, 0x0000000091900000|100%| O|  |TAMS 0x0000000091800000, 0x0000000091900000| Untracked 
| 281|0x0000000091900000, 0x0000000091a00000, 0x0000000091a00000|100%| O|  |TAMS 0x0000000091900000, 0x0000000091a00000| Untracked 
| 282|0x0000000091a00000, 0x0000000091b00000, 0x0000000091b00000|100%| O|  |TAMS 0x0000000091a00000, 0x0000000091b00000| Untracked 
| 283|0x0000000091b00000, 0x0000000091c00000, 0x0000000091c00000|100%| O|  |TAMS 0x0000000091b00000, 0x0000000091c00000| Untracked 
| 284|0x0000000091c00000, 0x0000000091d00000, 0x0000000091d00000|100%| O|  |TAMS 0x0000000091c00000, 0x0000000091d00000| Untracked 
| 285|0x0000000091d00000, 0x0000000091e00000, 0x0000000091e00000|100%| O|  |TAMS 0x0000000091d00000, 0x0000000091e00000| Untracked 
| 286|0x0000000091e00000, 0x0000000091f00000, 0x0000000091f00000|100%| O|  |TAMS 0x0000000091e00000, 0x0000000091f00000| Untracked 
| 287|0x0000000091f00000, 0x0000000092000000, 0x0000000092000000|100%| O|  |TAMS 0x0000000091f00000, 0x0000000092000000| Untracked 
| 288|0x0000000092000000, 0x0000000092100000, 0x0000000092100000|100%| O|  |TAMS 0x0000000092000000, 0x0000000092100000| Untracked 
| 289|0x0000000092100000, 0x0000000092200000, 0x0000000092200000|100%| O|  |TAMS 0x0000000092100000, 0x0000000092200000| Untracked 
| 290|0x0000000092200000, 0x0000000092300000, 0x0000000092300000|100%| O|  |TAMS 0x0000000092200000, 0x0000000092300000| Untracked 
| 291|0x0000000092300000, 0x0000000092400000, 0x0000000092400000|100%| O|  |TAMS 0x0000000092300000, 0x0000000092400000| Untracked 
| 292|0x0000000092400000, 0x0000000092500000, 0x0000000092500000|100%| O|  |TAMS 0x0000000092400000, 0x0000000092500000| Untracked 
| 293|0x0000000092500000, 0x0000000092600000, 0x0000000092600000|100%| O|  |TAMS 0x0000000092500000, 0x0000000092600000| Untracked 
| 294|0x0000000092600000, 0x0000000092700000, 0x0000000092700000|100%| O|  |TAMS 0x0000000092600000, 0x0000000092700000| Untracked 
| 295|0x0000000092700000, 0x0000000092800000, 0x0000000092800000|100%| O|  |TAMS 0x0000000092700000, 0x0000000092800000| Untracked 
| 296|0x0000000092800000, 0x0000000092900000, 0x0000000092900000|100%| O|  |TAMS 0x0000000092800000, 0x0000000092900000| Untracked 
| 297|0x0000000092900000, 0x0000000092a00000, 0x0000000092a00000|100%| O|  |TAMS 0x0000000092900000, 0x0000000092a00000| Untracked 
| 298|0x0000000092a00000, 0x0000000092b00000, 0x0000000092b00000|100%| O|  |TAMS 0x0000000092a00000, 0x0000000092b00000| Untracked 
| 299|0x0000000092b00000, 0x0000000092c00000, 0x0000000092c00000|100%| O|  |TAMS 0x0000000092b00000, 0x0000000092c00000| Untracked 
| 300|0x0000000092c00000, 0x0000000092d00000, 0x0000000092d00000|100%| O|  |TAMS 0x0000000092c00000, 0x0000000092d00000| Untracked 
| 301|0x0000000092d00000, 0x0000000092e00000, 0x0000000092e00000|100%| O|  |TAMS 0x0000000092d00000, 0x0000000092e00000| Untracked 
| 302|0x0000000092e00000, 0x0000000092f00000, 0x0000000092f00000|100%| O|  |TAMS 0x0000000092e00000, 0x0000000092f00000| Untracked 
| 303|0x0000000092f00000, 0x0000000093000000, 0x0000000093000000|100%| O|  |TAMS 0x0000000092f00000, 0x0000000093000000| Untracked 
| 304|0x0000000093000000, 0x0000000093100000, 0x0000000093100000|100%| O|  |TAMS 0x0000000093000000, 0x0000000093100000| Untracked 
| 305|0x0000000093100000, 0x0000000093200000, 0x0000000093200000|100%| O|  |TAMS 0x0000000093100000, 0x0000000093200000| Untracked 
| 306|0x0000000093200000, 0x0000000093300000, 0x0000000093300000|100%| O|  |TAMS 0x0000000093200000, 0x0000000093300000| Untracked 
| 307|0x0000000093300000, 0x0000000093400000, 0x0000000093400000|100%| O|  |TAMS 0x0000000093300000, 0x0000000093400000| Untracked 
| 308|0x0000000093400000, 0x0000000093500000, 0x0000000093500000|100%| O|  |TAMS 0x0000000093400000, 0x0000000093500000| Untracked 
| 309|0x0000000093500000, 0x0000000093600000, 0x0000000093600000|100%| O|  |TAMS 0x0000000093500000, 0x0000000093600000| Untracked 
| 310|0x0000000093600000, 0x0000000093700000, 0x0000000093700000|100%| O|  |TAMS 0x0000000093600000, 0x0000000093700000| Untracked 
| 311|0x0000000093700000, 0x0000000093800000, 0x0000000093800000|100%| O|  |TAMS 0x0000000093700000, 0x0000000093800000| Untracked 
| 312|0x0000000093800000, 0x0000000093900000, 0x0000000093900000|100%| O|  |TAMS 0x0000000093800000, 0x0000000093900000| Untracked 
| 313|0x0000000093900000, 0x0000000093a00000, 0x0000000093a00000|100%| O|  |TAMS 0x0000000093900000, 0x0000000093a00000| Untracked 
| 314|0x0000000093a00000, 0x0000000093b00000, 0x0000000093b00000|100%| O|  |TAMS 0x0000000093a00000, 0x0000000093b00000| Untracked 
| 315|0x0000000093b00000, 0x0000000093c00000, 0x0000000093c00000|100%| O|  |TAMS 0x0000000093b00000, 0x0000000093c00000| Untracked 
| 316|0x0000000093c00000, 0x0000000093d00000, 0x0000000093d00000|100%| O|  |TAMS 0x0000000093c00000, 0x0000000093d00000| Untracked 
| 317|0x0000000093d00000, 0x0000000093e00000, 0x0000000093e00000|100%| O|  |TAMS 0x0000000093d00000, 0x0000000093e00000| Untracked 
| 318|0x0000000093e00000, 0x0000000093f00000, 0x0000000093f00000|100%| O|  |TAMS 0x0000000093e00000, 0x0000000093f00000| Untracked 
| 319|0x0000000093f00000, 0x0000000094000000, 0x0000000094000000|100%| O|  |TAMS 0x0000000093f00000, 0x0000000094000000| Untracked 
| 320|0x0000000094000000, 0x0000000094100000, 0x0000000094100000|100%| O|  |TAMS 0x0000000094000000, 0x0000000094100000| Untracked 
| 321|0x0000000094100000, 0x0000000094200000, 0x0000000094200000|100%| O|  |TAMS 0x0000000094100000, 0x0000000094200000| Untracked 
| 322|0x0000000094200000, 0x0000000094300000, 0x0000000094300000|100%| O|  |TAMS 0x0000000094200000, 0x0000000094300000| Untracked 
| 323|0x0000000094300000, 0x0000000094400000, 0x0000000094400000|100%| O|  |TAMS 0x0000000094300000, 0x0000000094400000| Untracked 
| 324|0x0000000094400000, 0x0000000094500000, 0x0000000094500000|100%| O|  |TAMS 0x0000000094400000, 0x0000000094500000| Untracked 
| 325|0x0000000094500000, 0x0000000094600000, 0x0000000094600000|100%| O|  |TAMS 0x0000000094500000, 0x0000000094600000| Untracked 
| 326|0x0000000094600000, 0x0000000094700000, 0x0000000094700000|100%| O|  |TAMS 0x0000000094600000, 0x0000000094700000| Untracked 
| 327|0x0000000094700000, 0x0000000094800000, 0x0000000094800000|100%| O|  |TAMS 0x0000000094700000, 0x0000000094800000| Untracked 
| 328|0x0000000094800000, 0x0000000094900000, 0x0000000094900000|100%| O|  |TAMS 0x0000000094800000, 0x0000000094900000| Untracked 
| 329|0x0000000094900000, 0x0000000094a00000, 0x0000000094a00000|100%| O|  |TAMS 0x0000000094900000, 0x0000000094a00000| Untracked 
| 330|0x0000000094a00000, 0x0000000094b00000, 0x0000000094b00000|100%| O|  |TAMS 0x0000000094a00000, 0x0000000094b00000| Untracked 
| 331|0x0000000094b00000, 0x0000000094c00000, 0x0000000094c00000|100%| O|  |TAMS 0x0000000094b00000, 0x0000000094c00000| Untracked 
| 332|0x0000000094c00000, 0x0000000094d00000, 0x0000000094d00000|100%| O|  |TAMS 0x0000000094c00000, 0x0000000094d00000| Untracked 
| 333|0x0000000094d00000, 0x0000000094e00000, 0x0000000094e00000|100%| O|  |TAMS 0x0000000094d00000, 0x0000000094e00000| Untracked 
| 334|0x0000000094e00000, 0x0000000094f00000, 0x0000000094f00000|100%| O|  |TAMS 0x0000000094e00000, 0x0000000094f00000| Untracked 
| 335|0x0000000094f00000, 0x0000000095000000, 0x0000000095000000|100%| O|  |TAMS 0x0000000094f00000, 0x0000000095000000| Untracked 
| 336|0x0000000095000000, 0x0000000095100000, 0x0000000095100000|100%| O|  |TAMS 0x0000000095000000, 0x0000000095100000| Untracked 
| 337|0x0000000095100000, 0x0000000095200000, 0x0000000095200000|100%| O|  |TAMS 0x0000000095100000, 0x00000000951ea000| Untracked 
| 338|0x0000000095200000, 0x0000000095300000, 0x0000000095300000|100%|HS|  |TAMS 0x0000000095200000, 0x0000000095200000| Complete 
| 339|0x0000000095300000, 0x0000000095400000, 0x0000000095400000|100%|HS|  |TAMS 0x0000000095300000, 0x0000000095300000| Complete 
| 340|0x0000000095400000, 0x0000000095500000, 0x0000000095500000|100%|HS|  |TAMS 0x0000000095400000, 0x0000000095400000| Complete 
| 341|0x0000000095500000, 0x0000000095600000, 0x0000000095600000|100%|HS|  |TAMS 0x0000000095500000, 0x0000000095500000| Complete 
| 342|0x0000000095600000, 0x0000000095700000, 0x0000000095700000|100%|HS|  |TAMS 0x0000000095600000, 0x0000000095600000| Complete 
| 343|0x0000000095700000, 0x0000000095800000, 0x0000000095800000|100%|HS|  |TAMS 0x0000000095700000, 0x0000000095700000| Complete 
| 344|0x0000000095800000, 0x0000000095900000, 0x0000000095900000|100%|HS|  |TAMS 0x0000000095800000, 0x0000000095800000| Complete 
| 345|0x0000000095900000, 0x0000000095a00000, 0x0000000095a00000|100%|HC|  |TAMS 0x0000000095900000, 0x0000000095900000| Complete 
| 346|0x0000000095a00000, 0x0000000095a00000, 0x0000000095b00000|  0%| F|  |TAMS 0x0000000095a00000, 0x0000000095a00000| Untracked 
| 347|0x0000000095b00000, 0x0000000095c00000, 0x0000000095c00000|100%|HS|  |TAMS 0x0000000095b00000, 0x0000000095b00000| Complete 
| 348|0x0000000095c00000, 0x0000000095d00000, 0x0000000095d00000|100%|HC|  |TAMS 0x0000000095c00000, 0x0000000095c00000| Complete 
| 349|0x0000000095d00000, 0x0000000095e00000, 0x0000000095e00000|100%|HC|  |TAMS 0x0000000095d00000, 0x0000000095d00000| Complete 
| 350|0x0000000095e00000, 0x0000000095f00000, 0x0000000095f00000|100%|HC|  |TAMS 0x0000000095e00000, 0x0000000095e00000| Complete 
| 351|0x0000000095f00000, 0x0000000096000000, 0x0000000096000000|100%|HC|  |TAMS 0x0000000095f00000, 0x0000000095f00000| Complete 
| 352|0x0000000096000000, 0x0000000096100000, 0x0000000096100000|100%|HS|  |TAMS 0x0000000096000000, 0x0000000096000000| Complete 
| 353|0x0000000096100000, 0x0000000096200000, 0x0000000096200000|100%|HC|  |TAMS 0x0000000096100000, 0x0000000096100000| Complete 
| 354|0x0000000096200000, 0x0000000096300000, 0x0000000096300000|100%|HS|  |TAMS 0x0000000096200000, 0x0000000096200000| Complete 
| 355|0x0000000096300000, 0x0000000096400000, 0x0000000096400000|100%|HS|  |TAMS 0x0000000096300000, 0x0000000096300000| Complete 
| 356|0x0000000096400000, 0x0000000096500000, 0x0000000096500000|100%|HC|  |TAMS 0x0000000096400000, 0x0000000096400000| Complete 
| 357|0x0000000096500000, 0x0000000096600000, 0x0000000096600000|100%|HC|  |TAMS 0x0000000096500000, 0x0000000096500000| Complete 
| 358|0x0000000096600000, 0x0000000096700000, 0x0000000096700000|100%|HC|  |TAMS 0x0000000096600000, 0x0000000096600000| Complete 
| 359|0x0000000096700000, 0x0000000096800000, 0x0000000096800000|100%|HC|  |TAMS 0x0000000096700000, 0x0000000096700000| Complete 
| 360|0x0000000096800000, 0x0000000096900000, 0x0000000096900000|100%|HC|  |TAMS 0x0000000096800000, 0x0000000096800000| Complete 
| 361|0x0000000096900000, 0x0000000096a00000, 0x0000000096a00000|100%|HC|  |TAMS 0x0000000096900000, 0x0000000096900000| Complete 
| 362|0x0000000096a00000, 0x0000000096b00000, 0x0000000096b00000|100%|HC|  |TAMS 0x0000000096a00000, 0x0000000096a00000| Complete 
| 363|0x0000000096b00000, 0x0000000096c00000, 0x0000000096c00000|100%|HC|  |TAMS 0x0000000096b00000, 0x0000000096b00000| Complete 
| 364|0x0000000096c00000, 0x0000000096d00000, 0x0000000096d00000|100%|HC|  |TAMS 0x0000000096c00000, 0x0000000096c00000| Complete 
| 365|0x0000000096d00000, 0x0000000096e00000, 0x0000000096e00000|100%|HC|  |TAMS 0x0000000096d00000, 0x0000000096d00000| Complete 
| 366|0x0000000096e00000, 0x0000000096f00000, 0x0000000096f00000|100%|HC|  |TAMS 0x0000000096e00000, 0x0000000096e00000| Complete 
| 367|0x0000000096f00000, 0x0000000097000000, 0x0000000097000000|100%|HC|  |TAMS 0x0000000096f00000, 0x0000000096f00000| Complete 
| 368|0x0000000097000000, 0x0000000097100000, 0x0000000097100000|100%|HC|  |TAMS 0x0000000097000000, 0x0000000097000000| Complete 
| 369|0x0000000097100000, 0x0000000097200000, 0x0000000097200000|100%|HC|  |TAMS 0x0000000097100000, 0x0000000097100000| Complete 
| 370|0x0000000097200000, 0x0000000097300000, 0x0000000097300000|100%|HC|  |TAMS 0x0000000097200000, 0x0000000097200000| Complete 
| 371|0x0000000097300000, 0x0000000097400000, 0x0000000097400000|100%|HC|  |TAMS 0x0000000097300000, 0x0000000097300000| Complete 
| 372|0x0000000097400000, 0x0000000097500000, 0x0000000097500000|100%|HC|  |TAMS 0x0000000097400000, 0x0000000097400000| Complete 
| 373|0x0000000097500000, 0x0000000097600000, 0x0000000097600000|100%|HC|  |TAMS 0x0000000097500000, 0x0000000097500000| Complete 
| 374|0x0000000097600000, 0x0000000097700000, 0x0000000097700000|100%|HC|  |TAMS 0x0000000097600000, 0x0000000097600000| Complete 
| 375|0x0000000097700000, 0x0000000097800000, 0x0000000097800000|100%|HS|  |TAMS 0x0000000097700000, 0x0000000097700000| Complete 
| 376|0x0000000097800000, 0x0000000097900000, 0x0000000097900000|100%|HC|  |TAMS 0x0000000097800000, 0x0000000097800000| Complete 
| 377|0x0000000097900000, 0x0000000097a00000, 0x0000000097a00000|100%|HC|  |TAMS 0x0000000097900000, 0x0000000097900000| Complete 
| 378|0x0000000097a00000, 0x0000000097b00000, 0x0000000097b00000|100%|HS|  |TAMS 0x0000000097a00000, 0x0000000097a00000| Complete 
| 379|0x0000000097b00000, 0x0000000097c00000, 0x0000000097c00000|100%|HS|  |TAMS 0x0000000097b00000, 0x0000000097b00000| Complete 
| 380|0x0000000097c00000, 0x0000000097d00000, 0x0000000097d00000|100%|HC|  |TAMS 0x0000000097c00000, 0x0000000097c00000| Complete 
| 381|0x0000000097d00000, 0x0000000097e00000, 0x0000000097e00000|100%|HC|  |TAMS 0x0000000097d00000, 0x0000000097d00000| Complete 
| 382|0x0000000097e00000, 0x0000000097f00000, 0x0000000097f00000|100%|HC|  |TAMS 0x0000000097e00000, 0x0000000097e00000| Complete 
| 383|0x0000000097f00000, 0x0000000098000000, 0x0000000098000000|100%|HC|  |TAMS 0x0000000097f00000, 0x0000000097f00000| Complete 
| 384|0x0000000098000000, 0x0000000098100000, 0x0000000098100000|100%|HS|  |TAMS 0x0000000098000000, 0x0000000098000000| Complete 
| 385|0x0000000098100000, 0x0000000098200000, 0x0000000098200000|100%|HC|  |TAMS 0x0000000098100000, 0x0000000098100000| Complete 
| 386|0x0000000098200000, 0x0000000098300000, 0x0000000098300000|100%|HS|  |TAMS 0x0000000098200000, 0x0000000098200000| Complete 
| 387|0x0000000098300000, 0x0000000098400000, 0x0000000098400000|100%|HC|  |TAMS 0x0000000098300000, 0x0000000098300000| Complete 
| 388|0x0000000098400000, 0x0000000098500000, 0x0000000098500000|100%|HC|  |TAMS 0x0000000098400000, 0x0000000098400000| Complete 
| 389|0x0000000098500000, 0x0000000098600000, 0x0000000098600000|100%|HS|  |TAMS 0x0000000098500000, 0x0000000098500000| Complete 
| 390|0x0000000098600000, 0x0000000098700000, 0x0000000098700000|100%|HC|  |TAMS 0x0000000098600000, 0x0000000098600000| Complete 
| 391|0x0000000098700000, 0x0000000098700000, 0x0000000098800000|  0%| F|  |TAMS 0x0000000098700000, 0x0000000098700000| Untracked 
| 392|0x0000000098800000, 0x0000000098800000, 0x0000000098900000|  0%| F|  |TAMS 0x0000000098800000, 0x0000000098800000| Untracked 
| 393|0x0000000098900000, 0x0000000098900000, 0x0000000098a00000|  0%| F|  |TAMS 0x0000000098900000, 0x0000000098900000| Untracked 
| 394|0x0000000098a00000, 0x0000000098b00000, 0x0000000098b00000|100%|HS|  |TAMS 0x0000000098a00000, 0x0000000098a00000| Complete 
| 395|0x0000000098b00000, 0x0000000098b00000, 0x0000000098c00000|  0%| F|  |TAMS 0x0000000098b00000, 0x0000000098b00000| Untracked 
| 396|0x0000000098c00000, 0x0000000098c00000, 0x0000000098d00000|  0%| F|  |TAMS 0x0000000098c00000, 0x0000000098c00000| Untracked 
| 397|0x0000000098d00000, 0x0000000098d00000, 0x0000000098e00000|  0%| F|  |TAMS 0x0000000098d00000, 0x0000000098d00000| Untracked 
| 398|0x0000000098e00000, 0x0000000098f00000, 0x0000000098f00000|100%|HS|  |TAMS 0x0000000098e00000, 0x0000000098e00000| Complete 
| 399|0x0000000098f00000, 0x0000000099000000, 0x0000000099000000|100%|HS|  |TAMS 0x0000000098f00000, 0x0000000098f00000| Complete 
| 400|0x0000000099000000, 0x0000000099100000, 0x0000000099100000|100%|HC|  |TAMS 0x0000000099000000, 0x0000000099000000| Complete 
| 401|0x0000000099100000, 0x0000000099200000, 0x0000000099200000|100%|HC|  |TAMS 0x0000000099100000, 0x0000000099100000| Complete 
| 402|0x0000000099200000, 0x0000000099300000, 0x0000000099300000|100%|HC|  |TAMS 0x0000000099200000, 0x0000000099200000| Complete 
| 403|0x0000000099300000, 0x0000000099400000, 0x0000000099400000|100%|HS|  |TAMS 0x0000000099300000, 0x0000000099300000| Complete 
| 404|0x0000000099400000, 0x0000000099500000, 0x0000000099500000|100%|HC|  |TAMS 0x0000000099400000, 0x0000000099400000| Complete 
| 405|0x0000000099500000, 0x0000000099600000, 0x0000000099600000|100%|HC|  |TAMS 0x0000000099500000, 0x0000000099500000| Complete 
| 406|0x0000000099600000, 0x0000000099700000, 0x0000000099700000|100%|HC|  |TAMS 0x0000000099600000, 0x0000000099600000| Complete 
| 407|0x0000000099700000, 0x0000000099800000, 0x0000000099800000|100%|HC|  |TAMS 0x0000000099700000, 0x0000000099700000| Complete 
| 408|0x0000000099800000, 0x0000000099900000, 0x0000000099900000|100%|HC|  |TAMS 0x0000000099800000, 0x0000000099800000| Complete 
| 409|0x0000000099900000, 0x0000000099a00000, 0x0000000099a00000|100%|HC|  |TAMS 0x0000000099900000, 0x0000000099900000| Complete 
| 410|0x0000000099a00000, 0x0000000099b00000, 0x0000000099b00000|100%|HC|  |TAMS 0x0000000099a00000, 0x0000000099a00000| Complete 
| 411|0x0000000099b00000, 0x0000000099c00000, 0x0000000099c00000|100%|HC|  |TAMS 0x0000000099b00000, 0x0000000099b00000| Complete 
| 412|0x0000000099c00000, 0x0000000099d00000, 0x0000000099d00000|100%|HC|  |TAMS 0x0000000099c00000, 0x0000000099c00000| Complete 
| 413|0x0000000099d00000, 0x0000000099e00000, 0x0000000099e00000|100%|HC|  |TAMS 0x0000000099d00000, 0x0000000099d00000| Complete 
| 414|0x0000000099e00000, 0x0000000099f00000, 0x0000000099f00000|100%|HC|  |TAMS 0x0000000099e00000, 0x0000000099e00000| Complete 
| 415|0x0000000099f00000, 0x000000009a000000, 0x000000009a000000|100%|HC|  |TAMS 0x0000000099f00000, 0x0000000099f00000| Complete 
| 416|0x000000009a000000, 0x000000009a100000, 0x000000009a100000|100%|HC|  |TAMS 0x000000009a000000, 0x000000009a000000| Complete 
| 417|0x000000009a100000, 0x000000009a200000, 0x000000009a200000|100%|HC|  |TAMS 0x000000009a100000, 0x000000009a100000| Complete 
| 418|0x000000009a200000, 0x000000009a300000, 0x000000009a300000|100%|HC|  |TAMS 0x000000009a200000, 0x000000009a200000| Complete 
| 419|0x000000009a300000, 0x000000009a400000, 0x000000009a400000|100%|HC|  |TAMS 0x000000009a300000, 0x000000009a300000| Complete 
| 420|0x000000009a400000, 0x000000009a500000, 0x000000009a500000|100%|HC|  |TAMS 0x000000009a400000, 0x000000009a400000| Complete 
| 421|0x000000009a500000, 0x000000009a600000, 0x000000009a600000|100%|HC|  |TAMS 0x000000009a500000, 0x000000009a500000| Complete 
| 422|0x000000009a600000, 0x000000009a700000, 0x000000009a700000|100%|HC|  |TAMS 0x000000009a600000, 0x000000009a600000| Complete 
| 423|0x000000009a700000, 0x000000009a700000, 0x000000009a800000|  0%| F|  |TAMS 0x000000009a700000, 0x000000009a700000| Untracked 
| 424|0x000000009a800000, 0x000000009a800000, 0x000000009a900000|  0%| F|  |TAMS 0x000000009a800000, 0x000000009a800000| Untracked 
| 425|0x000000009a900000, 0x000000009aa00000, 0x000000009aa00000|100%|HS|  |TAMS 0x000000009a900000, 0x000000009a900000| Complete 
| 426|0x000000009aa00000, 0x000000009ab00000, 0x000000009ab00000|100%|HC|  |TAMS 0x000000009aa00000, 0x000000009aa00000| Complete 
| 427|0x000000009ab00000, 0x000000009ac00000, 0x000000009ac00000|100%|HC|  |TAMS 0x000000009ab00000, 0x000000009ab00000| Complete 
| 428|0x000000009ac00000, 0x000000009ad00000, 0x000000009ad00000|100%|HS|  |TAMS 0x000000009ac00000, 0x000000009ac00000| Complete 
| 429|0x000000009ad00000, 0x000000009ae00000, 0x000000009ae00000|100%|HC|  |TAMS 0x000000009ad00000, 0x000000009ad00000| Complete 
| 430|0x000000009ae00000, 0x000000009af00000, 0x000000009af00000|100%|HC|  |TAMS 0x000000009ae00000, 0x000000009ae00000| Complete 
| 431|0x000000009af00000, 0x000000009b000000, 0x000000009b000000|100%|HS|  |TAMS 0x000000009af00000, 0x000000009af00000| Complete 
| 432|0x000000009b000000, 0x000000009b100000, 0x000000009b100000|100%|HS|  |TAMS 0x000000009b000000, 0x000000009b000000| Complete 
| 433|0x000000009b100000, 0x000000009b200000, 0x000000009b200000|100%|HC|  |TAMS 0x000000009b100000, 0x000000009b100000| Complete 
| 434|0x000000009b200000, 0x000000009b300000, 0x000000009b300000|100%|HC|  |TAMS 0x000000009b200000, 0x000000009b200000| Complete 
| 435|0x000000009b300000, 0x000000009b400000, 0x000000009b400000|100%|HC|  |TAMS 0x000000009b300000, 0x000000009b300000| Complete 
| 436|0x000000009b400000, 0x000000009b500000, 0x000000009b500000|100%|HC|  |TAMS 0x000000009b400000, 0x000000009b400000| Complete 
| 437|0x000000009b500000, 0x000000009b600000, 0x000000009b600000|100%|HC|  |TAMS 0x000000009b500000, 0x000000009b500000| Complete 
| 438|0x000000009b600000, 0x000000009b700000, 0x000000009b700000|100%|HC|  |TAMS 0x000000009b600000, 0x000000009b600000| Complete 
| 439|0x000000009b700000, 0x000000009b800000, 0x000000009b800000|100%|HC|  |TAMS 0x000000009b700000, 0x000000009b700000| Complete 
| 440|0x000000009b800000, 0x000000009b900000, 0x000000009b900000|100%|HC|  |TAMS 0x000000009b800000, 0x000000009b800000| Complete 
| 441|0x000000009b900000, 0x000000009ba00000, 0x000000009ba00000|100%|HS|  |TAMS 0x000000009b900000, 0x000000009b900000| Complete 
| 442|0x000000009ba00000, 0x000000009bb00000, 0x000000009bb00000|100%|HC|  |TAMS 0x000000009ba00000, 0x000000009ba00000| Complete 
| 443|0x000000009bb00000, 0x000000009bc00000, 0x000000009bc00000|100%|HC|  |TAMS 0x000000009bb00000, 0x000000009bb00000| Complete 
| 444|0x000000009bc00000, 0x000000009bd00000, 0x000000009bd00000|100%|HC|  |TAMS 0x000000009bc00000, 0x000000009bc00000| Complete 
| 445|0x000000009bd00000, 0x000000009be00000, 0x000000009be00000|100%|HC|  |TAMS 0x000000009bd00000, 0x000000009bd00000| Complete 
| 446|0x000000009be00000, 0x000000009be00000, 0x000000009bf00000|  0%| F|  |TAMS 0x000000009be00000, 0x000000009be00000| Untracked 
| 447|0x000000009bf00000, 0x000000009bf00000, 0x000000009c000000|  0%| F|  |TAMS 0x000000009bf00000, 0x000000009bf00000| Untracked 
| 448|0x000000009c000000, 0x000000009c000000, 0x000000009c100000|  0%| F|  |TAMS 0x000000009c000000, 0x000000009c000000| Untracked 
| 449|0x000000009c100000, 0x000000009c100000, 0x000000009c200000|  0%| F|  |TAMS 0x000000009c100000, 0x000000009c100000| Untracked 
| 450|0x000000009c200000, 0x000000009c300000, 0x000000009c300000|100%|HS|  |TAMS 0x000000009c200000, 0x000000009c200000| Complete 
| 451|0x000000009c300000, 0x000000009c400000, 0x000000009c400000|100%|HC|  |TAMS 0x000000009c300000, 0x000000009c300000| Complete 
| 452|0x000000009c400000, 0x000000009c500000, 0x000000009c500000|100%|HC|  |TAMS 0x000000009c400000, 0x000000009c400000| Complete 
| 453|0x000000009c500000, 0x000000009c600000, 0x000000009c600000|100%|HC|  |TAMS 0x000000009c500000, 0x000000009c500000| Complete 
| 454|0x000000009c600000, 0x000000009c700000, 0x000000009c700000|100%|HC|  |TAMS 0x000000009c600000, 0x000000009c600000| Complete 
| 455|0x000000009c700000, 0x000000009c800000, 0x000000009c800000|100%|HC|  |TAMS 0x000000009c700000, 0x000000009c700000| Complete 
| 456|0x000000009c800000, 0x000000009c900000, 0x000000009c900000|100%|HC|  |TAMS 0x000000009c800000, 0x000000009c800000| Complete 
| 457|0x000000009c900000, 0x000000009ca00000, 0x000000009ca00000|100%|HS|  |TAMS 0x000000009c900000, 0x000000009c900000| Complete 
| 458|0x000000009ca00000, 0x000000009cb00000, 0x000000009cb00000|100%|HC|  |TAMS 0x000000009ca00000, 0x000000009ca00000| Complete 
| 459|0x000000009cb00000, 0x000000009cc00000, 0x000000009cc00000|100%|HC|  |TAMS 0x000000009cb00000, 0x000000009cb00000| Complete 
| 460|0x000000009cc00000, 0x000000009cd00000, 0x000000009cd00000|100%|HC|  |TAMS 0x000000009cc00000, 0x000000009cc00000| Complete 
| 461|0x000000009cd00000, 0x000000009ce00000, 0x000000009ce00000|100%|HC|  |TAMS 0x000000009cd00000, 0x000000009cd00000| Complete 
| 462|0x000000009ce00000, 0x000000009cf00000, 0x000000009cf00000|100%|HC|  |TAMS 0x000000009ce00000, 0x000000009ce00000| Complete 
| 463|0x000000009cf00000, 0x000000009d000000, 0x000000009d000000|100%|HC|  |TAMS 0x000000009cf00000, 0x000000009cf00000| Complete 
| 464|0x000000009d000000, 0x000000009d100000, 0x000000009d100000|100%|HC|  |TAMS 0x000000009d000000, 0x000000009d000000| Complete 
| 465|0x000000009d100000, 0x000000009d200000, 0x000000009d200000|100%|HC|  |TAMS 0x000000009d100000, 0x000000009d100000| Complete 
| 466|0x000000009d200000, 0x000000009d200000, 0x000000009d300000|  0%| F|  |TAMS 0x000000009d200000, 0x000000009d200000| Untracked 
| 467|0x000000009d300000, 0x000000009d300000, 0x000000009d400000|  0%| F|  |TAMS 0x000000009d300000, 0x000000009d300000| Untracked 
| 468|0x000000009d400000, 0x000000009d400000, 0x000000009d500000|  0%| F|  |TAMS 0x000000009d400000, 0x000000009d400000| Untracked 
| 469|0x000000009d500000, 0x000000009d500000, 0x000000009d600000|  0%| F|  |TAMS 0x000000009d500000, 0x000000009d500000| Untracked 
| 470|0x000000009d600000, 0x000000009d600000, 0x000000009d700000|  0%| F|  |TAMS 0x000000009d600000, 0x000000009d600000| Untracked 
| 471|0x000000009d700000, 0x000000009d700000, 0x000000009d800000|  0%| F|  |TAMS 0x000000009d700000, 0x000000009d700000| Untracked 
| 472|0x000000009d800000, 0x000000009d900000, 0x000000009d900000|100%|HS|  |TAMS 0x000000009d800000, 0x000000009d800000| Complete 
| 473|0x000000009d900000, 0x000000009da00000, 0x000000009da00000|100%|HC|  |TAMS 0x000000009d900000, 0x000000009d900000| Complete 
| 474|0x000000009da00000, 0x000000009db00000, 0x000000009db00000|100%|HS|  |TAMS 0x000000009da00000, 0x000000009da00000| Complete 
| 475|0x000000009db00000, 0x000000009dc00000, 0x000000009dc00000|100%|HC|  |TAMS 0x000000009db00000, 0x000000009db00000| Complete 
| 476|0x000000009dc00000, 0x000000009dc00000, 0x000000009dd00000|  0%| F|  |TAMS 0x000000009dc00000, 0x000000009dc00000| Untracked 
| 477|0x000000009dd00000, 0x000000009dd00000, 0x000000009de00000|  0%| F|  |TAMS 0x000000009dd00000, 0x000000009dd00000| Untracked 
| 478|0x000000009de00000, 0x000000009de00000, 0x000000009df00000|  0%| F|  |TAMS 0x000000009de00000, 0x000000009de00000| Untracked 
| 479|0x000000009df00000, 0x000000009e000000, 0x000000009e000000|100%|HS|  |TAMS 0x000000009df00000, 0x000000009df00000| Complete 
| 480|0x000000009e000000, 0x000000009e100000, 0x000000009e100000|100%|HS|  |TAMS 0x000000009e000000, 0x000000009e000000| Complete 
| 481|0x000000009e100000, 0x000000009e200000, 0x000000009e200000|100%|HC|  |TAMS 0x000000009e100000, 0x000000009e100000| Complete 
| 482|0x000000009e200000, 0x000000009e300000, 0x000000009e300000|100%|HC|  |TAMS 0x000000009e200000, 0x000000009e200000| Complete 
| 483|0x000000009e300000, 0x000000009e400000, 0x000000009e400000|100%|HC|  |TAMS 0x000000009e300000, 0x000000009e300000| Complete 
| 484|0x000000009e400000, 0x000000009e500000, 0x000000009e500000|100%|HC|  |TAMS 0x000000009e400000, 0x000000009e400000| Complete 
| 485|0x000000009e500000, 0x000000009e600000, 0x000000009e600000|100%|HC|  |TAMS 0x000000009e500000, 0x000000009e500000| Complete 
| 486|0x000000009e600000, 0x000000009e700000, 0x000000009e700000|100%|HC|  |TAMS 0x000000009e600000, 0x000000009e600000| Complete 
| 487|0x000000009e700000, 0x000000009e700000, 0x000000009e800000|  0%| F|  |TAMS 0x000000009e700000, 0x000000009e700000| Untracked 
| 488|0x000000009e800000, 0x000000009e800000, 0x000000009e900000|  0%| F|  |TAMS 0x000000009e800000, 0x000000009e800000| Untracked 
| 489|0x000000009e900000, 0x000000009ea00000, 0x000000009ea00000|100%|HS|  |TAMS 0x000000009e900000, 0x000000009e900000| Complete 
| 490|0x000000009ea00000, 0x000000009eb00000, 0x000000009eb00000|100%|HS|  |TAMS 0x000000009ea00000, 0x000000009ea00000| Complete 
| 491|0x000000009eb00000, 0x000000009ec00000, 0x000000009ec00000|100%|HC|  |TAMS 0x000000009eb00000, 0x000000009eb00000| Complete 
| 492|0x000000009ec00000, 0x000000009ed00000, 0x000000009ed00000|100%|HC|  |TAMS 0x000000009ec00000, 0x000000009ec00000| Complete 
| 493|0x000000009ed00000, 0x000000009ee00000, 0x000000009ee00000|100%|HC|  |TAMS 0x000000009ed00000, 0x000000009ed00000| Complete 
| 494|0x000000009ee00000, 0x000000009ef00000, 0x000000009ef00000|100%|HC|  |TAMS 0x000000009ee00000, 0x000000009ee00000| Complete 
| 495|0x000000009ef00000, 0x000000009f000000, 0x000000009f000000|100%|HC|  |TAMS 0x000000009ef00000, 0x000000009ef00000| Complete 
| 496|0x000000009f000000, 0x000000009f100000, 0x000000009f100000|100%|HC|  |TAMS 0x000000009f000000, 0x000000009f000000| Complete 
| 497|0x000000009f100000, 0x000000009f200000, 0x000000009f200000|100%|HC|  |TAMS 0x000000009f100000, 0x000000009f100000| Complete 
| 498|0x000000009f200000, 0x000000009f300000, 0x000000009f300000|100%|HC|  |TAMS 0x000000009f200000, 0x000000009f200000| Complete 
| 499|0x000000009f300000, 0x000000009f400000, 0x000000009f400000|100%|HC|  |TAMS 0x000000009f300000, 0x000000009f300000| Complete 
| 500|0x000000009f400000, 0x000000009f500000, 0x000000009f500000|100%|HC|  |TAMS 0x000000009f400000, 0x000000009f400000| Complete 
| 501|0x000000009f500000, 0x000000009f600000, 0x000000009f600000|100%|HC|  |TAMS 0x000000009f500000, 0x000000009f500000| Complete 
| 502|0x000000009f600000, 0x000000009f700000, 0x000000009f700000|100%|HC|  |TAMS 0x000000009f600000, 0x000000009f600000| Complete 
| 503|0x000000009f700000, 0x000000009f800000, 0x000000009f800000|100%|HS|  |TAMS 0x000000009f700000, 0x000000009f700000| Complete 
| 504|0x000000009f800000, 0x000000009f900000, 0x000000009f900000|100%|HC|  |TAMS 0x000000009f800000, 0x000000009f800000| Complete 
| 505|0x000000009f900000, 0x000000009fa00000, 0x000000009fa00000|100%|HC|  |TAMS 0x000000009f900000, 0x000000009f900000| Complete 
| 506|0x000000009fa00000, 0x000000009fb00000, 0x000000009fb00000|100%|HC|  |TAMS 0x000000009fa00000, 0x000000009fa00000| Complete 
| 507|0x000000009fb00000, 0x000000009fc00000, 0x000000009fc00000|100%|HC|  |TAMS 0x000000009fb00000, 0x000000009fb00000| Complete 
| 508|0x000000009fc00000, 0x000000009fd00000, 0x000000009fd00000|100%|HC|  |TAMS 0x000000009fc00000, 0x000000009fc00000| Complete 
| 509|0x000000009fd00000, 0x000000009fe00000, 0x000000009fe00000|100%|HC|  |TAMS 0x000000009fd00000, 0x000000009fd00000| Complete 
| 510|0x000000009fe00000, 0x000000009ff00000, 0x000000009ff00000|100%|HC|  |TAMS 0x000000009fe00000, 0x000000009fe00000| Complete 
| 511|0x000000009ff00000, 0x00000000a0000000, 0x00000000a0000000|100%|HC|  |TAMS 0x000000009ff00000, 0x000000009ff00000| Complete 
| 512|0x00000000a0000000, 0x00000000a0100000, 0x00000000a0100000|100%|HC|  |TAMS 0x00000000a0000000, 0x00000000a0000000| Complete 
| 513|0x00000000a0100000, 0x00000000a0200000, 0x00000000a0200000|100%|HC|  |TAMS 0x00000000a0100000, 0x00000000a0100000| Complete 
| 514|0x00000000a0200000, 0x00000000a0300000, 0x00000000a0300000|100%|HC|  |TAMS 0x00000000a0200000, 0x00000000a0200000| Complete 
| 515|0x00000000a0300000, 0x00000000a0400000, 0x00000000a0400000|100%|HC|  |TAMS 0x00000000a0300000, 0x00000000a0300000| Complete 
| 516|0x00000000a0400000, 0x00000000a0500000, 0x00000000a0500000|100%|HC|  |TAMS 0x00000000a0400000, 0x00000000a0400000| Complete 
| 517|0x00000000a0500000, 0x00000000a0600000, 0x00000000a0600000|100%|HC|  |TAMS 0x00000000a0500000, 0x00000000a0500000| Complete 
| 518|0x00000000a0600000, 0x00000000a0700000, 0x00000000a0700000|100%|HC|  |TAMS 0x00000000a0600000, 0x00000000a0600000| Complete 
| 519|0x00000000a0700000, 0x00000000a0800000, 0x00000000a0800000|100%|HC|  |TAMS 0x00000000a0700000, 0x00000000a0700000| Complete 
| 520|0x00000000a0800000, 0x00000000a0800000, 0x00000000a0900000|  0%| F|  |TAMS 0x00000000a0800000, 0x00000000a0800000| Untracked 
| 521|0x00000000a0900000, 0x00000000a0900000, 0x00000000a0a00000|  0%| F|  |TAMS 0x00000000a0900000, 0x00000000a0900000| Untracked 
| 522|0x00000000a0a00000, 0x00000000a0a00000, 0x00000000a0b00000|  0%| F|  |TAMS 0x00000000a0a00000, 0x00000000a0a00000| Untracked 
| 523|0x00000000a0b00000, 0x00000000a0c00000, 0x00000000a0c00000|100%|HS|  |TAMS 0x00000000a0b00000, 0x00000000a0b00000| Complete 
| 524|0x00000000a0c00000, 0x00000000a0c00000, 0x00000000a0d00000|  0%| F|  |TAMS 0x00000000a0c00000, 0x00000000a0c00000| Untracked 
| 525|0x00000000a0d00000, 0x00000000a0d00000, 0x00000000a0e00000|  0%| F|  |TAMS 0x00000000a0d00000, 0x00000000a0d00000| Untracked 
| 526|0x00000000a0e00000, 0x00000000a0e00000, 0x00000000a0f00000|  0%| F|  |TAMS 0x00000000a0e00000, 0x00000000a0e00000| Untracked 
| 527|0x00000000a0f00000, 0x00000000a1000000, 0x00000000a1000000|100%|HS|  |TAMS 0x00000000a0f00000, 0x00000000a0f00000| Complete 
| 528|0x00000000a1000000, 0x00000000a1100000, 0x00000000a1100000|100%| O|  |TAMS 0x00000000a1000000, 0x00000000a1000000| Untracked 
| 529|0x00000000a1100000, 0x00000000a1200000, 0x00000000a1200000|100%|HS|  |TAMS 0x00000000a1100000, 0x00000000a1100000| Complete 
| 530|0x00000000a1200000, 0x00000000a1300000, 0x00000000a1300000|100%|HC|  |TAMS 0x00000000a1200000, 0x00000000a1200000| Complete 
| 531|0x00000000a1300000, 0x00000000a1400000, 0x00000000a1400000|100%|HC|  |TAMS 0x00000000a1300000, 0x00000000a1300000| Complete 
| 532|0x00000000a1400000, 0x00000000a1500000, 0x00000000a1500000|100%|HC|  |TAMS 0x00000000a1400000, 0x00000000a1400000| Complete 
| 533|0x00000000a1500000, 0x00000000a1600000, 0x00000000a1600000|100%|HC|  |TAMS 0x00000000a1500000, 0x00000000a1500000| Complete 
| 534|0x00000000a1600000, 0x00000000a1700000, 0x00000000a1700000|100%|HC|  |TAMS 0x00000000a1600000, 0x00000000a1600000| Complete 
| 535|0x00000000a1700000, 0x00000000a1800000, 0x00000000a1800000|100%|HC|  |TAMS 0x00000000a1700000, 0x00000000a1700000| Complete 
| 536|0x00000000a1800000, 0x00000000a1900000, 0x00000000a1900000|100%|HC|  |TAMS 0x00000000a1800000, 0x00000000a1800000| Complete 
| 537|0x00000000a1900000, 0x00000000a1a00000, 0x00000000a1a00000|100%|HC|  |TAMS 0x00000000a1900000, 0x00000000a1900000| Complete 
| 538|0x00000000a1a00000, 0x00000000a1b00000, 0x00000000a1b00000|100%|HC|  |TAMS 0x00000000a1a00000, 0x00000000a1a00000| Complete 
| 539|0x00000000a1b00000, 0x00000000a1c00000, 0x00000000a1c00000|100%|HC|  |TAMS 0x00000000a1b00000, 0x00000000a1b00000| Complete 
| 540|0x00000000a1c00000, 0x00000000a1d00000, 0x00000000a1d00000|100%|HC|  |TAMS 0x00000000a1c00000, 0x00000000a1c00000| Complete 
| 541|0x00000000a1d00000, 0x00000000a1e00000, 0x00000000a1e00000|100%|HC|  |TAMS 0x00000000a1d00000, 0x00000000a1d00000| Complete 
| 542|0x00000000a1e00000, 0x00000000a1f00000, 0x00000000a1f00000|100%|HC|  |TAMS 0x00000000a1e00000, 0x00000000a1e00000| Complete 
| 543|0x00000000a1f00000, 0x00000000a2000000, 0x00000000a2000000|100%|HC|  |TAMS 0x00000000a1f00000, 0x00000000a1f00000| Complete 
| 544|0x00000000a2000000, 0x00000000a2100000, 0x00000000a2100000|100%|HC|  |TAMS 0x00000000a2000000, 0x00000000a2000000| Complete 
| 545|0x00000000a2100000, 0x00000000a2200000, 0x00000000a2200000|100%|HC|  |TAMS 0x00000000a2100000, 0x00000000a2100000| Complete 
| 546|0x00000000a2200000, 0x00000000a2300000, 0x00000000a2300000|100%|HC|  |TAMS 0x00000000a2200000, 0x00000000a2200000| Complete 
| 547|0x00000000a2300000, 0x00000000a2400000, 0x00000000a2400000|100%|HC|  |TAMS 0x00000000a2300000, 0x00000000a2300000| Complete 
| 548|0x00000000a2400000, 0x00000000a2500000, 0x00000000a2500000|100%|HC|  |TAMS 0x00000000a2400000, 0x00000000a2400000| Complete 
| 549|0x00000000a2500000, 0x00000000a2600000, 0x00000000a2600000|100%|HC|  |TAMS 0x00000000a2500000, 0x00000000a2500000| Complete 
| 550|0x00000000a2600000, 0x00000000a2700000, 0x00000000a2700000|100%|HC|  |TAMS 0x00000000a2600000, 0x00000000a2600000| Complete 
| 551|0x00000000a2700000, 0x00000000a2800000, 0x00000000a2800000|100%|HC|  |TAMS 0x00000000a2700000, 0x00000000a2700000| Complete 
| 552|0x00000000a2800000, 0x00000000a2900000, 0x00000000a2900000|100%|HC|  |TAMS 0x00000000a2800000, 0x00000000a2800000| Complete 
| 553|0x00000000a2900000, 0x00000000a2a00000, 0x00000000a2a00000|100%|HC|  |TAMS 0x00000000a2900000, 0x00000000a2900000| Complete 
| 554|0x00000000a2a00000, 0x00000000a2b00000, 0x00000000a2b00000|100%|HC|  |TAMS 0x00000000a2a00000, 0x00000000a2a00000| Complete 
| 555|0x00000000a2b00000, 0x00000000a2c00000, 0x00000000a2c00000|100%|HC|  |TAMS 0x00000000a2b00000, 0x00000000a2b00000| Complete 
| 556|0x00000000a2c00000, 0x00000000a2d00000, 0x00000000a2d00000|100%|HC|  |TAMS 0x00000000a2c00000, 0x00000000a2c00000| Complete 
| 557|0x00000000a2d00000, 0x00000000a2e00000, 0x00000000a2e00000|100%|HC|  |TAMS 0x00000000a2d00000, 0x00000000a2d00000| Complete 
| 558|0x00000000a2e00000, 0x00000000a2f00000, 0x00000000a2f00000|100%|HC|  |TAMS 0x00000000a2e00000, 0x00000000a2e00000| Complete 
| 559|0x00000000a2f00000, 0x00000000a3000000, 0x00000000a3000000|100%|HC|  |TAMS 0x00000000a2f00000, 0x00000000a2f00000| Complete 
| 560|0x00000000a3000000, 0x00000000a3100000, 0x00000000a3100000|100%|HC|  |TAMS 0x00000000a3000000, 0x00000000a3000000| Complete 
| 561|0x00000000a3100000, 0x00000000a3200000, 0x00000000a3200000|100%|HC|  |TAMS 0x00000000a3100000, 0x00000000a3100000| Complete 
| 562|0x00000000a3200000, 0x00000000a3200000, 0x00000000a3300000|  0%| F|  |TAMS 0x00000000a3200000, 0x00000000a3200000| Untracked 
| 563|0x00000000a3300000, 0x00000000a3300000, 0x00000000a3400000|  0%| F|  |TAMS 0x00000000a3300000, 0x00000000a3300000| Untracked 
| 564|0x00000000a3400000, 0x00000000a3400000, 0x00000000a3500000|  0%| F|  |TAMS 0x00000000a3400000, 0x00000000a3400000| Untracked 
| 565|0x00000000a3500000, 0x00000000a3500000, 0x00000000a3600000|  0%| F|  |TAMS 0x00000000a3500000, 0x00000000a3500000| Untracked 
| 566|0x00000000a3600000, 0x00000000a3600000, 0x00000000a3700000|  0%| F|  |TAMS 0x00000000a3600000, 0x00000000a3600000| Untracked 
| 567|0x00000000a3700000, 0x00000000a3700000, 0x00000000a3800000|  0%| F|  |TAMS 0x00000000a3700000, 0x00000000a3700000| Untracked 
| 568|0x00000000a3800000, 0x00000000a3800000, 0x00000000a3900000|  0%| F|  |TAMS 0x00000000a3800000, 0x00000000a3800000| Untracked 
| 569|0x00000000a3900000, 0x00000000a3a00000, 0x00000000a3a00000|100%| O|  |TAMS 0x00000000a3900000, 0x00000000a3900000| Untracked 
| 570|0x00000000a3a00000, 0x00000000a3b00000, 0x00000000a3b00000|100%|HS|  |TAMS 0x00000000a3a00000, 0x00000000a3a00000| Complete 
| 571|0x00000000a3b00000, 0x00000000a3c00000, 0x00000000a3c00000|100%|HC|  |TAMS 0x00000000a3b00000, 0x00000000a3b00000| Complete 
| 572|0x00000000a3c00000, 0x00000000a3d00000, 0x00000000a3d00000|100%|HC|  |TAMS 0x00000000a3c00000, 0x00000000a3c00000| Complete 
| 573|0x00000000a3d00000, 0x00000000a3e00000, 0x00000000a3e00000|100%|HC|  |TAMS 0x00000000a3d00000, 0x00000000a3d00000| Complete 
| 574|0x00000000a3e00000, 0x00000000a3e00000, 0x00000000a3f00000|  0%| F|  |TAMS 0x00000000a3e00000, 0x00000000a3e00000| Untracked 
| 575|0x00000000a3f00000, 0x00000000a3f00000, 0x00000000a4000000|  0%| F|  |TAMS 0x00000000a3f00000, 0x00000000a3f00000| Untracked 
| 576|0x00000000a4000000, 0x00000000a4000000, 0x00000000a4100000|  0%| F|  |TAMS 0x00000000a4000000, 0x00000000a4000000| Untracked 
| 577|0x00000000a4100000, 0x00000000a4100000, 0x00000000a4200000|  0%| F|  |TAMS 0x00000000a4100000, 0x00000000a4100000| Untracked 
| 578|0x00000000a4200000, 0x00000000a4200000, 0x00000000a4300000|  0%| F|  |TAMS 0x00000000a4200000, 0x00000000a4200000| Untracked 
| 579|0x00000000a4300000, 0x00000000a4400000, 0x00000000a4400000|100%|HS|  |TAMS 0x00000000a4300000, 0x00000000a4300000| Complete 
| 580|0x00000000a4400000, 0x00000000a4500000, 0x00000000a4500000|100%|HC|  |TAMS 0x00000000a4400000, 0x00000000a4400000| Complete 
| 581|0x00000000a4500000, 0x00000000a4600000, 0x00000000a4600000|100%|HC|  |TAMS 0x00000000a4500000, 0x00000000a4500000| Complete 
| 582|0x00000000a4600000, 0x00000000a4600000, 0x00000000a4700000|  0%| F|  |TAMS 0x00000000a4600000, 0x00000000a4600000| Untracked 
| 583|0x00000000a4700000, 0x00000000a4796200, 0x00000000a4800000| 58%| O|  |TAMS 0x00000000a4700000, 0x00000000a4700000| Untracked 
| 584|0x00000000a4800000, 0x00000000a4800000, 0x00000000a4900000|  0%| F|  |TAMS 0x00000000a4800000, 0x00000000a4800000| Untracked 
| 585|0x00000000a4900000, 0x00000000a4a00000, 0x00000000a4a00000|100%|HS|  |TAMS 0x00000000a4900000, 0x00000000a4900000| Complete 
| 586|0x00000000a4a00000, 0x00000000a4b00000, 0x00000000a4b00000|100%|HC|  |TAMS 0x00000000a4a00000, 0x00000000a4a00000| Complete 
| 587|0x00000000a4b00000, 0x00000000a4c00000, 0x00000000a4c00000|100%|HC|  |TAMS 0x00000000a4b00000, 0x00000000a4b00000| Complete 
| 588|0x00000000a4c00000, 0x00000000a4c00000, 0x00000000a4d00000|  0%| F|  |TAMS 0x00000000a4c00000, 0x00000000a4c00000| Untracked 
| 589|0x00000000a4d00000, 0x00000000a4d00000, 0x00000000a4e00000|  0%| F|  |TAMS 0x00000000a4d00000, 0x00000000a4d00000| Untracked 
| 590|0x00000000a4e00000, 0x00000000a4e00000, 0x00000000a4f00000|  0%| F|  |TAMS 0x00000000a4e00000, 0x00000000a4e00000| Untracked 
| 591|0x00000000a4f00000, 0x00000000a4f00000, 0x00000000a5000000|  0%| F|  |TAMS 0x00000000a4f00000, 0x00000000a4f00000| Untracked 
| 592|0x00000000a5000000, 0x00000000a5000000, 0x00000000a5100000|  0%| F|  |TAMS 0x00000000a5000000, 0x00000000a5000000| Untracked 
| 593|0x00000000a5100000, 0x00000000a5100000, 0x00000000a5200000|  0%| F|  |TAMS 0x00000000a5100000, 0x00000000a5100000| Untracked 
| 594|0x00000000a5200000, 0x00000000a5200000, 0x00000000a5300000|  0%| F|  |TAMS 0x00000000a5200000, 0x00000000a5200000| Untracked 
| 595|0x00000000a5300000, 0x00000000a5300000, 0x00000000a5400000|  0%| F|  |TAMS 0x00000000a5300000, 0x00000000a5300000| Untracked 
| 596|0x00000000a5400000, 0x00000000a5500000, 0x00000000a5500000|100%|HS|  |TAMS 0x00000000a5400000, 0x00000000a5400000| Complete 
| 597|0x00000000a5500000, 0x00000000a5600000, 0x00000000a5600000|100%|HC|  |TAMS 0x00000000a5500000, 0x00000000a5500000| Complete 
| 598|0x00000000a5600000, 0x00000000a5700000, 0x00000000a5700000|100%|HC|  |TAMS 0x00000000a5600000, 0x00000000a5600000| Complete 
| 599|0x00000000a5700000, 0x00000000a5700000, 0x00000000a5800000|  0%| F|  |TAMS 0x00000000a5700000, 0x00000000a5700000| Untracked 
| 600|0x00000000a5800000, 0x00000000a5800000, 0x00000000a5900000|  0%| F|  |TAMS 0x00000000a5800000, 0x00000000a5800000| Untracked 
| 601|0x00000000a5900000, 0x00000000a5900000, 0x00000000a5a00000|  0%| F|  |TAMS 0x00000000a5900000, 0x00000000a5900000| Untracked 
| 602|0x00000000a5a00000, 0x00000000a5a00000, 0x00000000a5b00000|  0%| F|  |TAMS 0x00000000a5a00000, 0x00000000a5a00000| Untracked 
| 603|0x00000000a5b00000, 0x00000000a5b00000, 0x00000000a5c00000|  0%| F|  |TAMS 0x00000000a5b00000, 0x00000000a5b00000| Untracked 
| 604|0x00000000a5c00000, 0x00000000a5c00000, 0x00000000a5d00000|  0%| F|  |TAMS 0x00000000a5c00000, 0x00000000a5c00000| Untracked 
| 605|0x00000000a5d00000, 0x00000000a5d00000, 0x00000000a5e00000|  0%| F|  |TAMS 0x00000000a5d00000, 0x00000000a5d00000| Untracked 
| 606|0x00000000a5e00000, 0x00000000a5e00000, 0x00000000a5f00000|  0%| F|  |TAMS 0x00000000a5e00000, 0x00000000a5e00000| Untracked 
| 607|0x00000000a5f00000, 0x00000000a5f00000, 0x00000000a6000000|  0%| F|  |TAMS 0x00000000a5f00000, 0x00000000a5f00000| Untracked 
| 608|0x00000000a6000000, 0x00000000a6000000, 0x00000000a6100000|  0%| F|  |TAMS 0x00000000a6000000, 0x00000000a6000000| Untracked 
| 609|0x00000000a6100000, 0x00000000a6200000, 0x00000000a6200000|100%|HS|  |TAMS 0x00000000a6100000, 0x00000000a6100000| Complete 
| 610|0x00000000a6200000, 0x00000000a6300000, 0x00000000a6300000|100%|HC|  |TAMS 0x00000000a6200000, 0x00000000a6200000| Complete 
| 611|0x00000000a6300000, 0x00000000a6400000, 0x00000000a6400000|100%|HC|  |TAMS 0x00000000a6300000, 0x00000000a6300000| Complete 
| 612|0x00000000a6400000, 0x00000000a6400000, 0x00000000a6500000|  0%| F|  |TAMS 0x00000000a6400000, 0x00000000a6400000| Untracked 
| 613|0x00000000a6500000, 0x00000000a6500000, 0x00000000a6600000|  0%| F|  |TAMS 0x00000000a6500000, 0x00000000a6500000| Untracked 
| 614|0x00000000a6600000, 0x00000000a6600000, 0x00000000a6700000|  0%| F|  |TAMS 0x00000000a6600000, 0x00000000a6600000| Untracked 
| 615|0x00000000a6700000, 0x00000000a6700000, 0x00000000a6800000|  0%| F|  |TAMS 0x00000000a6700000, 0x00000000a6700000| Untracked 
| 616|0x00000000a6800000, 0x00000000a6800000, 0x00000000a6900000|  0%| F|  |TAMS 0x00000000a6800000, 0x00000000a6800000| Untracked 
| 617|0x00000000a6900000, 0x00000000a6900000, 0x00000000a6a00000|  0%| F|  |TAMS 0x00000000a6900000, 0x00000000a6900000| Untracked 
| 618|0x00000000a6a00000, 0x00000000a6a00000, 0x00000000a6b00000|  0%| F|  |TAMS 0x00000000a6a00000, 0x00000000a6a00000| Untracked 
| 619|0x00000000a6b00000, 0x00000000a6b00000, 0x00000000a6c00000|  0%| F|  |TAMS 0x00000000a6b00000, 0x00000000a6b00000| Untracked 
| 620|0x00000000a6c00000, 0x00000000a6c00000, 0x00000000a6d00000|  0%| F|  |TAMS 0x00000000a6c00000, 0x00000000a6c00000| Untracked 
| 621|0x00000000a6d00000, 0x00000000a6e00000, 0x00000000a6e00000|100%|HS|  |TAMS 0x00000000a6d00000, 0x00000000a6d00000| Complete 
| 622|0x00000000a6e00000, 0x00000000a6f00000, 0x00000000a6f00000|100%|HC|  |TAMS 0x00000000a6e00000, 0x00000000a6e00000| Complete 
| 623|0x00000000a6f00000, 0x00000000a7000000, 0x00000000a7000000|100%|HC|  |TAMS 0x00000000a6f00000, 0x00000000a6f00000| Complete 
| 624|0x00000000a7000000, 0x00000000a7100000, 0x00000000a7100000|100%|HC|  |TAMS 0x00000000a7000000, 0x00000000a7000000| Complete 
| 625|0x00000000a7100000, 0x00000000a7200000, 0x00000000a7200000|100%|HC|  |TAMS 0x00000000a7100000, 0x00000000a7100000| Complete 
| 626|0x00000000a7200000, 0x00000000a7300000, 0x00000000a7300000|100%|HC|  |TAMS 0x00000000a7200000, 0x00000000a7200000| Complete 
| 627|0x00000000a7300000, 0x00000000a7400000, 0x00000000a7400000|100%|HC|  |TAMS 0x00000000a7300000, 0x00000000a7300000| Complete 
| 628|0x00000000a7400000, 0x00000000a7448a58, 0x00000000a7500000| 28%| S|CS|TAMS 0x00000000a7400000, 0x00000000a7400000| Complete 
| 629|0x00000000a7500000, 0x00000000a7500000, 0x00000000a7600000|  0%| F|  |TAMS 0x00000000a7500000, 0x00000000a7500000| Untracked 
| 630|0x00000000a7600000, 0x00000000a7600000, 0x00000000a7700000|  0%| F|  |TAMS 0x00000000a7600000, 0x00000000a7600000| Untracked 
| 631|0x00000000a7700000, 0x00000000a7700000, 0x00000000a7800000|  0%| F|  |TAMS 0x00000000a7700000, 0x00000000a7700000| Untracked 
| 632|0x00000000a7800000, 0x00000000a7900000, 0x00000000a7900000|100%| O|  |TAMS 0x00000000a7800000, 0x00000000a7800000| Untracked 
| 633|0x00000000a7900000, 0x00000000a7a00000, 0x00000000a7a00000|100%|HS|  |TAMS 0x00000000a7900000, 0x00000000a7900000| Complete 
| 634|0x00000000a7a00000, 0x00000000a7b00000, 0x00000000a7b00000|100%|HC|  |TAMS 0x00000000a7a00000, 0x00000000a7a00000| Complete 
| 635|0x00000000a7b00000, 0x00000000a7c00000, 0x00000000a7c00000|100%|HC|  |TAMS 0x00000000a7b00000, 0x00000000a7b00000| Complete 
| 636|0x00000000a7c00000, 0x00000000a7d00000, 0x00000000a7d00000|100%|HC|  |TAMS 0x00000000a7c00000, 0x00000000a7c00000| Complete 
| 637|0x00000000a7d00000, 0x00000000a7e00000, 0x00000000a7e00000|100%|HC|  |TAMS 0x00000000a7d00000, 0x00000000a7d00000| Complete 
| 638|0x00000000a7e00000, 0x00000000a7f00000, 0x00000000a7f00000|100%|HC|  |TAMS 0x00000000a7e00000, 0x00000000a7e00000| Complete 
| 639|0x00000000a7f00000, 0x00000000a8000000, 0x00000000a8000000|100%|HC|  |TAMS 0x00000000a7f00000, 0x00000000a7f00000| Complete 
| 640|0x00000000a8000000, 0x00000000a8100000, 0x00000000a8100000|100%|HC|  |TAMS 0x00000000a8000000, 0x00000000a8000000| Complete 
| 641|0x00000000a8100000, 0x00000000a8200000, 0x00000000a8200000|100%|HC|  |TAMS 0x00000000a8100000, 0x00000000a8100000| Complete 
| 642|0x00000000a8200000, 0x00000000a8300000, 0x00000000a8300000|100%|HC|  |TAMS 0x00000000a8200000, 0x00000000a8200000| Complete 
| 643|0x00000000a8300000, 0x00000000a8400000, 0x00000000a8400000|100%|HC|  |TAMS 0x00000000a8300000, 0x00000000a8300000| Complete 
| 644|0x00000000a8400000, 0x00000000a8500000, 0x00000000a8500000|100%|HC|  |TAMS 0x00000000a8400000, 0x00000000a8400000| Complete 
| 645|0x00000000a8500000, 0x00000000a8600000, 0x00000000a8600000|100%|HC|  |TAMS 0x00000000a8500000, 0x00000000a8500000| Complete 
| 646|0x00000000a8600000, 0x00000000a8700000, 0x00000000a8700000|100%|HC|  |TAMS 0x00000000a8600000, 0x00000000a8600000| Complete 
| 647|0x00000000a8700000, 0x00000000a8800000, 0x00000000a8800000|100%|HC|  |TAMS 0x00000000a8700000, 0x00000000a8700000| Complete 
| 648|0x00000000a8800000, 0x00000000a8900000, 0x00000000a8900000|100%|HC|  |TAMS 0x00000000a8800000, 0x00000000a8800000| Complete 
| 649|0x00000000a8900000, 0x00000000a8a00000, 0x00000000a8a00000|100%|HC|  |TAMS 0x00000000a8900000, 0x00000000a8900000| Complete 
| 650|0x00000000a8a00000, 0x00000000a8b00000, 0x00000000a8b00000|100%|HC|  |TAMS 0x00000000a8a00000, 0x00000000a8a00000| Complete 
| 651|0x00000000a8b00000, 0x00000000a8c00000, 0x00000000a8c00000|100%|HC|  |TAMS 0x00000000a8b00000, 0x00000000a8b00000| Complete 
| 652|0x00000000a8c00000, 0x00000000a8d00000, 0x00000000a8d00000|100%|HC|  |TAMS 0x00000000a8c00000, 0x00000000a8c00000| Complete 
| 653|0x00000000a8d00000, 0x00000000a8d00000, 0x00000000a8e00000|  0%| F|  |TAMS 0x00000000a8d00000, 0x00000000a8d00000| Untracked 
| 654|0x00000000a8e00000, 0x00000000a8e00000, 0x00000000a8f00000|  0%| F|  |TAMS 0x00000000a8e00000, 0x00000000a8e00000| Untracked 
| 655|0x00000000a8f00000, 0x00000000a8f00000, 0x00000000a9000000|  0%| F|  |TAMS 0x00000000a8f00000, 0x00000000a8f00000| Untracked 
| 656|0x00000000a9000000, 0x00000000a9000000, 0x00000000a9100000|  0%| F|  |TAMS 0x00000000a9000000, 0x00000000a9000000| Untracked 
| 657|0x00000000a9100000, 0x00000000a9100000, 0x00000000a9200000|  0%| F|  |TAMS 0x00000000a9100000, 0x00000000a9100000| Untracked 
| 658|0x00000000a9200000, 0x00000000a9200000, 0x00000000a9300000|  0%| F|  |TAMS 0x00000000a9200000, 0x00000000a9200000| Untracked 
| 659|0x00000000a9300000, 0x00000000a9300000, 0x00000000a9400000|  0%| F|  |TAMS 0x00000000a9300000, 0x00000000a9300000| Untracked 
| 660|0x00000000a9400000, 0x00000000a9400000, 0x00000000a9500000|  0%| F|  |TAMS 0x00000000a9400000, 0x00000000a9400000| Untracked 
| 661|0x00000000a9500000, 0x00000000a9600000, 0x00000000a9600000|100%| S|CS|TAMS 0x00000000a9500000, 0x00000000a9500000| Complete 
| 662|0x00000000a9600000, 0x00000000a9600000, 0x00000000a9700000|  0%| F|  |TAMS 0x00000000a9600000, 0x00000000a9600000| Untracked 
| 663|0x00000000a9700000, 0x00000000a9700000, 0x00000000a9800000|  0%| F|  |TAMS 0x00000000a9700000, 0x00000000a9700000| Untracked 
| 664|0x00000000a9800000, 0x00000000a9800000, 0x00000000a9900000|  0%| F|  |TAMS 0x00000000a9800000, 0x00000000a9800000| Untracked 
| 665|0x00000000a9900000, 0x00000000a9900000, 0x00000000a9a00000|  0%| F|  |TAMS 0x00000000a9900000, 0x00000000a9900000| Untracked 
| 666|0x00000000a9a00000, 0x00000000a9a00000, 0x00000000a9b00000|  0%| F|  |TAMS 0x00000000a9a00000, 0x00000000a9a00000| Untracked 
| 667|0x00000000a9b00000, 0x00000000a9b00000, 0x00000000a9c00000|  0%| F|  |TAMS 0x00000000a9b00000, 0x00000000a9b00000| Untracked 
| 668|0x00000000a9c00000, 0x00000000a9c00000, 0x00000000a9d00000|  0%| F|  |TAMS 0x00000000a9c00000, 0x00000000a9c00000| Untracked 
| 669|0x00000000a9d00000, 0x00000000a9d00000, 0x00000000a9e00000|  0%| F|  |TAMS 0x00000000a9d00000, 0x00000000a9d00000| Untracked 
| 670|0x00000000a9e00000, 0x00000000a9e00000, 0x00000000a9f00000|  0%| F|  |TAMS 0x00000000a9e00000, 0x00000000a9e00000| Untracked 
| 671|0x00000000a9f00000, 0x00000000a9f00000, 0x00000000aa000000|  0%| F|  |TAMS 0x00000000a9f00000, 0x00000000a9f00000| Untracked 
| 672|0x00000000aa000000, 0x00000000aa000000, 0x00000000aa100000|  0%| F|  |TAMS 0x00000000aa000000, 0x00000000aa000000| Untracked 
| 673|0x00000000aa100000, 0x00000000aa100000, 0x00000000aa200000|  0%| F|  |TAMS 0x00000000aa100000, 0x00000000aa100000| Untracked 
| 674|0x00000000aa200000, 0x00000000aa200000, 0x00000000aa300000|  0%| F|  |TAMS 0x00000000aa200000, 0x00000000aa200000| Untracked 
| 675|0x00000000aa300000, 0x00000000aa400000, 0x00000000aa400000|100%|HS|  |TAMS 0x00000000aa300000, 0x00000000aa300000| Complete 
| 676|0x00000000aa400000, 0x00000000aa500000, 0x00000000aa500000|100%|HC|  |TAMS 0x00000000aa400000, 0x00000000aa400000| Complete 
| 677|0x00000000aa500000, 0x00000000aa600000, 0x00000000aa600000|100%|HC|  |TAMS 0x00000000aa500000, 0x00000000aa500000| Complete 
| 678|0x00000000aa600000, 0x00000000aa700000, 0x00000000aa700000|100%|HC|  |TAMS 0x00000000aa600000, 0x00000000aa600000| Complete 
| 679|0x00000000aa700000, 0x00000000aa800000, 0x00000000aa800000|100%|HC|  |TAMS 0x00000000aa700000, 0x00000000aa700000| Complete 
| 680|0x00000000aa800000, 0x00000000aa900000, 0x00000000aa900000|100%|HS|  |TAMS 0x00000000aa800000, 0x00000000aa800000| Complete 
| 681|0x00000000aa900000, 0x00000000aaa00000, 0x00000000aaa00000|100%|HC|  |TAMS 0x00000000aa900000, 0x00000000aa900000| Complete 
| 682|0x00000000aaa00000, 0x00000000aab00000, 0x00000000aab00000|100%|HC|  |TAMS 0x00000000aaa00000, 0x00000000aaa00000| Complete 
| 683|0x00000000aab00000, 0x00000000aac00000, 0x00000000aac00000|100%|HC|  |TAMS 0x00000000aab00000, 0x00000000aab00000| Complete 
| 684|0x00000000aac00000, 0x00000000aad00000, 0x00000000aad00000|100%|HS|  |TAMS 0x00000000aac00000, 0x00000000aac00000| Complete 
| 685|0x00000000aad00000, 0x00000000aae00000, 0x00000000aae00000|100%|HC|  |TAMS 0x00000000aad00000, 0x00000000aad00000| Complete 
| 686|0x00000000aae00000, 0x00000000aaf00000, 0x00000000aaf00000|100%|HC|  |TAMS 0x00000000aae00000, 0x00000000aae00000| Complete 
| 687|0x00000000aaf00000, 0x00000000ab000000, 0x00000000ab000000|100%|HC|  |TAMS 0x00000000aaf00000, 0x00000000aaf00000| Complete 
| 688|0x00000000ab000000, 0x00000000ab100000, 0x00000000ab100000|100%|HC|  |TAMS 0x00000000ab000000, 0x00000000ab000000| Complete 
| 689|0x00000000ab100000, 0x00000000ab200000, 0x00000000ab200000|100%|HC|  |TAMS 0x00000000ab100000, 0x00000000ab100000| Complete 
| 690|0x00000000ab200000, 0x00000000ab300000, 0x00000000ab300000|100%|HC|  |TAMS 0x00000000ab200000, 0x00000000ab200000| Complete 
| 691|0x00000000ab300000, 0x00000000ab400000, 0x00000000ab400000|100%|HC|  |TAMS 0x00000000ab300000, 0x00000000ab300000| Complete 
| 692|0x00000000ab400000, 0x00000000ab500000, 0x00000000ab500000|100%|HC|  |TAMS 0x00000000ab400000, 0x00000000ab400000| Complete 
| 693|0x00000000ab500000, 0x00000000ab600000, 0x00000000ab600000|100%|HC|  |TAMS 0x00000000ab500000, 0x00000000ab500000| Complete 
| 694|0x00000000ab600000, 0x00000000ab700000, 0x00000000ab700000|100%|HC|  |TAMS 0x00000000ab600000, 0x00000000ab600000| Complete 
| 695|0x00000000ab700000, 0x00000000ab800000, 0x00000000ab800000|100%|HC|  |TAMS 0x00000000ab700000, 0x00000000ab700000| Complete 
| 696|0x00000000ab800000, 0x00000000ab900000, 0x00000000ab900000|100%|HC|  |TAMS 0x00000000ab800000, 0x00000000ab800000| Complete 
| 697|0x00000000ab900000, 0x00000000aba00000, 0x00000000aba00000|100%|HC|  |TAMS 0x00000000ab900000, 0x00000000ab900000| Complete 
| 698|0x00000000aba00000, 0x00000000abb00000, 0x00000000abb00000|100%|HC|  |TAMS 0x00000000aba00000, 0x00000000aba00000| Complete 
| 699|0x00000000abb00000, 0x00000000abc00000, 0x00000000abc00000|100%|HC|  |TAMS 0x00000000abb00000, 0x00000000abb00000| Complete 
| 700|0x00000000abc00000, 0x00000000abd00000, 0x00000000abd00000|100%|HC|  |TAMS 0x00000000abc00000, 0x00000000abc00000| Complete 
| 701|0x00000000abd00000, 0x00000000abd00000, 0x00000000abe00000|  0%| F|  |TAMS 0x00000000abd00000, 0x00000000abd00000| Untracked 
| 702|0x00000000abe00000, 0x00000000abe00000, 0x00000000abf00000|  0%| F|  |TAMS 0x00000000abe00000, 0x00000000abe00000| Untracked 
| 703|0x00000000abf00000, 0x00000000abf00000, 0x00000000ac000000|  0%| F|  |TAMS 0x00000000abf00000, 0x00000000abf00000| Untracked 
| 704|0x00000000ac000000, 0x00000000ac000000, 0x00000000ac100000|  0%| F|  |TAMS 0x00000000ac000000, 0x00000000ac000000| Untracked 
| 705|0x00000000ac100000, 0x00000000ac100000, 0x00000000ac200000|  0%| F|  |TAMS 0x00000000ac100000, 0x00000000ac100000| Untracked 
| 706|0x00000000ac200000, 0x00000000ac200000, 0x00000000ac300000|  0%| F|  |TAMS 0x00000000ac200000, 0x00000000ac200000| Untracked 
| 707|0x00000000ac300000, 0x00000000ac300000, 0x00000000ac400000|  0%| F|  |TAMS 0x00000000ac300000, 0x00000000ac300000| Untracked 
| 708|0x00000000ac400000, 0x00000000ac400000, 0x00000000ac500000|  0%| F|  |TAMS 0x00000000ac400000, 0x00000000ac400000| Untracked 
| 709|0x00000000ac500000, 0x00000000ac500000, 0x00000000ac600000|  0%| F|  |TAMS 0x00000000ac500000, 0x00000000ac500000| Untracked 
| 710|0x00000000ac600000, 0x00000000ac600000, 0x00000000ac700000|  0%| F|  |TAMS 0x00000000ac600000, 0x00000000ac600000| Untracked 
| 711|0x00000000ac700000, 0x00000000ac700000, 0x00000000ac800000|  0%| F|  |TAMS 0x00000000ac700000, 0x00000000ac700000| Untracked 
| 712|0x00000000ac800000, 0x00000000ac900000, 0x00000000ac900000|100%|HS|  |TAMS 0x00000000ac800000, 0x00000000ac800000| Complete 
| 713|0x00000000ac900000, 0x00000000aca00000, 0x00000000aca00000|100%|HC|  |TAMS 0x00000000ac900000, 0x00000000ac900000| Complete 
| 714|0x00000000aca00000, 0x00000000acb00000, 0x00000000acb00000|100%|HC|  |TAMS 0x00000000aca00000, 0x00000000aca00000| Complete 
| 715|0x00000000acb00000, 0x00000000acc00000, 0x00000000acc00000|100%|HC|  |TAMS 0x00000000acb00000, 0x00000000acb00000| Complete 
| 716|0x00000000acc00000, 0x00000000acd00000, 0x00000000acd00000|100%|HC|  |TAMS 0x00000000acc00000, 0x00000000acc00000| Complete 
| 717|0x00000000acd00000, 0x00000000acd00000, 0x00000000ace00000|  0%| F|  |TAMS 0x00000000acd00000, 0x00000000acd00000| Untracked 
| 718|0x00000000ace00000, 0x00000000ace00000, 0x00000000acf00000|  0%| F|  |TAMS 0x00000000ace00000, 0x00000000ace00000| Untracked 
| 719|0x00000000acf00000, 0x00000000acf00000, 0x00000000ad000000|  0%| F|  |TAMS 0x00000000acf00000, 0x00000000acf00000| Untracked 
| 720|0x00000000ad000000, 0x00000000ad000000, 0x00000000ad100000|  0%| F|  |TAMS 0x00000000ad000000, 0x00000000ad000000| Untracked 
| 721|0x00000000ad100000, 0x00000000ad100000, 0x00000000ad200000|  0%| F|  |TAMS 0x00000000ad100000, 0x00000000ad100000| Untracked 
| 722|0x00000000ad200000, 0x00000000ad300000, 0x00000000ad300000|100%|HS|  |TAMS 0x00000000ad200000, 0x00000000ad200000| Complete 
| 723|0x00000000ad300000, 0x00000000ad400000, 0x00000000ad400000|100%|HC|  |TAMS 0x00000000ad300000, 0x00000000ad300000| Complete 
| 724|0x00000000ad400000, 0x00000000ad500000, 0x00000000ad500000|100%|HC|  |TAMS 0x00000000ad400000, 0x00000000ad400000| Complete 
| 725|0x00000000ad500000, 0x00000000ad600000, 0x00000000ad600000|100%|HC|  |TAMS 0x00000000ad500000, 0x00000000ad500000| Complete 
| 726|0x00000000ad600000, 0x00000000ad700000, 0x00000000ad700000|100%|HC|  |TAMS 0x00000000ad600000, 0x00000000ad600000| Complete 
| 727|0x00000000ad700000, 0x00000000ad800000, 0x00000000ad800000|100%|HC|  |TAMS 0x00000000ad700000, 0x00000000ad700000| Complete 
| 728|0x00000000ad800000, 0x00000000ad900000, 0x00000000ad900000|100%|HC|  |TAMS 0x00000000ad800000, 0x00000000ad800000| Complete 
| 729|0x00000000ad900000, 0x00000000ada00000, 0x00000000ada00000|100%|HC|  |TAMS 0x00000000ad900000, 0x00000000ad900000| Complete 
| 730|0x00000000ada00000, 0x00000000adb00000, 0x00000000adb00000|100%|HC|  |TAMS 0x00000000ada00000, 0x00000000ada00000| Complete 
| 731|0x00000000adb00000, 0x00000000adc00000, 0x00000000adc00000|100%|HC|  |TAMS 0x00000000adb00000, 0x00000000adb00000| Complete 
| 732|0x00000000adc00000, 0x00000000add00000, 0x00000000add00000|100%|HC|  |TAMS 0x00000000adc00000, 0x00000000adc00000| Complete 
| 733|0x00000000add00000, 0x00000000ade00000, 0x00000000ade00000|100%|HC|  |TAMS 0x00000000add00000, 0x00000000add00000| Complete 
| 734|0x00000000ade00000, 0x00000000adf00000, 0x00000000adf00000|100%|HC|  |TAMS 0x00000000ade00000, 0x00000000ade00000| Complete 
| 735|0x00000000adf00000, 0x00000000ae000000, 0x00000000ae000000|100%|HC|  |TAMS 0x00000000adf00000, 0x00000000adf00000| Complete 
| 736|0x00000000ae000000, 0x00000000ae100000, 0x00000000ae100000|100%|HC|  |TAMS 0x00000000ae000000, 0x00000000ae000000| Complete 
| 737|0x00000000ae100000, 0x00000000ae200000, 0x00000000ae200000|100%|HC|  |TAMS 0x00000000ae100000, 0x00000000ae100000| Complete 
| 738|0x00000000ae200000, 0x00000000ae300000, 0x00000000ae300000|100%|HC|  |TAMS 0x00000000ae200000, 0x00000000ae200000| Complete 
| 739|0x00000000ae300000, 0x00000000ae400000, 0x00000000ae400000|100%|HC|  |TAMS 0x00000000ae300000, 0x00000000ae300000| Complete 
| 740|0x00000000ae400000, 0x00000000ae500000, 0x00000000ae500000|100%|HC|  |TAMS 0x00000000ae400000, 0x00000000ae400000| Complete 
| 741|0x00000000ae500000, 0x00000000ae600000, 0x00000000ae600000|100%|HC|  |TAMS 0x00000000ae500000, 0x00000000ae500000| Complete 
| 742|0x00000000ae600000, 0x00000000ae700000, 0x00000000ae700000|100%|HC|  |TAMS 0x00000000ae600000, 0x00000000ae600000| Complete 
| 743|0x00000000ae700000, 0x00000000ae800000, 0x00000000ae800000|100%|HC|  |TAMS 0x00000000ae700000, 0x00000000ae700000| Complete 
| 744|0x00000000ae800000, 0x00000000ae900000, 0x00000000ae900000|100%|HC|  |TAMS 0x00000000ae800000, 0x00000000ae800000| Complete 
| 745|0x00000000ae900000, 0x00000000aea00000, 0x00000000aea00000|100%|HC|  |TAMS 0x00000000ae900000, 0x00000000ae900000| Complete 
| 746|0x00000000aea00000, 0x00000000aeb00000, 0x00000000aeb00000|100%|HC|  |TAMS 0x00000000aea00000, 0x00000000aea00000| Complete 
| 747|0x00000000aeb00000, 0x00000000aec00000, 0x00000000aec00000|100%|HC|  |TAMS 0x00000000aeb00000, 0x00000000aeb00000| Complete 
| 748|0x00000000aec00000, 0x00000000aed00000, 0x00000000aed00000|100%|HC|  |TAMS 0x00000000aec00000, 0x00000000aec00000| Complete 
| 749|0x00000000aed00000, 0x00000000aee00000, 0x00000000aee00000|100%|HC|  |TAMS 0x00000000aed00000, 0x00000000aed00000| Complete 
| 750|0x00000000aee00000, 0x00000000aef00000, 0x00000000aef00000|100%|HC|  |TAMS 0x00000000aee00000, 0x00000000aee00000| Complete 
| 751|0x00000000aef00000, 0x00000000af000000, 0x00000000af000000|100%|HC|  |TAMS 0x00000000aef00000, 0x00000000aef00000| Complete 
| 752|0x00000000af000000, 0x00000000af100000, 0x00000000af100000|100%|HC|  |TAMS 0x00000000af000000, 0x00000000af000000| Complete 
| 753|0x00000000af100000, 0x00000000af200000, 0x00000000af200000|100%|HC|  |TAMS 0x00000000af100000, 0x00000000af100000| Complete 
| 754|0x00000000af200000, 0x00000000af300000, 0x00000000af300000|100%|HC|  |TAMS 0x00000000af200000, 0x00000000af200000| Complete 
| 755|0x00000000af300000, 0x00000000af400000, 0x00000000af400000|100%|HC|  |TAMS 0x00000000af300000, 0x00000000af300000| Complete 
| 756|0x00000000af400000, 0x00000000af500000, 0x00000000af500000|100%|HC|  |TAMS 0x00000000af400000, 0x00000000af400000| Complete 
| 757|0x00000000af500000, 0x00000000af600000, 0x00000000af600000|100%|HC|  |TAMS 0x00000000af500000, 0x00000000af500000| Complete 
| 758|0x00000000af600000, 0x00000000af700000, 0x00000000af700000|100%|HC|  |TAMS 0x00000000af600000, 0x00000000af600000| Complete 
| 759|0x00000000af700000, 0x00000000af800000, 0x00000000af800000|100%|HC|  |TAMS 0x00000000af700000, 0x00000000af700000| Complete 
| 760|0x00000000af800000, 0x00000000af900000, 0x00000000af900000|100%|HC|  |TAMS 0x00000000af800000, 0x00000000af800000| Complete 
| 761|0x00000000af900000, 0x00000000afa00000, 0x00000000afa00000|100%|HC|  |TAMS 0x00000000af900000, 0x00000000af900000| Complete 
| 762|0x00000000afa00000, 0x00000000afb00000, 0x00000000afb00000|100%|HC|  |TAMS 0x00000000afa00000, 0x00000000afa00000| Complete 
| 763|0x00000000afb00000, 0x00000000afc00000, 0x00000000afc00000|100%|HC|  |TAMS 0x00000000afb00000, 0x00000000afb00000| Complete 
| 764|0x00000000afc00000, 0x00000000afd00000, 0x00000000afd00000|100%|HC|  |TAMS 0x00000000afc00000, 0x00000000afc00000| Complete 
| 765|0x00000000afd00000, 0x00000000afe00000, 0x00000000afe00000|100%|HC|  |TAMS 0x00000000afd00000, 0x00000000afd00000| Complete 
| 766|0x00000000afe00000, 0x00000000aff00000, 0x00000000aff00000|100%|HC|  |TAMS 0x00000000afe00000, 0x00000000afe00000| Complete 
| 767|0x00000000aff00000, 0x00000000b0000000, 0x00000000b0000000|100%|HC|  |TAMS 0x00000000aff00000, 0x00000000aff00000| Complete 
| 768|0x00000000b0000000, 0x00000000b0100000, 0x00000000b0100000|100%|HC|  |TAMS 0x00000000b0000000, 0x00000000b0000000| Complete 
| 769|0x00000000b0100000, 0x00000000b0200000, 0x00000000b0200000|100%|HC|  |TAMS 0x00000000b0100000, 0x00000000b0100000| Complete 
| 770|0x00000000b0200000, 0x00000000b0300000, 0x00000000b0300000|100%|HC|  |TAMS 0x00000000b0200000, 0x00000000b0200000| Complete 
| 771|0x00000000b0300000, 0x00000000b0400000, 0x00000000b0400000|100%|HC|  |TAMS 0x00000000b0300000, 0x00000000b0300000| Complete 
| 772|0x00000000b0400000, 0x00000000b0500000, 0x00000000b0500000|100%|HC|  |TAMS 0x00000000b0400000, 0x00000000b0400000| Complete 
| 773|0x00000000b0500000, 0x00000000b0600000, 0x00000000b0600000|100%|HC|  |TAMS 0x00000000b0500000, 0x00000000b0500000| Complete 
| 774|0x00000000b0600000, 0x00000000b0700000, 0x00000000b0700000|100%|HC|  |TAMS 0x00000000b0600000, 0x00000000b0600000| Complete 
| 775|0x00000000b0700000, 0x00000000b0800000, 0x00000000b0800000|100%|HC|  |TAMS 0x00000000b0700000, 0x00000000b0700000| Complete 
| 776|0x00000000b0800000, 0x00000000b0900000, 0x00000000b0900000|100%|HC|  |TAMS 0x00000000b0800000, 0x00000000b0800000| Complete 
| 777|0x00000000b0900000, 0x00000000b0a00000, 0x00000000b0a00000|100%|HC|  |TAMS 0x00000000b0900000, 0x00000000b0900000| Complete 
| 778|0x00000000b0a00000, 0x00000000b0b00000, 0x00000000b0b00000|100%|HC|  |TAMS 0x00000000b0a00000, 0x00000000b0a00000| Complete 
| 779|0x00000000b0b00000, 0x00000000b0c00000, 0x00000000b0c00000|100%|HC|  |TAMS 0x00000000b0b00000, 0x00000000b0b00000| Complete 
| 780|0x00000000b0c00000, 0x00000000b0d00000, 0x00000000b0d00000|100%|HC|  |TAMS 0x00000000b0c00000, 0x00000000b0c00000| Complete 
| 781|0x00000000b0d00000, 0x00000000b0e00000, 0x00000000b0e00000|100%|HC|  |TAMS 0x00000000b0d00000, 0x00000000b0d00000| Complete 
| 782|0x00000000b0e00000, 0x00000000b0f00000, 0x00000000b0f00000|100%|HC|  |TAMS 0x00000000b0e00000, 0x00000000b0e00000| Complete 
| 783|0x00000000b0f00000, 0x00000000b1000000, 0x00000000b1000000|100%|HC|  |TAMS 0x00000000b0f00000, 0x00000000b0f00000| Complete 
| 784|0x00000000b1000000, 0x00000000b1100000, 0x00000000b1100000|100%|HC|  |TAMS 0x00000000b1000000, 0x00000000b1000000| Complete 
| 785|0x00000000b1100000, 0x00000000b1200000, 0x00000000b1200000|100%|HC|  |TAMS 0x00000000b1100000, 0x00000000b1100000| Complete 
| 786|0x00000000b1200000, 0x00000000b1300000, 0x00000000b1300000|100%|HC|  |TAMS 0x00000000b1200000, 0x00000000b1200000| Complete 
| 787|0x00000000b1300000, 0x00000000b1300000, 0x00000000b1400000|  0%| F|  |TAMS 0x00000000b1300000, 0x00000000b1300000| Untracked 
| 788|0x00000000b1400000, 0x00000000b1400000, 0x00000000b1500000|  0%| F|  |TAMS 0x00000000b1400000, 0x00000000b1400000| Untracked 
| 789|0x00000000b1500000, 0x00000000b1500000, 0x00000000b1600000|  0%| F|  |TAMS 0x00000000b1500000, 0x00000000b1500000| Untracked 
| 790|0x00000000b1600000, 0x00000000b1600000, 0x00000000b1700000|  0%| F|  |TAMS 0x00000000b1600000, 0x00000000b1600000| Untracked 
| 791|0x00000000b1700000, 0x00000000b1700000, 0x00000000b1800000|  0%| F|  |TAMS 0x00000000b1700000, 0x00000000b1700000| Untracked 
| 792|0x00000000b1800000, 0x00000000b1800000, 0x00000000b1900000|  0%| F|  |TAMS 0x00000000b1800000, 0x00000000b1800000| Untracked 
| 793|0x00000000b1900000, 0x00000000b1900000, 0x00000000b1a00000|  0%| F|  |TAMS 0x00000000b1900000, 0x00000000b1900000| Untracked 
| 794|0x00000000b1a00000, 0x00000000b1a00000, 0x00000000b1b00000|  0%| F|  |TAMS 0x00000000b1a00000, 0x00000000b1a00000| Untracked 
| 795|0x00000000b1b00000, 0x00000000b1b00000, 0x00000000b1c00000|  0%| F|  |TAMS 0x00000000b1b00000, 0x00000000b1b00000| Untracked 
| 796|0x00000000b1c00000, 0x00000000b1c00000, 0x00000000b1d00000|  0%| F|  |TAMS 0x00000000b1c00000, 0x00000000b1c00000| Untracked 
| 797|0x00000000b1d00000, 0x00000000b1d00000, 0x00000000b1e00000|  0%| F|  |TAMS 0x00000000b1d00000, 0x00000000b1d00000| Untracked 
| 798|0x00000000b1e00000, 0x00000000b1e00000, 0x00000000b1f00000|  0%| F|  |TAMS 0x00000000b1e00000, 0x00000000b1e00000| Untracked 
| 799|0x00000000b1f00000, 0x00000000b1f00000, 0x00000000b2000000|  0%| F|  |TAMS 0x00000000b1f00000, 0x00000000b1f00000| Untracked 
| 800|0x00000000b2000000, 0x00000000b2000000, 0x00000000b2100000|  0%| F|  |TAMS 0x00000000b2000000, 0x00000000b2000000| Untracked 
| 801|0x00000000b2100000, 0x00000000b2200000, 0x00000000b2200000|100%|HS|  |TAMS 0x00000000b2100000, 0x00000000b2100000| Complete 
| 802|0x00000000b2200000, 0x00000000b2300000, 0x00000000b2300000|100%|HC|  |TAMS 0x00000000b2200000, 0x00000000b2200000| Complete 
| 803|0x00000000b2300000, 0x00000000b2400000, 0x00000000b2400000|100%|HC|  |TAMS 0x00000000b2300000, 0x00000000b2300000| Complete 
| 804|0x00000000b2400000, 0x00000000b2500000, 0x00000000b2500000|100%|HC|  |TAMS 0x00000000b2400000, 0x00000000b2400000| Complete 
| 805|0x00000000b2500000, 0x00000000b2600000, 0x00000000b2600000|100%|HC|  |TAMS 0x00000000b2500000, 0x00000000b2500000| Complete 
| 806|0x00000000b2600000, 0x00000000b2700000, 0x00000000b2700000|100%| S|CS|TAMS 0x00000000b2600000, 0x00000000b2600000| Complete 
| 807|0x00000000b2700000, 0x00000000b2800000, 0x00000000b2800000|100%| S|CS|TAMS 0x00000000b2700000, 0x00000000b2700000| Complete 
| 808|0x00000000b2800000, 0x00000000b2900000, 0x00000000b2900000|100%| S|CS|TAMS 0x00000000b2800000, 0x00000000b2800000| Complete 
| 809|0x00000000b2900000, 0x00000000b2a00000, 0x00000000b2a00000|100%| S|CS|TAMS 0x00000000b2900000, 0x00000000b2900000| Complete 
| 810|0x00000000b2a00000, 0x00000000b2b00000, 0x00000000b2b00000|100%| S|CS|TAMS 0x00000000b2a00000, 0x00000000b2a00000| Complete 
| 811|0x00000000b2b00000, 0x00000000b2c00000, 0x00000000b2c00000|100%| S|CS|TAMS 0x00000000b2b00000, 0x00000000b2b00000| Complete 
| 812|0x00000000b2c00000, 0x00000000b2d00000, 0x00000000b2d00000|100%| S|CS|TAMS 0x00000000b2c00000, 0x00000000b2c00000| Complete 
| 813|0x00000000b2d00000, 0x00000000b2e00000, 0x00000000b2e00000|100%| S|CS|TAMS 0x00000000b2d00000, 0x00000000b2d00000| Complete 
| 814|0x00000000b2e00000, 0x00000000b2f00000, 0x00000000b2f00000|100%| S|CS|TAMS 0x00000000b2e00000, 0x00000000b2e00000| Complete 
| 815|0x00000000b2f00000, 0x00000000b3000000, 0x00000000b3000000|100%| S|CS|TAMS 0x00000000b2f00000, 0x00000000b2f00000| Complete 
| 816|0x00000000b3000000, 0x00000000b3100000, 0x00000000b3100000|100%| S|CS|TAMS 0x00000000b3000000, 0x00000000b3000000| Complete 
| 817|0x00000000b3100000, 0x00000000b3200000, 0x00000000b3200000|100%| S|CS|TAMS 0x00000000b3100000, 0x00000000b3100000| Complete 
| 818|0x00000000b3200000, 0x00000000b3300000, 0x00000000b3300000|100%| S|CS|TAMS 0x00000000b3200000, 0x00000000b3200000| Complete 
| 819|0x00000000b3300000, 0x00000000b3400000, 0x00000000b3400000|100%| S|CS|TAMS 0x00000000b3300000, 0x00000000b3300000| Complete 
| 820|0x00000000b3400000, 0x00000000b3500000, 0x00000000b3500000|100%| S|CS|TAMS 0x00000000b3400000, 0x00000000b3400000| Complete 
| 821|0x00000000b3500000, 0x00000000b3600000, 0x00000000b3600000|100%| S|CS|TAMS 0x00000000b3500000, 0x00000000b3500000| Complete 
| 822|0x00000000b3600000, 0x00000000b3700000, 0x00000000b3700000|100%| S|CS|TAMS 0x00000000b3600000, 0x00000000b3600000| Complete 
| 823|0x00000000b3700000, 0x00000000b3800000, 0x00000000b3800000|100%| S|CS|TAMS 0x00000000b3700000, 0x00000000b3700000| Complete 
| 824|0x00000000b3800000, 0x00000000b3900000, 0x00000000b3900000|100%| S|CS|TAMS 0x00000000b3800000, 0x00000000b3800000| Complete 
| 825|0x00000000b3900000, 0x00000000b3a00000, 0x00000000b3a00000|100%| S|CS|TAMS 0x00000000b3900000, 0x00000000b3900000| Complete 
| 826|0x00000000b3a00000, 0x00000000b3b00000, 0x00000000b3b00000|100%| S|CS|TAMS 0x00000000b3a00000, 0x00000000b3a00000| Complete 
| 827|0x00000000b3b00000, 0x00000000b3c00000, 0x00000000b3c00000|100%| S|CS|TAMS 0x00000000b3b00000, 0x00000000b3b00000| Complete 
| 828|0x00000000b3c00000, 0x00000000b3d00000, 0x00000000b3d00000|100%| S|CS|TAMS 0x00000000b3c00000, 0x00000000b3c00000| Complete 
| 829|0x00000000b3d00000, 0x00000000b3e00000, 0x00000000b3e00000|100%| S|CS|TAMS 0x00000000b3d00000, 0x00000000b3d00000| Complete 
| 830|0x00000000b3e00000, 0x00000000b3e00000, 0x00000000b3f00000|  0%| F|  |TAMS 0x00000000b3e00000, 0x00000000b3e00000| Untracked 
| 831|0x00000000b3f00000, 0x00000000b3f00000, 0x00000000b4000000|  0%| F|  |TAMS 0x00000000b3f00000, 0x00000000b3f00000| Untracked 
| 832|0x00000000b4000000, 0x00000000b4000000, 0x00000000b4100000|  0%| F|  |TAMS 0x00000000b4000000, 0x00000000b4000000| Untracked 
| 833|0x00000000b4100000, 0x00000000b4100000, 0x00000000b4200000|  0%| F|  |TAMS 0x00000000b4100000, 0x00000000b4100000| Untracked 
| 834|0x00000000b4200000, 0x00000000b4200000, 0x00000000b4300000|  0%| F|  |TAMS 0x00000000b4200000, 0x00000000b4200000| Untracked 
| 835|0x00000000b4300000, 0x00000000b4300000, 0x00000000b4400000|  0%| F|  |TAMS 0x00000000b4300000, 0x00000000b4300000| Untracked 
| 836|0x00000000b4400000, 0x00000000b4400000, 0x00000000b4500000|  0%| F|  |TAMS 0x00000000b4400000, 0x00000000b4400000| Untracked 
| 837|0x00000000b4500000, 0x00000000b4500000, 0x00000000b4600000|  0%| F|  |TAMS 0x00000000b4500000, 0x00000000b4500000| Untracked 
| 838|0x00000000b4600000, 0x00000000b4600000, 0x00000000b4700000|  0%| F|  |TAMS 0x00000000b4600000, 0x00000000b4600000| Untracked 
| 839|0x00000000b4700000, 0x00000000b47815b8, 0x00000000b4800000| 50%| E|  |TAMS 0x00000000b4700000, 0x00000000b4700000| Complete 
| 840|0x00000000b4800000, 0x00000000b4900000, 0x00000000b4900000|100%| E|  |TAMS 0x00000000b4800000, 0x00000000b4800000| Complete 
| 841|0x00000000b4900000, 0x00000000b4a00000, 0x00000000b4a00000|100%| E|CS|TAMS 0x00000000b4900000, 0x00000000b4900000| Complete 
| 842|0x00000000b4a00000, 0x00000000b4b00000, 0x00000000b4b00000|100%| E|CS|TAMS 0x00000000b4a00000, 0x00000000b4a00000| Complete 
| 843|0x00000000b4b00000, 0x00000000b4c00000, 0x00000000b4c00000|100%| E|CS|TAMS 0x00000000b4b00000, 0x00000000b4b00000| Complete 
| 844|0x00000000b4c00000, 0x00000000b4d00000, 0x00000000b4d00000|100%| E|CS|TAMS 0x00000000b4c00000, 0x00000000b4c00000| Complete 
| 845|0x00000000b4d00000, 0x00000000b4e00000, 0x00000000b4e00000|100%| E|CS|TAMS 0x00000000b4d00000, 0x00000000b4d00000| Complete 
| 846|0x00000000b4e00000, 0x00000000b4f00000, 0x00000000b4f00000|100%| E|CS|TAMS 0x00000000b4e00000, 0x00000000b4e00000| Complete 
| 847|0x00000000b4f00000, 0x00000000b5000000, 0x00000000b5000000|100%| E|CS|TAMS 0x00000000b4f00000, 0x00000000b4f00000| Complete 
| 848|0x00000000b5000000, 0x00000000b5100000, 0x00000000b5100000|100%| E|CS|TAMS 0x00000000b5000000, 0x00000000b5000000| Complete 
| 849|0x00000000b5100000, 0x00000000b5200000, 0x00000000b5200000|100%| E|CS|TAMS 0x00000000b5100000, 0x00000000b5100000| Complete 
| 850|0x00000000b5200000, 0x00000000b5300000, 0x00000000b5300000|100%| E|CS|TAMS 0x00000000b5200000, 0x00000000b5200000| Complete 
| 851|0x00000000b5300000, 0x00000000b5400000, 0x00000000b5400000|100%| E|CS|TAMS 0x00000000b5300000, 0x00000000b5300000| Complete 
| 852|0x00000000b5400000, 0x00000000b5500000, 0x00000000b5500000|100%| E|CS|TAMS 0x00000000b5400000, 0x00000000b5400000| Complete 
| 853|0x00000000b5500000, 0x00000000b5600000, 0x00000000b5600000|100%| E|CS|TAMS 0x00000000b5500000, 0x00000000b5500000| Complete 
| 854|0x00000000b5600000, 0x00000000b5700000, 0x00000000b5700000|100%| E|CS|TAMS 0x00000000b5600000, 0x00000000b5600000| Complete 
| 855|0x00000000b5700000, 0x00000000b5800000, 0x00000000b5800000|100%| E|CS|TAMS 0x00000000b5700000, 0x00000000b5700000| Complete 
| 856|0x00000000b5800000, 0x00000000b5900000, 0x00000000b5900000|100%| E|CS|TAMS 0x00000000b5800000, 0x00000000b5800000| Complete 
| 857|0x00000000b5900000, 0x00000000b5a00000, 0x00000000b5a00000|100%| E|CS|TAMS 0x00000000b5900000, 0x00000000b5900000| Complete 
| 858|0x00000000b5a00000, 0x00000000b5b00000, 0x00000000b5b00000|100%| E|CS|TAMS 0x00000000b5a00000, 0x00000000b5a00000| Complete 
| 859|0x00000000b5b00000, 0x00000000b5c00000, 0x00000000b5c00000|100%| E|CS|TAMS 0x00000000b5b00000, 0x00000000b5b00000| Complete 
| 860|0x00000000b5c00000, 0x00000000b5d00000, 0x00000000b5d00000|100%| E|CS|TAMS 0x00000000b5c00000, 0x00000000b5c00000| Complete 
| 861|0x00000000b5d00000, 0x00000000b5e00000, 0x00000000b5e00000|100%| E|CS|TAMS 0x00000000b5d00000, 0x00000000b5d00000| Complete 
| 862|0x00000000b5e00000, 0x00000000b5f00000, 0x00000000b5f00000|100%| E|CS|TAMS 0x00000000b5e00000, 0x00000000b5e00000| Complete 
| 863|0x00000000b5f00000, 0x00000000b6000000, 0x00000000b6000000|100%| E|CS|TAMS 0x00000000b5f00000, 0x00000000b5f00000| Complete 
| 864|0x00000000b6000000, 0x00000000b6100000, 0x00000000b6100000|100%| E|CS|TAMS 0x00000000b6000000, 0x00000000b6000000| Complete 
| 865|0x00000000b6100000, 0x00000000b6200000, 0x00000000b6200000|100%| E|CS|TAMS 0x00000000b6100000, 0x00000000b6100000| Complete 
| 866|0x00000000b6200000, 0x00000000b6300000, 0x00000000b6300000|100%| E|CS|TAMS 0x00000000b6200000, 0x00000000b6200000| Complete 
| 867|0x00000000b6300000, 0x00000000b6400000, 0x00000000b6400000|100%| E|CS|TAMS 0x00000000b6300000, 0x00000000b6300000| Complete 
| 868|0x00000000b6400000, 0x00000000b6500000, 0x00000000b6500000|100%| E|CS|TAMS 0x00000000b6400000, 0x00000000b6400000| Complete 
| 869|0x00000000b6500000, 0x00000000b6600000, 0x00000000b6600000|100%| E|CS|TAMS 0x00000000b6500000, 0x00000000b6500000| Complete 
| 870|0x00000000b6600000, 0x00000000b6700000, 0x00000000b6700000|100%| E|CS|TAMS 0x00000000b6600000, 0x00000000b6600000| Complete 
| 871|0x00000000b6700000, 0x00000000b6800000, 0x00000000b6800000|100%| E|CS|TAMS 0x00000000b6700000, 0x00000000b6700000| Complete 
| 872|0x00000000b6800000, 0x00000000b6900000, 0x00000000b6900000|100%| E|CS|TAMS 0x00000000b6800000, 0x00000000b6800000| Complete 
| 873|0x00000000b6900000, 0x00000000b6a00000, 0x00000000b6a00000|100%| E|CS|TAMS 0x00000000b6900000, 0x00000000b6900000| Complete 
| 874|0x00000000b6a00000, 0x00000000b6b00000, 0x00000000b6b00000|100%| E|CS|TAMS 0x00000000b6a00000, 0x00000000b6a00000| Complete 
| 875|0x00000000b6b00000, 0x00000000b6c00000, 0x00000000b6c00000|100%| E|CS|TAMS 0x00000000b6b00000, 0x00000000b6b00000| Complete 
| 876|0x00000000b6c00000, 0x00000000b6d00000, 0x00000000b6d00000|100%| E|CS|TAMS 0x00000000b6c00000, 0x00000000b6c00000| Complete 
| 877|0x00000000b6d00000, 0x00000000b6e00000, 0x00000000b6e00000|100%| E|CS|TAMS 0x00000000b6d00000, 0x00000000b6d00000| Complete 
| 878|0x00000000b6e00000, 0x00000000b6f00000, 0x00000000b6f00000|100%| E|CS|TAMS 0x00000000b6e00000, 0x00000000b6e00000| Complete 
| 879|0x00000000b6f00000, 0x00000000b7000000, 0x00000000b7000000|100%| E|CS|TAMS 0x00000000b6f00000, 0x00000000b6f00000| Complete 
| 880|0x00000000b7000000, 0x00000000b7100000, 0x00000000b7100000|100%| E|CS|TAMS 0x00000000b7000000, 0x00000000b7000000| Complete 
| 881|0x00000000b7100000, 0x00000000b7200000, 0x00000000b7200000|100%| E|CS|TAMS 0x00000000b7100000, 0x00000000b7100000| Complete 
| 882|0x00000000b7200000, 0x00000000b7300000, 0x00000000b7300000|100%| E|CS|TAMS 0x00000000b7200000, 0x00000000b7200000| Complete 
| 883|0x00000000b7300000, 0x00000000b7400000, 0x00000000b7400000|100%| E|CS|TAMS 0x00000000b7300000, 0x00000000b7300000| Complete 
| 884|0x00000000b7400000, 0x00000000b7500000, 0x00000000b7500000|100%| E|CS|TAMS 0x00000000b7400000, 0x00000000b7400000| Complete 
| 885|0x00000000b7500000, 0x00000000b7600000, 0x00000000b7600000|100%| E|CS|TAMS 0x00000000b7500000, 0x00000000b7500000| Complete 
| 886|0x00000000b7600000, 0x00000000b7700000, 0x00000000b7700000|100%| E|CS|TAMS 0x00000000b7600000, 0x00000000b7600000| Complete 
| 887|0x00000000b7700000, 0x00000000b7800000, 0x00000000b7800000|100%| E|CS|TAMS 0x00000000b7700000, 0x00000000b7700000| Complete 
| 888|0x00000000b7800000, 0x00000000b7900000, 0x00000000b7900000|100%| E|CS|TAMS 0x00000000b7800000, 0x00000000b7800000| Complete 
| 889|0x00000000b7900000, 0x00000000b7a00000, 0x00000000b7a00000|100%| E|CS|TAMS 0x00000000b7900000, 0x00000000b7900000| Complete 
| 890|0x00000000b7a00000, 0x00000000b7b00000, 0x00000000b7b00000|100%| E|CS|TAMS 0x00000000b7a00000, 0x00000000b7a00000| Complete 
| 891|0x00000000b7b00000, 0x00000000b7c00000, 0x00000000b7c00000|100%| E|CS|TAMS 0x00000000b7b00000, 0x00000000b7b00000| Complete 
| 892|0x00000000b7c00000, 0x00000000b7d00000, 0x00000000b7d00000|100%| E|CS|TAMS 0x00000000b7c00000, 0x00000000b7c00000| Complete 
| 893|0x00000000b7d00000, 0x00000000b7e00000, 0x00000000b7e00000|100%| E|CS|TAMS 0x00000000b7d00000, 0x00000000b7d00000| Complete 
| 894|0x00000000b7e00000, 0x00000000b7f00000, 0x00000000b7f00000|100%| E|CS|TAMS 0x00000000b7e00000, 0x00000000b7e00000| Complete 
| 895|0x00000000b7f00000, 0x00000000b8000000, 0x00000000b8000000|100%| E|CS|TAMS 0x00000000b7f00000, 0x00000000b7f00000| Complete 
| 896|0x00000000b8000000, 0x00000000b8100000, 0x00000000b8100000|100%| E|CS|TAMS 0x00000000b8000000, 0x00000000b8000000| Complete 
| 897|0x00000000b8100000, 0x00000000b8200000, 0x00000000b8200000|100%| E|CS|TAMS 0x00000000b8100000, 0x00000000b8100000| Complete 
| 898|0x00000000b8200000, 0x00000000b8300000, 0x00000000b8300000|100%| E|CS|TAMS 0x00000000b8200000, 0x00000000b8200000| Complete 
| 899|0x00000000b8300000, 0x00000000b8400000, 0x00000000b8400000|100%| E|CS|TAMS 0x00000000b8300000, 0x00000000b8300000| Complete 
| 900|0x00000000b8400000, 0x00000000b8500000, 0x00000000b8500000|100%| E|CS|TAMS 0x00000000b8400000, 0x00000000b8400000| Complete 
| 901|0x00000000b8500000, 0x00000000b8600000, 0x00000000b8600000|100%| E|CS|TAMS 0x00000000b8500000, 0x00000000b8500000| Complete 
| 902|0x00000000b8600000, 0x00000000b8700000, 0x00000000b8700000|100%| E|CS|TAMS 0x00000000b8600000, 0x00000000b8600000| Complete 
| 903|0x00000000b8700000, 0x00000000b8800000, 0x00000000b8800000|100%| E|CS|TAMS 0x00000000b8700000, 0x00000000b8700000| Complete 
| 904|0x00000000b8800000, 0x00000000b8900000, 0x00000000b8900000|100%| E|CS|TAMS 0x00000000b8800000, 0x00000000b8800000| Complete 
| 905|0x00000000b8900000, 0x00000000b8a00000, 0x00000000b8a00000|100%| E|CS|TAMS 0x00000000b8900000, 0x00000000b8900000| Complete 
| 906|0x00000000b8a00000, 0x00000000b8b00000, 0x00000000b8b00000|100%| E|CS|TAMS 0x00000000b8a00000, 0x00000000b8a00000| Complete 
| 907|0x00000000b8b00000, 0x00000000b8c00000, 0x00000000b8c00000|100%| E|CS|TAMS 0x00000000b8b00000, 0x00000000b8b00000| Complete 
| 908|0x00000000b8c00000, 0x00000000b8d00000, 0x00000000b8d00000|100%| E|CS|TAMS 0x00000000b8c00000, 0x00000000b8c00000| Complete 
| 909|0x00000000b8d00000, 0x00000000b8e00000, 0x00000000b8e00000|100%| E|CS|TAMS 0x00000000b8d00000, 0x00000000b8d00000| Complete 
| 910|0x00000000b8e00000, 0x00000000b8f00000, 0x00000000b8f00000|100%| E|CS|TAMS 0x00000000b8e00000, 0x00000000b8e00000| Complete 
| 911|0x00000000b8f00000, 0x00000000b9000000, 0x00000000b9000000|100%|HS|  |TAMS 0x00000000b8f00000, 0x00000000b8f00000| Complete 
| 912|0x00000000b9000000, 0x00000000b9100000, 0x00000000b9100000|100%|HC|  |TAMS 0x00000000b9000000, 0x00000000b9000000| Complete 
| 913|0x00000000b9100000, 0x00000000b9200000, 0x00000000b9200000|100%|HC|  |TAMS 0x00000000b9100000, 0x00000000b9100000| Complete 
| 914|0x00000000b9200000, 0x00000000b9300000, 0x00000000b9300000|100%|HC|  |TAMS 0x00000000b9200000, 0x00000000b9200000| Complete 
| 915|0x00000000b9300000, 0x00000000b9400000, 0x00000000b9400000|100%|HC|  |TAMS 0x00000000b9300000, 0x00000000b9300000| Complete 
| 916|0x00000000b9400000, 0x00000000b9500000, 0x00000000b9500000|100%|HC|  |TAMS 0x00000000b9400000, 0x00000000b9400000| Complete 
| 917|0x00000000b9500000, 0x00000000b9600000, 0x00000000b9600000|100%|HC|  |TAMS 0x00000000b9500000, 0x00000000b9500000| Complete 
| 918|0x00000000b9600000, 0x00000000b9700000, 0x00000000b9700000|100%|HC|  |TAMS 0x00000000b9600000, 0x00000000b9600000| Complete 
| 919|0x00000000b9700000, 0x00000000b9800000, 0x00000000b9800000|100%|HC|  |TAMS 0x00000000b9700000, 0x00000000b9700000| Complete 
| 920|0x00000000b9800000, 0x00000000b9900000, 0x00000000b9900000|100%|HC|  |TAMS 0x00000000b9800000, 0x00000000b9800000| Complete 
| 921|0x00000000b9900000, 0x00000000b9a00000, 0x00000000b9a00000|100%|HC|  |TAMS 0x00000000b9900000, 0x00000000b9900000| Complete 
| 922|0x00000000b9a00000, 0x00000000b9b00000, 0x00000000b9b00000|100%|HC|  |TAMS 0x00000000b9a00000, 0x00000000b9a00000| Complete 
| 923|0x00000000b9b00000, 0x00000000b9c00000, 0x00000000b9c00000|100%|HC|  |TAMS 0x00000000b9b00000, 0x00000000b9b00000| Complete 
| 924|0x00000000b9c00000, 0x00000000b9d00000, 0x00000000b9d00000|100%|HC|  |TAMS 0x00000000b9c00000, 0x00000000b9c00000| Complete 
| 925|0x00000000b9d00000, 0x00000000b9e00000, 0x00000000b9e00000|100%|HC|  |TAMS 0x00000000b9d00000, 0x00000000b9d00000| Complete 
| 926|0x00000000b9e00000, 0x00000000b9f00000, 0x00000000b9f00000|100%|HC|  |TAMS 0x00000000b9e00000, 0x00000000b9e00000| Complete 
| 927|0x00000000b9f00000, 0x00000000ba000000, 0x00000000ba000000|100%|HC|  |TAMS 0x00000000b9f00000, 0x00000000b9f00000| Complete 
| 928|0x00000000ba000000, 0x00000000ba100000, 0x00000000ba100000|100%|HC|  |TAMS 0x00000000ba000000, 0x00000000ba000000| Complete 
| 929|0x00000000ba100000, 0x00000000ba200000, 0x00000000ba200000|100%|HC|  |TAMS 0x00000000ba100000, 0x00000000ba100000| Complete 
| 930|0x00000000ba200000, 0x00000000ba300000, 0x00000000ba300000|100%|HC|  |TAMS 0x00000000ba200000, 0x00000000ba200000| Complete 
| 931|0x00000000ba300000, 0x00000000ba400000, 0x00000000ba400000|100%|HC|  |TAMS 0x00000000ba300000, 0x00000000ba300000| Complete 
| 932|0x00000000ba400000, 0x00000000ba500000, 0x00000000ba500000|100%|HC|  |TAMS 0x00000000ba400000, 0x00000000ba400000| Complete 
| 933|0x00000000ba500000, 0x00000000ba600000, 0x00000000ba600000|100%|HC|  |TAMS 0x00000000ba500000, 0x00000000ba500000| Complete 
| 934|0x00000000ba600000, 0x00000000ba700000, 0x00000000ba700000|100%|HC|  |TAMS 0x00000000ba600000, 0x00000000ba600000| Complete 
| 935|0x00000000ba700000, 0x00000000ba800000, 0x00000000ba800000|100%|HC|  |TAMS 0x00000000ba700000, 0x00000000ba700000| Complete 
| 936|0x00000000ba800000, 0x00000000ba900000, 0x00000000ba900000|100%|HC|  |TAMS 0x00000000ba800000, 0x00000000ba800000| Complete 
| 937|0x00000000ba900000, 0x00000000baa00000, 0x00000000baa00000|100%|HC|  |TAMS 0x00000000ba900000, 0x00000000ba900000| Complete 
| 938|0x00000000baa00000, 0x00000000bab00000, 0x00000000bab00000|100%|HC|  |TAMS 0x00000000baa00000, 0x00000000baa00000| Complete 
| 939|0x00000000bab00000, 0x00000000bac00000, 0x00000000bac00000|100%|HC|  |TAMS 0x00000000bab00000, 0x00000000bab00000| Complete 
| 940|0x00000000bac00000, 0x00000000bad00000, 0x00000000bad00000|100%|HC|  |TAMS 0x00000000bac00000, 0x00000000bac00000| Complete 
| 941|0x00000000bad00000, 0x00000000bae00000, 0x00000000bae00000|100%|HC|  |TAMS 0x00000000bad00000, 0x00000000bad00000| Complete 
| 942|0x00000000bae00000, 0x00000000baf00000, 0x00000000baf00000|100%|HC|  |TAMS 0x00000000bae00000, 0x00000000bae00000| Complete 
| 943|0x00000000baf00000, 0x00000000bb000000, 0x00000000bb000000|100%|HC|  |TAMS 0x00000000baf00000, 0x00000000baf00000| Complete 
| 944|0x00000000bb000000, 0x00000000bb100000, 0x00000000bb100000|100%|HC|  |TAMS 0x00000000bb000000, 0x00000000bb000000| Complete 
| 945|0x00000000bb100000, 0x00000000bb200000, 0x00000000bb200000|100%|HC|  |TAMS 0x00000000bb100000, 0x00000000bb100000| Complete 
| 946|0x00000000bb200000, 0x00000000bb300000, 0x00000000bb300000|100%|HC|  |TAMS 0x00000000bb200000, 0x00000000bb200000| Complete 
| 947|0x00000000bb300000, 0x00000000bb400000, 0x00000000bb400000|100%|HC|  |TAMS 0x00000000bb300000, 0x00000000bb300000| Complete 
| 948|0x00000000bb400000, 0x00000000bb500000, 0x00000000bb500000|100%|HC|  |TAMS 0x00000000bb400000, 0x00000000bb400000| Complete 
| 949|0x00000000bb500000, 0x00000000bb600000, 0x00000000bb600000|100%|HC|  |TAMS 0x00000000bb500000, 0x00000000bb500000| Complete 
| 950|0x00000000bb600000, 0x00000000bb700000, 0x00000000bb700000|100%|HC|  |TAMS 0x00000000bb600000, 0x00000000bb600000| Complete 
| 951|0x00000000bb700000, 0x00000000bb800000, 0x00000000bb800000|100%|HC|  |TAMS 0x00000000bb700000, 0x00000000bb700000| Complete 
| 952|0x00000000bb800000, 0x00000000bb900000, 0x00000000bb900000|100%|HC|  |TAMS 0x00000000bb800000, 0x00000000bb800000| Complete 
| 953|0x00000000bb900000, 0x00000000bba00000, 0x00000000bba00000|100%|HC|  |TAMS 0x00000000bb900000, 0x00000000bb900000| Complete 
| 954|0x00000000bba00000, 0x00000000bbb00000, 0x00000000bbb00000|100%|HC|  |TAMS 0x00000000bba00000, 0x00000000bba00000| Complete 
| 955|0x00000000bbb00000, 0x00000000bbc00000, 0x00000000bbc00000|100%|HC|  |TAMS 0x00000000bbb00000, 0x00000000bbb00000| Complete 
| 956|0x00000000bbc00000, 0x00000000bbd00000, 0x00000000bbd00000|100%|HC|  |TAMS 0x00000000bbc00000, 0x00000000bbc00000| Complete 
| 957|0x00000000bbd00000, 0x00000000bbe00000, 0x00000000bbe00000|100%|HC|  |TAMS 0x00000000bbd00000, 0x00000000bbd00000| Complete 
| 958|0x00000000bbe00000, 0x00000000bbf00000, 0x00000000bbf00000|100%|HC|  |TAMS 0x00000000bbe00000, 0x00000000bbe00000| Complete 
| 959|0x00000000bbf00000, 0x00000000bc000000, 0x00000000bc000000|100%|HC|  |TAMS 0x00000000bbf00000, 0x00000000bbf00000| Complete 
| 960|0x00000000bc000000, 0x00000000bc100000, 0x00000000bc100000|100%|HC|  |TAMS 0x00000000bc000000, 0x00000000bc000000| Complete 
| 961|0x00000000bc100000, 0x00000000bc200000, 0x00000000bc200000|100%|HC|  |TAMS 0x00000000bc100000, 0x00000000bc100000| Complete 
| 962|0x00000000bc200000, 0x00000000bc300000, 0x00000000bc300000|100%|HC|  |TAMS 0x00000000bc200000, 0x00000000bc200000| Complete 
| 963|0x00000000bc300000, 0x00000000bc400000, 0x00000000bc400000|100%|HC|  |TAMS 0x00000000bc300000, 0x00000000bc300000| Complete 
| 964|0x00000000bc400000, 0x00000000bc500000, 0x00000000bc500000|100%|HC|  |TAMS 0x00000000bc400000, 0x00000000bc400000| Complete 
| 965|0x00000000bc500000, 0x00000000bc600000, 0x00000000bc600000|100%|HC|  |TAMS 0x00000000bc500000, 0x00000000bc500000| Complete 
| 966|0x00000000bc600000, 0x00000000bc700000, 0x00000000bc700000|100%|HC|  |TAMS 0x00000000bc600000, 0x00000000bc600000| Complete 
| 967|0x00000000bc700000, 0x00000000bc800000, 0x00000000bc800000|100%|HC|  |TAMS 0x00000000bc700000, 0x00000000bc700000| Complete 
| 968|0x00000000bc800000, 0x00000000bc900000, 0x00000000bc900000|100%|HC|  |TAMS 0x00000000bc800000, 0x00000000bc800000| Complete 
| 969|0x00000000bc900000, 0x00000000bca00000, 0x00000000bca00000|100%|HC|  |TAMS 0x00000000bc900000, 0x00000000bc900000| Complete 
| 970|0x00000000bca00000, 0x00000000bcb00000, 0x00000000bcb00000|100%|HC|  |TAMS 0x00000000bca00000, 0x00000000bca00000| Complete 
| 971|0x00000000bcb00000, 0x00000000bcc00000, 0x00000000bcc00000|100%|HC|  |TAMS 0x00000000bcb00000, 0x00000000bcb00000| Complete 
| 972|0x00000000bcc00000, 0x00000000bcd00000, 0x00000000bcd00000|100%|HC|  |TAMS 0x00000000bcc00000, 0x00000000bcc00000| Complete 
| 973|0x00000000bcd00000, 0x00000000bce00000, 0x00000000bce00000|100%|HC|  |TAMS 0x00000000bcd00000, 0x00000000bcd00000| Complete 
| 974|0x00000000bce00000, 0x00000000bcf00000, 0x00000000bcf00000|100%|HC|  |TAMS 0x00000000bce00000, 0x00000000bce00000| Complete 
| 975|0x00000000bcf00000, 0x00000000bd000000, 0x00000000bd000000|100%|HC|  |TAMS 0x00000000bcf00000, 0x00000000bcf00000| Complete 
| 976|0x00000000bd000000, 0x00000000bd100000, 0x00000000bd100000|100%|HC|  |TAMS 0x00000000bd000000, 0x00000000bd000000| Complete 
| 977|0x00000000bd100000, 0x00000000bd200000, 0x00000000bd200000|100%|HC|  |TAMS 0x00000000bd100000, 0x00000000bd100000| Complete 
| 978|0x00000000bd200000, 0x00000000bd300000, 0x00000000bd300000|100%|HC|  |TAMS 0x00000000bd200000, 0x00000000bd200000| Complete 
| 979|0x00000000bd300000, 0x00000000bd400000, 0x00000000bd400000|100%|HC|  |TAMS 0x00000000bd300000, 0x00000000bd300000| Complete 
| 980|0x00000000bd400000, 0x00000000bd500000, 0x00000000bd500000|100%|HC|  |TAMS 0x00000000bd400000, 0x00000000bd400000| Complete 
| 981|0x00000000bd500000, 0x00000000bd600000, 0x00000000bd600000|100%|HC|  |TAMS 0x00000000bd500000, 0x00000000bd500000| Complete 
| 982|0x00000000bd600000, 0x00000000bd700000, 0x00000000bd700000|100%|HC|  |TAMS 0x00000000bd600000, 0x00000000bd600000| Complete 
| 983|0x00000000bd700000, 0x00000000bd800000, 0x00000000bd800000|100%|HC|  |TAMS 0x00000000bd700000, 0x00000000bd700000| Complete 
| 984|0x00000000bd800000, 0x00000000bd900000, 0x00000000bd900000|100%|HC|  |TAMS 0x00000000bd800000, 0x00000000bd800000| Complete 
| 985|0x00000000bd900000, 0x00000000bda00000, 0x00000000bda00000|100%|HC|  |TAMS 0x00000000bd900000, 0x00000000bd900000| Complete 
| 986|0x00000000bda00000, 0x00000000bdb00000, 0x00000000bdb00000|100%|HC|  |TAMS 0x00000000bda00000, 0x00000000bda00000| Complete 
| 987|0x00000000bdb00000, 0x00000000bdc00000, 0x00000000bdc00000|100%|HC|  |TAMS 0x00000000bdb00000, 0x00000000bdb00000| Complete 
| 988|0x00000000bdc00000, 0x00000000bdd00000, 0x00000000bdd00000|100%|HC|  |TAMS 0x00000000bdc00000, 0x00000000bdc00000| Complete 
| 989|0x00000000bdd00000, 0x00000000bde00000, 0x00000000bde00000|100%|HC|  |TAMS 0x00000000bdd00000, 0x00000000bdd00000| Complete 
| 990|0x00000000bde00000, 0x00000000bdf00000, 0x00000000bdf00000|100%|HC|  |TAMS 0x00000000bde00000, 0x00000000bde00000| Complete 
| 991|0x00000000bdf00000, 0x00000000be000000, 0x00000000be000000|100%|HC|  |TAMS 0x00000000bdf00000, 0x00000000bdf00000| Complete 
| 992|0x00000000be000000, 0x00000000be100000, 0x00000000be100000|100%|HC|  |TAMS 0x00000000be000000, 0x00000000be000000| Complete 
| 993|0x00000000be100000, 0x00000000be200000, 0x00000000be200000|100%|HC|  |TAMS 0x00000000be100000, 0x00000000be100000| Complete 
| 994|0x00000000be200000, 0x00000000be300000, 0x00000000be300000|100%|HC|  |TAMS 0x00000000be200000, 0x00000000be200000| Complete 
| 995|0x00000000be300000, 0x00000000be400000, 0x00000000be400000|100%|HC|  |TAMS 0x00000000be300000, 0x00000000be300000| Complete 
| 996|0x00000000be400000, 0x00000000be500000, 0x00000000be500000|100%|HC|  |TAMS 0x00000000be400000, 0x00000000be400000| Complete 
| 997|0x00000000be500000, 0x00000000be600000, 0x00000000be600000|100%|HC|  |TAMS 0x00000000be500000, 0x00000000be500000| Complete 
| 998|0x00000000be600000, 0x00000000be700000, 0x00000000be700000|100%|HS|  |TAMS 0x00000000be600000, 0x00000000be600000| Complete 
| 999|0x00000000be700000, 0x00000000be800000, 0x00000000be800000|100%|HC|  |TAMS 0x00000000be700000, 0x00000000be700000| Complete 
|1000|0x00000000be800000, 0x00000000be900000, 0x00000000be900000|100%|HC|  |TAMS 0x00000000be800000, 0x00000000be800000| Complete 
|1001|0x00000000be900000, 0x00000000bea00000, 0x00000000bea00000|100%|HC|  |TAMS 0x00000000be900000, 0x00000000be900000| Complete 
|1002|0x00000000bea00000, 0x00000000beb00000, 0x00000000beb00000|100%|HC|  |TAMS 0x00000000bea00000, 0x00000000bea00000| Complete 
|1003|0x00000000beb00000, 0x00000000bec00000, 0x00000000bec00000|100%|HC|  |TAMS 0x00000000beb00000, 0x00000000beb00000| Complete 
|1004|0x00000000bec00000, 0x00000000bed00000, 0x00000000bed00000|100%|HC|  |TAMS 0x00000000bec00000, 0x00000000bec00000| Complete 
|1005|0x00000000bed00000, 0x00000000bee00000, 0x00000000bee00000|100%|HS|  |TAMS 0x00000000bed00000, 0x00000000bed00000| Complete 
|1006|0x00000000bee00000, 0x00000000bef00000, 0x00000000bef00000|100%|HC|  |TAMS 0x00000000bee00000, 0x00000000bee00000| Complete 
|1007|0x00000000bef00000, 0x00000000bf000000, 0x00000000bf000000|100%|HC|  |TAMS 0x00000000bef00000, 0x00000000bef00000| Complete 
|1008|0x00000000bf000000, 0x00000000bf100000, 0x00000000bf100000|100%|HC|  |TAMS 0x00000000bf000000, 0x00000000bf000000| Complete 
|1009|0x00000000bf100000, 0x00000000bf200000, 0x00000000bf200000|100%|HC|  |TAMS 0x00000000bf100000, 0x00000000bf100000| Complete 
|1010|0x00000000bf200000, 0x00000000bf300000, 0x00000000bf300000|100%|HC|  |TAMS 0x00000000bf200000, 0x00000000bf200000| Complete 
|1011|0x00000000bf300000, 0x00000000bf400000, 0x00000000bf400000|100%|HC|  |TAMS 0x00000000bf300000, 0x00000000bf300000| Complete 
|1012|0x00000000bf400000, 0x00000000bf500000, 0x00000000bf500000|100%|HC|  |TAMS 0x00000000bf400000, 0x00000000bf400000| Complete 
|1013|0x00000000bf500000, 0x00000000bf600000, 0x00000000bf600000|100%|HC|  |TAMS 0x00000000bf500000, 0x00000000bf500000| Complete 
|1014|0x00000000bf600000, 0x00000000bf700000, 0x00000000bf700000|100%|HC|  |TAMS 0x00000000bf600000, 0x00000000bf600000| Complete 
|1015|0x00000000bf700000, 0x00000000bf800000, 0x00000000bf800000|100%|HC|  |TAMS 0x00000000bf700000, 0x00000000bf700000| Complete 
|1016|0x00000000bf800000, 0x00000000bf900000, 0x00000000bf900000|100%|HC|  |TAMS 0x00000000bf800000, 0x00000000bf800000| Complete 
|1017|0x00000000bf900000, 0x00000000bfa00000, 0x00000000bfa00000|100%|HC|  |TAMS 0x00000000bf900000, 0x00000000bf900000| Complete 
|1018|0x00000000bfa00000, 0x00000000bfb00000, 0x00000000bfb00000|100%|HC|  |TAMS 0x00000000bfa00000, 0x00000000bfa00000| Complete 
|1019|0x00000000bfb00000, 0x00000000bfc00000, 0x00000000bfc00000|100%|HC|  |TAMS 0x00000000bfb00000, 0x00000000bfb00000| Complete 
|1020|0x00000000bfc00000, 0x00000000bfd00000, 0x00000000bfd00000|100%|HC|  |TAMS 0x00000000bfc00000, 0x00000000bfc00000| Complete 
|1021|0x00000000bfd00000, 0x00000000bfe00000, 0x00000000bfe00000|100%|HC|  |TAMS 0x00000000bfd00000, 0x00000000bfd00000| Complete 
|1022|0x00000000bfe00000, 0x00000000bff00000, 0x00000000bff00000|100%|HC|  |TAMS 0x00000000bfe00000, 0x00000000bfe00000| Complete 
|1023|0x00000000bff00000, 0x00000000c0000000, 0x00000000c0000000|100%|HC|  |TAMS 0x00000000bff00000, 0x00000000bff00000| Complete 
|1024|0x00000000c0000000, 0x00000000c0100000, 0x00000000c0100000|100%|HC|  |TAMS 0x00000000c0000000, 0x00000000c0000000| Complete 
|1025|0x00000000c0100000, 0x00000000c0200000, 0x00000000c0200000|100%|HC|  |TAMS 0x00000000c0100000, 0x00000000c0100000| Complete 
|1026|0x00000000c0200000, 0x00000000c0300000, 0x00000000c0300000|100%|HC|  |TAMS 0x00000000c0200000, 0x00000000c0200000| Complete 
|1027|0x00000000c0300000, 0x00000000c0400000, 0x00000000c0400000|100%|HC|  |TAMS 0x00000000c0300000, 0x00000000c0300000| Complete 
|1028|0x00000000c0400000, 0x00000000c0500000, 0x00000000c0500000|100%|HC|  |TAMS 0x00000000c0400000, 0x00000000c0400000| Complete 
|1029|0x00000000c0500000, 0x00000000c0600000, 0x00000000c0600000|100%|HC|  |TAMS 0x00000000c0500000, 0x00000000c0500000| Complete 
|1030|0x00000000c0600000, 0x00000000c0700000, 0x00000000c0700000|100%|HC|  |TAMS 0x00000000c0600000, 0x00000000c0600000| Complete 
|1031|0x00000000c0700000, 0x00000000c0800000, 0x00000000c0800000|100%|HC|  |TAMS 0x00000000c0700000, 0x00000000c0700000| Complete 
|1032|0x00000000c0800000, 0x00000000c0900000, 0x00000000c0900000|100%|HC|  |TAMS 0x00000000c0800000, 0x00000000c0800000| Complete 
|1033|0x00000000c0900000, 0x00000000c0a00000, 0x00000000c0a00000|100%|HC|  |TAMS 0x00000000c0900000, 0x00000000c0900000| Complete 
|1034|0x00000000c0a00000, 0x00000000c0b00000, 0x00000000c0b00000|100%|HC|  |TAMS 0x00000000c0a00000, 0x00000000c0a00000| Complete 
|1035|0x00000000c0b00000, 0x00000000c0c00000, 0x00000000c0c00000|100%|HC|  |TAMS 0x00000000c0b00000, 0x00000000c0b00000| Complete 
|1036|0x00000000c0c00000, 0x00000000c0d00000, 0x00000000c0d00000|100%|HC|  |TAMS 0x00000000c0c00000, 0x00000000c0c00000| Complete 
|1037|0x00000000c0d00000, 0x00000000c0e00000, 0x00000000c0e00000|100%|HC|  |TAMS 0x00000000c0d00000, 0x00000000c0d00000| Complete 
|1038|0x00000000c0e00000, 0x00000000c0f00000, 0x00000000c0f00000|100%|HC|  |TAMS 0x00000000c0e00000, 0x00000000c0e00000| Complete 
|1039|0x00000000c0f00000, 0x00000000c1000000, 0x00000000c1000000|100%|HC|  |TAMS 0x00000000c0f00000, 0x00000000c0f00000| Complete 
|1040|0x00000000c1000000, 0x00000000c1100000, 0x00000000c1100000|100%|HC|  |TAMS 0x00000000c1000000, 0x00000000c1000000| Complete 
|1041|0x00000000c1100000, 0x00000000c1200000, 0x00000000c1200000|100%|HC|  |TAMS 0x00000000c1100000, 0x00000000c1100000| Complete 
|1042|0x00000000c1200000, 0x00000000c1300000, 0x00000000c1300000|100%|HC|  |TAMS 0x00000000c1200000, 0x00000000c1200000| Complete 
|1043|0x00000000c1300000, 0x00000000c1400000, 0x00000000c1400000|100%|HC|  |TAMS 0x00000000c1300000, 0x00000000c1300000| Complete 
|1044|0x00000000c1400000, 0x00000000c1500000, 0x00000000c1500000|100%|HC|  |TAMS 0x00000000c1400000, 0x00000000c1400000| Complete 
|1045|0x00000000c1500000, 0x00000000c1600000, 0x00000000c1600000|100%|HC|  |TAMS 0x00000000c1500000, 0x00000000c1500000| Complete 
|1046|0x00000000c1600000, 0x00000000c1700000, 0x00000000c1700000|100%|HC|  |TAMS 0x00000000c1600000, 0x00000000c1600000| Complete 
|1047|0x00000000c1700000, 0x00000000c1800000, 0x00000000c1800000|100%|HC|  |TAMS 0x00000000c1700000, 0x00000000c1700000| Complete 
|1048|0x00000000c1800000, 0x00000000c1900000, 0x00000000c1900000|100%|HC|  |TAMS 0x00000000c1800000, 0x00000000c1800000| Complete 
|1049|0x00000000c1900000, 0x00000000c1a00000, 0x00000000c1a00000|100%|HC|  |TAMS 0x00000000c1900000, 0x00000000c1900000| Complete 
|1050|0x00000000c1a00000, 0x00000000c1b00000, 0x00000000c1b00000|100%|HC|  |TAMS 0x00000000c1a00000, 0x00000000c1a00000| Complete 
|1051|0x00000000c1b00000, 0x00000000c1c00000, 0x00000000c1c00000|100%|HC|  |TAMS 0x00000000c1b00000, 0x00000000c1b00000| Complete 
|1052|0x00000000c1c00000, 0x00000000c1d00000, 0x00000000c1d00000|100%|HC|  |TAMS 0x00000000c1c00000, 0x00000000c1c00000| Complete 
|1053|0x00000000c1d00000, 0x00000000c1e00000, 0x00000000c1e00000|100%|HC|  |TAMS 0x00000000c1d00000, 0x00000000c1d00000| Complete 
|1054|0x00000000c1e00000, 0x00000000c1f00000, 0x00000000c1f00000|100%|HC|  |TAMS 0x00000000c1e00000, 0x00000000c1e00000| Complete 
|1055|0x00000000c1f00000, 0x00000000c2000000, 0x00000000c2000000|100%|HC|  |TAMS 0x00000000c1f00000, 0x00000000c1f00000| Complete 
|1056|0x00000000c2000000, 0x00000000c2100000, 0x00000000c2100000|100%|HC|  |TAMS 0x00000000c2000000, 0x00000000c2000000| Complete 
|1057|0x00000000c2100000, 0x00000000c2200000, 0x00000000c2200000|100%|HC|  |TAMS 0x00000000c2100000, 0x00000000c2100000| Complete 
|1058|0x00000000c2200000, 0x00000000c2300000, 0x00000000c2300000|100%|HC|  |TAMS 0x00000000c2200000, 0x00000000c2200000| Complete 
|1059|0x00000000c2300000, 0x00000000c2400000, 0x00000000c2400000|100%|HC|  |TAMS 0x00000000c2300000, 0x00000000c2300000| Complete 
|1060|0x00000000c2400000, 0x00000000c2500000, 0x00000000c2500000|100%|HC|  |TAMS 0x00000000c2400000, 0x00000000c2400000| Complete 
|1061|0x00000000c2500000, 0x00000000c2600000, 0x00000000c2600000|100%|HC|  |TAMS 0x00000000c2500000, 0x00000000c2500000| Complete 
|1062|0x00000000c2600000, 0x00000000c2700000, 0x00000000c2700000|100%|HC|  |TAMS 0x00000000c2600000, 0x00000000c2600000| Complete 
|1063|0x00000000c2700000, 0x00000000c2800000, 0x00000000c2800000|100%|HC|  |TAMS 0x00000000c2700000, 0x00000000c2700000| Complete 
|1064|0x00000000c2800000, 0x00000000c2900000, 0x00000000c2900000|100%|HC|  |TAMS 0x00000000c2800000, 0x00000000c2800000| Complete 
|1065|0x00000000c2900000, 0x00000000c2a00000, 0x00000000c2a00000|100%|HC|  |TAMS 0x00000000c2900000, 0x00000000c2900000| Complete 
|1066|0x00000000c2a00000, 0x00000000c2b00000, 0x00000000c2b00000|100%|HC|  |TAMS 0x00000000c2a00000, 0x00000000c2a00000| Complete 
|1067|0x00000000c2b00000, 0x00000000c2c00000, 0x00000000c2c00000|100%|HC|  |TAMS 0x00000000c2b00000, 0x00000000c2b00000| Complete 
|1068|0x00000000c2c00000, 0x00000000c2d00000, 0x00000000c2d00000|100%|HC|  |TAMS 0x00000000c2c00000, 0x00000000c2c00000| Complete 
|1069|0x00000000c2d00000, 0x00000000c2e00000, 0x00000000c2e00000|100%|HC|  |TAMS 0x00000000c2d00000, 0x00000000c2d00000| Complete 
|1070|0x00000000c2e00000, 0x00000000c2f00000, 0x00000000c2f00000|100%|HC|  |TAMS 0x00000000c2e00000, 0x00000000c2e00000| Complete 
|1071|0x00000000c2f00000, 0x00000000c3000000, 0x00000000c3000000|100%|HC|  |TAMS 0x00000000c2f00000, 0x00000000c2f00000| Complete 
|1072|0x00000000c3000000, 0x00000000c3100000, 0x00000000c3100000|100%|HC|  |TAMS 0x00000000c3000000, 0x00000000c3000000| Complete 
|1073|0x00000000c3100000, 0x00000000c3200000, 0x00000000c3200000|100%|HC|  |TAMS 0x00000000c3100000, 0x00000000c3100000| Complete 
|1074|0x00000000c3200000, 0x00000000c3300000, 0x00000000c3300000|100%|HC|  |TAMS 0x00000000c3200000, 0x00000000c3200000| Complete 
|1075|0x00000000c3300000, 0x00000000c3400000, 0x00000000c3400000|100%|HC|  |TAMS 0x00000000c3300000, 0x00000000c3300000| Complete 
|1076|0x00000000c3400000, 0x00000000c3500000, 0x00000000c3500000|100%|HC|  |TAMS 0x00000000c3400000, 0x00000000c3400000| Complete 
|1077|0x00000000c3500000, 0x00000000c3600000, 0x00000000c3600000|100%|HC|  |TAMS 0x00000000c3500000, 0x00000000c3500000| Complete 
|1078|0x00000000c3600000, 0x00000000c3700000, 0x00000000c3700000|100%|HC|  |TAMS 0x00000000c3600000, 0x00000000c3600000| Complete 
|1079|0x00000000c3700000, 0x00000000c3800000, 0x00000000c3800000|100%|HC|  |TAMS 0x00000000c3700000, 0x00000000c3700000| Complete 
|1080|0x00000000c3800000, 0x00000000c3900000, 0x00000000c3900000|100%|HC|  |TAMS 0x00000000c3800000, 0x00000000c3800000| Complete 
|1081|0x00000000c3900000, 0x00000000c3a00000, 0x00000000c3a00000|100%|HC|  |TAMS 0x00000000c3900000, 0x00000000c3900000| Complete 
|1082|0x00000000c3a00000, 0x00000000c3b00000, 0x00000000c3b00000|100%|HC|  |TAMS 0x00000000c3a00000, 0x00000000c3a00000| Complete 
|1083|0x00000000c3b00000, 0x00000000c3c00000, 0x00000000c3c00000|100%|HC|  |TAMS 0x00000000c3b00000, 0x00000000c3b00000| Complete 
|1084|0x00000000c3c00000, 0x00000000c3d00000, 0x00000000c3d00000|100%|HC|  |TAMS 0x00000000c3c00000, 0x00000000c3c00000| Complete 
|1085|0x00000000c3d00000, 0x00000000c3e00000, 0x00000000c3e00000|100%|HC|  |TAMS 0x00000000c3d00000, 0x00000000c3d00000| Complete 
|1086|0x00000000c3e00000, 0x00000000c3f00000, 0x00000000c3f00000|100%|HC|  |TAMS 0x00000000c3e00000, 0x00000000c3e00000| Complete 
|1087|0x00000000c3f00000, 0x00000000c4000000, 0x00000000c4000000|100%|HC|  |TAMS 0x00000000c3f00000, 0x00000000c3f00000| Complete 
|1088|0x00000000c4000000, 0x00000000c4100000, 0x00000000c4100000|100%|HC|  |TAMS 0x00000000c4000000, 0x00000000c4000000| Complete 
|1089|0x00000000c4100000, 0x00000000c4200000, 0x00000000c4200000|100%|HC|  |TAMS 0x00000000c4100000, 0x00000000c4100000| Complete 
|1090|0x00000000c4200000, 0x00000000c4300000, 0x00000000c4300000|100%|HC|  |TAMS 0x00000000c4200000, 0x00000000c4200000| Complete 
|1091|0x00000000c4300000, 0x00000000c4400000, 0x00000000c4400000|100%|HC|  |TAMS 0x00000000c4300000, 0x00000000c4300000| Complete 
|1092|0x00000000c4400000, 0x00000000c4500000, 0x00000000c4500000|100%|HC|  |TAMS 0x00000000c4400000, 0x00000000c4400000| Complete 
|1093|0x00000000c4500000, 0x00000000c4600000, 0x00000000c4600000|100%|HC|  |TAMS 0x00000000c4500000, 0x00000000c4500000| Complete 
|1094|0x00000000c4600000, 0x00000000c4700000, 0x00000000c4700000|100%|HC|  |TAMS 0x00000000c4600000, 0x00000000c4600000| Complete 
|1095|0x00000000c4700000, 0x00000000c4800000, 0x00000000c4800000|100%|HC|  |TAMS 0x00000000c4700000, 0x00000000c4700000| Complete 
|1096|0x00000000c4800000, 0x00000000c4900000, 0x00000000c4900000|100%|HC|  |TAMS 0x00000000c4800000, 0x00000000c4800000| Complete 
|1097|0x00000000c4900000, 0x00000000c4a00000, 0x00000000c4a00000|100%|HC|  |TAMS 0x00000000c4900000, 0x00000000c4900000| Complete 
|1098|0x00000000c4a00000, 0x00000000c4b00000, 0x00000000c4b00000|100%|HC|  |TAMS 0x00000000c4a00000, 0x00000000c4a00000| Complete 
|1099|0x00000000c4b00000, 0x00000000c4c00000, 0x00000000c4c00000|100%|HC|  |TAMS 0x00000000c4b00000, 0x00000000c4b00000| Complete 
|1100|0x00000000c4c00000, 0x00000000c4d00000, 0x00000000c4d00000|100%|HC|  |TAMS 0x00000000c4c00000, 0x00000000c4c00000| Complete 
|1101|0x00000000c4d00000, 0x00000000c4e00000, 0x00000000c4e00000|100%|HC|  |TAMS 0x00000000c4d00000, 0x00000000c4d00000| Complete 
|1102|0x00000000c4e00000, 0x00000000c4f00000, 0x00000000c4f00000|100%|HC|  |TAMS 0x00000000c4e00000, 0x00000000c4e00000| Complete 
|1103|0x00000000c4f00000, 0x00000000c5000000, 0x00000000c5000000|100%|HC|  |TAMS 0x00000000c4f00000, 0x00000000c4f00000| Complete 
|1104|0x00000000c5000000, 0x00000000c5100000, 0x00000000c5100000|100%|HC|  |TAMS 0x00000000c5000000, 0x00000000c5000000| Complete 
|1105|0x00000000c5100000, 0x00000000c5200000, 0x00000000c5200000|100%|HC|  |TAMS 0x00000000c5100000, 0x00000000c5100000| Complete 
|1106|0x00000000c5200000, 0x00000000c5300000, 0x00000000c5300000|100%|HC|  |TAMS 0x00000000c5200000, 0x00000000c5200000| Complete 
|1107|0x00000000c5300000, 0x00000000c5400000, 0x00000000c5400000|100%|HC|  |TAMS 0x00000000c5300000, 0x00000000c5300000| Complete 
|1108|0x00000000c5400000, 0x00000000c5500000, 0x00000000c5500000|100%|HC|  |TAMS 0x00000000c5400000, 0x00000000c5400000| Complete 
|1109|0x00000000c5500000, 0x00000000c5600000, 0x00000000c5600000|100%|HC|  |TAMS 0x00000000c5500000, 0x00000000c5500000| Complete 
|1110|0x00000000c5600000, 0x00000000c5700000, 0x00000000c5700000|100%|HC|  |TAMS 0x00000000c5600000, 0x00000000c5600000| Complete 
|1111|0x00000000c5700000, 0x00000000c5800000, 0x00000000c5800000|100%|HC|  |TAMS 0x00000000c5700000, 0x00000000c5700000| Complete 
|1112|0x00000000c5800000, 0x00000000c5900000, 0x00000000c5900000|100%|HC|  |TAMS 0x00000000c5800000, 0x00000000c5800000| Complete 
|1113|0x00000000c5900000, 0x00000000c5a00000, 0x00000000c5a00000|100%|HC|  |TAMS 0x00000000c5900000, 0x00000000c5900000| Complete 
|1114|0x00000000c5a00000, 0x00000000c5b00000, 0x00000000c5b00000|100%|HC|  |TAMS 0x00000000c5a00000, 0x00000000c5a00000| Complete 
|1115|0x00000000c5b00000, 0x00000000c5c00000, 0x00000000c5c00000|100%|HC|  |TAMS 0x00000000c5b00000, 0x00000000c5b00000| Complete 
|1116|0x00000000c5c00000, 0x00000000c5d00000, 0x00000000c5d00000|100%|HC|  |TAMS 0x00000000c5c00000, 0x00000000c5c00000| Complete 
|1117|0x00000000c5d00000, 0x00000000c5e00000, 0x00000000c5e00000|100%|HC|  |TAMS 0x00000000c5d00000, 0x00000000c5d00000| Complete 
|1118|0x00000000c5e00000, 0x00000000c5f00000, 0x00000000c5f00000|100%|HC|  |TAMS 0x00000000c5e00000, 0x00000000c5e00000| Complete 
|1119|0x00000000c5f00000, 0x00000000c6000000, 0x00000000c6000000|100%|HC|  |TAMS 0x00000000c5f00000, 0x00000000c5f00000| Complete 
|1120|0x00000000c6000000, 0x00000000c6100000, 0x00000000c6100000|100%|HC|  |TAMS 0x00000000c6000000, 0x00000000c6000000| Complete 
|1121|0x00000000c6100000, 0x00000000c6200000, 0x00000000c6200000|100%|HC|  |TAMS 0x00000000c6100000, 0x00000000c6100000| Complete 
|1122|0x00000000c6200000, 0x00000000c6300000, 0x00000000c6300000|100%|HC|  |TAMS 0x00000000c6200000, 0x00000000c6200000| Complete 
|1123|0x00000000c6300000, 0x00000000c6400000, 0x00000000c6400000|100%|HC|  |TAMS 0x00000000c6300000, 0x00000000c6300000| Complete 
|1124|0x00000000c6400000, 0x00000000c6500000, 0x00000000c6500000|100%|HC|  |TAMS 0x00000000c6400000, 0x00000000c6400000| Complete 
|1125|0x00000000c6500000, 0x00000000c6600000, 0x00000000c6600000|100%|HC|  |TAMS 0x00000000c6500000, 0x00000000c6500000| Complete 
|1126|0x00000000c6600000, 0x00000000c6700000, 0x00000000c6700000|100%|HC|  |TAMS 0x00000000c6600000, 0x00000000c6600000| Complete 
|1127|0x00000000c6700000, 0x00000000c6800000, 0x00000000c6800000|100%|HC|  |TAMS 0x00000000c6700000, 0x00000000c6700000| Complete 
|1128|0x00000000c6800000, 0x00000000c6900000, 0x00000000c6900000|100%|HC|  |TAMS 0x00000000c6800000, 0x00000000c6800000| Complete 
|1129|0x00000000c6900000, 0x00000000c6a00000, 0x00000000c6a00000|100%|HC|  |TAMS 0x00000000c6900000, 0x00000000c6900000| Complete 
|1130|0x00000000c6a00000, 0x00000000c6b00000, 0x00000000c6b00000|100%|HC|  |TAMS 0x00000000c6a00000, 0x00000000c6a00000| Complete 
|1131|0x00000000c6b00000, 0x00000000c6c00000, 0x00000000c6c00000|100%|HC|  |TAMS 0x00000000c6b00000, 0x00000000c6b00000| Complete 
|1132|0x00000000c6c00000, 0x00000000c6d00000, 0x00000000c6d00000|100%|HC|  |TAMS 0x00000000c6c00000, 0x00000000c6c00000| Complete 
|1133|0x00000000c6d00000, 0x00000000c6e00000, 0x00000000c6e00000|100%|HC|  |TAMS 0x00000000c6d00000, 0x00000000c6d00000| Complete 
|1134|0x00000000c6e00000, 0x00000000c6f00000, 0x00000000c6f00000|100%|HS|  |TAMS 0x00000000c6e00000, 0x00000000c6e00000| Complete 
|1135|0x00000000c6f00000, 0x00000000c7000000, 0x00000000c7000000|100%|HC|  |TAMS 0x00000000c6f00000, 0x00000000c6f00000| Complete 
|1136|0x00000000c7000000, 0x00000000c7100000, 0x00000000c7100000|100%|HC|  |TAMS 0x00000000c7000000, 0x00000000c7000000| Complete 
|1137|0x00000000c7100000, 0x00000000c7200000, 0x00000000c7200000|100%|HC|  |TAMS 0x00000000c7100000, 0x00000000c7100000| Complete 
|1138|0x00000000c7200000, 0x00000000c7300000, 0x00000000c7300000|100%|HC|  |TAMS 0x00000000c7200000, 0x00000000c7200000| Complete 
|1139|0x00000000c7300000, 0x00000000c7400000, 0x00000000c7400000|100%|HC|  |TAMS 0x00000000c7300000, 0x00000000c7300000| Complete 
|1140|0x00000000c7400000, 0x00000000c7500000, 0x00000000c7500000|100%|HC|  |TAMS 0x00000000c7400000, 0x00000000c7400000| Complete 
|1141|0x00000000c7500000, 0x00000000c7600000, 0x00000000c7600000|100%|HC|  |TAMS 0x00000000c7500000, 0x00000000c7500000| Complete 
|1142|0x00000000c7600000, 0x00000000c7700000, 0x00000000c7700000|100%|HC|  |TAMS 0x00000000c7600000, 0x00000000c7600000| Complete 
|1143|0x00000000c7700000, 0x00000000c7800000, 0x00000000c7800000|100%|HC|  |TAMS 0x00000000c7700000, 0x00000000c7700000| Complete 
|1144|0x00000000c7800000, 0x00000000c7900000, 0x00000000c7900000|100%|HC|  |TAMS 0x00000000c7800000, 0x00000000c7800000| Complete 
|1145|0x00000000c7900000, 0x00000000c7a00000, 0x00000000c7a00000|100%|HC|  |TAMS 0x00000000c7900000, 0x00000000c7900000| Complete 
|1146|0x00000000c7a00000, 0x00000000c7b00000, 0x00000000c7b00000|100%|HC|  |TAMS 0x00000000c7a00000, 0x00000000c7a00000| Complete 
|1147|0x00000000c7b00000, 0x00000000c7c00000, 0x00000000c7c00000|100%|HC|  |TAMS 0x00000000c7b00000, 0x00000000c7b00000| Complete 
|1148|0x00000000c7c00000, 0x00000000c7d00000, 0x00000000c7d00000|100%|HC|  |TAMS 0x00000000c7c00000, 0x00000000c7c00000| Complete 
|1149|0x00000000c7d00000, 0x00000000c7e00000, 0x00000000c7e00000|100%|HC|  |TAMS 0x00000000c7d00000, 0x00000000c7d00000| Complete 
|1150|0x00000000c7e00000, 0x00000000c7f00000, 0x00000000c7f00000|100%|HC|  |TAMS 0x00000000c7e00000, 0x00000000c7e00000| Complete 
|1151|0x00000000c7f00000, 0x00000000c8000000, 0x00000000c8000000|100%|HC|  |TAMS 0x00000000c7f00000, 0x00000000c7f00000| Complete 
|1152|0x00000000c8000000, 0x00000000c8100000, 0x00000000c8100000|100%|HC|  |TAMS 0x00000000c8000000, 0x00000000c8000000| Complete 
|1153|0x00000000c8100000, 0x00000000c8200000, 0x00000000c8200000|100%|HC|  |TAMS 0x00000000c8100000, 0x00000000c8100000| Complete 
|1154|0x00000000c8200000, 0x00000000c8300000, 0x00000000c8300000|100%|HC|  |TAMS 0x00000000c8200000, 0x00000000c8200000| Complete 
|1155|0x00000000c8300000, 0x00000000c8400000, 0x00000000c8400000|100%|HC|  |TAMS 0x00000000c8300000, 0x00000000c8300000| Complete 
|1156|0x00000000c8400000, 0x00000000c8500000, 0x00000000c8500000|100%|HC|  |TAMS 0x00000000c8400000, 0x00000000c8400000| Complete 
|1157|0x00000000c8500000, 0x00000000c8600000, 0x00000000c8600000|100%|HC|  |TAMS 0x00000000c8500000, 0x00000000c8500000| Complete 
|1158|0x00000000c8600000, 0x00000000c8700000, 0x00000000c8700000|100%|HC|  |TAMS 0x00000000c8600000, 0x00000000c8600000| Complete 
|1159|0x00000000c8700000, 0x00000000c8800000, 0x00000000c8800000|100%|HC|  |TAMS 0x00000000c8700000, 0x00000000c8700000| Complete 
|1160|0x00000000c8800000, 0x00000000c8900000, 0x00000000c8900000|100%|HC|  |TAMS 0x00000000c8800000, 0x00000000c8800000| Complete 
|1161|0x00000000c8900000, 0x00000000c8a00000, 0x00000000c8a00000|100%|HC|  |TAMS 0x00000000c8900000, 0x00000000c8900000| Complete 
|1162|0x00000000c8a00000, 0x00000000c8b00000, 0x00000000c8b00000|100%|HC|  |TAMS 0x00000000c8a00000, 0x00000000c8a00000| Complete 
|1163|0x00000000c8b00000, 0x00000000c8c00000, 0x00000000c8c00000|100%|HC|  |TAMS 0x00000000c8b00000, 0x00000000c8b00000| Complete 
|1164|0x00000000c8c00000, 0x00000000c8d00000, 0x00000000c8d00000|100%|HC|  |TAMS 0x00000000c8c00000, 0x00000000c8c00000| Complete 
|1165|0x00000000c8d00000, 0x00000000c8e00000, 0x00000000c8e00000|100%|HC|  |TAMS 0x00000000c8d00000, 0x00000000c8d00000| Complete 
|1166|0x00000000c8e00000, 0x00000000c8f00000, 0x00000000c8f00000|100%|HC|  |TAMS 0x00000000c8e00000, 0x00000000c8e00000| Complete 
|1167|0x00000000c8f00000, 0x00000000c9000000, 0x00000000c9000000|100%|HC|  |TAMS 0x00000000c8f00000, 0x00000000c8f00000| Complete 
|1168|0x00000000c9000000, 0x00000000c9100000, 0x00000000c9100000|100%|HC|  |TAMS 0x00000000c9000000, 0x00000000c9000000| Complete 
|1169|0x00000000c9100000, 0x00000000c9200000, 0x00000000c9200000|100%|HC|  |TAMS 0x00000000c9100000, 0x00000000c9100000| Complete 
|1170|0x00000000c9200000, 0x00000000c9300000, 0x00000000c9300000|100%|HC|  |TAMS 0x00000000c9200000, 0x00000000c9200000| Complete 
|1171|0x00000000c9300000, 0x00000000c9400000, 0x00000000c9400000|100%|HC|  |TAMS 0x00000000c9300000, 0x00000000c9300000| Complete 
|1172|0x00000000c9400000, 0x00000000c9500000, 0x00000000c9500000|100%|HC|  |TAMS 0x00000000c9400000, 0x00000000c9400000| Complete 
|1173|0x00000000c9500000, 0x00000000c9600000, 0x00000000c9600000|100%|HC|  |TAMS 0x00000000c9500000, 0x00000000c9500000| Complete 
|1174|0x00000000c9600000, 0x00000000c9700000, 0x00000000c9700000|100%|HC|  |TAMS 0x00000000c9600000, 0x00000000c9600000| Complete 
|1175|0x00000000c9700000, 0x00000000c9800000, 0x00000000c9800000|100%|HC|  |TAMS 0x00000000c9700000, 0x00000000c9700000| Complete 
|1176|0x00000000c9800000, 0x00000000c9900000, 0x00000000c9900000|100%|HC|  |TAMS 0x00000000c9800000, 0x00000000c9800000| Complete 
|1177|0x00000000c9900000, 0x00000000c9a00000, 0x00000000c9a00000|100%|HC|  |TAMS 0x00000000c9900000, 0x00000000c9900000| Complete 
|1178|0x00000000c9a00000, 0x00000000c9b00000, 0x00000000c9b00000|100%|HC|  |TAMS 0x00000000c9a00000, 0x00000000c9a00000| Complete 
|1179|0x00000000c9b00000, 0x00000000c9c00000, 0x00000000c9c00000|100%|HC|  |TAMS 0x00000000c9b00000, 0x00000000c9b00000| Complete 
|1180|0x00000000c9c00000, 0x00000000c9d00000, 0x00000000c9d00000|100%|HC|  |TAMS 0x00000000c9c00000, 0x00000000c9c00000| Complete 
|1181|0x00000000c9d00000, 0x00000000c9e00000, 0x00000000c9e00000|100%|HC|  |TAMS 0x00000000c9d00000, 0x00000000c9d00000| Complete 
|1182|0x00000000c9e00000, 0x00000000c9f00000, 0x00000000c9f00000|100%|HC|  |TAMS 0x00000000c9e00000, 0x00000000c9e00000| Complete 
|1183|0x00000000c9f00000, 0x00000000ca000000, 0x00000000ca000000|100%|HC|  |TAMS 0x00000000c9f00000, 0x00000000c9f00000| Complete 
|1184|0x00000000ca000000, 0x00000000ca100000, 0x00000000ca100000|100%|HC|  |TAMS 0x00000000ca000000, 0x00000000ca000000| Complete 
|1185|0x00000000ca100000, 0x00000000ca200000, 0x00000000ca200000|100%|HC|  |TAMS 0x00000000ca100000, 0x00000000ca100000| Complete 
|1186|0x00000000ca200000, 0x00000000ca300000, 0x00000000ca300000|100%|HC|  |TAMS 0x00000000ca200000, 0x00000000ca200000| Complete 
|1187|0x00000000ca300000, 0x00000000ca400000, 0x00000000ca400000|100%|HC|  |TAMS 0x00000000ca300000, 0x00000000ca300000| Complete 
|1188|0x00000000ca400000, 0x00000000ca500000, 0x00000000ca500000|100%|HC|  |TAMS 0x00000000ca400000, 0x00000000ca400000| Complete 
|1189|0x00000000ca500000, 0x00000000ca600000, 0x00000000ca600000|100%|HC|  |TAMS 0x00000000ca500000, 0x00000000ca500000| Complete 
|1190|0x00000000ca600000, 0x00000000ca700000, 0x00000000ca700000|100%|HC|  |TAMS 0x00000000ca600000, 0x00000000ca600000| Complete 
|1191|0x00000000ca700000, 0x00000000ca800000, 0x00000000ca800000|100%|HC|  |TAMS 0x00000000ca700000, 0x00000000ca700000| Complete 
|1192|0x00000000ca800000, 0x00000000ca900000, 0x00000000ca900000|100%|HC|  |TAMS 0x00000000ca800000, 0x00000000ca800000| Complete 
|1193|0x00000000ca900000, 0x00000000caa00000, 0x00000000caa00000|100%|HC|  |TAMS 0x00000000ca900000, 0x00000000ca900000| Complete 
|1194|0x00000000caa00000, 0x00000000cab00000, 0x00000000cab00000|100%|HC|  |TAMS 0x00000000caa00000, 0x00000000caa00000| Complete 
|1195|0x00000000cab00000, 0x00000000cac00000, 0x00000000cac00000|100%|HC|  |TAMS 0x00000000cab00000, 0x00000000cab00000| Complete 
|1196|0x00000000cac00000, 0x00000000cad00000, 0x00000000cad00000|100%|HC|  |TAMS 0x00000000cac00000, 0x00000000cac00000| Complete 
|1197|0x00000000cad00000, 0x00000000cae00000, 0x00000000cae00000|100%|HC|  |TAMS 0x00000000cad00000, 0x00000000cad00000| Complete 
|1198|0x00000000cae00000, 0x00000000caf00000, 0x00000000caf00000|100%|HC|  |TAMS 0x00000000cae00000, 0x00000000cae00000| Complete 
|1199|0x00000000caf00000, 0x00000000cb000000, 0x00000000cb000000|100%|HC|  |TAMS 0x00000000caf00000, 0x00000000caf00000| Complete 
|1200|0x00000000cb000000, 0x00000000cb100000, 0x00000000cb100000|100%|HC|  |TAMS 0x00000000cb000000, 0x00000000cb000000| Complete 
|1201|0x00000000cb100000, 0x00000000cb200000, 0x00000000cb200000|100%|HC|  |TAMS 0x00000000cb100000, 0x00000000cb100000| Complete 
|1202|0x00000000cb200000, 0x00000000cb300000, 0x00000000cb300000|100%|HC|  |TAMS 0x00000000cb200000, 0x00000000cb200000| Complete 
|1203|0x00000000cb300000, 0x00000000cb400000, 0x00000000cb400000|100%|HC|  |TAMS 0x00000000cb300000, 0x00000000cb300000| Complete 
|1204|0x00000000cb400000, 0x00000000cb500000, 0x00000000cb500000|100%|HC|  |TAMS 0x00000000cb400000, 0x00000000cb400000| Complete 
|1205|0x00000000cb500000, 0x00000000cb600000, 0x00000000cb600000|100%|HC|  |TAMS 0x00000000cb500000, 0x00000000cb500000| Complete 
|1206|0x00000000cb600000, 0x00000000cb600000, 0x00000000cb700000|  0%| F|  |TAMS 0x00000000cb600000, 0x00000000cb600000| Untracked 
|1207|0x00000000cb700000, 0x00000000cb700000, 0x00000000cb800000|  0%| F|  |TAMS 0x00000000cb700000, 0x00000000cb700000| Untracked 
|1208|0x00000000cb800000, 0x00000000cb800000, 0x00000000cb900000|  0%| F|  |TAMS 0x00000000cb800000, 0x00000000cb800000| Untracked 
|1209|0x00000000cb900000, 0x00000000cb900000, 0x00000000cba00000|  0%| F|  |TAMS 0x00000000cb900000, 0x00000000cb900000| Untracked 
|1210|0x00000000cba00000, 0x00000000cba00000, 0x00000000cbb00000|  0%| F|  |TAMS 0x00000000cba00000, 0x00000000cba00000| Untracked 
|1211|0x00000000cbb00000, 0x00000000cbb00000, 0x00000000cbc00000|  0%| F|  |TAMS 0x00000000cbb00000, 0x00000000cbb00000| Untracked 
|1212|0x00000000cbc00000, 0x00000000cbc00000, 0x00000000cbd00000|  0%| F|  |TAMS 0x00000000cbc00000, 0x00000000cbc00000| Untracked 
|1213|0x00000000cbd00000, 0x00000000cbd00000, 0x00000000cbe00000|  0%| F|  |TAMS 0x00000000cbd00000, 0x00000000cbd00000| Untracked 
|1214|0x00000000cbe00000, 0x00000000cbe00000, 0x00000000cbf00000|  0%| F|  |TAMS 0x00000000cbe00000, 0x00000000cbe00000| Untracked 
|1215|0x00000000cbf00000, 0x00000000cbf00000, 0x00000000cc000000|  0%| F|  |TAMS 0x00000000cbf00000, 0x00000000cbf00000| Untracked 
|1216|0x00000000cc000000, 0x00000000cc000000, 0x00000000cc100000|  0%| F|  |TAMS 0x00000000cc000000, 0x00000000cc000000| Untracked 
|1217|0x00000000cc100000, 0x00000000cc100000, 0x00000000cc200000|  0%| F|  |TAMS 0x00000000cc100000, 0x00000000cc100000| Untracked 
|1218|0x00000000cc200000, 0x00000000cc200000, 0x00000000cc300000|  0%| F|  |TAMS 0x00000000cc200000, 0x00000000cc200000| Untracked 
|1219|0x00000000cc300000, 0x00000000cc300000, 0x00000000cc400000|  0%| F|  |TAMS 0x00000000cc300000, 0x00000000cc300000| Untracked 
|1220|0x00000000cc400000, 0x00000000cc400000, 0x00000000cc500000|  0%| F|  |TAMS 0x00000000cc400000, 0x00000000cc400000| Untracked 
|1221|0x00000000cc500000, 0x00000000cc500000, 0x00000000cc600000|  0%| F|  |TAMS 0x00000000cc500000, 0x00000000cc500000| Untracked 
|1222|0x00000000cc600000, 0x00000000cc600000, 0x00000000cc700000|  0%| F|  |TAMS 0x00000000cc600000, 0x00000000cc600000| Untracked 
|1223|0x00000000cc700000, 0x00000000cc700000, 0x00000000cc800000|  0%| F|  |TAMS 0x00000000cc700000, 0x00000000cc700000| Untracked 
|1224|0x00000000cc800000, 0x00000000cc800000, 0x00000000cc900000|  0%| F|  |TAMS 0x00000000cc800000, 0x00000000cc800000| Untracked 
|1225|0x00000000cc900000, 0x00000000cc900000, 0x00000000cca00000|  0%| F|  |TAMS 0x00000000cc900000, 0x00000000cc900000| Untracked 
|1226|0x00000000cca00000, 0x00000000cca00000, 0x00000000ccb00000|  0%| F|  |TAMS 0x00000000cca00000, 0x00000000cca00000| Untracked 
|1227|0x00000000ccb00000, 0x00000000ccb00000, 0x00000000ccc00000|  0%| F|  |TAMS 0x00000000ccb00000, 0x00000000ccb00000| Untracked 
|1228|0x00000000ccc00000, 0x00000000ccc00000, 0x00000000ccd00000|  0%| F|  |TAMS 0x00000000ccc00000, 0x00000000ccc00000| Untracked 
|1229|0x00000000ccd00000, 0x00000000ccd00000, 0x00000000cce00000|  0%| F|  |TAMS 0x00000000ccd00000, 0x00000000ccd00000| Untracked 
|1230|0x00000000cce00000, 0x00000000cce00000, 0x00000000ccf00000|  0%| F|  |TAMS 0x00000000cce00000, 0x00000000cce00000| Untracked 
|1231|0x00000000ccf00000, 0x00000000ccf00000, 0x00000000cd000000|  0%| F|  |TAMS 0x00000000ccf00000, 0x00000000ccf00000| Untracked 
|1232|0x00000000cd000000, 0x00000000cd000000, 0x00000000cd100000|  0%| F|  |TAMS 0x00000000cd000000, 0x00000000cd000000| Untracked 
|1233|0x00000000cd100000, 0x00000000cd100000, 0x00000000cd200000|  0%| F|  |TAMS 0x00000000cd100000, 0x00000000cd100000| Untracked 
|1234|0x00000000cd200000, 0x00000000cd200000, 0x00000000cd300000|  0%| F|  |TAMS 0x00000000cd200000, 0x00000000cd200000| Untracked 
|1235|0x00000000cd300000, 0x00000000cd300000, 0x00000000cd400000|  0%| F|  |TAMS 0x00000000cd300000, 0x00000000cd300000| Untracked 
|1236|0x00000000cd400000, 0x00000000cd400000, 0x00000000cd500000|  0%| F|  |TAMS 0x00000000cd400000, 0x00000000cd400000| Untracked 
|1237|0x00000000cd500000, 0x00000000cd500000, 0x00000000cd600000|  0%| F|  |TAMS 0x00000000cd500000, 0x00000000cd500000| Untracked 
|1238|0x00000000cd600000, 0x00000000cd600000, 0x00000000cd700000|  0%| F|  |TAMS 0x00000000cd600000, 0x00000000cd600000| Untracked 
|1239|0x00000000cd700000, 0x00000000cd700000, 0x00000000cd800000|  0%| F|  |TAMS 0x00000000cd700000, 0x00000000cd700000| Untracked 
|1240|0x00000000cd800000, 0x00000000cd800000, 0x00000000cd900000|  0%| F|  |TAMS 0x00000000cd800000, 0x00000000cd800000| Untracked 
|1241|0x00000000cd900000, 0x00000000cd900000, 0x00000000cda00000|  0%| F|  |TAMS 0x00000000cd900000, 0x00000000cd900000| Untracked 
|1242|0x00000000cda00000, 0x00000000cda00000, 0x00000000cdb00000|  0%| F|  |TAMS 0x00000000cda00000, 0x00000000cda00000| Untracked 
|1243|0x00000000cdb00000, 0x00000000cdb00000, 0x00000000cdc00000|  0%| F|  |TAMS 0x00000000cdb00000, 0x00000000cdb00000| Untracked 
|1244|0x00000000cdc00000, 0x00000000cdc00000, 0x00000000cdd00000|  0%| F|  |TAMS 0x00000000cdc00000, 0x00000000cdc00000| Untracked 
|1245|0x00000000cdd00000, 0x00000000cdd00000, 0x00000000cde00000|  0%| F|  |TAMS 0x00000000cdd00000, 0x00000000cdd00000| Untracked 
|1246|0x00000000cde00000, 0x00000000cde00000, 0x00000000cdf00000|  0%| F|  |TAMS 0x00000000cde00000, 0x00000000cde00000| Untracked 
|1247|0x00000000cdf00000, 0x00000000cdf00000, 0x00000000ce000000|  0%| F|  |TAMS 0x00000000cdf00000, 0x00000000cdf00000| Untracked 
|1248|0x00000000ce000000, 0x00000000ce000000, 0x00000000ce100000|  0%| F|  |TAMS 0x00000000ce000000, 0x00000000ce000000| Untracked 
|1249|0x00000000ce100000, 0x00000000ce100000, 0x00000000ce200000|  0%| F|  |TAMS 0x00000000ce100000, 0x00000000ce100000| Untracked 
|1250|0x00000000ce200000, 0x00000000ce200000, 0x00000000ce300000|  0%| F|  |TAMS 0x00000000ce200000, 0x00000000ce200000| Untracked 
|1251|0x00000000ce300000, 0x00000000ce300000, 0x00000000ce400000|  0%| F|  |TAMS 0x00000000ce300000, 0x00000000ce300000| Untracked 
|1252|0x00000000ce400000, 0x00000000ce400000, 0x00000000ce500000|  0%| F|  |TAMS 0x00000000ce400000, 0x00000000ce400000| Untracked 
|1253|0x00000000ce500000, 0x00000000ce500000, 0x00000000ce600000|  0%| F|  |TAMS 0x00000000ce500000, 0x00000000ce500000| Untracked 
|1254|0x00000000ce600000, 0x00000000ce600000, 0x00000000ce700000|  0%| F|  |TAMS 0x00000000ce600000, 0x00000000ce600000| Untracked 
|1255|0x00000000ce700000, 0x00000000ce700000, 0x00000000ce800000|  0%| F|  |TAMS 0x00000000ce700000, 0x00000000ce700000| Untracked 
|1256|0x00000000ce800000, 0x00000000ce800000, 0x00000000ce900000|  0%| F|  |TAMS 0x00000000ce800000, 0x00000000ce800000| Untracked 
|1257|0x00000000ce900000, 0x00000000ce900000, 0x00000000cea00000|  0%| F|  |TAMS 0x00000000ce900000, 0x00000000ce900000| Untracked 
|1258|0x00000000cea00000, 0x00000000cea00000, 0x00000000ceb00000|  0%| F|  |TAMS 0x00000000cea00000, 0x00000000cea00000| Untracked 
|1259|0x00000000ceb00000, 0x00000000ceb00000, 0x00000000cec00000|  0%| F|  |TAMS 0x00000000ceb00000, 0x00000000ceb00000| Untracked 
|1260|0x00000000cec00000, 0x00000000cec00000, 0x00000000ced00000|  0%| F|  |TAMS 0x00000000cec00000, 0x00000000cec00000| Untracked 
|1261|0x00000000ced00000, 0x00000000ced00000, 0x00000000cee00000|  0%| F|  |TAMS 0x00000000ced00000, 0x00000000ced00000| Untracked 
|1262|0x00000000cee00000, 0x00000000cee00000, 0x00000000cef00000|  0%| F|  |TAMS 0x00000000cee00000, 0x00000000cee00000| Untracked 

Card table byte_map: [0x000002c0a69b0000,0x000002c0a6db0000] _byte_map_base: 0x000002c0a65b0000

Marking Bits (Prev, Next): (CMBitMap*) 0x000002c08c73a020, (CMBitMap*) 0x000002c08c739fe0
 Prev Bits: [0x000002c0a91b0000, 0x000002c0ab1b0000)
 Next Bits: [0x000002c0a71b0000, 0x000002c0a91b0000)

Polling page: 0x000002c08c600000

Metaspace:

Usage:
  Non-class:    110.75 MB used.
      Class:     17.50 MB used.
       Both:    128.25 MB used.

Virtual space:
  Non-class space:      128.00 MB reserved,     111.94 MB ( 87%) committed,  2 nodes.
      Class space:      416.00 MB reserved,      18.44 MB (  4%) committed,  1 nodes.
             Both:      544.00 MB reserved,     130.38 MB ( 24%) committed. 

Chunk freelists:
   Non-Class:  48.00 KB
       Class:  13.62 MB
        Both:  13.67 MB

MaxMetaspaceSize: 512.00 MB
CompressedClassSpaceSize: 416.00 MB
Initial GC threshold: 21.00 MB
Current GC threshold: 170.00 MB
CDS: on
MetaspaceReclaimPolicy: balanced
 - commit_granule_bytes: 65536.
 - commit_granule_words: 8192.
 - virtual_space_node_default_size: 8388608.
 - enlarge_chunks_in_place: 1.
 - new_chunks_are_fully_committed: 0.
 - uncommit_free_chunks: 1.
 - use_allocation_guard: 0.
 - handle_deallocations: 1.


Internal statistics:

num_allocs_failed_limit: 6.
num_arena_births: 2920.
num_arena_deaths: 0.
num_vsnodes_births: 3.
num_vsnodes_deaths: 0.
num_space_committed: 2085.
num_space_uncommitted: 0.
num_chunks_returned_to_freelist: 6.
num_chunks_taken_from_freelist: 9100.
num_chunk_merges: 6.
num_chunk_splits: 5499.
num_chunks_enlarged: 2999.
num_inconsistent_stats: 0.

CodeHeap 'non-profiled nmethods': size=120000Kb used=11827Kb max_used=12331Kb free=108172Kb
 bounds [0x000002c09eb50000, 0x000002c09f780000, 0x000002c0a6080000]
CodeHeap 'profiled nmethods': size=120000Kb used=32201Kb max_used=34523Kb free=87798Kb
 bounds [0x000002c097080000, 0x000002c099240000, 0x000002c09e5b0000]
CodeHeap 'non-nmethods': size=5760Kb used=2510Kb max_used=2587Kb free=3249Kb
 bounds [0x000002c09e5b0000, 0x000002c09e840000, 0x000002c09eb50000]
 total_blobs=18418 nmethods=17372 adapters=957
 compilation: enabled
              stopped_count=0, restarted_count=0
 full_count=0

Compilation events (20 events):
Event: 72.514 Thread 0x000002c0ad6a55e0 21493       4       java.util.TimeZone::getDefaultRef (32 bytes)
Event: 72.515 Thread 0x000002c0ad6a55e0 nmethod 21493 0x000002c09ec4d790 code [0x000002c09ec4d900, 0x000002c09ec4d978]
Event: 72.529 Thread 0x000002c0ad6a55e0 21494       4       java.time.zone.ZoneRules::getOffsetInfo (278 bytes)
Event: 72.534 Thread 0x000002c0ad6a55e0 nmethod 21494 0x000002c09f4bd910 code [0x000002c09f4bdaa0, 0x000002c09f4bdd98]
Event: 72.534 Thread 0x000002c0ad6a55e0 21495       4       java.util.zip.ZipInputStream::readEnd (516 bytes)
Event: 72.556 Thread 0x000002c0ad6a55e0 nmethod 21495 0x000002c09f316790 code [0x000002c09f316980, 0x000002c09f317d38]
Event: 72.556 Thread 0x000002c0ad6a55e0 21496   !   4       java.util.zip.Inflater::getBytesRead (23 bytes)
Event: 72.558 Thread 0x000002c0ad6a55e0 nmethod 21496 0x000002c09f3e5110 code [0x000002c09f3e5280, 0x000002c09f3e54d8]
Event: 72.566 Thread 0x000002c0ad6a55e0 21497       4       java.util.zip.ZipEntry::getLastModifiedTime (36 bytes)
Event: 72.610 Thread 0x000002c0ad6a55e0 nmethod 21497 0x000002c09f1f5790 code [0x000002c09f1f59e0, 0x000002c09f1f7158]
Event: 72.610 Thread 0x000002c0ad6a55e0 21498       4       java.util.zip.ZipEntry::getTime (40 bytes)
Event: 72.643 Thread 0x000002c0ad6a55e0 nmethod 21498 0x000002c09f250190 code [0x000002c09f2503e0, 0x000002c09f251e98]
Event: 72.644 Thread 0x000002c0ad6a55e0 21499       4       com.android.tools.build.jetifier.processor.archive.ArchiveFile::<init> (45 bytes)
Event: 72.649 Thread 0x000002c0ad6a55e0 nmethod 21499 0x000002c09ed06c10 code [0x000002c09ed06da0, 0x000002c09ed07248]
Event: 72.652 Thread 0x000002c0ad6a55e0 21500       4       java.util.zip.ZipInputStream::getNextEntry (74 bytes)
Event: 72.712 Thread 0x000002c0ad6a55e0 nmethod 21500 0x000002c09f6bac90 code [0x000002c09f6baf80, 0x000002c09f6bcc78]
Event: 72.712 Thread 0x000002c0ad6a55e0 21502       4       java.util.zip.ZipInputStream::closeEntry (31 bytes)
Event: 72.728 Thread 0x000002c0ad6a55e0 nmethod 21502 0x000002c09ecc3f10 code [0x000002c09ecc4120, 0x000002c09ecc4970]
Event: 72.728 Thread 0x000002c0ad6a55e0 21501   !   4       java.util.zip.ZipInputStream::readLOC (312 bytes)
Event: 72.757 Thread 0x000002c0ad6a55e0 nmethod 21501 0x000002c09ef94790 code [0x000002c09ef949a0, 0x000002c09ef95810]

GC Heap History (20 events):
Event: 53.386 GC heap before
{Heap before GC invocations=79 (full 0):
 garbage-first heap   total 515072K, used 428241K [0x0000000080000000, 0x0000000100000000)
  region size 1024K, 106 young (108544K), 5 survivors (5120K)
 Metaspace       used 127501K, committed 129600K, reserved 557056K
  class space    used 17598K, committed 18560K, reserved 425984K
}
Event: 53.410 GC heap after
{Heap after GC invocations=80 (full 0):
 garbage-first heap   total 515072K, used 333572K [0x0000000080000000, 0x0000000100000000)
  region size 1024K, 13 young (13312K), 13 survivors (13312K)
 Metaspace       used 127501K, committed 129600K, reserved 557056K
  class space    used 17598K, committed 18560K, reserved 425984K
}
Event: 58.686 GC heap before
{Heap before GC invocations=80 (full 0):
 garbage-first heap   total 515072K, used 436996K [0x0000000080000000, 0x0000000100000000)
  region size 1024K, 109 young (111616K), 13 survivors (13312K)
 Metaspace       used 130175K, committed 132288K, reserved 557056K
  class space    used 17817K, committed 18752K, reserved 425984K
}
Event: 58.756 GC heap after
{Heap after GC invocations=81 (full 0):
 garbage-first heap   total 515072K, used 346873K [0x0000000080000000, 0x0000000100000000)
  region size 1024K, 14 young (14336K), 14 survivors (14336K)
 Metaspace       used 130175K, committed 132288K, reserved 557056K
  class space    used 17817K, committed 18752K, reserved 425984K
}
Event: 58.796 GC heap before
{Heap before GC invocations=81 (full 0):
 garbage-first heap   total 515072K, used 348921K [0x0000000080000000, 0x0000000100000000)
  region size 1024K, 17 young (17408K), 14 survivors (14336K)
 Metaspace       used 130197K, committed 132288K, reserved 557056K
  class space    used 17819K, committed 18752K, reserved 425984K
}
Event: 58.828 GC heap after
{Heap after GC invocations=82 (full 0):
 garbage-first heap   total 515072K, used 348072K [0x0000000080000000, 0x0000000100000000)
  region size 1024K, 2 young (2048K), 2 survivors (2048K)
 Metaspace       used 130197K, committed 132288K, reserved 557056K
  class space    used 17819K, committed 18752K, reserved 425984K
}
Event: 61.684 GC heap before
{Heap before GC invocations=82 (full 0):
 garbage-first heap   total 716800K, used 629672K [0x0000000080000000, 0x0000000100000000)
  region size 1024K, 81 young (82944K), 2 survivors (2048K)
 Metaspace       used 130279K, committed 132416K, reserved 557056K
  class space    used 17824K, committed 18816K, reserved 425984K
}
Event: 61.697 GC heap after
{Heap after GC invocations=83 (full 0):
 garbage-first heap   total 716800K, used 351885K [0x0000000080000000, 0x0000000100000000)
  region size 1024K, 6 young (6144K), 6 survivors (6144K)
 Metaspace       used 130279K, committed 132416K, reserved 557056K
  class space    used 17824K, committed 18816K, reserved 425984K
}
Event: 62.412 GC heap before
{Heap before GC invocations=83 (full 0):
 garbage-first heap   total 716800K, used 369293K [0x0000000080000000, 0x0000000100000000)
  region size 1024K, 24 young (24576K), 6 survivors (6144K)
 Metaspace       used 130305K, committed 132416K, reserved 557056K
  class space    used 17824K, committed 18816K, reserved 425984K
}
Event: 62.426 GC heap after
{Heap after GC invocations=84 (full 0):
 garbage-first heap   total 716800K, used 352905K [0x0000000080000000, 0x0000000100000000)
  region size 1024K, 7 young (7168K), 7 survivors (7168K)
 Metaspace       used 130305K, committed 132416K, reserved 557056K
  class space    used 17824K, committed 18816K, reserved 425984K
}
Event: 63.634 GC heap before
{Heap before GC invocations=84 (full 0):
 garbage-first heap   total 716800K, used 477833K [0x0000000080000000, 0x0000000100000000)
  region size 1024K, 38 young (38912K), 7 survivors (7168K)
 Metaspace       used 130310K, committed 132416K, reserved 557056K
  class space    used 17824K, committed 18816K, reserved 425984K
}
Event: 63.698 GC heap after
{Heap after GC invocations=85 (full 0):
 garbage-first heap   total 716800K, used 451799K [0x0000000080000000, 0x0000000100000000)
  region size 1024K, 11 young (11264K), 11 survivors (11264K)
 Metaspace       used 130310K, committed 132416K, reserved 557056K
  class space    used 17824K, committed 18816K, reserved 425984K
}
Event: 65.111 GC heap before
{Heap before GC invocations=85 (full 0):
 garbage-first heap   total 716800K, used 690391K [0x0000000080000000, 0x0000000100000000)
  region size 1024K, 45 young (46080K), 11 survivors (11264K)
 Metaspace       used 130753K, committed 132864K, reserved 557056K
  class space    used 17854K, committed 18816K, reserved 425984K
}
Event: 65.125 GC heap after
{Heap after GC invocations=86 (full 0):
 garbage-first heap   total 716800K, used 409067K [0x0000000080000000, 0x0000000100000000)
  region size 1024K, 12 young (12288K), 12 survivors (12288K)
 Metaspace       used 130753K, committed 132864K, reserved 557056K
  class space    used 17854K, committed 18816K, reserved 425984K
}
Event: 66.778 GC heap before
{Heap before GC invocations=86 (full 0):
 garbage-first heap   total 734208K, used 694763K [0x0000000080000000, 0x0000000100000000)
  region size 1024K, 37 young (37888K), 12 survivors (12288K)
 Metaspace       used 131009K, committed 133120K, reserved 557056K
  class space    used 17892K, committed 18816K, reserved 425984K
}
Event: 66.790 GC heap after
{Heap after GC invocations=87 (full 0):
 garbage-first heap   total 734208K, used 477301K [0x0000000080000000, 0x0000000100000000)
  region size 1024K, 13 young (13312K), 13 survivors (13312K)
 Metaspace       used 131009K, committed 133120K, reserved 557056K
  class space    used 17892K, committed 18816K, reserved 425984K
}
Event: 69.823 GC heap before
{Heap before GC invocations=87 (full 0):
 garbage-first heap   total 1029120K, used 1009781K [0x0000000080000000, 0x0000000100000000)
  region size 1024K, 25 young (25600K), 13 survivors (13312K)
 Metaspace       used 131315K, committed 133504K, reserved 557056K
  class space    used 17920K, committed 18880K, reserved 425984K
}
Event: 69.941 GC heap after
{Heap after GC invocations=88 (full 0):
 garbage-first heap   total 1029120K, used 584280K [0x0000000080000000, 0x0000000100000000)
  region size 1024K, 11 young (11264K), 11 survivors (11264K)
 Metaspace       used 131315K, committed 133504K, reserved 557056K
  class space    used 17920K, committed 18880K, reserved 425984K
}
Event: 72.405 GC heap before
{Heap before GC invocations=88 (full 0):
 garbage-first heap   total 1029120K, used 1000024K [0x0000000080000000, 0x0000000100000000)
  region size 1024K, 92 young (94208K), 11 survivors (11264K)
 Metaspace       used 131325K, committed 133504K, reserved 557056K
  class space    used 17920K, committed 18880K, reserved 425984K
}
Event: 72.415 GC heap after
{Heap after GC invocations=89 (full 0):
 garbage-first heap   total 1029120K, used 703355K [0x0000000080000000, 0x0000000100000000)
  region size 1024K, 26 young (26624K), 26 survivors (26624K)
 Metaspace       used 131325K, committed 133504K, reserved 557056K
  class space    used 17920K, committed 18880K, reserved 425984K
}

Dll operation events (15 events):
Event: 0.007 Loaded shared library C:\Program Files\OpenLogic\jdk-17.0.14.7-hotspot\bin\java.dll
Event: 0.020 Loaded shared library C:\Program Files\OpenLogic\jdk-17.0.14.7-hotspot\bin\jsvml.dll
Event: 0.061 Loaded shared library C:\Program Files\OpenLogic\jdk-17.0.14.7-hotspot\bin\zip.dll
Event: 0.063 Loaded shared library C:\Program Files\OpenLogic\jdk-17.0.14.7-hotspot\bin\instrument.dll
Event: 0.067 Loaded shared library C:\Program Files\OpenLogic\jdk-17.0.14.7-hotspot\bin\net.dll
Event: 0.068 Loaded shared library C:\Program Files\OpenLogic\jdk-17.0.14.7-hotspot\bin\nio.dll
Event: 0.069 Loaded shared library C:\Program Files\OpenLogic\jdk-17.0.14.7-hotspot\bin\zip.dll
Event: 0.399 Loaded shared library C:\Program Files\OpenLogic\jdk-17.0.14.7-hotspot\bin\jimage.dll
Event: 0.604 Loaded shared library C:\Program Files\OpenLogic\jdk-17.0.14.7-hotspot\bin\verify.dll
Event: 0.775 Loaded shared library C:\Users\Kuldeep\.gradle\native\1def1411415f61bf3af743bc5b6707747c0891f09f0c88961ee8f79bc544acac\windows-amd64\native-platform.dll
Event: 0.786 Loaded shared library C:\Users\Kuldeep\.gradle\native\0.2.6\x86_64-windows-gnu\gradle-fileevents.dll
Event: 2.074 Loaded shared library C:\Program Files\OpenLogic\jdk-17.0.14.7-hotspot\bin\management.dll
Event: 2.077 Loaded shared library C:\Program Files\OpenLogic\jdk-17.0.14.7-hotspot\bin\management_ext.dll
Event: 2.254 Loaded shared library C:\Program Files\OpenLogic\jdk-17.0.14.7-hotspot\bin\extnet.dll
Event: 2.529 Loaded shared library C:\Program Files\OpenLogic\jdk-17.0.14.7-hotspot\bin\sunmscapi.dll

Deoptimization events (20 events):
Event: 69.450 Thread 0x000002c0d1fe34f0 Uncommon trap: trap_request=0xffffffc6 fr.pc=0x000002c09ed7cec8 relative=0x0000000000000208
Event: 69.450 Thread 0x000002c0d1fe34f0 Uncommon trap: reason=bimorphic_or_optimized_type_check action=maybe_recompile pc=0x000002c09ed7cec8 method=org.gradle.internal.snapshot.LargeChildMap.withNode(Lorg/gradle/internal/snapshot/VfsRelativePath;Lorg/gradle/internal/snapshot/CaseSensitivity;Lor
Event: 69.450 Thread 0x000002c0d1fe34f0 DEOPT PACKING pc=0x000002c09ed7cec8 sp=0x000000ddc68fd030
Event: 69.450 Thread 0x000002c0d1fe34f0 DEOPT UNPACKING pc=0x000002c09e60a1a3 sp=0x000000ddc68fcff0 mode 2
Event: 69.450 Thread 0x000002c0d1fe34f0 Uncommon trap: trap_request=0xffffffc6 fr.pc=0x000002c09ed7cec8 relative=0x0000000000000208
Event: 69.450 Thread 0x000002c0d1fe34f0 Uncommon trap: reason=bimorphic_or_optimized_type_check action=maybe_recompile pc=0x000002c09ed7cec8 method=org.gradle.internal.snapshot.LargeChildMap.withNode(Lorg/gradle/internal/snapshot/VfsRelativePath;Lorg/gradle/internal/snapshot/CaseSensitivity;Lor
Event: 69.450 Thread 0x000002c0d1fe34f0 DEOPT PACKING pc=0x000002c09ed7cec8 sp=0x000000ddc68fcdd0
Event: 69.450 Thread 0x000002c0d1fe34f0 DEOPT UNPACKING pc=0x000002c09e60a1a3 sp=0x000000ddc68fcd90 mode 2
Event: 69.969 Thread 0x000002c0d1fe34f0 Uncommon trap: trap_request=0xffffff45 fr.pc=0x000002c09f729424 relative=0x00000000000003a4
Event: 69.969 Thread 0x000002c0d1fe34f0 Uncommon trap: reason=unstable_if action=reinterpret pc=0x000002c09f729424 method=com.android.tools.build.jetifier.processor.AndroidXRefScanner$AndroidXTrackingRemapper.map(Ljava/lang/String;)Ljava/lang/String; @ 15 c2
Event: 69.969 Thread 0x000002c0d1fe34f0 DEOPT PACKING pc=0x000002c09f729424 sp=0x000000ddc68fb330
Event: 69.969 Thread 0x000002c0d1fe34f0 DEOPT UNPACKING pc=0x000002c09e60a1a3 sp=0x000000ddc68fb2d8 mode 2
Event: 69.982 Thread 0x000002c0d1fe34f0 Uncommon trap: trap_request=0xffffff45 fr.pc=0x000002c09f737970 relative=0x00000000000000d0
Event: 69.982 Thread 0x000002c0d1fe34f0 Uncommon trap: reason=unstable_if action=reinterpret pc=0x000002c09f737970 method=com.android.tools.build.jetifier.processor.AndroidXRefScanner$AndroidXTrackingRemapper.map(Ljava/lang/String;)Ljava/lang/String; @ 15 c2
Event: 69.982 Thread 0x000002c0d1fe34f0 DEOPT PACKING pc=0x000002c09f737970 sp=0x000000ddc68fb300
Event: 69.982 Thread 0x000002c0d1fe34f0 DEOPT UNPACKING pc=0x000002c09e60a1a3 sp=0x000000ddc68fb2c0 mode 2
Event: 70.061 Thread 0x000002c0d1fe34f0 Uncommon trap: trap_request=0xffffffc6 fr.pc=0x000002c09ed7cec8 relative=0x0000000000000208
Event: 70.061 Thread 0x000002c0d1fe34f0 Uncommon trap: reason=bimorphic_or_optimized_type_check action=maybe_recompile pc=0x000002c09ed7cec8 method=org.gradle.internal.snapshot.LargeChildMap.withNode(Lorg/gradle/internal/snapshot/VfsRelativePath;Lorg/gradle/internal/snapshot/CaseSensitivity;Lor
Event: 70.061 Thread 0x000002c0d1fe34f0 DEOPT PACKING pc=0x000002c09ed7cec8 sp=0x000000ddc68fd2e0
Event: 70.061 Thread 0x000002c0d1fe34f0 DEOPT UNPACKING pc=0x000002c09e60a1a3 sp=0x000000ddc68fd2a0 mode 2

Classes loaded (20 events):
Event: 67.755 Loading class sun/security/ssl/CertificateMessage$CertificateEntry
Event: 67.756 Loading class sun/security/ssl/CertificateMessage$CertificateEntry done
Event: 67.996 Loading class sun/security/ssl/CertificateVerify$T13CertificateVerifyMessage
Event: 68.005 Loading class sun/security/ssl/CertificateVerify$T13CertificateVerifyMessage done
Event: 68.205 Loading class sun/security/ssl/SSLBasicKeyDerivation
Event: 68.206 Loading class sun/security/ssl/SSLBasicKeyDerivation done
Event: 68.206 Loading class sun/security/ssl/SSLBasicKeyDerivation$SecretSizeSpec
Event: 68.207 Loading class sun/security/ssl/SSLBasicKeyDerivation$SecretSizeSpec done
Event: 68.225 Loading class com/sun/crypto/provider/GaloisCounterMode$GCMEncrypt
Event: 68.226 Loading class com/sun/crypto/provider/GaloisCounterMode$GCMEncrypt done
Event: 68.226 Loading class com/sun/crypto/provider/GaloisCounterMode$GCTRGHASH
Event: 68.228 Loading class com/sun/crypto/provider/GaloisCounterMode$GCTRGHASH done
Event: 68.365 Loading class sun/security/ssl/PostHandshakeContext
Event: 68.367 Loading class sun/security/ssl/PostHandshakeContext done
Event: 68.367 Loading class sun/security/ssl/NewSessionTicket$T13NewSessionTicketMessage
Event: 68.370 Loading class sun/security/ssl/NewSessionTicket$T13NewSessionTicketMessage done
Event: 68.888 Loading class java/util/Collections$UnmodifiableSortedMap
Event: 68.927 Loading class java/util/Collections$UnmodifiableSortedMap done
Event: 69.064 Loading class sun/nio/cs/US_ASCII$Decoder
Event: 69.094 Loading class sun/nio/cs/US_ASCII$Decoder done

Classes unloaded (0 events):
No events

Classes redefined (0 events):
No events

Internal exceptions (20 events):
Event: 48.044 Thread 0x000002c0ce238ec0 Exception <a 'sun/nio/fs/WindowsException'{0x0000000098c2f3a8}> (0x0000000098c2f3a8) 
thrown [s\src\hotspot\share\prims\jni.cpp, line 516]
Event: 48.044 Thread 0x000002c0ce238ec0 Exception <a 'sun/nio/fs/WindowsException'{0x0000000098c309f8}> (0x0000000098c309f8) 
thrown [s\src\hotspot\share\prims\jni.cpp, line 516]
Event: 48.044 Thread 0x000002c0ce238ec0 Exception <a 'sun/nio/fs/WindowsException'{0x0000000098c32098}> (0x0000000098c32098) 
thrown [s\src\hotspot\share\prims\jni.cpp, line 516]
Event: 48.044 Thread 0x000002c0ce238ec0 Exception <a 'sun/nio/fs/WindowsException'{0x0000000098c33738}> (0x0000000098c33738) 
thrown [s\src\hotspot\share\prims\jni.cpp, line 516]
Event: 49.956 Thread 0x000002c0ce238ec0 Implicit null exception at 0x000002c09ee9d05e to 0x000002c09ee9d10c
Event: 54.712 Thread 0x000002c0ce238ec0 Exception <a 'java/lang/IncompatibleClassChangeError'{0x000000009e238538}: Found class java.lang.Object, but interface was expected> (0x000000009e238538) 
thrown [s\src\hotspot\share\interpreter\linkResolver.cpp, line 826]
Event: 56.047 Thread 0x000002c0ce238ec0 Exception <a 'java/lang/NoSuchMethodError'{0x000000009c22f040}: static Lcom/android/build/gradle/internal/profile/ProjectData;.<clinit>()V> (0x000000009c22f040) 
thrown [s\src\hotspot\share\prims\jni.cpp, line 1112]
Event: 56.150 Thread 0x000002c0ce238ec0 Exception <a 'java/lang/NoSuchMethodError'{0x000000009c182750}: static Lcom/android/build/gradle/internal/profile/TaskMetadata;.<clinit>()V> (0x000000009c182750) 
thrown [s\src\hotspot\share\prims\jni.cpp, line 1112]
Event: 56.806 Thread 0x000002c0ce238ec0 Exception <a 'sun/nio/fs/WindowsException'{0x000000009b21e7b8}> (0x000000009b21e7b8) 
thrown [s\src\hotspot\share\prims\jni.cpp, line 516]
Event: 57.054 Thread 0x000002c0cf63e640 Exception <a 'java/lang/NoSuchMethodError'{0x000000009b00ec58}: static Ljava/lang/Object;.<clinit>()V> (0x000000009b00ec58) 
thrown [s\src\hotspot\share\prims\jni.cpp, line 1112]
Event: 57.061 Thread 0x000002c0cf63e640 Exception <a 'java/lang/NoSuchMethodError'{0x000000009b01c860}: static Ljava/lang/Object;.<clinit>()V> (0x000000009b01c860) 
thrown [s\src\hotspot\share\prims\jni.cpp, line 1112]
Event: 57.066 Thread 0x000002c0cf63e640 Exception <a 'java/lang/NoSuchMethodError'{0x000000009b037c38}: static Lcom/android/ide/common/gradle/Numeric;.<clinit>()V> (0x000000009b037c38) 
thrown [s\src\hotspot\share\prims\jni.cpp, line 1112]
Event: 57.066 Thread 0x000002c0cf63e640 Exception <a 'java/lang/NoSuchMethodError'{0x000000009b03a0f0}: static Lcom/android/ide/common/gradle/Part;.<clinit>()V> (0x000000009b03a0f0) 
thrown [s\src\hotspot\share\prims\jni.cpp, line 1112]
Event: 57.445 Thread 0x000002c0cf63e640 Exception <a 'sun/nio/fs/WindowsException'{0x000000009ae8e608}> (0x000000009ae8e608) 
thrown [s\src\hotspot\share\prims\jni.cpp, line 516]
Event: 57.523 Thread 0x000002c0cf63e640 Exception <a 'java/lang/NoSuchMethodError'{0x000000009ad27a58}: static Lcom/android/build/api/variant/BuildConfigField;.<clinit>()V> (0x000000009ad27a58) 
thrown [s\src\hotspot\share\prims\jni.cpp, line 1112]
Event: 58.517 Thread 0x000002c0cf63f060 Exception <a 'sun/nio/fs/WindowsException'{0x000000009a08cd60}> (0x000000009a08cd60) 
thrown [s\src\hotspot\share\prims\jni.cpp, line 516]
Event: 61.747 Thread 0x000002c0d1fdfd40 Implicit null exception at 0x000002c09f27eb7c to 0x000002c09f27ed24
Event: 64.993 Thread 0x000002c0d1fe25c0 Exception <a 'sun/nio/fs/WindowsException'{0x00000000a9cfcae8}> (0x00000000a9cfcae8) 
thrown [s\src\hotspot\share\prims\jni.cpp, line 516]
Event: 65.952 Thread 0x000002c0d1fe34f0 Exception <a 'sun/nio/fs/WindowsException'{0x00000000aa90ff68}> (0x00000000aa90ff68) 
thrown [s\src\hotspot\share\prims\jni.cpp, line 516]
Event: 69.998 Thread 0x000002c0d1fe34f0 Exception <a 'sun/nio/fs/WindowsException'{0x00000000b8e1ae10}> (0x00000000b8e1ae10) 
thrown [s\src\hotspot\share\prims\jni.cpp, line 516]

VM Operations (20 events):
Event: 67.683 Executing VM operation: ICBufferFull
Event: 67.684 Executing VM operation: ICBufferFull done
Event: 68.696 Executing VM operation: Cleanup
Event: 68.852 Executing VM operation: Cleanup done
Event: 69.054 Executing VM operation: HandshakeAllThreads
Event: 69.056 Executing VM operation: HandshakeAllThreads done
Event: 69.763 Executing VM operation: G1CollectForAllocation
Event: 69.941 Executing VM operation: G1CollectForAllocation done
Event: 69.969 Executing VM operation: HandshakeAllThreads
Event: 69.978 Executing VM operation: HandshakeAllThreads done
Event: 70.990 Executing VM operation: Cleanup
Event: 71.021 Executing VM operation: Cleanup done
Event: 72.033 Executing VM operation: Cleanup
Event: 72.064 Executing VM operation: Cleanup done
Event: 72.401 Executing VM operation: G1CollectForAllocation
Event: 72.402 Executing VM operation: G1CollectForAllocation done
Event: 72.402 Executing VM operation: G1CollectForAllocation
Event: 72.415 Executing VM operation: G1CollectForAllocation done
Event: 72.643 Executing VM operation: HandshakeAllThreads
Event: 72.644 Executing VM operation: HandshakeAllThreads done

Memory protections (0 events):
No events

Nmethod flushes (20 events):
Event: 72.684 Thread 0x000002c0ad6b4fb0 flushing  nmethod 0x000002c099128090
Event: 72.684 Thread 0x000002c0ad6b4fb0 flushing  nmethod 0x000002c099128490
Event: 72.684 Thread 0x000002c0ad6b4fb0 flushing  nmethod 0x000002c099128c10
Event: 72.684 Thread 0x000002c0ad6b4fb0 flushing  nmethod 0x000002c099129110
Event: 72.684 Thread 0x000002c0ad6b4fb0 flushing  nmethod 0x000002c099129f90
Event: 72.684 Thread 0x000002c0ad6b4fb0 flushing  nmethod 0x000002c09912a890
Event: 72.684 Thread 0x000002c0ad6b4fb0 flushing  nmethod 0x000002c09912cb90
Event: 72.684 Thread 0x000002c0ad6b4fb0 flushing  nmethod 0x000002c09912d090
Event: 72.684 Thread 0x000002c0ad6b4fb0 flushing  nmethod 0x000002c09912de90
Event: 72.684 Thread 0x000002c0ad6b4fb0 flushing  nmethod 0x000002c099130b10
Event: 72.684 Thread 0x000002c0ad6b4fb0 flushing  nmethod 0x000002c099132e10
Event: 72.684 Thread 0x000002c0ad6b4fb0 flushing  nmethod 0x000002c099134e10
Event: 72.684 Thread 0x000002c0ad6b4fb0 flushing  nmethod 0x000002c09913a590
Event: 72.684 Thread 0x000002c0ad6b4fb0 flushing  nmethod 0x000002c09913be10
Event: 72.684 Thread 0x000002c0ad6b4fb0 flushing  nmethod 0x000002c09915f590
Event: 72.684 Thread 0x000002c0ad6b4fb0 flushing  nmethod 0x000002c09916b390
Event: 72.684 Thread 0x000002c0ad6b4fb0 flushing  nmethod 0x000002c099188290
Event: 72.684 Thread 0x000002c0ad6b4fb0 flushing  nmethod 0x000002c09918c790
Event: 72.684 Thread 0x000002c0ad6b4fb0 flushing  nmethod 0x000002c09918d810
Event: 72.684 Thread 0x000002c0ad6b4fb0 flushing  nmethod 0x000002c09918ec90

Events (20 events):
Event: 18.927 Thread 0x000002c0cf63ff90 Thread added: 0x000002c0d1fe4420
Event: 18.927 Thread 0x000002c0cf63ff90 Thread added: 0x000002c0d1fe4930
Event: 18.928 Thread 0x000002c0cf63ff90 Thread added: 0x000002c0d1fe4e40
Event: 18.940 Thread 0x000002c0cf63ff90 Thread added: 0x000002c0d1fe5350
Event: 21.113 Thread 0x000002c0adbcb000 Thread exited: 0x000002c0adbcb000
Event: 21.165 Thread 0x000002c0ce238ec0 Thread added: 0x000002c0d1fe6280
Event: 23.828 Thread 0x000002c0ce238ec0 Thread added: 0x000002c0d0b1a9e0
Event: 24.481 Thread 0x000002c0ce238ec0 Thread added: 0x000002c0d0b1a4d0
Event: 41.585 Thread 0x000002c0ce238ec0 Thread added: 0x000002c0d0b1e190
Event: 41.613 Thread 0x000002c0d0b1e190 Thread added: 0x000002c0d0b1ebb0
Event: 41.613 Thread 0x000002c0d0b1e190 Thread added: 0x000002c0d0722c10
Event: 56.823 Thread 0x000002c0ce238ec0 Thread added: 0x000002c0d963a300
Event: 56.836 Thread 0x000002c0ce238ec0 Thread added: 0x000002c0d9639df0
Event: 57.245 Thread 0x000002c0cf63f060 Thread added: 0x000002c0d9636b50
Event: 57.571 Thread 0x000002c0ad6afa70 Thread added: 0x000002c0d04bdb30
Event: 58.197 Thread 0x000002c0d04bdb30 Thread exited: 0x000002c0d04bdb30
Event: 58.272 Thread 0x000002c0ad6afa70 Thread added: 0x000002c0d04bcb40
Event: 60.304 Thread 0x000002c0d04bcb40 Thread exited: 0x000002c0d04bcb40
Event: 71.876 Thread 0x000002c0ad6afa70 Thread added: 0x000002c0adbcb000
Event: 72.228 Thread 0x000002c0adbcb000 Thread exited: 0x000002c0adbcb000


Dynamic libraries:
0x00007ff75bae0000 - 0x00007ff75baee000 	C:\Program Files\OpenLogic\jdk-17.0.14.7-hotspot\bin\java.exe
0x00007ffdadd60000 - 0x00007ffdadfc8000 	C:\WINDOWS\SYSTEM32\ntdll.dll
0x00007ffdad100000 - 0x00007ffdad1c9000 	C:\WINDOWS\System32\KERNEL32.DLL
0x00007ffdab710000 - 0x00007ffdabafd000 	C:\WINDOWS\System32\KERNELBASE.dll
0x00007ffdab530000 - 0x00007ffdab67b000 	C:\WINDOWS\System32\ucrtbase.dll
0x00007ffd24be0000 - 0x00007ffd24bf7000 	C:\Program Files\OpenLogic\jdk-17.0.14.7-hotspot\bin\jli.dll
0x00007ffd24bc0000 - 0x00007ffd24bdb000 	C:\Program Files\OpenLogic\jdk-17.0.14.7-hotspot\bin\VCRUNTIME140.dll
0x00007ffdadb50000 - 0x00007ffdadd1c000 	C:\WINDOWS\System32\USER32.dll
0x00007ffdab020000 - 0x00007ffdab047000 	C:\WINDOWS\System32\win32u.dll
0x00007ffd93d00000 - 0x00007ffd93f9a000 	C:\WINDOWS\WinSxS\amd64_microsoft.windows.common-controls_6595b64144ccf1df_6.0.26100.4484_none_3e0e6d4ce32ef3b3\COMCTL32.dll
0x00007ffdad460000 - 0x00007ffdad48b000 	C:\WINDOWS\System32\GDI32.dll
0x00007ffdac4e0000 - 0x00007ffdac589000 	C:\WINDOWS\System32\msvcrt.dll
0x00007ffdab050000 - 0x00007ffdab187000 	C:\WINDOWS\System32\gdi32full.dll
0x00007ffdaaf70000 - 0x00007ffdab013000 	C:\WINDOWS\System32\msvcp_win.dll
0x00007ffdabd30000 - 0x00007ffdabd5f000 	C:\WINDOWS\System32\IMM32.DLL
0x00007ffd24bb0000 - 0x00007ffd24bbc000 	C:\Program Files\OpenLogic\jdk-17.0.14.7-hotspot\bin\vcruntime140_1.dll
0x00007ffd24940000 - 0x00007ffd249cd000 	C:\Program Files\OpenLogic\jdk-17.0.14.7-hotspot\bin\msvcp140.dll
0x00007ffd23cd0000 - 0x00007ffd2493c000 	C:\Program Files\OpenLogic\jdk-17.0.14.7-hotspot\bin\server\jvm.dll
0x00007ffdacd60000 - 0x00007ffdace14000 	C:\WINDOWS\System32\ADVAPI32.dll
0x00007ffdabe90000 - 0x00007ffdabf36000 	C:\WINDOWS\System32\sechost.dll
0x00007ffdad6a0000 - 0x00007ffdad7b8000 	C:\WINDOWS\System32\RPCRT4.dll
0x00007ffdabb00000 - 0x00007ffdabb74000 	C:\WINDOWS\System32\WS2_32.dll
0x00007ffdaad00000 - 0x00007ffdaad5e000 	C:\WINDOWS\SYSTEM32\POWRPROF.dll
0x00007ffd969e0000 - 0x00007ffd96a15000 	C:\WINDOWS\SYSTEM32\WINMM.dll
0x00007ffd9f140000 - 0x00007ffd9f14b000 	C:\WINDOWS\SYSTEM32\VERSION.dll
0x00007ffdaace0000 - 0x00007ffdaacf4000 	C:\WINDOWS\SYSTEM32\UMPDC.dll
0x00007ffda9c50000 - 0x00007ffda9c6b000 	C:\WINDOWS\SYSTEM32\kernel.appcore.dll
0x00007ffd24ba0000 - 0x00007ffd24baa000 	C:\Program Files\OpenLogic\jdk-17.0.14.7-hotspot\bin\jimage.dll
0x00007ffda55f0000 - 0x00007ffda5831000 	C:\WINDOWS\SYSTEM32\DBGHELP.DLL
0x00007ffdad7c0000 - 0x00007ffdadb46000 	C:\WINDOWS\System32\combase.dll
0x00007ffdad500000 - 0x00007ffdad5e0000 	C:\WINDOWS\System32\OLEAUT32.dll
0x00007ffd8fc70000 - 0x00007ffd8fcb3000 	C:\WINDOWS\SYSTEM32\dbgcore.DLL
0x00007ffdab190000 - 0x00007ffdab229000 	C:\WINDOWS\System32\bcryptPrimitives.dll
0x00007ffd9fd80000 - 0x00007ffd9fd8e000 	C:\Program Files\OpenLogic\jdk-17.0.14.7-hotspot\bin\instrument.dll
0x00007ffd23ca0000 - 0x00007ffd23cc5000 	C:\Program Files\OpenLogic\jdk-17.0.14.7-hotspot\bin\java.dll
0x00007ffd23a00000 - 0x00007ffd23ad6000 	C:\Program Files\OpenLogic\jdk-17.0.14.7-hotspot\bin\jsvml.dll
0x00007ffdac5e0000 - 0x00007ffdacd2a000 	C:\WINDOWS\System32\SHELL32.dll
0x00007ffdab3b0000 - 0x00007ffdab524000 	C:\WINDOWS\System32\wintypes.dll
0x00007ffda8b30000 - 0x00007ffda938b000 	C:\WINDOWS\SYSTEM32\windows.storage.dll
0x00007ffdabd70000 - 0x00007ffdabe65000 	C:\WINDOWS\System32\SHCORE.dll
0x00007ffdabf40000 - 0x00007ffdabfaa000 	C:\WINDOWS\System32\shlwapi.dll
0x00007ffdaadc0000 - 0x00007ffdaadef000 	C:\WINDOWS\SYSTEM32\profapi.dll
0x00007ffd23940000 - 0x00007ffd23958000 	C:\Program Files\OpenLogic\jdk-17.0.14.7-hotspot\bin\zip.dll
0x00007ffd23980000 - 0x00007ffd23999000 	C:\Program Files\OpenLogic\jdk-17.0.14.7-hotspot\bin\net.dll
0x00007ffd9bd60000 - 0x00007ffd9be7e000 	C:\WINDOWS\SYSTEM32\WINHTTP.dll
0x00007ffdaa1e0000 - 0x00007ffdaa24a000 	C:\WINDOWS\system32\mswsock.dll
0x00007ffd23960000 - 0x00007ffd23976000 	C:\Program Files\OpenLogic\jdk-17.0.14.7-hotspot\bin\nio.dll
0x00007ffda29e0000 - 0x00007ffda29f0000 	C:\Program Files\OpenLogic\jdk-17.0.14.7-hotspot\bin\verify.dll
0x00007ffda4910000 - 0x00007ffda4937000 	C:\Users\Kuldeep\.gradle\native\1def1411415f61bf3af743bc5b6707747c0891f09f0c88961ee8f79bc544acac\windows-amd64\native-platform.dll
0x00007ffd96390000 - 0x00007ffd96408000 	C:\Users\Kuldeep\.gradle\native\0.2.6\x86_64-windows-gnu\gradle-fileevents.dll
0x00007ffd236c0000 - 0x00007ffd236c9000 	C:\Program Files\OpenLogic\jdk-17.0.14.7-hotspot\bin\management.dll
0x00007ffd236b0000 - 0x00007ffd236bb000 	C:\Program Files\OpenLogic\jdk-17.0.14.7-hotspot\bin\management_ext.dll
0x00007ffdad2e0000 - 0x00007ffdad2e8000 	C:\WINDOWS\System32\PSAPI.DLL
0x00007ffda96d0000 - 0x00007ffda9703000 	C:\WINDOWS\SYSTEM32\IPHLPAPI.DLL
0x00007ffdabfc0000 - 0x00007ffdabfca000 	C:\WINDOWS\System32\NSI.dll
0x00007ffd9eb60000 - 0x00007ffd9eb7f000 	C:\WINDOWS\SYSTEM32\dhcpcsvc6.DLL
0x00007ffd9bd30000 - 0x00007ffd9bd55000 	C:\WINDOWS\SYSTEM32\dhcpcsvc.DLL
0x00007ffda9770000 - 0x00007ffda9896000 	C:\WINDOWS\SYSTEM32\DNSAPI.dll
0x00007ffd1b7c0000 - 0x00007ffd1b7c8000 	C:\Program Files\OpenLogic\jdk-17.0.14.7-hotspot\bin\extnet.dll
0x00007ffdaa490000 - 0x00007ffdaa4ab000 	C:\WINDOWS\SYSTEM32\CRYPTSP.dll
0x00007ffda9bb0000 - 0x00007ffda9beb000 	C:\WINDOWS\system32\rsaenh.dll
0x00007ffdaa280000 - 0x00007ffdaa2ab000 	C:\WINDOWS\SYSTEM32\USERENV.dll
0x00007ffdaad90000 - 0x00007ffdaadb6000 	C:\WINDOWS\SYSTEM32\bcrypt.dll
0x00007ffdaa4b0000 - 0x00007ffdaa4bc000 	C:\WINDOWS\SYSTEM32\CRYPTBASE.dll
0x00007ffd1b7e0000 - 0x00007ffd1b7ee000 	C:\Program Files\OpenLogic\jdk-17.0.14.7-hotspot\bin\sunmscapi.dll
0x00007ffdab230000 - 0x00007ffdab3a7000 	C:\WINDOWS\System32\CRYPT32.dll
0x00007ffdaa6b0000 - 0x00007ffdaa6e0000 	C:\WINDOWS\SYSTEM32\ncrypt.dll
0x00007ffdaa660000 - 0x00007ffdaa69f000 	C:\WINDOWS\SYSTEM32\NTASN1.dll
0x00007ffd1b7d0000 - 0x00007ffd1b7d8000 	C:\WINDOWS\system32\wshunix.dll
0x00007ffd8c430000 - 0x00007ffd8c448000 	C:\WINDOWS\system32\napinsp.dll
0x00007ffd8c260000 - 0x00007ffd8c272000 	C:\WINDOWS\System32\winrnr.dll
0x00007ffd8c200000 - 0x00007ffd8c230000 	C:\WINDOWS\system32\nlansp_c.dll
0x00007ffd8c770000 - 0x00007ffd8c790000 	C:\WINDOWS\system32\wshbth.dll
0x00007ffd981e0000 - 0x00007ffd981eb000 	C:\Windows\System32\rasadhlp.dll
0x00007ffd99d10000 - 0x00007ffd99d96000 	C:\WINDOWS\System32\fwpuclnt.dll
0x00007ffda9d80000 - 0x00007ffda9db6000 	C:\WINDOWS\SYSTEM32\ntmarta.dll

dbghelp: loaded successfully - version: 4.0.5 - missing functions: none
symbol engine: initialized successfully - sym options: 0x614 - pdb path: .;C:\Program Files\OpenLogic\jdk-17.0.14.7-hotspot\bin;C:\WINDOWS\SYSTEM32;C:\WINDOWS\WinSxS\amd64_microsoft.windows.common-controls_6595b64144ccf1df_6.0.26100.4484_none_3e0e6d4ce32ef3b3;C:\Program Files\OpenLogic\jdk-17.0.14.7-hotspot\bin\server;C:\Users\Kuldeep\.gradle\native\1def1411415f61bf3af743bc5b6707747c0891f09f0c88961ee8f79bc544acac\windows-amd64;C:\Users\Kuldeep\.gradle\native\0.2.6\x86_64-windows-gnu

VM Arguments:
jvm_args: --add-opens=java.base/java.lang=ALL-UNNAMED --add-opens=java.base/java.lang.invoke=ALL-UNNAMED --add-opens=java.base/java.util=ALL-UNNAMED --add-opens=java.prefs/java.util.prefs=ALL-UNNAMED --add-exports=jdk.compiler/com.sun.tools.javac.api=ALL-UNNAMED --add-exports=jdk.compiler/com.sun.tools.javac.util=ALL-UNNAMED --add-opens=java.base/java.util=ALL-UNNAMED --add-opens=java.prefs/java.util.prefs=ALL-UNNAMED --add-opens=java.base/java.nio.charset=ALL-UNNAMED --add-opens=java.base/java.net=ALL-UNNAMED --add-opens=java.base/java.util.concurrent.atomic=ALL-UNNAMED --add-opens=java.xml/javax.xml.namespace=ALL-UNNAMED -XX:MaxMetaspaceSize=512m -Xmx2048m -Dfile.encoding=windows-1252 -Duser.country=IN -Duser.language=en -Duser.variant -javaagent:C:\ProgramData\chocolatey\lib\gradle\tools\gradle-8.12.1\lib\agents\gradle-instrumentation-agent-8.12.1.jar 
java_command: org.gradle.launcher.daemon.bootstrap.GradleDaemon 8.12.1
java_class_path (initial): C:\ProgramData\chocolatey\lib\gradle\tools\gradle-8.12.1\lib\gradle-daemon-main-8.12.1.jar
Launcher Type: SUN_STANDARD

[Global flags]
     intx CICompilerCount                          = 3                                         {product} {ergonomic}
   size_t CompressedClassSpaceSize                 = 436207616                                 {product} {ergonomic}
     uint ConcGCThreads                            = 1                                         {product} {ergonomic}
     uint G1ConcRefinementThreads                  = 4                                         {product} {ergonomic}
   size_t G1HeapRegionSize                         = 1048576                                   {product} {ergonomic}
    uintx GCDrainStackTargetSize                   = 64                                        {product} {ergonomic}
   size_t InitialHeapSize                          = 65011712                                  {product} {ergonomic}
   size_t MarkStackSize                            = 4194304                                   {product} {ergonomic}
   size_t MaxHeapSize                              = 2147483648                                {product} {command line}
   size_t MaxMetaspaceSize                         = 536870912                                 {product} {command line}
   size_t MaxNewSize                               = 1287651328                                {product} {ergonomic}
   size_t MinHeapDeltaBytes                        = 1048576                                   {product} {ergonomic}
   size_t MinHeapSize                              = 8388608                                   {product} {ergonomic}
    uintx NonNMethodCodeHeapSize                   = 5832780                                {pd product} {ergonomic}
    uintx NonProfiledCodeHeapSize                  = 122912730                              {pd product} {ergonomic}
    uintx ProfiledCodeHeapSize                     = 122912730                              {pd product} {ergonomic}
    uintx ReservedCodeCacheSize                    = 251658240                              {pd product} {ergonomic}
     bool SegmentedCodeCache                       = true                                      {product} {ergonomic}
   size_t SoftMaxHeapSize                          = 2147483648                             {manageable} {ergonomic}
     bool UseCompressedClassPointers               = true                           {product lp64_product} {ergonomic}
     bool UseCompressedOops                        = true                           {product lp64_product} {ergonomic}
     bool UseG1GC                                  = true                                      {product} {ergonomic}
     bool UseLargePagesIndividualAllocation        = false                                  {pd product} {ergonomic}

Logging:
Log output configuration:
 #0: stdout all=warning uptime,level,tags
 #1: stderr all=off uptime,level,tags

Environment Variables:
JAVA_HOME=C:\Program Files\OpenLogic\jdk-17.0.14.7-hotspot
CLASSPATH=C:\ProgramData\chocolatey\lib\gradle\tools\gradle-8.12.1\lib\gradle-gradle-cli-main-8.12.1.jar
PATH=C:\Program Files\OpenLogic\jdk-17.0.14.7-hotspot\bin;C:\WINDOWS\system32;C:\WINDOWS;C:\WINDOWS\System32\Wbem;C:\WINDOWS\System32\WindowsPowerShell\v1.0\;C:\WINDOWS\System32\OpenSSH\;C:\Program Files\Microsoft SQL Server\150\Tools\Binn\;C:\Program Files\Microsoft SQL Server\Client SDK\ODBC\170\Tools\Binn\;C:\Program Files\dotnet\;C:\WINDOWS\system32;C:\WINDOWS;C:\WINDOWS\System32\Wbem;C:\WINDOWS\System32\WindowsPowerShell\v1.0\;C:\WINDOWS\System32\OpenSSH\;C:\MinGW\bin;C:\Users\Kuldeep\AppData\Local\Android\Sdk;C:\Users\Kuldeep\AppData\Local\Android\Sdk\tools\bin;C:\Users\Kuldeep\AppData\Local\Android\Sdk\emulator;C:\Users\Kuldeep\AppData\Local\Android\Sdk\platform-tools;C:\Program Files\Git\cmd;C:\ProgramData\chocolatey\bin;C:\Users\Kuldeep\AppData\Local\nvm;C:\nvm4w\nodejs;C:\Program Files\MongoDB\Server\6.0\bin;C:\Program Files (x86)\cloudflared\;C:\Program Files\MySQL\MySQL Shell 8.0\bin\;C:\Users\Kuldeep\AppData\Local\Android\Sdk\platform-tools;C:\Users\Kuldeep\AppData\Local\Android\Sdk\tools;C:\Users\Kuldeep\AppData\Local\jdk-11.0.2\bin;C:\Users\Kuldeep\AppData\Local\Programs\Python\Python312\Scripts\;C:\Users\Kuldeep\AppData\Local\Programs\Python\Python312\;C:\Users\Kuldeep\AppData\Local\Microsoft\WindowsApps;C:\Users\Kuldeep\.dotnet\tools;C:\Users\Kuldeep\AppData\Local\Programs\Microsoft VS Code\bin;C:\Users\Kuldeep\AppData\Local\GitHubDesktop\bin;C:\Program Files\OpenLogic\jdk-11.0.25.9-hotspot;C:\Users\Kuldeep\AppData\Local\Android\Sdk;C:\Users\Kuldeep\AppData\Local\Android\Sdk\tools\bin;C:\Users\Kuldeep\AppData\Local\Android\Sdk\emulator;C:\Users\Kuldeep\AppData\Local\Microsoft\WinGet\Packages\Schniz.fnm_Microsoft.Winget.Source_8wekyb3d8bbwe;C:\Users\Kuldeep\AppData\Local\nvm;C:\nvm4w\nodejs;C:\Program Files\MongoDB\Server\6.0\bin;
USERNAME=Kuldeep
LANG=en_US.UTF-8
OS=Windows_NT
PROCESSOR_IDENTIFIER=Intel64 Family 6 Model 126 Stepping 5, GenuineIntel
TMP=C:\Users\Kuldeep\AppData\Local\Temp
TEMP=C:\Users\Kuldeep\AppData\Local\Temp



Periodic native trim disabled


---------------  S Y S T E M  ---------------

OS:
 Windows 11 , 64 bit Build 26100 (10.0.26100.4484)
OS uptime: 0 days 1:46 hours

CPU: total 4 (initial active 4) (2 cores per cpu, 2 threads per core) family 6 model 126 stepping 5 microcode 0x86, cx8, cmov, fxsr, ht, mmx, 3dnowpref, sse, sse2, sse3, ssse3, sse4.1, sse4.2, popcnt, lzcnt, tsc, tscinvbit, avx, avx2, aes, erms, clmul, bmi1, bmi2, adx, avx512f, avx512dq, avx512cd, avx512bw, avx512vl, sha, fma, vzeroupper, avx512_vpopcntdq, avx512_vpclmulqdq, avx512_vaes, avx512_vnni, clflush, clflushopt, avx512_vbmi2, avx512_vbmi
Processor Information for all 4 processors :
  Max Mhz: 1190, Current Mhz: 1190, Mhz Limit: 1190

Memory: 4k page, system-wide physical 3871M (274M free)
TotalPageFile size 15647M (AvailPageFile size 3M)
current process WorkingSet (physical memory assigned to process): 1003M, peak: 1003M
current process commit charge ("private bytes"): 1718M, peak: 1719M

vm_info: OpenJDK 64-Bit Server VM (17.0.14+7-adhoc..jdk17u) for windows-amd64 JRE (17.0.14+7-adhoc..jdk17u), built on Jan 22 2025 11:06:43 by "" with MS VC++ 16.10 / 16.11 (VS2019)

END.
