#
# There is insufficient memory for the Java Runtime Environment to continue.
# Native memory allocation (mmap) failed to map 65536 bytes for Failed to commit metaspace.
# Possible reasons:
#   The system is out of physical RAM or swap space
#   The process is running with CompressedOops enabled, and the Java Heap may be blocking the growth of the native heap
# Possible solutions:
#   Reduce memory load on the system
#   Increase physical memory or swap space
#   Check if swap backing store is full
#   Decrease Java heap size (-Xmx/-Xms)
#   Decrease number of Java threads
#   Decrease Java thread stack sizes (-Xss)
#   Set larger code cache with -XX:ReservedCodeCacheSize=
#   JVM is running with Zero Based Compressed Oops mode in which the Java heap is
#     placed in the first 32GB address space. The Java Heap base address is the
#     maximum limit for the native heap growth. Please use -XX:HeapBaseMinAddress
#     to set the Java Heap base and to place the Java Heap above 32GB virtual address.
# This output file may be truncated or incomplete.
#
#  Out of Memory Error (virtualSpaceNode.cpp:112), pid=32640, tid=27104
#
# JRE version: Java(TM) SE Runtime Environment (21.0.2+13) (build 21.0.2+13-LTS-58)
# Java VM: Java HotSpot(TM) 64-Bit Server VM (21.0.2+13-LTS-58, mixed mode, sharing, tiered, compressed oops, compressed class ptrs, g1 gc, windows-amd64)
# No core dump will be written. Minidumps are not enabled by default on client versions of Windows
#

---------------  S U M M A R Y ------------

Command Line: --add-opens=java.base/java.lang=ALL-UNNAMED --add-opens=java.base/java.lang.invoke=ALL-UNNAMED --add-opens=java.base/java.util=ALL-UNNAMED --add-opens=java.prefs/java.util.prefs=ALL-UNNAMED --add-exports=jdk.compiler/com.sun.tools.javac.api=ALL-UNNAMED --add-exports=jdk.compiler/com.sun.tools.javac.util=ALL-UNNAMED --add-opens=java.base/java.util=ALL-UNNAMED --add-opens=java.prefs/java.util.prefs=ALL-UNNAMED --add-opens=java.base/java.nio.charset=ALL-UNNAMED --add-opens=java.base/java.net=ALL-UNNAMED --add-opens=java.base/java.util.concurrent.atomic=ALL-UNNAMED --add-opens=java.xml/javax.xml.namespace=ALL-UNNAMED -XX:MaxMetaspaceSize=1024m -Xmx4096m -Dfile.encoding=UTF-8 -Duser.country=IN -Duser.language=en -Duser.variant -javaagent:C:\Users\roybe\.gradle\wrapper\dists\gradle-8.13-all\54h0s9kvb6g2sinako7ub77ku\gradle-8.13\lib\agents\gradle-instrumentation-agent-8.13.jar org.gradle.launcher.daemon.bootstrap.GradleDaemon 8.13

Host: 11th Gen Intel(R) Core(TM) i5-11260H @ 2.60GHz, 12 cores, 31G,  Windows 11 , 64 bit Build 26100 (10.0.26100.8521)
Time: Fri May 29 20:07:30 2026 India Standard Time elapsed time: 914.051778 seconds (0d 0h 15m 14s)

---------------  T H R E A D  ---------------

Current thread (0x000001ccb83b57a0):  JavaThread "Asynchronous log dispatcher for DefaultDaemonConnection: socket connection from /127.0.0.1:63299 to /127.0.0.1:64526"        [_thread_in_vm, id=27104, stack(0x000000b08ba00000,0x000000b08bb00000) (1024K)]

Stack: [0x000000b08ba00000,0x000000b08bb00000]
Native frames: (J=compiled Java code, j=interpreted, Vv=VM code, C=native code)
V  [jvm.dll+0x6cade9]
V  [jvm.dll+0x8569c1]
V  [jvm.dll+0x858d2e]
V  [jvm.dll+0x859413]
V  [jvm.dll+0x280e56]
V  [jvm.dll+0x8526ee]
V  [jvm.dll+0x66e705]
V  [jvm.dll+0x1e68cc]
V  [jvm.dll+0x1e669e]
V  [jvm.dll+0x67104c]
V  [jvm.dll+0x670e62]
V  [jvm.dll+0x66f0de]
V  [jvm.dll+0x26c6d6]
V  [jvm.dll+0x218617]
V  [jvm.dll+0x20dd9e]
V  [jvm.dll+0x5ad3dc]
V  [jvm.dll+0x7cf5e6]
V  [jvm.dll+0x470270]
V  [jvm.dll+0x475ef8]
C  [java.dll+0x17ec]

Java frames: (J=compiled Java code, j=interpreted, Vv=VM code)
J 1040  java.lang.ClassLoader.defineClass1(Ljava/lang/ClassLoader;Ljava/lang/String;[BIILjava/security/ProtectionDomain;Ljava/lang/String;)Ljava/lang/Class; java.base@21.0.2 (0 bytes) @ 0x000001ccdcb28611 [0x000001ccdcb28540+0x00000000000000d1]
J 16983 c1 java.lang.System$2.defineClass(Ljava/lang/ClassLoader;Ljava/lang/String;[BLjava/security/ProtectionDomain;Ljava/lang/String;)Ljava/lang/Class; java.base@21.0.2 (14 bytes) @ 0x000001ccd6ad165c [0x000001ccd6ad15c0+0x000000000000009c]
j  jdk.internal.reflect.ClassDefiner.defineClass(Ljava/lang/String;[BIILjava/lang/ClassLoader;)Ljava/lang/Class;+27 java.base@21.0.2
j  jdk.internal.reflect.MethodAccessorGenerator$1.run()Ljdk/internal/reflect/MagicAccessorImpl;+21 java.base@21.0.2
j  jdk.internal.reflect.MethodAccessorGenerator$1.run()Ljava/lang/Object;+1 java.base@21.0.2
J 17225 c2 java.security.AccessController.doPrivileged(Ljava/security/PrivilegedAction;)Ljava/lang/Object; java.base@21.0.2 (9 bytes) @ 0x000001ccdd4e7864 [0x000001ccdd4e7820+0x0000000000000044]
j  jdk.internal.reflect.MethodAccessorGenerator.generate(Ljava/lang/Class;Ljava/lang/String;[Ljava/lang/Class;Ljava/lang/Class;IZZLjava/lang/Class;)Ljdk/internal/reflect/MagicAccessorImpl;+755 java.base@21.0.2
j  jdk.internal.reflect.MethodAccessorGenerator.generateSerializationConstructor(Ljava/lang/Class;[Ljava/lang/Class;ILjava/lang/Class;)Ljdk/internal/reflect/SerializationConstructorAccessorImpl;+13 java.base@21.0.2
j  jdk.internal.reflect.ReflectionFactory.generateConstructor(Ljava/lang/Class;Ljava/lang/reflect/Constructor;)Ljava/lang/reflect/Constructor;+20 java.base@21.0.2
j  jdk.internal.reflect.ReflectionFactory.newConstructorForSerialization(Ljava/lang/Class;)Ljava/lang/reflect/Constructor;+90 java.base@21.0.2
j  java.io.ObjectStreamClass.getSerializableConstructor(Ljava/lang/Class;)Ljava/lang/reflect/Constructor;+4 java.base@21.0.2
j  java.io.ObjectStreamClass$2.run()Ljava/lang/Void;+210 java.base@21.0.2
j  java.io.ObjectStreamClass$2.run()Ljava/lang/Object;+1 java.base@21.0.2
J 17225 c2 java.security.AccessController.doPrivileged(Ljava/security/PrivilegedAction;)Ljava/lang/Object; java.base@21.0.2 (9 bytes) @ 0x000001ccdd4e7864 [0x000001ccdd4e7820+0x0000000000000044]
j  java.io.ObjectStreamClass.<init>(Ljava/lang/Class;)V+111 java.base@21.0.2
j  java.io.ObjectStreamClass$Caches$1.computeValue(Ljava/lang/Class;)Ljava/io/ObjectStreamClass;+5 java.base@21.0.2
j  java.io.ObjectStreamClass$Caches$1.computeValue(Ljava/lang/Class;)Ljava/lang/Object;+2 java.base@21.0.2
J 23115 c1 java.io.ClassCache$1.computeValue(Ljava/lang/Class;)Ljava/io/ClassCache$CacheRef; java.base@21.0.2 (31 bytes) @ 0x000001ccd58f7ccc [0x000001ccd58f7ba0+0x000000000000012c]
J 23114 c1 java.io.ClassCache$1.computeValue(Ljava/lang/Class;)Ljava/lang/Object; java.base@21.0.2 (6 bytes) @ 0x000001ccd5044d54 [0x000001ccd5044cc0+0x0000000000000094]
J 4350 c1 java.lang.ClassValue.getFromHashMap(Ljava/lang/Class;)Ljava/lang/Object; java.base@21.0.2 (70 bytes) @ 0x000001ccd58907ec [0x000001ccd5890320+0x00000000000004cc]
J 23110 c2 java.io.ObjectOutputStream.writeObject0(Ljava/lang/Object;Z)V java.base@21.0.2 (620 bytes) @ 0x000001ccddaf3d20 [0x000001ccddaf1c00+0x0000000000002120]
J 19075 c2 java.io.ObjectOutputStream.writeObject(Ljava/lang/Object;)V java.base@21.0.2 (38 bytes) @ 0x000001ccdd6de990 [0x000001ccdd6de940+0x0000000000000050]
j  org.gradle.internal.serialize.Message.send(Ljava/lang/Object;Ljava/io/OutputStream;)V+11
j  org.gradle.internal.serialize.BaseSerializerFactory$ThrowableSerializer.write(Lorg/gradle/internal/serialize/Encoder;Ljava/lang/Throwable;)V+7
j  org.gradle.internal.serialize.BaseSerializerFactory$ThrowableSerializer.write(Lorg/gradle/internal/serialize/Encoder;Ljava/lang/Object;)V+6
j  org.gradle.internal.logging.serializer.LogEventSerializer.write(Lorg/gradle/internal/serialize/Encoder;Lorg/gradle/internal/logging/events/LogEvent;)V+53
j  org.gradle.internal.logging.serializer.LogEventSerializer.write(Lorg/gradle/internal/serialize/Encoder;Ljava/lang/Object;)V+6
J 34334 c2 org.gradle.launcher.daemon.protocol.DaemonMessageSerializer$OutputMessageSerializer.write(Lorg/gradle/internal/serialize/Encoder;Ljava/lang/Object;)V (10 bytes) @ 0x000001ccdd9ad548 [0x000001ccdd9ad320+0x0000000000000228]
J 18236 c2 org.gradle.launcher.daemon.server.SynchronizedDispatchConnection.dispatchAndFlush(Ljava/lang/Object;)V (118 bytes) @ 0x000001ccdd5fe720 [0x000001ccdd5fe3a0+0x0000000000000380]
J 34333 c2 org.gradle.launcher.daemon.server.exec.LogToClient$AsynchronousLogDispatcher.dispatchAsync(Lorg/gradle/internal/logging/events/OutputEvent;)V (33 bytes) @ 0x000001ccdcd82f00 [0x000001ccdcd82e40+0x00000000000000c0]
j  org.gradle.launcher.daemon.server.exec.LogToClient$AsynchronousLogDispatcher.run()V+35
v  ~StubRoutines::call_stub 0x000001ccdc5110e7

Compiled method (n/a)  914081 1040     n 0       java.lang.ClassLoader::defineClass1 (native)
 total in heap  [0x000001ccdcb28390,0x000001ccdcb28af0] = 1888
 relocation     [0x000001ccdcb284f0,0x000001ccdcb28530] = 64
 main code      [0x000001ccdcb28540,0x000001ccdcb28aef] = 1455
 stub code      [0x000001ccdcb28aef,0x000001ccdcb28af0] = 1

[Constant Pool (empty)]

[MachCode]
[Entry Point]
  # {method} {0x000001cc8043cd80} 'defineClass1' '(Ljava/lang/ClassLoader;Ljava/lang/String;[BIILjava/security/ProtectionDomain;Ljava/lang/String;)Ljava/lang/Class;' in 'java/lang/ClassLoader'
  # parm0:    rdx:rdx   = 'java/lang/ClassLoader'
  # parm1:    r8:r8     = 'java/lang/String'
  # parm2:    r9:r9     = '[B'
  # parm3:    rdi       = int
  # parm4:    rsi       = int
  # parm5:    rcx:rcx   = 'java/security/ProtectionDomain'
  # parm6:    [sp+0xa0]   = 'java/lang/String'  (sp of caller)
  0x000001ccdcb28540: 448b 5208 | 49bb 0000 | 0080 cc01 | 0000 4d03 | d349 3bc2 | 0f84 0600 

  0x000001ccdcb28558: ;   {runtime_call ic_miss_stub}
  0x000001ccdcb28558: 0000 e921 | 64a3 ff90 
[Verified Entry Point]
  0x000001ccdcb28560: 8984 2400 | 80ff ff55 | 488b ec48 | 81ec 9000 | 0000 6690 | 4181 7f20 | 2700 0000 

  0x000001ccdcb2857c: ;   {runtime_call StubRoutines (final stubs)}
  0x000001ccdcb2857c: 7405 e87d | dca1 ff48 | 837d 1000 | 488d 4510 | 480f 4445 | 1048 8944 | 2440 4889 | 4c24 7048 
  0x000001ccdcb2859c: 83f9 0048 | 8d44 2470 | 480f 4444 | 2470 4889 | 4424 3848 | 8974 2430 | 4889 7c24 | 284c 894c 
  0x000001ccdcb285bc: 2458 4983 | f900 488d | 4424 5848 | 0f44 4424 | 5848 8944 | 2420 4c89 | 4424 5049 | 83f8 004c 
  0x000001ccdcb285dc: 8d4c 2450 | 4c0f 444c | 2450 4889 | 5424 4848 | 83fa 004c | 8d44 2448 | 4c0f 4444 

  0x000001ccdcb285f8: ;   {oop(a 'java/lang/Class'{0x0000000700401438} = 'java/lang/ClassLoader')}
  0x000001ccdcb285f8: 2448 49be | 3814 4000 | 0700 0000 | 4c89 7424 | 784c 8d74 | 2478 498b | d6c5 f877 

  0x000001ccdcb28614: ;   {internal_word}
  0x000001ccdcb28614: 49ba 1186 | b2dc cc01 | 0000 4d89 | 97a0 0300 | 0049 89a7 | 9803 0000 

  0x000001ccdcb2862c: ;   {external_word}
  0x000001ccdcb2862c: 49ba f945 | f648 fe7f | 0000 4180 | 3a00 0f84 | 4e00 0000 | 5241 5041 

  0x000001ccdcb28644: ;   {metadata({method} {0x000001cc8043cd80} 'defineClass1' '(Ljava/lang/ClassLoader;Ljava/lang/String;[BIILjava/security/ProtectionDomain;Ljava/lang/String;)Ljava/lang/Class;' in 'java/lang/ClassLoader')}
  0x000001ccdcb28644: 5148 ba78 | cd43 80cc | 0100 0049 | 8bcf 4883 | ec20 40f6 | c40f 0f84 | 1900 0000 | 4883 ec08 
  0x000001ccdcb28664: ;   {runtime_call}
  0x000001ccdcb28664: 48b8 4009 | a748 fe7f | 0000 ffd0 | 4883 c408 | e90c 0000 

  0x000001ccdcb28678: ;   {runtime_call}
  0x000001ccdcb28678: 0048 b840 | 09a7 48fe | 7f00 00ff | d048 83c4 | 2041 5941 | 585a 498d | 8fb8 0300 | 0041 c787 
  0x000001ccdcb28698: 4c04 0000 | 0400 0000 

  0x000001ccdcb286a0: ;   {runtime_call}
  0x000001ccdcb286a0: 48b8 ac16 | a599 fe7f | 0000 ffd0 | c5f8 7741 | c787 4c04 | 0000 0500 | 0000 f083 | 4424 c000 
  0x000001ccdcb286c0: 493b af50 | 0400 000f | 870e 0000 | 0041 83bf | 4804 0000 | 000f 842b | 0000 00c5 | f877 4889 
  0x000001ccdcb286e0: 45f8 498b | cf4c 8be4 | 4883 ec20 | 4883 e4f0 

  0x000001ccdcb286f0: ;   {runtime_call}
  0x000001ccdcb286f0: 48b8 d0c3 | 7248 fe7f | 0000 ffd0 | 498b e44d | 33e4 488b | 45f8 41c7 | 874c 0400 | 0008 0000 
  0x000001ccdcb28710: 0041 83bf | c804 0000 | 020f 84a3 

  0x000001ccdcb2871c: ;   {external_word}
  0x000001ccdcb2871c: 0300 0049 | baf9 45f6 | 48fe 7f00 | 0041 803a | 000f 844c | 0000 0048 

  0x000001ccdcb28734: ;   {metadata({method} {0x000001cc8043cd80} 'defineClass1' '(Ljava/lang/ClassLoader;Ljava/lang/String;[BIILjava/security/ProtectionDomain;Ljava/lang/String;)Ljava/lang/Class;' in 'java/lang/ClassLoader')}
  0x000001ccdcb28734: 8945 f848 | ba78 cd43 | 80cc 0100 | 0049 8bcf | 4883 ec20 | 40f6 c40f | 0f84 1900 | 0000 4883 
  0x000001ccdcb28754: ;   {runtime_call}
  0x000001ccdcb28754: ec08 48b8 | 4009 a748 | fe7f 0000 | ffd0 4883 | c408 e90c 

  0x000001ccdcb28768: ;   {runtime_call}
  0x000001ccdcb28768: 0000 0048 | b840 09a7 | 48fe 7f00 | 00ff d048 | 83c4 2048 | 8b45 f849 | c787 9803 | 0000 0000 
  0x000001ccdcb28788: 0000 49c7 | 87a0 0300 | 0000 0000 | 00c5 f877 | 4885 c00f | 84fe 0200 | 00a8 030f | 8508 0000 
  0x000001ccdcb287a8: 0048 8b00 | e9ee 0200 | 00a8 010f | 8509 0000 | 0048 8b40 | fee9 dd02 | 0000 488b | 40ff 4180 
  0x000001ccdcb287c8: 7f40 000f | 84ce 0200 | 0048 83f8 | 000f 84c4 | 0200 0049 | 8b4f 2848 | 83f9 000f | 8414 0000 
  0x000001ccdcb287e8: 0048 83e9 | 0849 894f | 2849 034f | 3848 8901 | e9a2 0200 | 0048 81ec | 5001 0000 | 4889 0424 
  0x000001ccdcb28808: 4889 4c24 | 0848 8954 | 2410 4889 | 7424 1848 | 897c 2420 | 4c89 4424 | 284c 894c | 2430 4c89 
  0x000001ccdcb28828: 5424 384c | 895c 2440 | c5fb 1144 | 2450 c5fb | 114c 2458 | c5fb 1154 | 2460 c5fb | 115c 2468 
  0x000001ccdcb28848: c5fb 1164 | 2470 c5fb | 116c 2478 | c5fb 11b4 | 2480 0000 | 00c5 fb11 | bc24 8800 | 0000 c57b 
  0x000001ccdcb28868: ;   {no_reloc}
  0x000001ccdcb28868: 1184 2490 | 0000 00c5 | 7b11 8c24 | 9800 0000 | c57b 1194 | 24a0 0000 | 00c5 7b11 | 9c24 a800 
  0x000001ccdcb28888: 0000 c57b | 11a4 24b0 | 0000 00c5 | 7b11 ac24 | b800 0000 | c57b 11b4 | 24c0 0000 | 00c5 7b11 
  0x000001ccdcb288a8: bc24 c800 | 0000 62e1 | ff08 1144 | 241a 62e1 | ff08 114c | 241b 62e1 | ff08 1154 | 241c 62e1 
  0x000001ccdcb288c8: ff08 115c | 241d 62e1 | ff08 1164 | 241e 62e1 | ff08 116c | 241f 62e1 | ff08 1174 | 2420 62e1 
  0x000001ccdcb288e8: ff08 117c | 2421 6261 | ff08 1144 | 2422 6261 | ff08 114c | 2423 6261 | ff08 1154 | 2424 6261 
  0x000001ccdcb28908: ff08 115c | 2425 6261 | ff08 1164 | 2426 6261 | ff08 116c | 2427 6261 | ff08 1174 | 2428 6261 
  0x000001ccdcb28928: ff08 117c | 2429 498b | d748 8bc8 | 4883 ec20 | 40f6 c40f | 0f84 1900 | 0000 4883 

  0x000001ccdcb28944: ;   {runtime_call}
  0x000001ccdcb28944: ec08 48b8 | 9026 6648 | fe7f 0000 | ffd0 4883 | c408 e90c 

  0x000001ccdcb28958: ;   {runtime_call}
  0x000001ccdcb28958: 0000 0048 | b890 2666 | 48fe 7f00 | 00ff d048 | 83c4 2062 | 61ff 0810 | 7c24 2962 | 61ff 0810 
  0x000001ccdcb28978: 7424 2862 | 61ff 0810 | 6c24 2762 | 61ff 0810 | 6424 2662 | 61ff 0810 | 5c24 2562 | 61ff 0810 
  0x000001ccdcb28998: 5424 2462 | 61ff 0810 | 4c24 2362 | 61ff 0810 | 4424 2262 | e1ff 0810 | 7c24 2162 | e1ff 0810 
  0x000001ccdcb289b8: 7424 2062 | e1ff 0810 | 6c24 1f62 | e1ff 0810 | 6424 1e62 | e1ff 0810 | 5c24 1d62 | e1ff 0810 
  0x000001ccdcb289d8: 5424 1c62 | e1ff 0810 | 4c24 1b62 | e1ff 0810 | 4424 1ac5 | 7b10 bc24 | c800 0000 | c57b 10b4 
  0x000001ccdcb289f8: 24c0 0000 | 00c5 7b10 | ac24 b800 | 0000 c57b | 10a4 24b0 | 0000 00c5 | 7b10 9c24 | a800 0000 
  0x000001ccdcb28a18: c57b 1094 | 24a0 0000 | 00c5 7b10 | 8c24 9800 | 0000 c57b | 1084 2490 | 0000 00c5 | fb10 bc24 
  0x000001ccdcb28a38: 8800 0000 | c5fb 10b4 | 2480 0000 | 00c5 fb10 | 6c24 78c5 | fb10 6424 | 70c5 fb10 | 5c24 68c5 
  0x000001ccdcb28a58: ;   {no_reloc}
  0x000001ccdcb28a58: fb10 5424 | 60c5 fb10 | 4c24 58c5 | fb10 4424 | 504c 8b5c | 2440 4c8b | 5424 384c | 8b4c 2430 
  0x000001ccdcb28a78: 4c8b 4424 | 2848 8b7c | 2420 488b | 7424 1848 | 8b54 2410 | 488b 4c24 | 0848 8b04 | 2448 81c4 
  0x000001ccdcb28a98: 5001 0000 | c5f8 7749 | 8b8f 2804 | 0000 c781 | 0001 0000 | 0000 0000 | c949 837f | 0800 0f85 
  0x000001ccdcb28ab8: 0100 0000 

  0x000001ccdcb28abc: ;   {runtime_call StubRoutines (initial stubs)}
  0x000001ccdcb28abc: c3e9 3e84 | 9eff c5f8 | 7748 8945 | f84c 8be4 | 4883 ec20 | 4883 e4f0 

  0x000001ccdcb28ad4: ;   {runtime_call}
  0x000001ccdcb28ad4: 48b8 7041 | a748 fe7f | 0000 ffd0 | 498b e44d | 33e4 488b | 45f8 e930 | fcff fff4 
[/MachCode]


Compiled method (c1)  914089 16983       3       java.lang.System$2::defineClass (14 bytes)
 total in heap  [0x000001ccd6ad1410,0x000001ccd6ad17c0] = 944
 relocation     [0x000001ccd6ad1570,0x000001ccd6ad15b0] = 64
 main code      [0x000001ccd6ad15c0,0x000001ccd6ad16d8] = 280
 stub code      [0x000001ccd6ad16d8,0x000001ccd6ad1718] = 64
 metadata       [0x000001ccd6ad1718,0x000001ccd6ad1720] = 8
 scopes data    [0x000001ccd6ad1720,0x000001ccd6ad1758] = 56
 scopes pcs     [0x000001ccd6ad1758,0x000001ccd6ad17a8] = 80
 dependencies   [0x000001ccd6ad17a8,0x000001ccd6ad17b0] = 8
 nul chk table  [0x000001ccd6ad17b0,0x000001ccd6ad17c0] = 16

[Constant Pool (empty)]

[MachCode]
[Entry Point]
  # {method} {0x000001cc800194e8} 'defineClass' '(Ljava/lang/ClassLoader;Ljava/lang/String;[BLjava/security/ProtectionDomain;Ljava/lang/String;)Ljava/lang/Class;' in 'java/lang/System$2'
  # this:     rdx:rdx   = 'java/lang/System$2'
  # parm0:    r8:r8     = 'java/lang/ClassLoader'
  # parm1:    r9:r9     = 'java/lang/String'
  # parm2:    rdi:rdi   = '[B'
  # parm3:    rsi:rsi   = 'java/security/ProtectionDomain'
  # parm4:    rcx:rcx   = 'java/lang/String'
  #           [sp+0x60]  (sp of caller)
  0x000001ccd6ad15c0: 448b 5208 | 49bb 0000 | 0080 cc01 | 0000 4d03 | d34c 3bd0 

  0x000001ccd6ad15d4: ;   {runtime_call ic_miss_stub}
  0x000001ccd6ad15d4: 0f85 a6d3 | a805 660f | 1f44 0000 
[Verified Entry Point]
  0x000001ccd6ad15e0: 8984 2400 | 80ff ff55 | 4883 ec50 | 4181 7f20 | 2700 0000 

  0x000001ccd6ad15f4: ;   {runtime_call StubRoutines (final stubs)}
  0x000001ccd6ad15f4: 7405 e805 | 4ca7 0548 | 8bde 488b 

  0x000001ccd6ad1600: ;   {metadata(method data for {method} {0x000001cc800194e8} 'defineClass' '(Ljava/lang/ClassLoader;Ljava/lang/String;[BLjava/security/ProtectionDomain;Ljava/lang/String;)Ljava/lang/Class;' in 'java/lang/System$2')}
  0x000001ccd6ad1600: c148 be80 | dca9 f9cc | 0100 008b | 8ecc 0000 | 0083 c102 | 898e cc00 | 0000 81e1 | fe07 0000 
  0x000001ccd6ad1620: 85c9 0f84 | 4f00 0000 

  0x000001ccd6ad1628: ; implicit exception: dispatches to 0x000001ccd6ad1695
                      ;   {metadata(method data for {method} {0x000001cc800194e8} 'defineClass' '(Ljava/lang/ClassLoader;Ljava/lang/String;[BLjava/security/ProtectionDomain;Ljava/lang/String;)Ljava/lang/Class;' in 'java/lang/System$2')}
  0x000001ccd6ad1628: 8b77 0c48 | ba80 dca9 | f9cc 0100 | 0048 8382 | 1001 0000 | 0149 8bd0 | 4d8b c14c | 8bcf bf00 
  0x000001ccd6ad1648: 0000 0048 | 8bcb 4889 | 0424 0f1f 

  0x000001ccd6ad1654: ;   {static_call}
  0x000001ccd6ad1654: 4400 00e8 

  0x000001ccd6ad1658: ; ImmutableOopMap {}
                      ;*invokestatic defineClass1 {reexecute=0 rethrow=0 return_oop=0}
                      ; - java.lang.System$2::defineClass@10 (line 2390)
  0x000001ccd6ad1658: 046f 0506 

  0x000001ccd6ad165c: ;   {other}
  0x000001ccd6ad165c: 0f1f 8400 | 4c02 0000 | 4883 c450 

  0x000001ccd6ad1668: ;   {poll_return}
  0x000001ccd6ad1668: 5d49 3ba7 | 5004 0000 | 0f87 2400 

  0x000001ccd6ad1674: ;   {metadata({method} {0x000001cc800194e8} 'defineClass' '(Ljava/lang/ClassLoader;Ljava/lang/String;[BLjava/security/ProtectionDomain;Ljava/lang/String;)Ljava/lang/Class;' in 'java/lang/System$2')}
  0x000001ccd6ad1674: 0000 c349 | bae0 9401 | 80cc 0100 | 004c 8954 | 2408 48c7 | 0424 ffff 

  0x000001ccd6ad168c: ;   {runtime_call counter_overflow Runtime1 stub}
  0x000001ccd6ad168c: ffff e8ed 

  0x000001ccd6ad1690: ; ImmutableOopMap {rdx=Oop r8=Oop r9=Oop rdi=Oop rbx=Oop rax=Oop }
                      ;*synchronization entry
                      ; - java.lang.System$2::defineClass@-1 (line 2390)
  0x000001ccd6ad1690: 9fb6 05eb 

  0x000001ccd6ad1694: ;   {runtime_call throw_null_pointer_exception Runtime1 stub}
  0x000001ccd6ad1694: 93e8 0608 

  0x000001ccd6ad1698: ; ImmutableOopMap {r8=Oop r9=Oop rdi=Oop rbx=Oop rax=Oop }
                      ;*arraylength {reexecute=0 rethrow=0 return_oop=0}
                      ; - java.lang.System$2::defineClass@5 (line 2390)
                      ;   {internal_word}
  0x000001ccd6ad1698: b605 49ba | 6916 add6 | cc01 0000 | 4d89 9768 

  0x000001ccd6ad16a8: ;   {runtime_call SafepointBlob}
  0x000001ccd6ad16a8: 0400 00e9 | d054 a905 | 498b 8700 | 0500 0049 | c787 0005 | 0000 0000 | 0000 49c7 | 8708 0500 
  0x000001ccd6ad16c8: 0000 0000 | 0048 83c4 

  0x000001ccd6ad16d0: ;   {runtime_call unwind_exception Runtime1 stub}
  0x000001ccd6ad16d0: 505d e9a9 | f8b5 05f4 
[Stub Code]
  0x000001ccd6ad16d8: ;   {no_reloc}
  0x000001ccd6ad16d8: 48bb 0000 | 0000 0000 

  0x000001ccd6ad16e0: ;   {runtime_call}
  0x000001ccd6ad16e0: 0000 e9fb 

  0x000001ccd6ad16e4: ;   {runtime_call handle_exception_from_callee Runtime1 stub}
  0x000001ccd6ad16e4: ffff ffe8 | 1445 b605 

  0x000001ccd6ad16ec: ;   {external_word}
  0x000001ccd6ad16ec: 48b9 0048 | ce48 fe7f | 0000 4883 

  0x000001ccd6ad16f8: ;   {runtime_call}
  0x000001ccd6ad16f8: e4f0 48b8 | 4024 9648 | fe7f 0000 

  0x000001ccd6ad1704: ;   {section_word}
  0x000001ccd6ad1704: ffd0 f449 | ba07 17ad | d6cc 0100 

  0x000001ccd6ad1710: ;   {runtime_call DeoptimizationBlob}
  0x000001ccd6ad1710: 0041 52e9 | 0869 a905 
[/MachCode]


Compiled method (c2)  914091 17225       4       java.security.AccessController::doPrivileged (9 bytes)
 total in heap  [0x000001ccdd4e7690,0x000001ccdd4e7990] = 768
 relocation     [0x000001ccdd4e77f0,0x000001ccdd4e7818] = 40
 main code      [0x000001ccdd4e7820,0x000001ccdd4e78b8] = 152
 stub code      [0x000001ccdd4e78b8,0x000001ccdd4e78e0] = 40
 metadata       [0x000001ccdd4e78e0,0x000001ccdd4e78f0] = 16
 scopes data    [0x000001ccdd4e78f0,0x000001ccdd4e7918] = 40
 scopes pcs     [0x000001ccdd4e7918,0x000001ccdd4e7958] = 64
 dependencies   [0x000001ccdd4e7958,0x000001ccdd4e7960] = 8
 handler table  [0x000001ccdd4e7960,0x000001ccdd4e7990] = 48

[Constant Pool (empty)]

[MachCode]
[Verified Entry Point]
  # {method} {0x000001cc804784e8} 'doPrivileged' '(Ljava/security/PrivilegedAction;)Ljava/lang/Object;' in 'java/security/AccessController'
  # parm0:    rdx:rdx   = 'java/security/PrivilegedAction'
  #           [sp+0x30]  (sp of caller)
  0x000001ccdd4e7820: 8984 2400 | 80ff ff55 | 4883 ec20 | 4181 7f20 | 2700 0000 | 0f85 6d00 | 0000 4889 

  0x000001ccdd4e783c: ;   {static_call}
  0x000001ccdd4e783c: 1424 90e8 

  0x000001ccdd4e7840: ; ImmutableOopMap {[0]=Oop }
                      ;*invokestatic getCallerClass {reexecute=0 rethrow=0 return_oop=1}
                      ; - java.security.AccessController::doPrivileged@2 (line 319)
  0x000001ccdd4e7840: 9cdb 60ff 

  0x000001ccdd4e7844: ;   {other}
  0x000001ccdd4e7844: 0f1f 8400 | b401 0000 | 488b e848 | 8b14 2466 | 9048 b8f0 | aaf7 f2cc 

  0x000001ccdd4e785c: ;   {virtual_call}
  0x000001ccdd4e785c: 0100 00e8 

  0x000001ccdd4e7860: ; ImmutableOopMap {rbp=Oop }
                      ;*invokeinterface run {reexecute=0 rethrow=0 return_oop=1}
                      ; - java.security.AccessController::executePrivileged@29 (line 778)
                      ; - java.security.AccessController::doPrivileged@5 (line 319)
  0x000001ccdd4e7860: acae 15ff 

  0x000001ccdd4e7864: ;   {other}
  0x000001ccdd4e7864: 0f1f 8400 | d401 0001 | 4883 c420 

  0x000001ccdd4e7870: ;   {poll_return}
  0x000001ccdd4e7870: 5d49 3ba7 | 5004 0000 | 0f87 1300 | 0000 c348 | 8bd0 eb03 | 488b d048 | 83c4 205d 

  0x000001ccdd4e788c: ;   {runtime_call _rethrow_Java}
  0x000001ccdd4e788c: e96f ef15 

  0x000001ccdd4e7890: ;   {internal_word}
  0x000001ccdd4e7890: ff49 ba71 | 784e ddcc | 0100 004d | 8997 6804 

  0x000001ccdd4e78a0: ;   {runtime_call SafepointBlob}
  0x000001ccdd4e78a0: 0000 e9d9 

  0x000001ccdd4e78a4: ;   {runtime_call StubRoutines (final stubs)}
  0x000001ccdd4e78a4: f207 ffe8 | 54e9 05ff | e989 ffff | fff4 f4f4 | f4f4 f4f4 
[Stub Code]
  0x000001ccdd4e78b8: ;   {no_reloc}
  0x000001ccdd4e78b8: 48bb 0000 | 0000 0000 

  0x000001ccdd4e78c0: ;   {runtime_call}
  0x000001ccdd4e78c0: 0000 e9fb 

  0x000001ccdd4e78c4: ;   {runtime_call ExceptionBlob}
  0x000001ccdd4e78c4: ffff ffe9 | b47f 15ff 
[Deopt Handler Code]
  0x000001ccdd4e78cc: e800 0000 | 0048 832c 

  0x000001ccdd4e78d4: ;   {runtime_call DeoptimizationBlob}
  0x000001ccdd4e78d4: 2405 e945 | 0708 fff4 | f4f4 f4f4 
[/MachCode]


---------------  P R O C E S S  ---------------

Threads class SMR info:
_java_thread_list=0x000001ccfea94b10, length=202, elements={
0x000001ccca8ac460, 0x000001ccec0b5ad0, 0x000001ccec0b6140, 0x000001ccec0c4250,
0x000001ccec0c4e80, 0x000001ccec0c81a0, 0x000001ccec0d33a0, 0x000001ccec0d7be0,
0x000001ccec0d8f30, 0x000001ccec079fa0, 0x000001ccec4e3550, 0x000001ccf1f24580,
0x000001ccf1f2f3c0, 0x000001ccf215ca40, 0x000001ccf205a2c0, 0x000001ccf2059c30,
0x000001ccf205b670, 0x000001ccf5325620, 0x000001ccf5322ec0, 0x000001ccf5323550,
0x000001ccf5324900, 0x000001ccf69f3f30, 0x000001ccf38ee290, 0x000001ccf2899000,
0x000001ccf2896210, 0x000001ccf671ef50, 0x000001ccf6720300, 0x000001ccf6720990,
0x000001ccf51fe700, 0x000001ccf51fd9e0, 0x000001ccf289b760, 0x000001ccf289f270,
0x000001ccf289ebe0, 0x000001ccf289bdf0, 0x000001ccfefa2ec0, 0x000001ccffee9060,
0x000001ccffefb120, 0x000001ccffef7ca0, 0x000001ccffefc4d0, 0x000001ccf69f0420,
0x000001ccf27f5bd0, 0x000001ccb83b3040, 0x000001ccb83b3d60, 0x000001ccb83b43f0,
0x000001ccb83b29b0, 0x000001ccb83b4a80, 0x000001ccb83b57a0, 0x000001ccb83b5110,
0x000001ccb83b2320, 0x000001ccb83b6b50, 0x000001ccb83b8c20, 0x000001ccb83b8590,
0x000001ccb83b71e0, 0x000001ccb83b7870, 0x000001ccb83b7f00, 0x000001ccb83b92b0,
0x000001ccb83b5e30, 0x000001ccb83b9fd0, 0x000001ccb83bacf0, 0x000001ccb83bba10,
0x000001ccb83ba660, 0x000001ccb83bcdc0, 0x000001ccb83b9940, 0x000001ccb83bd450,
0x000001ccb83be800, 0x000001ccb83bb380, 0x000001ccb83bdae0, 0x000001ccb83bc0a0,
0x000001ccb83bfbb0, 0x000001ccb83be170, 0x000001ccb83bee90, 0x000001ccb83bf520,
0x000001ccb83bc730, 0x000001ccb83c36c0, 0x000001ccb83c15f0, 0x000001ccb83c0240,
0x000001ccb83c08d0, 0x000001ccb83c0f60, 0x000001ccb83c3d50, 0x000001ccb83c3030,
0x000001ccb83c1c80, 0x000001ccb83c43e0, 0x000001ccb83c4a70, 0x000001ccb83c5790,
0x000001ccb83c2310, 0x000001ccb83c7860, 0x000001ccb83c6b40, 0x000001ccb83c64b0,
0x000001ccb83c71d0, 0x000001ccb83c92a0, 0x000001ccb83c7ef0, 0x000001ccb83c8c10,
0x000001ccb83c8580, 0x000001ccb83c5e20, 0x000001ccb83cb370, 0x000001ccb83c9930,
0x000001ccb83cba00, 0x000001ccb83c9fc0, 0x000001ccb83ca650, 0x000001ccb83cc090,
0x000001ccb83cace0, 0x000001ccb83ce160, 0x000001ccb83ce7f0, 0x000001ccb83cee80,
0x000001ccb83cdad0, 0x000001ccb83cf510, 0x000001ccb83cfba0, 0x000001ccb83cc720,
0x000001ccb83d0230, 0x000001ccb83ccdb0, 0x000001ccb83d08c0, 0x000001ccb83cd440,
0x000001ccb83d0f50, 0x000001ccb83d15e0, 0x000001ccffeea410, 0x000001ccffee9d80,
0x000001ccffeebe50, 0x000001ccffeec4e0, 0x000001ccffeecb70, 0x000001ccffeedf20,
0x000001ccffeeaaa0, 0x000001ccffeed200, 0x000001ccffeee5b0, 0x000001ccffeed890,
0x000001ccffeeb130, 0x000001ccffef0680, 0x000001ccffeefff0, 0x000001ccffef0d10,
0x000001ccffef13a0, 0x000001ccffeeec40, 0x000001ccffef1a30, 0x000001ccffeef960,
0x000001ccffef20c0, 0x000001ccffeef2d0, 0x000001ccffef4190, 0x000001ccffef4820,
0x000001ccffef2750, 0x000001ccffef6260, 0x000001ccffef4eb0, 0x000001ccffef3470,
0x000001ccffef2de0, 0x000001ccffef6f80, 0x000001ccffef3b00, 0x000001ccffef89c0,
0x000001ccffef7610, 0x000001ccffef5bd0, 0x000001ccffef5540, 0x000001ccffef96e0,
0x000001ccffef68f0, 0x000001ccffef9050, 0x000001ccffef8330, 0x000001ccffefb7b0,
0x000001ccffefa400, 0x000001ccffef9d70, 0x000001ccffefaa90, 0x000001ccffefd1f0,
0x000001ccffefbe40, 0x000001ccffeff2c0, 0x000001ccffefffe0, 0x000001ccffeff950,
0x000001ccffefcb60, 0x000001ccffefd880, 0x000001ccfff00670, 0x000001ccfff00d00,
0x000001ccffefe5a0, 0x000001ccffefec30, 0x000001ccfff01390, 0x000001ccffefdf10,
0x000001ccfff01a20, 0x000001ccfff020b0, 0x000001ccfff02740, 0x000001ccfff02dd0,
0x000001ccfff05bc0, 0x000001ccfff06250, 0x000001ccfff03af0, 0x000001ccfff04ea0,
0x000001ccfff04180, 0x000001ccfff068e0, 0x000001ccfff04810, 0x000001ccfff05530,
0x000001ccfff03460, 0x000001ccfff06f70, 0x000001ccfff07600, 0x000001ccfff07c90,
0x000001ccfff08320, 0x000001ccfefa1b10, 0x000001ccfefa00d0, 0x000001ccfefa21a0,
0x000001ccfefa0760, 0x000001ccfefa76f0, 0x000001ccfefa4900, 0x000001ccfefa4f90,
0x000001ccfefa4270, 0x000001ccfefa7d80, 0x000001ccfefa5cb0, 0x000001ccfefa8aa0,
0x000001ccfefa5620, 0x000001ccfefa9130, 0x000001ccfefa7060, 0x000001ccfefaab70,
0x000001ccfefab200, 0x000001ccf51fccc0
}

Java Threads: ( => current thread )
  0x000001ccca8ac460 JavaThread "main"                              [_thread_blocked, id=30100, stack(0x000000b089a00000,0x000000b089b00000) (1024K)]
  0x000001ccec0b5ad0 JavaThread "Reference Handler"          daemon [_thread_blocked, id=57492, stack(0x000000b08a200000,0x000000b08a300000) (1024K)]
  0x000001ccec0b6140 JavaThread "Finalizer"                  daemon [_thread_blocked, id=25576, stack(0x000000b08a300000,0x000000b08a400000) (1024K)]
  0x000001ccec0c4250 JavaThread "Signal Dispatcher"          daemon [_thread_blocked, id=18204, stack(0x000000b08a400000,0x000000b08a500000) (1024K)]
  0x000001ccec0c4e80 JavaThread "Attach Listener"            daemon [_thread_blocked, id=39568, stack(0x000000b08a500000,0x000000b08a600000) (1024K)]
  0x000001ccec0c81a0 JavaThread "Service Thread"             daemon [_thread_blocked, id=50132, stack(0x000000b08a600000,0x000000b08a700000) (1024K)]
  0x000001ccec0d33a0 JavaThread "Monitor Deflation Thread"   daemon [_thread_blocked, id=31592, stack(0x000000b08a700000,0x000000b08a800000) (1024K)]
  0x000001ccec0d7be0 JavaThread "C2 CompilerThread0"         daemon [_thread_blocked, id=26796, stack(0x000000b08a800000,0x000000b08a900000) (1024K)]
  0x000001ccec0d8f30 JavaThread "C1 CompilerThread0"         daemon [_thread_blocked, id=21548, stack(0x000000b08a900000,0x000000b08aa00000) (1024K)]
  0x000001ccec079fa0 JavaThread "Common-Cleaner"             daemon [_thread_blocked, id=52512, stack(0x000000b08aa00000,0x000000b08ab00000) (1024K)]
  0x000001ccec4e3550 JavaThread "Notification Thread"        daemon [_thread_blocked, id=44152, stack(0x000000b08ab00000,0x000000b08ac00000) (1024K)]
  0x000001ccf1f24580 JavaThread "Daemon health stats"               [_thread_blocked, id=51004, stack(0x000000b08ad00000,0x000000b08ae00000) (1024K)]
  0x000001ccf1f2f3c0 JavaThread "Incoming local TCP Connector on port 63299"        [_thread_in_native, id=57004, stack(0x000000b08b700000,0x000000b08b800000) (1024K)]
  0x000001ccf215ca40 JavaThread "Daemon periodic checks"            [_thread_blocked, id=18796, stack(0x000000b08b800000,0x000000b08b900000) (1024K)]
  0x000001ccf205a2c0 JavaThread "Cache worker for journal cache (C:\Users\roybe\.gradle\caches\journal-1)"        [_thread_blocked, id=52188, stack(0x000000b08bf00000,0x000000b08c000000) (1024K)]
  0x000001ccf2059c30 JavaThread "File lock request listener"        [_thread_in_native, id=10816, stack(0x000000b08c000000,0x000000b08c100000) (1024K)]
  0x000001ccf205b670 JavaThread "Cache worker for file hash cache (C:\Users\roybe\.gradle\caches\8.13\fileHashes)"        [_thread_blocked, id=35304, stack(0x000000b08c200000,0x000000b08c300000) (1024K)]
  0x000001ccf5325620 JavaThread "File watcher server"        daemon [_thread_blocked, id=57288, stack(0x000000b08c800000,0x000000b08c900000) (1024K)]
  0x000001ccf5322ec0 JavaThread "File watcher consumer"      daemon [_thread_blocked, id=56264, stack(0x000000b08c900000,0x000000b08ca00000) (1024K)]
  0x000001ccf5323550 JavaThread "jar transforms"                    [_thread_blocked, id=15144, stack(0x000000b08ca00000,0x000000b08cb00000) (1024K)]
  0x000001ccf5324900 JavaThread "Cache worker for file content cache (C:\Users\roybe\.gradle\caches\8.13\fileContent)"        [_thread_blocked, id=14496, stack(0x000000b08cc00000,0x000000b08cd00000) (1024K)]
  0x000001ccf69f3f30 JavaThread "Memory manager"                    [_thread_blocked, id=56552, stack(0x000000b08c300000,0x000000b08c400000) (1024K)]
  0x000001ccf38ee290 JavaThread "ForkJoinPool.commonPool-worker-6" daemon [_thread_blocked, id=6924, stack(0x000000b08fe00000,0x000000b08ff00000) (1024K)]
  0x000001ccf2899000 JavaThread "jar transforms Thread 2"           [_thread_blocked, id=41212, stack(0x000000b095d00000,0x000000b095e00000) (1024K)]
  0x000001ccf2896210 JavaThread "jar transforms Thread 3"           [_thread_blocked, id=54408, stack(0x000000b095e00000,0x000000b095f00000) (1024K)]
  0x000001ccf671ef50 JavaThread "jar transforms Thread 4"           [_thread_blocked, id=39836, stack(0x000000b096600000,0x000000b096700000) (1024K)]
  0x000001ccf6720300 JavaThread "jar transforms Thread 5"           [_thread_blocked, id=53300, stack(0x000000b096700000,0x000000b096800000) (1024K)]
  0x000001ccf6720990 JavaThread "jar transforms Thread 6"           [_thread_blocked, id=29512, stack(0x000000b096800000,0x000000b096900000) (1024K)]
  0x000001ccf51fe700 JavaThread "jar transforms Thread 7"           [_thread_blocked, id=58332, stack(0x000000b096b00000,0x000000b096c00000) (1024K)]
  0x000001ccf51fd9e0 JavaThread "jar transforms Thread 8"           [_thread_blocked, id=11428, stack(0x000000b096c00000,0x000000b096d00000) (1024K)]
  0x000001ccf289b760 JavaThread "jar transforms Thread 9"           [_thread_blocked, id=49044, stack(0x000000b096a00000,0x000000b096b00000) (1024K)]
  0x000001ccf289f270 JavaThread "jar transforms Thread 10"          [_thread_blocked, id=47152, stack(0x000000b096d00000,0x000000b096e00000) (1024K)]
  0x000001ccf289ebe0 JavaThread "jar transforms Thread 11"          [_thread_blocked, id=20768, stack(0x000000b096e00000,0x000000b096f00000) (1024K)]
  0x000001ccf289bdf0 JavaThread "jar transforms Thread 12"          [_thread_blocked, id=57036, stack(0x000000b096f00000,0x000000b097000000) (1024K)]
  0x000001ccfefa2ec0 JavaThread "pool-4-thread-1"                   [_thread_blocked, id=47584, stack(0x000000b097600000,0x000000b097700000) (1024K)]
  0x000001ccffee9060 JavaThread "pool-7-thread-1"                   [_thread_blocked, id=57636, stack(0x000000b097d00000,0x000000b097e00000) (1024K)]
  0x000001ccffefb120 JavaThread "ForkJoinPool.commonPool-worker-13" daemon [_thread_blocked, id=25476, stack(0x000000b08e900000,0x000000b08ea00000) (1024K)]
  0x000001ccffef7ca0 JavaThread "ForkJoinPool.commonPool-worker-12" daemon [_thread_blocked, id=52120, stack(0x000000b08ea00000,0x000000b08eb00000) (1024K)]
  0x000001ccffefc4d0 JavaThread "ForkJoinPool.commonPool-worker-14" daemon [_thread_blocked, id=46132, stack(0x000000b08eb00000,0x000000b08ec00000) (1024K)]
  0x000001ccf69f0420 JavaThread "pool-10-thread-1"                  [_thread_blocked, id=14076, stack(0x000000b096900000,0x000000b096a00000) (1024K)]
  0x000001ccf27f5bd0 JavaThread "ForkJoinPool.commonPool-worker-15" daemon [_thread_blocked, id=54180, stack(0x000000b09a000000,0x000000b09a100000) (1024K)]
  0x000001ccb83b3040 JavaThread "ForkJoinPool.commonPool-worker-16" daemon [_thread_blocked, id=36680, stack(0x000000b09a100000,0x000000b09a200000) (1024K)]
  0x000001ccb83b3d60 JavaThread "Daemon Thread 3"                   [_thread_blocked, id=3680, stack(0x000000b089800000,0x000000b089900000) (1024K)]
  0x000001ccb83b43f0 JavaThread "Handler for socket connection from /127.0.0.1:63299 to /127.0.0.1:64526"        [_thread_in_native, id=53276, stack(0x000000b089900000,0x000000b089a00000) (1024K)]
  0x000001ccb83b29b0 JavaThread "Cancel handler"                    [_thread_blocked, id=54384, stack(0x000000b08ac00000,0x000000b08ad00000) (1024K)]
  0x000001ccb83b4a80 JavaThread "Daemon worker Thread 3"            [_thread_blocked, id=44936, stack(0x000000b08b900000,0x000000b08ba00000) (1024K)]
=>0x000001ccb83b57a0 JavaThread "Asynchronous log dispatcher for DefaultDaemonConnection: socket connection from /127.0.0.1:63299 to /127.0.0.1:64526"        [_thread_in_vm, id=27104, stack(0x000000b08ba00000,0x000000b08bb00000) (1024K)]
  0x000001ccb83b5110 JavaThread "Stdin handler"                     [_thread_blocked, id=20812, stack(0x000000b08bb00000,0x000000b08bc00000) (1024K)]
  0x000001ccb83b2320 JavaThread "Daemon client event forwarder"        [_thread_blocked, id=18500, stack(0x000000b08bc00000,0x000000b08bd00000) (1024K)]
  0x000001ccb83b6b50 JavaThread "Cache worker for file hash cache (D:\AndroidStudioProjects\Touch\android\.gradle\8.13\fileHashes)"        [_thread_blocked, id=35992, stack(0x000000b08bd00000,0x000000b08be00000) (1024K)]
  0x000001ccb83b8c20 JavaThread "Cache worker for Build Output Cleanup Cache (D:\AndroidStudioProjects\Touch\android\.gradle\buildOutputCleanup)"        [_thread_blocked, id=54220, stack(0x000000b08be00000,0x000000b08bf00000) (1024K)]
  0x000001ccb83b8590 JavaThread "Cache worker for checksums cache (D:\AndroidStudioProjects\Touch\android\.gradle\8.13\checksums)"        [_thread_blocked, id=54552, stack(0x000000b08c100000,0x000000b08c200000) (1024K)]
  0x000001ccb83b71e0 JavaThread "Cache worker for cache directory md-supplier (C:\Users\roybe\.gradle\caches\8.13\md-supplier)"        [_thread_blocked, id=32096, stack(0x000000b08c600000,0x000000b08c700000) (1024K)]
  0x000001ccb83b7870 JavaThread "Cache worker for cache directory md-rule (C:\Users\roybe\.gradle\caches\8.13\md-rule)"        [_thread_blocked, id=56224, stack(0x000000b08c700000,0x000000b08c800000) (1024K)]
  0x000001ccb83b7f00 JavaThread "Cache worker for Build Output Cleanup Cache (D:\AndroidStudioProjects\Touch\node_modules\@react-native\gradle-plugin\.gradle\buildOutputCleanup)"        [_thread_blocked, id=51868, stack(0x000000b08cb00000,0x000000b08cc00000) (1024K)]
  0x000001ccb83b92b0 JavaThread "Unconstrained build operations"        [_thread_blocked, id=47708, stack(0x000000b08cd00000,0x000000b08ce00000) (1024K)]
  0x000001ccb83b5e30 JavaThread "Unconstrained build operations Thread 2"        [_thread_blocked, id=42352, stack(0x000000b08ce00000,0x000000b08cf00000) (1024K)]
  0x000001ccb83b9fd0 JavaThread "Unconstrained build operations Thread 3"        [_thread_blocked, id=30800, stack(0x000000b08cf00000,0x000000b08d000000) (1024K)]
  0x000001ccb83bacf0 JavaThread "Unconstrained build operations Thread 4"        [_thread_blocked, id=44204, stack(0x000000b08d000000,0x000000b08d100000) (1024K)]
  0x000001ccb83bba10 JavaThread "Unconstrained build operations Thread 5"        [_thread_blocked, id=52452, stack(0x000000b08d100000,0x000000b08d200000) (1024K)]
  0x000001ccb83ba660 JavaThread "Unconstrained build operations Thread 6"        [_thread_blocked, id=40920, stack(0x000000b08d200000,0x000000b08d300000) (1024K)]
  0x000001ccb83bcdc0 JavaThread "Unconstrained build operations Thread 7"        [_thread_blocked, id=8868, stack(0x000000b08d300000,0x000000b08d400000) (1024K)]
  0x000001ccb83b9940 JavaThread "Unconstrained build operations Thread 8"        [_thread_blocked, id=57208, stack(0x000000b08d400000,0x000000b08d500000) (1024K)]
  0x000001ccb83bd450 JavaThread "Unconstrained build operations Thread 9"        [_thread_blocked, id=51080, stack(0x000000b08d500000,0x000000b08d600000) (1024K)]
  0x000001ccb83be800 JavaThread "Unconstrained build operations Thread 10"        [_thread_blocked, id=33508, stack(0x000000b08d600000,0x000000b08d700000) (1024K)]
  0x000001ccb83bb380 JavaThread "Unconstrained build operations Thread 11"        [_thread_blocked, id=48804, stack(0x000000b08d700000,0x000000b08d800000) (1024K)]
  0x000001ccb83bdae0 JavaThread "Unconstrained build operations Thread 12"        [_thread_blocked, id=27464, stack(0x000000b08d800000,0x000000b08d900000) (1024K)]
  0x000001ccb83bc0a0 JavaThread "Unconstrained build operations Thread 13"        [_thread_blocked, id=57100, stack(0x000000b08d900000,0x000000b08da00000) (1024K)]
  0x000001ccb83bfbb0 JavaThread "Unconstrained build operations Thread 14"        [_thread_blocked, id=3380, stack(0x000000b08da00000,0x000000b08db00000) (1024K)]
  0x000001ccb83be170 JavaThread "Unconstrained build operations Thread 15"        [_thread_blocked, id=46704, stack(0x000000b08db00000,0x000000b08dc00000) (1024K)]
  0x000001ccb83bee90 JavaThread "Unconstrained build operations Thread 16"        [_thread_blocked, id=13608, stack(0x000000b08dc00000,0x000000b08dd00000) (1024K)]
  0x000001ccb83bf520 JavaThread "Unconstrained build operations Thread 17"        [_thread_blocked, id=30816, stack(0x000000b08dd00000,0x000000b08de00000) (1024K)]
  0x000001ccb83bc730 JavaThread "Unconstrained build operations Thread 18"        [_thread_blocked, id=13736, stack(0x000000b08de00000,0x000000b08df00000) (1024K)]
  0x000001ccb83c36c0 JavaThread "Unconstrained build operations Thread 19"        [_thread_blocked, id=50320, stack(0x000000b08df00000,0x000000b08e000000) (1024K)]
  0x000001ccb83c15f0 JavaThread "Unconstrained build operations Thread 20"        [_thread_blocked, id=28712, stack(0x000000b08e000000,0x000000b08e100000) (1024K)]
  0x000001ccb83c0240 JavaThread "Unconstrained build operations Thread 21"        [_thread_blocked, id=49644, stack(0x000000b08e100000,0x000000b08e200000) (1024K)]
  0x000001ccb83c08d0 JavaThread "Unconstrained build operations Thread 22"        [_thread_blocked, id=17244, stack(0x000000b08e200000,0x000000b08e300000) (1024K)]
  0x000001ccb83c0f60 JavaThread "Unconstrained build operations Thread 23"        [_thread_blocked, id=53056, stack(0x000000b08e300000,0x000000b08e400000) (1024K)]
  0x000001ccb83c3d50 JavaThread "Unconstrained build operations Thread 24"        [_thread_blocked, id=57568, stack(0x000000b08e400000,0x000000b08e500000) (1024K)]
  0x000001ccb83c3030 JavaThread "Unconstrained build operations Thread 25"        [_thread_blocked, id=28896, stack(0x000000b08e500000,0x000000b08e600000) (1024K)]
  0x000001ccb83c1c80 JavaThread "Unconstrained build operations Thread 26"        [_thread_blocked, id=56688, stack(0x000000b08e600000,0x000000b08e700000) (1024K)]
  0x000001ccb83c43e0 JavaThread "build event listener"              [_thread_blocked, id=13580, stack(0x000000b08e700000,0x000000b08e800000) (1024K)]
  0x000001ccb83c4a70 JavaThread "ForkJoinPool.commonPool-worker-19" daemon [_thread_blocked, id=45724, stack(0x000000b08e800000,0x000000b08e900000) (1024K)]
  0x000001ccb83c5790 JavaThread "included builds"                   [_thread_blocked, id=50388, stack(0x000000b08ec00000,0x000000b08ed00000) (1024K)]
  0x000001ccb83c2310 JavaThread "Execution worker"                  [_thread_blocked, id=34472, stack(0x000000b08ed00000,0x000000b08ee00000) (1024K)]
  0x000001ccb83c7860 JavaThread "Execution worker Thread 2"         [_thread_blocked, id=50032, stack(0x000000b08ee00000,0x000000b08ef00000) (1024K)]
  0x000001ccb83c6b40 JavaThread "Execution worker Thread 3"         [_thread_blocked, id=29032, stack(0x000000b08ef00000,0x000000b08f000000) (1024K)]
  0x000001ccb83c64b0 JavaThread "Execution worker Thread 4"         [_thread_blocked, id=57196, stack(0x000000b08f000000,0x000000b08f100000) (1024K)]
  0x000001ccb83c71d0 JavaThread "Execution worker Thread 5"         [_thread_blocked, id=55044, stack(0x000000b08f100000,0x000000b08f200000) (1024K)]
  0x000001ccb83c92a0 JavaThread "Execution worker Thread 6"         [_thread_blocked, id=50476, stack(0x000000b08f200000,0x000000b08f300000) (1024K)]
  0x000001ccb83c7ef0 JavaThread "Execution worker Thread 7"         [_thread_blocked, id=55376, stack(0x000000b08f300000,0x000000b08f400000) (1024K)]
  0x000001ccb83c8c10 JavaThread "Execution worker Thread 8"         [_thread_blocked, id=17044, stack(0x000000b08f400000,0x000000b08f500000) (1024K)]
  0x000001ccb83c8580 JavaThread "Execution worker Thread 9"         [_thread_blocked, id=15288, stack(0x000000b08f500000,0x000000b08f600000) (1024K)]
  0x000001ccb83c5e20 JavaThread "Execution worker Thread 10"        [_thread_blocked, id=1636, stack(0x000000b08f600000,0x000000b08f700000) (1024K)]
  0x000001ccb83cb370 JavaThread "Execution worker Thread 11"        [_thread_blocked, id=51524, stack(0x000000b08f700000,0x000000b08f800000) (1024K)]
  0x000001ccb83c9930 JavaThread "Cache worker for execution history cache (D:\AndroidStudioProjects\Touch\node_modules\@react-native\gradle-plugin\.gradle\8.13\executionHistory)"        [_thread_blocked, id=57340, stack(0x000000b08f800000,0x000000b08f900000) (1024K)]
  0x000001ccb83cba00 JavaThread "Unconstrained build operations Thread 27"        [_thread_blocked, id=51656, stack(0x000000b08f900000,0x000000b08fa00000) (1024K)]
  0x000001ccb83c9fc0 JavaThread "Unconstrained build operations Thread 28"        [_thread_blocked, id=21048, stack(0x000000b08fa00000,0x000000b08fb00000) (1024K)]
  0x000001ccb83ca650 JavaThread "Unconstrained build operations Thread 29"        [_thread_blocked, id=21748, stack(0x000000b08fb00000,0x000000b08fc00000) (1024K)]
  0x000001ccb83cc090 JavaThread "Unconstrained build operations Thread 30"        [_thread_blocked, id=48332, stack(0x000000b08fc00000,0x000000b08fd00000) (1024K)]
  0x000001ccb83cace0 JavaThread "Unconstrained build operations Thread 31"        [_thread_blocked, id=48172, stack(0x000000b08fd00000,0x000000b08fe00000) (1024K)]
  0x000001ccb83ce160 JavaThread "Unconstrained build operations Thread 32"        [_thread_blocked, id=47252, stack(0x000000b08ff00000,0x000000b090000000) (1024K)]
  0x000001ccb83ce7f0 JavaThread "Unconstrained build operations Thread 33"        [_thread_blocked, id=53980, stack(0x000000b090000000,0x000000b090100000) (1024K)]
  0x000001ccb83cee80 JavaThread "Unconstrained build operations Thread 34"        [_thread_blocked, id=43692, stack(0x000000b090100000,0x000000b090200000) (1024K)]
  0x000001ccb83cdad0 JavaThread "Unconstrained build operations Thread 35"        [_thread_blocked, id=9116, stack(0x000000b090200000,0x000000b090300000) (1024K)]
  0x000001ccb83cf510 JavaThread "Unconstrained build operations Thread 36"        [_thread_blocked, id=29076, stack(0x000000b090300000,0x000000b090400000) (1024K)]
  0x000001ccb83cfba0 JavaThread "Unconstrained build operations Thread 37"        [_thread_blocked, id=57012, stack(0x000000b090400000,0x000000b090500000) (1024K)]
  0x000001ccb83cc720 JavaThread "Unconstrained build operations Thread 38"        [_thread_blocked, id=54964, stack(0x000000b090500000,0x000000b090600000) (1024K)]
  0x000001ccb83d0230 JavaThread "Unconstrained build operations Thread 39"        [_thread_blocked, id=49340, stack(0x000000b090600000,0x000000b090700000) (1024K)]
  0x000001ccb83ccdb0 JavaThread "Unconstrained build operations Thread 40"        [_thread_blocked, id=13392, stack(0x000000b090700000,0x000000b090800000) (1024K)]
  0x000001ccb83d08c0 JavaThread "Unconstrained build operations Thread 41"        [_thread_blocked, id=52124, stack(0x000000b090800000,0x000000b090900000) (1024K)]
  0x000001ccb83cd440 JavaThread "Unconstrained build operations Thread 42"        [_thread_blocked, id=31204, stack(0x000000b090900000,0x000000b090a00000) (1024K)]
  0x000001ccb83d0f50 JavaThread "Unconstrained build operations Thread 43"        [_thread_blocked, id=57488, stack(0x000000b090a00000,0x000000b090b00000) (1024K)]
  0x000001ccb83d15e0 JavaThread "Unconstrained build operations Thread 44"        [_thread_blocked, id=10336, stack(0x000000b090b00000,0x000000b090c00000) (1024K)]
  0x000001ccffeea410 JavaThread "Unconstrained build operations Thread 45"        [_thread_blocked, id=34152, stack(0x000000b090c00000,0x000000b090d00000) (1024K)]
  0x000001ccffee9d80 JavaThread "Unconstrained build operations Thread 46"        [_thread_blocked, id=50872, stack(0x000000b090d00000,0x000000b090e00000) (1024K)]
  0x000001ccffeebe50 JavaThread "Unconstrained build operations Thread 47"        [_thread_blocked, id=57316, stack(0x000000b090f00000,0x000000b091000000) (1024K)]
  0x000001ccffeec4e0 JavaThread "Unconstrained build operations Thread 48"        [_thread_blocked, id=13436, stack(0x000000b091000000,0x000000b091100000) (1024K)]
  0x000001ccffeecb70 JavaThread "Unconstrained build operations Thread 49"        [_thread_blocked, id=47928, stack(0x000000b091100000,0x000000b091200000) (1024K)]
  0x000001ccffeedf20 JavaThread "Unconstrained build operations Thread 50"        [_thread_blocked, id=57380, stack(0x000000b091200000,0x000000b091300000) (1024K)]
  0x000001ccffeeaaa0 JavaThread "Unconstrained build operations Thread 51"        [_thread_blocked, id=56292, stack(0x000000b091300000,0x000000b091400000) (1024K)]
  0x000001ccffeed200 JavaThread "Unconstrained build operations Thread 52"        [_thread_blocked, id=49784, stack(0x000000b091400000,0x000000b091500000) (1024K)]
  0x000001ccffeee5b0 JavaThread "Unconstrained build operations Thread 53"        [_thread_blocked, id=2972, stack(0x000000b091500000,0x000000b091600000) (1024K)]
  0x000001ccffeed890 JavaThread "Unconstrained build operations Thread 54"        [_thread_blocked, id=53544, stack(0x000000b091600000,0x000000b091700000) (1024K)]
  0x000001ccffeeb130 JavaThread "Unconstrained build operations Thread 55"        [_thread_blocked, id=53700, stack(0x000000b091700000,0x000000b091800000) (1024K)]
  0x000001ccffef0680 JavaThread "Unconstrained build operations Thread 56"        [_thread_blocked, id=16068, stack(0x000000b091800000,0x000000b091900000) (1024K)]
  0x000001ccffeefff0 JavaThread "Unconstrained build operations Thread 57"        [_thread_blocked, id=55752, stack(0x000000b091900000,0x000000b091a00000) (1024K)]
  0x000001ccffef0d10 JavaThread "Unconstrained build operations Thread 58"        [_thread_blocked, id=29868, stack(0x000000b091a00000,0x000000b091b00000) (1024K)]
  0x000001ccffef13a0 JavaThread "Unconstrained build operations Thread 59"        [_thread_blocked, id=46456, stack(0x000000b091b00000,0x000000b091c00000) (1024K)]
  0x000001ccffeeec40 JavaThread "Unconstrained build operations Thread 60"        [_thread_blocked, id=53548, stack(0x000000b091c00000,0x000000b091d00000) (1024K)]
  0x000001ccffef1a30 JavaThread "Unconstrained build operations Thread 61"        [_thread_blocked, id=52752, stack(0x000000b091d00000,0x000000b091e00000) (1024K)]
  0x000001ccffeef960 JavaThread "Unconstrained build operations Thread 62"        [_thread_blocked, id=55008, stack(0x000000b091e00000,0x000000b091f00000) (1024K)]
  0x000001ccffef20c0 JavaThread "Unconstrained build operations Thread 63"        [_thread_blocked, id=46724, stack(0x000000b091f00000,0x000000b092000000) (1024K)]
  0x000001ccffeef2d0 JavaThread "Unconstrained build operations Thread 64"        [_thread_blocked, id=52420, stack(0x000000b092000000,0x000000b092100000) (1024K)]
  0x000001ccffef4190 JavaThread "Unconstrained build operations Thread 65"        [_thread_blocked, id=54924, stack(0x000000b092100000,0x000000b092200000) (1024K)]
  0x000001ccffef4820 JavaThread "Unconstrained build operations Thread 66"        [_thread_blocked, id=52396, stack(0x000000b092200000,0x000000b092300000) (1024K)]
  0x000001ccffef2750 JavaThread "Unconstrained build operations Thread 67"        [_thread_blocked, id=41164, stack(0x000000b092300000,0x000000b092400000) (1024K)]
  0x000001ccffef6260 JavaThread "Unconstrained build operations Thread 68"        [_thread_blocked, id=23664, stack(0x000000b092400000,0x000000b092500000) (1024K)]
  0x000001ccffef4eb0 JavaThread "Unconstrained build operations Thread 69"        [_thread_blocked, id=54636, stack(0x000000b092500000,0x000000b092600000) (1024K)]
  0x000001ccffef3470 JavaThread "Unconstrained build operations Thread 70"        [_thread_blocked, id=55472, stack(0x000000b092700000,0x000000b092800000) (1024K)]
  0x000001ccffef2de0 JavaThread "Unconstrained build operations Thread 71"        [_thread_blocked, id=49724, stack(0x000000b092800000,0x000000b092900000) (1024K)]
  0x000001ccffef6f80 JavaThread "Unconstrained build operations Thread 72"        [_thread_blocked, id=54968, stack(0x000000b092900000,0x000000b092a00000) (1024K)]
  0x000001ccffef3b00 JavaThread "Unconstrained build operations Thread 73"        [_thread_blocked, id=16204, stack(0x000000b092a00000,0x000000b092b00000) (1024K)]
  0x000001ccffef89c0 JavaThread "Unconstrained build operations Thread 74"        [_thread_blocked, id=51964, stack(0x000000b092b00000,0x000000b092c00000) (1024K)]
  0x000001ccffef7610 JavaThread "Unconstrained build operations Thread 75"        [_thread_blocked, id=40300, stack(0x000000b092c00000,0x000000b092d00000) (1024K)]
  0x000001ccffef5bd0 JavaThread "Unconstrained build operations Thread 76"        [_thread_blocked, id=47148, stack(0x000000b092d00000,0x000000b092e00000) (1024K)]
  0x000001ccffef5540 JavaThread "Unconstrained build operations Thread 77"        [_thread_blocked, id=25064, stack(0x000000b092e00000,0x000000b092f00000) (1024K)]
  0x000001ccffef96e0 JavaThread "Unconstrained build operations Thread 78"        [_thread_blocked, id=56564, stack(0x000000b092f00000,0x000000b093000000) (1024K)]
  0x000001ccffef68f0 JavaThread "Unconstrained build operations Thread 79"        [_thread_blocked, id=57724, stack(0x000000b093000000,0x000000b093100000) (1024K)]
  0x000001ccffef9050 JavaThread "Unconstrained build operations Thread 80"        [_thread_blocked, id=52232, stack(0x000000b093100000,0x000000b093200000) (1024K)]
  0x000001ccffef8330 JavaThread "Unconstrained build operations Thread 81"        [_thread_blocked, id=58068, stack(0x000000b093200000,0x000000b093300000) (1024K)]
  0x000001ccffefb7b0 JavaThread "Unconstrained build operations Thread 82"        [_thread_blocked, id=49788, stack(0x000000b093300000,0x000000b093400000) (1024K)]
  0x000001ccffefa400 JavaThread "Unconstrained build operations Thread 83"        [_thread_blocked, id=29720, stack(0x000000b093400000,0x000000b093500000) (1024K)]
  0x000001ccffef9d70 JavaThread "Unconstrained build operations Thread 84"        [_thread_blocked, id=56772, stack(0x000000b093500000,0x000000b093600000) (1024K)]
  0x000001ccffefaa90 JavaThread "Unconstrained build operations Thread 85"        [_thread_blocked, id=58364, stack(0x000000b093600000,0x000000b093700000) (1024K)]
  0x000001ccffefd1f0 JavaThread "Unconstrained build operations Thread 86"        [_thread_blocked, id=57972, stack(0x000000b093700000,0x000000b093800000) (1024K)]
  0x000001ccffefbe40 JavaThread "Unconstrained build operations Thread 87"        [_thread_blocked, id=50640, stack(0x000000b093800000,0x000000b093900000) (1024K)]
  0x000001ccffeff2c0 JavaThread "Unconstrained build operations Thread 88"        [_thread_blocked, id=12216, stack(0x000000b093900000,0x000000b093a00000) (1024K)]
  0x000001ccffefffe0 JavaThread "Unconstrained build operations Thread 89"        [_thread_blocked, id=27360, stack(0x000000b093a00000,0x000000b093b00000) (1024K)]
  0x000001ccffeff950 JavaThread "Unconstrained build operations Thread 90"        [_thread_blocked, id=57072, stack(0x000000b093b00000,0x000000b093c00000) (1024K)]
  0x000001ccffefcb60 JavaThread "Unconstrained build operations Thread 91"        [_thread_blocked, id=30940, stack(0x000000b093c00000,0x000000b093d00000) (1024K)]
  0x000001ccffefd880 JavaThread "Unconstrained build operations Thread 92"        [_thread_blocked, id=56484, stack(0x000000b093d00000,0x000000b093e00000) (1024K)]
  0x000001ccfff00670 JavaThread "Unconstrained build operations Thread 93"        [_thread_blocked, id=33940, stack(0x000000b093e00000,0x000000b093f00000) (1024K)]
  0x000001ccfff00d00 JavaThread "Unconstrained build operations Thread 94"        [_thread_blocked, id=37152, stack(0x000000b093f00000,0x000000b094000000) (1024K)]
  0x000001ccffefe5a0 JavaThread "Unconstrained build operations Thread 95"        [_thread_blocked, id=37824, stack(0x000000b094000000,0x000000b094100000) (1024K)]
  0x000001ccffefec30 JavaThread "Unconstrained build operations Thread 96"        [_thread_blocked, id=57848, stack(0x000000b094100000,0x000000b094200000) (1024K)]
  0x000001ccfff01390 JavaThread "Unconstrained build operations Thread 97"        [_thread_blocked, id=9732, stack(0x000000b094200000,0x000000b094300000) (1024K)]
  0x000001ccffefdf10 JavaThread "Unconstrained build operations Thread 98"        [_thread_blocked, id=54080, stack(0x000000b094300000,0x000000b094400000) (1024K)]
  0x000001ccfff01a20 JavaThread "Unconstrained build operations Thread 99"        [_thread_blocked, id=55172, stack(0x000000b094400000,0x000000b094500000) (1024K)]
  0x000001ccfff020b0 JavaThread "Unconstrained build operations Thread 100"        [_thread_blocked, id=11408, stack(0x000000b094500000,0x000000b094600000) (1024K)]
  0x000001ccfff02740 JavaThread "Unconstrained build operations Thread 101"        [_thread_blocked, id=51600, stack(0x000000b094600000,0x000000b094700000) (1024K)]
  0x000001ccfff02dd0 JavaThread "build event listener"              [_thread_blocked, id=53348, stack(0x000000b094700000,0x000000b094800000) (1024K)]
  0x000001ccfff05bc0 JavaThread "Problems report writer"            [_thread_blocked, id=744, stack(0x000000b094800000,0x000000b094900000) (1024K)]
  0x000001ccfff06250 JavaThread "Unconstrained build operations Thread 102"        [_thread_blocked, id=36964, stack(0x000000b094900000,0x000000b094a00000) (1024K)]
  0x000001ccfff03af0 JavaThread "Unconstrained build operations Thread 103"        [_thread_blocked, id=56400, stack(0x000000b094a00000,0x000000b094b00000) (1024K)]
  0x000001ccfff04ea0 JavaThread "Unconstrained build operations Thread 104"        [_thread_blocked, id=34500, stack(0x000000b094b00000,0x000000b094c00000) (1024K)]
  0x000001ccfff04180 JavaThread "Unconstrained build operations Thread 105"        [_thread_blocked, id=50068, stack(0x000000b094c00000,0x000000b094d00000) (1024K)]
  0x000001ccfff068e0 JavaThread "Unconstrained build operations Thread 106"        [_thread_blocked, id=50096, stack(0x000000b094d00000,0x000000b094e00000) (1024K)]
  0x000001ccfff04810 JavaThread "Unconstrained build operations Thread 107"        [_thread_blocked, id=21132, stack(0x000000b094e00000,0x000000b094f00000) (1024K)]
  0x000001ccfff05530 JavaThread "Unconstrained build operations Thread 108"        [_thread_blocked, id=14148, stack(0x000000b094f00000,0x000000b095000000) (1024K)]
  0x000001ccfff03460 JavaThread "Unconstrained build operations Thread 109"        [_thread_blocked, id=16348, stack(0x000000b095000000,0x000000b095100000) (1024K)]
  0x000001ccfff06f70 JavaThread "Unconstrained build operations Thread 110"        [_thread_blocked, id=43300, stack(0x000000b095100000,0x000000b095200000) (1024K)]
  0x000001ccfff07600 JavaThread "Unconstrained build operations Thread 111"        [_thread_blocked, id=13008, stack(0x000000b095200000,0x000000b095300000) (1024K)]
  0x000001ccfff07c90 JavaThread "Unconstrained build operations Thread 112"        [_thread_blocked, id=54564, stack(0x000000b095300000,0x000000b095400000) (1024K)]
  0x000001ccfff08320 JavaThread "Unconstrained build operations Thread 113"        [_thread_blocked, id=5440, stack(0x000000b095400000,0x000000b095500000) (1024K)]
  0x000001ccfefa1b10 JavaThread "Unconstrained build operations Thread 114"        [_thread_blocked, id=56612, stack(0x000000b095500000,0x000000b095600000) (1024K)]
  0x000001ccfefa00d0 JavaThread "Unconstrained build operations Thread 115"        [_thread_blocked, id=53292, stack(0x000000b095600000,0x000000b095700000) (1024K)]
  0x000001ccfefa21a0 JavaThread "Unconstrained build operations Thread 116"        [_thread_blocked, id=53868, stack(0x000000b095700000,0x000000b095800000) (1024K)]
  0x000001ccfefa0760 JavaThread "Unconstrained build operations Thread 117"        [_thread_blocked, id=53568, stack(0x000000b095800000,0x000000b095900000) (1024K)]
  0x000001ccfefa76f0 JavaThread "Unconstrained build operations Thread 118"        [_thread_blocked, id=28548, stack(0x000000b095900000,0x000000b095a00000) (1024K)]
  0x000001ccfefa4900 JavaThread "Unconstrained build operations Thread 119"        [_thread_blocked, id=47500, stack(0x000000b095a00000,0x000000b095b00000) (1024K)]
  0x000001ccfefa4f90 JavaThread "Unconstrained build operations Thread 120"        [_thread_blocked, id=31372, stack(0x000000b095b00000,0x000000b095c00000) (1024K)]
  0x000001ccfefa4270 JavaThread "Exec process Thread 40"            [_thread_in_native, id=47696, stack(0x000000b095c00000,0x000000b095d00000) (1024K)]
  0x000001ccfefa7d80 JavaThread "Exec process Thread 41"            [_thread_in_native, id=53476, stack(0x000000b095f00000,0x000000b096000000) (1024K)]
  0x000001ccfefa5cb0 JavaThread "Exec process Thread 42"            [_thread_in_native, id=54832, stack(0x000000b096000000,0x000000b096100000) (1024K)]
  0x000001ccfefa8aa0 JavaThread "ForkJoinPool.commonPool-worker-21" daemon [_thread_blocked, id=9580, stack(0x000000b096100000,0x000000b096200000) (1024K)]
  0x000001ccfefa5620 JavaThread "ForkJoinPool.commonPool-worker-20" daemon [_thread_blocked, id=54152, stack(0x000000b096200000,0x000000b096300000) (1024K)]
  0x000001ccfefa9130 JavaThread "ForkJoinPool.commonPool-worker-22" daemon [_thread_blocked, id=44316, stack(0x000000b096300000,0x000000b096400000) (1024K)]
  0x000001ccfefa7060 JavaThread "pool-14-thread-1"                  [_thread_blocked, id=55368, stack(0x000000b096400000,0x000000b096500000) (1024K)]
  0x000001ccfefaab70 JavaThread "build event listener"              [_thread_blocked, id=58224, stack(0x000000b096500000,0x000000b096600000) (1024K)]
  0x000001ccfefab200 JavaThread "Cache worker for execution history cache (D:\AndroidStudioProjects\Touch\android\.gradle\8.13\executionHistory)"        [_thread_blocked, id=35700, stack(0x000000b097000000,0x000000b097100000) (1024K)]
  0x000001ccf51fccc0 JavaThread "WorkerExecutor Queue"              [_thread_blocked, id=24496, stack(0x000000b089700000,0x000000b089800000) (1024K)]
Total: 202

Other Threads:
  0x000001ccec091ef0 VMThread "VM Thread"                           [id=57656, stack(0x000000b08a100000,0x000000b08a200000) (1024K)] _threads_hazard_ptr=0x000001ccfea94b10
  0x000001ccec271920 WatcherThread "VM Periodic Task Thread"        [id=35356, stack(0x000000b08a000000,0x000000b08a100000) (1024K)]
  0x000001ccccc01730 WorkerThread "GC Thread#0"                     [id=6188, stack(0x000000b089b00000,0x000000b089c00000) (1024K)]
  0x000001ccec7c2fc0 WorkerThread "GC Thread#1"                     [id=56096, stack(0x000000b08ae00000,0x000000b08af00000) (1024K)]
  0x000001ccec7c3360 WorkerThread "GC Thread#2"                     [id=20856, stack(0x000000b08af00000,0x000000b08b000000) (1024K)]
  0x000001ccec8ea230 WorkerThread "GC Thread#3"                     [id=57896, stack(0x000000b08b000000,0x000000b08b100000) (1024K)]
  0x000001ccec8ea5d0 WorkerThread "GC Thread#4"                     [id=14680, stack(0x000000b08b100000,0x000000b08b200000) (1024K)]
  0x000001ccec9f1530 WorkerThread "GC Thread#5"                     [id=26876, stack(0x000000b08b200000,0x000000b08b300000) (1024K)]
  0x000001ccec8ea970 WorkerThread "GC Thread#6"                     [id=16880, stack(0x000000b08b300000,0x000000b08b400000) (1024K)]
  0x000001ccec737eb0 WorkerThread "GC Thread#7"                     [id=54404, stack(0x000000b08b400000,0x000000b08b500000) (1024K)]
  0x000001ccec738250 WorkerThread "GC Thread#8"                     [id=54468, stack(0x000000b08b500000,0x000000b08b600000) (1024K)]
  0x000001ccec7385f0 WorkerThread "GC Thread#9"                     [id=44048, stack(0x000000b08b600000,0x000000b08b700000) (1024K)]
  0x000001ccccc12780 ConcurrentGCThread "G1 Main Marker"            [id=20228, stack(0x000000b089c00000,0x000000b089d00000) (1024K)]
  0x000001ccccc14d60 WorkerThread "G1 Conc#0"                       [id=36080, stack(0x000000b089d00000,0x000000b089e00000) (1024K)]
  0x000001ccecd43240 WorkerThread "G1 Conc#1"                       [id=56848, stack(0x000000b08c400000,0x000000b08c500000) (1024K)]
  0x000001ccf5b911f0 WorkerThread "G1 Conc#2"                       [id=25924, stack(0x000000b08c500000,0x000000b08c600000) (1024K)]
  0x000001ccebfcfd70 ConcurrentGCThread "G1 Refine#0"               [id=24736, stack(0x000000b089e00000,0x000000b089f00000) (1024K)]
  0x000001ccebfd02a0 ConcurrentGCThread "G1 Service"                [id=56436, stack(0x000000b089f00000,0x000000b08a000000) (1024K)]
Total: 18

Threads with active compile tasks:
Total: 0

VM state: synchronizing (normal execution)

VM Mutex/Monitor currently owned by a thread:  ([mutex/lock_event])
[0x00007ffe48f7ace8] Metaspace_lock - owner thread: 0x000001ccb83b57a0
[0x00007ffe48f7cd68] Threads_lock - owner thread: 0x000001ccec091ef0

Heap address: 0x0000000700000000, size: 4096 MB, Compressed Oops mode: Zero based, Oop shift amount: 3

CDS archive(s) mapped at: [0x000001cc80000000-0x000001cc80c90000-0x000001cc80c90000), size 13172736, SharedBaseAddress: 0x000001cc80000000, ArchiveRelocationMode: 1.
Compressed class space mapped at: 0x000001cc81000000-0x000001ccb5000000, reserved size: 872415232
Narrow klass base: 0x000001cc80000000, Narrow klass shift: 0, Narrow klass range: 0x100000000

GC Precious Log:
 CardTable entry size: 512
 Card Set container configuration: InlinePtr #cards 4 size 8 Array Of Cards #cards 16 size 48 Howl #buckets 8 coarsen threshold 3686 Howl Bitmap #cards 512 size 80 coarsen threshold 460 Card regions per heap region 1 cards per card region 4096
 CPUs: 12 total, 12 available
 Memory: 32489M
 Large Page Support: Disabled
 NUMA Support: Disabled
 Compressed Oops: Enabled (Zero based)
 Heap Region Size: 2M
 Heap Min Capacity: 8M
 Heap Initial Capacity: 508M
 Heap Max Capacity: 4G
 Pre-touch: Disabled
 Parallel Workers: 10
 Concurrent Workers: 3
 Concurrent Refinement Workers: 10
 Periodic GC: Disabled

Heap:
 garbage-first heap   total 1118208K, used 888832K [0x0000000700000000, 0x0000000800000000)
  region size 2048K, 164 young (335872K), 29 survivors (59392K)
 Metaspace       used 157441K, committed 161344K, reserved 1048576K
  class space    used 20940K, committed 22848K, reserved 851968K

Heap Regions: E=young(eden), S=young(survivor), O=old, HS=humongous(starts), HC=humongous(continues), CS=collection set, F=free, TAMS=top-at-mark-start, PB=parsable bottom
|   0|0x0000000700000000, 0x0000000700200000, 0x0000000700200000|100%|HS|  |TAMS 0x0000000700000000| PB 0x0000000700000000| Complete 
|   1|0x0000000700200000, 0x0000000700400000, 0x0000000700400000|100%|HC|  |TAMS 0x0000000700200000| PB 0x0000000700200000| Complete 
|   2|0x0000000700400000, 0x0000000700600000, 0x0000000700600000|100%| O|  |TAMS 0x0000000700400000| PB 0x0000000700400000| Untracked 
|   3|0x0000000700600000, 0x0000000700800000, 0x0000000700800000|100%| O|  |TAMS 0x0000000700600000| PB 0x0000000700600000| Untracked 
|   4|0x0000000700800000, 0x0000000700a00000, 0x0000000700a00000|100%| O|  |TAMS 0x0000000700800000| PB 0x0000000700800000| Untracked 
|   5|0x0000000700a00000, 0x0000000700c00000, 0x0000000700c00000|100%| O|  |TAMS 0x0000000700a00000| PB 0x0000000700a00000| Untracked 
|   6|0x0000000700c00000, 0x0000000700e00000, 0x0000000700e00000|100%| O|  |TAMS 0x0000000700c00000| PB 0x0000000700c00000| Untracked 
|   7|0x0000000700e00000, 0x0000000701000000, 0x0000000701000000|100%| O|  |TAMS 0x0000000700e00000| PB 0x0000000700e00000| Untracked 
|   8|0x0000000701000000, 0x0000000701200000, 0x0000000701200000|100%| O|  |TAMS 0x0000000701000000| PB 0x0000000701000000| Untracked 
|   9|0x0000000701200000, 0x0000000701400000, 0x0000000701400000|100%| O|  |TAMS 0x0000000701200000| PB 0x0000000701200000| Untracked 
|  10|0x0000000701400000, 0x0000000701600000, 0x0000000701600000|100%| O|  |TAMS 0x0000000701400000| PB 0x0000000701400000| Untracked 
|  11|0x0000000701600000, 0x0000000701800000, 0x0000000701800000|100%| O|  |TAMS 0x0000000701600000| PB 0x0000000701600000| Untracked 
|  12|0x0000000701800000, 0x0000000701a00000, 0x0000000701a00000|100%| O|  |TAMS 0x0000000701800000| PB 0x0000000701800000| Untracked 
|  13|0x0000000701a00000, 0x0000000701c00000, 0x0000000701c00000|100%| O|  |TAMS 0x0000000701a00000| PB 0x0000000701a00000| Untracked 
|  14|0x0000000701c00000, 0x0000000701e00000, 0x0000000701e00000|100%| O|  |TAMS 0x0000000701c00000| PB 0x0000000701c00000| Untracked 
|  15|0x0000000701e00000, 0x0000000702000000, 0x0000000702000000|100%| O|  |TAMS 0x0000000701e00000| PB 0x0000000701e00000| Untracked 
|  16|0x0000000702000000, 0x0000000702200000, 0x0000000702200000|100%| O|  |TAMS 0x0000000702000000| PB 0x0000000702000000| Untracked 
|  17|0x0000000702200000, 0x0000000702400000, 0x0000000702400000|100%| O|  |TAMS 0x0000000702200000| PB 0x0000000702200000| Untracked 
|  18|0x0000000702400000, 0x0000000702600000, 0x0000000702600000|100%|HS|  |TAMS 0x0000000702400000| PB 0x0000000702400000| Complete 
|  19|0x0000000702600000, 0x0000000702800000, 0x0000000702800000|100%|HS|  |TAMS 0x0000000702600000| PB 0x0000000702600000| Complete 
|  20|0x0000000702800000, 0x0000000702a00000, 0x0000000702a00000|100%|HC|  |TAMS 0x0000000702800000| PB 0x0000000702800000| Complete 
|  21|0x0000000702a00000, 0x0000000702c00000, 0x0000000702c00000|100%| O|  |TAMS 0x0000000702a00000| PB 0x0000000702a00000| Untracked 
|  22|0x0000000702c00000, 0x0000000702e00000, 0x0000000702e00000|100%|HS|  |TAMS 0x0000000702c00000| PB 0x0000000702c00000| Complete 
|  23|0x0000000702e00000, 0x0000000703000000, 0x0000000703000000|100%|HC|  |TAMS 0x0000000702e00000| PB 0x0000000702e00000| Complete 
|  24|0x0000000703000000, 0x0000000703200000, 0x0000000703200000|100%| O|  |TAMS 0x0000000703000000| PB 0x0000000703000000| Untracked 
|  25|0x0000000703200000, 0x0000000703400000, 0x0000000703400000|100%| O|  |TAMS 0x0000000703200000| PB 0x0000000703200000| Untracked 
|  26|0x0000000703400000, 0x0000000703600000, 0x0000000703600000|100%| O|  |TAMS 0x0000000703400000| PB 0x0000000703400000| Untracked 
|  27|0x0000000703600000, 0x0000000703800000, 0x0000000703800000|100%| O|  |TAMS 0x0000000703600000| PB 0x0000000703600000| Untracked 
|  28|0x0000000703800000, 0x0000000703a00000, 0x0000000703a00000|100%| O|  |TAMS 0x0000000703800000| PB 0x0000000703800000| Untracked 
|  29|0x0000000703a00000, 0x0000000703c00000, 0x0000000703c00000|100%| O|  |TAMS 0x0000000703a00000| PB 0x0000000703a00000| Untracked 
|  30|0x0000000703c00000, 0x0000000703e00000, 0x0000000703e00000|100%| O|  |TAMS 0x0000000703c00000| PB 0x0000000703c00000| Untracked 
|  31|0x0000000703e00000, 0x0000000704000000, 0x0000000704000000|100%| O|  |TAMS 0x0000000703e00000| PB 0x0000000703e00000| Untracked 
|  32|0x0000000704000000, 0x0000000704200000, 0x0000000704200000|100%| O|  |TAMS 0x0000000704000000| PB 0x0000000704000000| Untracked 
|  33|0x0000000704200000, 0x0000000704400000, 0x0000000704400000|100%| O|  |TAMS 0x0000000704200000| PB 0x0000000704200000| Untracked 
|  34|0x0000000704400000, 0x0000000704600000, 0x0000000704600000|100%| O|  |TAMS 0x0000000704400000| PB 0x0000000704400000| Untracked 
|  35|0x0000000704600000, 0x0000000704800000, 0x0000000704800000|100%| O|  |TAMS 0x0000000704600000| PB 0x0000000704600000| Untracked 
|  36|0x0000000704800000, 0x0000000704a00000, 0x0000000704a00000|100%| O|  |TAMS 0x0000000704800000| PB 0x0000000704800000| Untracked 
|  37|0x0000000704a00000, 0x0000000704c00000, 0x0000000704c00000|100%| O|  |TAMS 0x0000000704a00000| PB 0x0000000704a00000| Untracked 
|  38|0x0000000704c00000, 0x0000000704e00000, 0x0000000704e00000|100%| O|  |TAMS 0x0000000704c00000| PB 0x0000000704c00000| Untracked 
|  39|0x0000000704e00000, 0x0000000705000000, 0x0000000705000000|100%| O|Cm|TAMS 0x0000000704e00000| PB 0x0000000704e00000| Complete 
|  40|0x0000000705000000, 0x0000000705200000, 0x0000000705200000|100%| O|  |TAMS 0x0000000705000000| PB 0x0000000705000000| Untracked 
|  41|0x0000000705200000, 0x0000000705400000, 0x0000000705400000|100%| O|  |TAMS 0x0000000705200000| PB 0x0000000705200000| Untracked 
|  42|0x0000000705400000, 0x0000000705600000, 0x0000000705600000|100%| O|  |TAMS 0x0000000705400000| PB 0x0000000705400000| Untracked 
|  43|0x0000000705600000, 0x0000000705800000, 0x0000000705800000|100%| O|  |TAMS 0x0000000705600000| PB 0x0000000705600000| Untracked 
|  44|0x0000000705800000, 0x0000000705a00000, 0x0000000705a00000|100%| O|  |TAMS 0x0000000705800000| PB 0x0000000705800000| Untracked 
|  45|0x0000000705a00000, 0x0000000705c00000, 0x0000000705c00000|100%| O|  |TAMS 0x0000000705a00000| PB 0x0000000705a00000| Untracked 
|  46|0x0000000705c00000, 0x0000000705e00000, 0x0000000705e00000|100%| O|  |TAMS 0x0000000705c00000| PB 0x0000000705c00000| Untracked 
|  47|0x0000000705e00000, 0x0000000706000000, 0x0000000706000000|100%| O|  |TAMS 0x0000000705e00000| PB 0x0000000705e00000| Untracked 
|  48|0x0000000706000000, 0x0000000706200000, 0x0000000706200000|100%| O|  |TAMS 0x0000000706000000| PB 0x0000000706000000| Untracked 
|  49|0x0000000706200000, 0x0000000706400000, 0x0000000706400000|100%| O|  |TAMS 0x0000000706200000| PB 0x0000000706200000| Untracked 
|  50|0x0000000706400000, 0x0000000706600000, 0x0000000706600000|100%| O|  |TAMS 0x0000000706400000| PB 0x0000000706400000| Untracked 
|  51|0x0000000706600000, 0x0000000706800000, 0x0000000706800000|100%| O|  |TAMS 0x0000000706600000| PB 0x0000000706600000| Untracked 
|  52|0x0000000706800000, 0x0000000706a00000, 0x0000000706a00000|100%| O|  |TAMS 0x0000000706800000| PB 0x0000000706800000| Untracked 
|  53|0x0000000706a00000, 0x0000000706c00000, 0x0000000706c00000|100%| O|  |TAMS 0x0000000706a00000| PB 0x0000000706a00000| Untracked 
|  54|0x0000000706c00000, 0x0000000706e00000, 0x0000000706e00000|100%|HS|  |TAMS 0x0000000706c00000| PB 0x0000000706c00000| Complete 
|  55|0x0000000706e00000, 0x0000000707000000, 0x0000000707000000|100%|HC|  |TAMS 0x0000000706e00000| PB 0x0000000706e00000| Complete 
|  56|0x0000000707000000, 0x0000000707200000, 0x0000000707200000|100%| O|  |TAMS 0x0000000707000000| PB 0x0000000707000000| Untracked 
|  57|0x0000000707200000, 0x0000000707400000, 0x0000000707400000|100%| O|Cm|TAMS 0x0000000707200000| PB 0x0000000707200000| Complete 
|  58|0x0000000707400000, 0x0000000707600000, 0x0000000707600000|100%| O|  |TAMS 0x0000000707400000| PB 0x0000000707400000| Untracked 
|  59|0x0000000707600000, 0x0000000707800000, 0x0000000707800000|100%| O|  |TAMS 0x0000000707600000| PB 0x0000000707600000| Untracked 
|  60|0x0000000707800000, 0x0000000707a00000, 0x0000000707a00000|100%| O|  |TAMS 0x0000000707800000| PB 0x0000000707800000| Untracked 
|  61|0x0000000707a00000, 0x0000000707c00000, 0x0000000707c00000|100%| O|  |TAMS 0x0000000707a00000| PB 0x0000000707a00000| Untracked 
|  62|0x0000000707c00000, 0x0000000707e00000, 0x0000000707e00000|100%| O|  |TAMS 0x0000000707c00000| PB 0x0000000707c00000| Untracked 
|  63|0x0000000707e00000, 0x0000000708000000, 0x0000000708000000|100%| O|  |TAMS 0x0000000707e00000| PB 0x0000000707e00000| Untracked 
|  64|0x0000000708000000, 0x0000000708200000, 0x0000000708200000|100%| O|  |TAMS 0x0000000708000000| PB 0x0000000708000000| Untracked 
|  65|0x0000000708200000, 0x0000000708400000, 0x0000000708400000|100%| O|  |TAMS 0x0000000708200000| PB 0x0000000708200000| Untracked 
|  66|0x0000000708400000, 0x0000000708600000, 0x0000000708600000|100%| O|  |TAMS 0x0000000708400000| PB 0x0000000708400000| Untracked 
|  67|0x0000000708600000, 0x0000000708800000, 0x0000000708800000|100%| O|  |TAMS 0x0000000708600000| PB 0x0000000708600000| Untracked 
|  68|0x0000000708800000, 0x0000000708a00000, 0x0000000708a00000|100%| O|  |TAMS 0x0000000708800000| PB 0x0000000708800000| Untracked 
|  69|0x0000000708a00000, 0x0000000708c00000, 0x0000000708c00000|100%| O|  |TAMS 0x0000000708a00000| PB 0x0000000708a00000| Untracked 
|  70|0x0000000708c00000, 0x0000000708e00000, 0x0000000708e00000|100%| O|  |TAMS 0x0000000708c00000| PB 0x0000000708c00000| Untracked 
|  71|0x0000000708e00000, 0x0000000709000000, 0x0000000709000000|100%| O|  |TAMS 0x0000000708e00000| PB 0x0000000708e00000| Untracked 
|  72|0x0000000709000000, 0x0000000709200000, 0x0000000709200000|100%|HS|  |TAMS 0x0000000709000000| PB 0x0000000709000000| Complete 
|  73|0x0000000709200000, 0x0000000709400000, 0x0000000709400000|100%|HC|  |TAMS 0x0000000709200000| PB 0x0000000709200000| Complete 
|  74|0x0000000709400000, 0x0000000709600000, 0x0000000709600000|100%| O|Cm|TAMS 0x0000000709400000| PB 0x0000000709400000| Complete 
|  75|0x0000000709600000, 0x0000000709800000, 0x0000000709800000|100%| O|  |TAMS 0x0000000709600000| PB 0x0000000709600000| Untracked 
|  76|0x0000000709800000, 0x0000000709a00000, 0x0000000709a00000|100%| O|  |TAMS 0x0000000709800000| PB 0x0000000709800000| Untracked 
|  77|0x0000000709a00000, 0x0000000709c00000, 0x0000000709c00000|100%| O|  |TAMS 0x0000000709a00000| PB 0x0000000709a00000| Untracked 
|  78|0x0000000709c00000, 0x0000000709e00000, 0x0000000709e00000|100%| O|  |TAMS 0x0000000709c00000| PB 0x0000000709c00000| Untracked 
|  79|0x0000000709e00000, 0x000000070a000000, 0x000000070a000000|100%| O|  |TAMS 0x0000000709e00000| PB 0x0000000709e00000| Untracked 
|  80|0x000000070a000000, 0x000000070a200000, 0x000000070a200000|100%| O|  |TAMS 0x000000070a000000| PB 0x000000070a000000| Untracked 
|  81|0x000000070a200000, 0x000000070a400000, 0x000000070a400000|100%| O|  |TAMS 0x000000070a200000| PB 0x000000070a200000| Untracked 
|  82|0x000000070a400000, 0x000000070a600000, 0x000000070a600000|100%| O|  |TAMS 0x000000070a400000| PB 0x000000070a400000| Untracked 
|  83|0x000000070a600000, 0x000000070a800000, 0x000000070a800000|100%| O|  |TAMS 0x000000070a600000| PB 0x000000070a600000| Untracked 
|  84|0x000000070a800000, 0x000000070aa00000, 0x000000070aa00000|100%| O|  |TAMS 0x000000070a800000| PB 0x000000070a800000| Untracked 
|  85|0x000000070aa00000, 0x000000070ac00000, 0x000000070ac00000|100%| O|  |TAMS 0x000000070aa00000| PB 0x000000070aa00000| Untracked 
|  86|0x000000070ac00000, 0x000000070ae00000, 0x000000070ae00000|100%| O|  |TAMS 0x000000070ac00000| PB 0x000000070ac00000| Untracked 
|  87|0x000000070ae00000, 0x000000070b000000, 0x000000070b000000|100%| O|  |TAMS 0x000000070ae00000| PB 0x000000070ae00000| Untracked 
|  88|0x000000070b000000, 0x000000070b200000, 0x000000070b200000|100%| O|  |TAMS 0x000000070b000000| PB 0x000000070b000000| Untracked 
|  89|0x000000070b200000, 0x000000070b400000, 0x000000070b400000|100%|HS|  |TAMS 0x000000070b200000| PB 0x000000070b200000| Complete 
|  90|0x000000070b400000, 0x000000070b600000, 0x000000070b600000|100%| O|  |TAMS 0x000000070b400000| PB 0x000000070b400000| Untracked 
|  91|0x000000070b600000, 0x000000070b800000, 0x000000070b800000|100%| O|  |TAMS 0x000000070b600000| PB 0x000000070b600000| Untracked 
|  92|0x000000070b800000, 0x000000070ba00000, 0x000000070ba00000|100%| O|  |TAMS 0x000000070b800000| PB 0x000000070b800000| Untracked 
|  93|0x000000070ba00000, 0x000000070bc00000, 0x000000070bc00000|100%| O|  |TAMS 0x000000070ba00000| PB 0x000000070ba00000| Untracked 
|  94|0x000000070bc00000, 0x000000070be00000, 0x000000070be00000|100%| O|  |TAMS 0x000000070bc00000| PB 0x000000070bc00000| Untracked 
|  95|0x000000070be00000, 0x000000070c000000, 0x000000070c000000|100%| O|  |TAMS 0x000000070be00000| PB 0x000000070be00000| Untracked 
|  96|0x000000070c000000, 0x000000070c200000, 0x000000070c200000|100%| O|  |TAMS 0x000000070c000000| PB 0x000000070c000000| Untracked 
|  97|0x000000070c200000, 0x000000070c400000, 0x000000070c400000|100%| O|  |TAMS 0x000000070c200000| PB 0x000000070c200000| Untracked 
|  98|0x000000070c400000, 0x000000070c600000, 0x000000070c600000|100%| O|  |TAMS 0x000000070c400000| PB 0x000000070c400000| Untracked 
|  99|0x000000070c600000, 0x000000070c800000, 0x000000070c800000|100%| O|  |TAMS 0x000000070c600000| PB 0x000000070c600000| Untracked 
| 100|0x000000070c800000, 0x000000070ca00000, 0x000000070ca00000|100%| O|  |TAMS 0x000000070c800000| PB 0x000000070c800000| Untracked 
| 101|0x000000070ca00000, 0x000000070cc00000, 0x000000070cc00000|100%| O|  |TAMS 0x000000070ca00000| PB 0x000000070ca00000| Untracked 
| 102|0x000000070cc00000, 0x000000070ce00000, 0x000000070ce00000|100%| O|  |TAMS 0x000000070cc00000| PB 0x000000070cc00000| Untracked 
| 103|0x000000070ce00000, 0x000000070d000000, 0x000000070d000000|100%| O|  |TAMS 0x000000070ce00000| PB 0x000000070ce00000| Untracked 
| 104|0x000000070d000000, 0x000000070d200000, 0x000000070d200000|100%| O|  |TAMS 0x000000070d000000| PB 0x000000070d000000| Untracked 
| 105|0x000000070d200000, 0x000000070d400000, 0x000000070d400000|100%| O|  |TAMS 0x000000070d200000| PB 0x000000070d200000| Untracked 
| 106|0x000000070d400000, 0x000000070d600000, 0x000000070d600000|100%| O|  |TAMS 0x000000070d400000| PB 0x000000070d400000| Untracked 
| 107|0x000000070d600000, 0x000000070d800000, 0x000000070d800000|100%| O|  |TAMS 0x000000070d600000| PB 0x000000070d600000| Untracked 
| 108|0x000000070d800000, 0x000000070da00000, 0x000000070da00000|100%| O|  |TAMS 0x000000070d800000| PB 0x000000070d800000| Untracked 
| 109|0x000000070da00000, 0x000000070dc00000, 0x000000070dc00000|100%| O|  |TAMS 0x000000070da00000| PB 0x000000070da00000| Untracked 
| 110|0x000000070dc00000, 0x000000070de00000, 0x000000070de00000|100%| O|  |TAMS 0x000000070dc00000| PB 0x000000070dc00000| Untracked 
| 111|0x000000070de00000, 0x000000070e000000, 0x000000070e000000|100%| O|  |TAMS 0x000000070de00000| PB 0x000000070de00000| Untracked 
| 112|0x000000070e000000, 0x000000070e200000, 0x000000070e200000|100%| O|  |TAMS 0x000000070e000000| PB 0x000000070e000000| Untracked 
| 113|0x000000070e200000, 0x000000070e400000, 0x000000070e400000|100%| O|  |TAMS 0x000000070e200000| PB 0x000000070e200000| Untracked 
| 114|0x000000070e400000, 0x000000070e600000, 0x000000070e600000|100%| O|  |TAMS 0x000000070e400000| PB 0x000000070e400000| Untracked 
| 115|0x000000070e600000, 0x000000070e800000, 0x000000070e800000|100%| O|  |TAMS 0x000000070e600000| PB 0x000000070e600000| Untracked 
| 116|0x000000070e800000, 0x000000070ea00000, 0x000000070ea00000|100%| O|  |TAMS 0x000000070e800000| PB 0x000000070e800000| Untracked 
| 117|0x000000070ea00000, 0x000000070ec00000, 0x000000070ec00000|100%| O|  |TAMS 0x000000070ea00000| PB 0x000000070ea00000| Untracked 
| 118|0x000000070ec00000, 0x000000070ee00000, 0x000000070ee00000|100%| O|  |TAMS 0x000000070ec00000| PB 0x000000070ec00000| Untracked 
| 119|0x000000070ee00000, 0x000000070f000000, 0x000000070f000000|100%| O|  |TAMS 0x000000070ee00000| PB 0x000000070ee00000| Untracked 
| 120|0x000000070f000000, 0x000000070f200000, 0x000000070f200000|100%| O|  |TAMS 0x000000070f000000| PB 0x000000070f000000| Untracked 
| 121|0x000000070f200000, 0x000000070f400000, 0x000000070f400000|100%| O|  |TAMS 0x000000070f200000| PB 0x000000070f200000| Untracked 
| 122|0x000000070f400000, 0x000000070f600000, 0x000000070f600000|100%| O|  |TAMS 0x000000070f400000| PB 0x000000070f400000| Untracked 
| 123|0x000000070f600000, 0x000000070f800000, 0x000000070f800000|100%| O|  |TAMS 0x000000070f600000| PB 0x000000070f600000| Untracked 
| 124|0x000000070f800000, 0x000000070fa00000, 0x000000070fa00000|100%| O|  |TAMS 0x000000070f800000| PB 0x000000070f800000| Untracked 
| 125|0x000000070fa00000, 0x000000070fc00000, 0x000000070fc00000|100%| O|  |TAMS 0x000000070fa00000| PB 0x000000070fa00000| Untracked 
| 126|0x000000070fc00000, 0x000000070fe00000, 0x000000070fe00000|100%| O|  |TAMS 0x000000070fc00000| PB 0x000000070fc00000| Untracked 
| 127|0x000000070fe00000, 0x0000000710000000, 0x0000000710000000|100%| O|  |TAMS 0x000000070fe00000| PB 0x000000070fe00000| Untracked 
| 128|0x0000000710000000, 0x0000000710200000, 0x0000000710200000|100%| O|  |TAMS 0x0000000710000000| PB 0x0000000710000000| Untracked 
| 129|0x0000000710200000, 0x0000000710400000, 0x0000000710400000|100%| O|  |TAMS 0x0000000710200000| PB 0x0000000710200000| Untracked 
| 130|0x0000000710400000, 0x0000000710600000, 0x0000000710600000|100%| O|  |TAMS 0x0000000710400000| PB 0x0000000710400000| Untracked 
| 131|0x0000000710600000, 0x0000000710800000, 0x0000000710800000|100%| O|  |TAMS 0x0000000710600000| PB 0x0000000710600000| Untracked 
| 132|0x0000000710800000, 0x0000000710a00000, 0x0000000710a00000|100%| O|  |TAMS 0x0000000710800000| PB 0x0000000710800000| Untracked 
| 133|0x0000000710a00000, 0x0000000710c00000, 0x0000000710c00000|100%| O|  |TAMS 0x0000000710a00000| PB 0x0000000710a00000| Untracked 
| 134|0x0000000710c00000, 0x0000000710e00000, 0x0000000710e00000|100%| O|  |TAMS 0x0000000710c00000| PB 0x0000000710c00000| Untracked 
| 135|0x0000000710e00000, 0x0000000711000000, 0x0000000711000000|100%| O|  |TAMS 0x0000000710e00000| PB 0x0000000710e00000| Untracked 
| 136|0x0000000711000000, 0x0000000711200000, 0x0000000711200000|100%| O|  |TAMS 0x0000000711000000| PB 0x0000000711000000| Untracked 
| 137|0x0000000711200000, 0x0000000711400000, 0x0000000711400000|100%| O|  |TAMS 0x0000000711200000| PB 0x0000000711200000| Untracked 
| 138|0x0000000711400000, 0x0000000711600000, 0x0000000711600000|100%| O|  |TAMS 0x0000000711400000| PB 0x0000000711400000| Untracked 
| 139|0x0000000711600000, 0x0000000711800000, 0x0000000711800000|100%| O|  |TAMS 0x0000000711600000| PB 0x0000000711600000| Untracked 
| 140|0x0000000711800000, 0x0000000711a00000, 0x0000000711a00000|100%| O|  |TAMS 0x0000000711800000| PB 0x0000000711800000| Untracked 
| 141|0x0000000711a00000, 0x0000000711c00000, 0x0000000711c00000|100%| O|  |TAMS 0x0000000711a00000| PB 0x0000000711a00000| Untracked 
| 142|0x0000000711c00000, 0x0000000711e00000, 0x0000000711e00000|100%| O|  |TAMS 0x0000000711c00000| PB 0x0000000711c00000| Untracked 
| 143|0x0000000711e00000, 0x0000000712000000, 0x0000000712000000|100%| O|  |TAMS 0x0000000711e00000| PB 0x0000000711e00000| Untracked 
| 144|0x0000000712000000, 0x0000000712200000, 0x0000000712200000|100%| O|  |TAMS 0x0000000712000000| PB 0x0000000712000000| Untracked 
| 145|0x0000000712200000, 0x0000000712400000, 0x0000000712400000|100%| O|  |TAMS 0x0000000712200000| PB 0x0000000712200000| Untracked 
| 146|0x0000000712400000, 0x0000000712600000, 0x0000000712600000|100%| O|  |TAMS 0x0000000712400000| PB 0x0000000712400000| Untracked 
| 147|0x0000000712600000, 0x0000000712800000, 0x0000000712800000|100%| O|  |TAMS 0x0000000712600000| PB 0x0000000712600000| Untracked 
| 148|0x0000000712800000, 0x0000000712a00000, 0x0000000712a00000|100%| O|  |TAMS 0x0000000712800000| PB 0x0000000712800000| Untracked 
| 149|0x0000000712a00000, 0x0000000712c00000, 0x0000000712c00000|100%| O|Cm|TAMS 0x0000000712a00000| PB 0x0000000712a00000| Complete 
| 150|0x0000000712c00000, 0x0000000712e00000, 0x0000000712e00000|100%| O|Cm|TAMS 0x0000000712c00000| PB 0x0000000712c00000| Complete 
| 151|0x0000000712e00000, 0x0000000713000000, 0x0000000713000000|100%| O|  |TAMS 0x0000000712e00000| PB 0x0000000712e00000| Untracked 
| 152|0x0000000713000000, 0x0000000713200000, 0x0000000713200000|100%| O|  |TAMS 0x0000000713000000| PB 0x0000000713000000| Untracked 
| 153|0x0000000713200000, 0x0000000713400000, 0x0000000713400000|100%| O|  |TAMS 0x0000000713200000| PB 0x0000000713200000| Untracked 
| 154|0x0000000713400000, 0x0000000713600000, 0x0000000713600000|100%| O|  |TAMS 0x0000000713400000| PB 0x0000000713400000| Untracked 
| 155|0x0000000713600000, 0x0000000713800000, 0x0000000713800000|100%| O|  |TAMS 0x0000000713600000| PB 0x0000000713600000| Untracked 
| 156|0x0000000713800000, 0x0000000713a00000, 0x0000000713a00000|100%| O|  |TAMS 0x0000000713800000| PB 0x0000000713800000| Untracked 
| 157|0x0000000713a00000, 0x0000000713c00000, 0x0000000713c00000|100%| O|  |TAMS 0x0000000713a00000| PB 0x0000000713a00000| Untracked 
| 158|0x0000000713c00000, 0x0000000713e00000, 0x0000000713e00000|100%| O|Cm|TAMS 0x0000000713c00000| PB 0x0000000713c00000| Complete 
| 159|0x0000000713e00000, 0x0000000714000000, 0x0000000714000000|100%| O|  |TAMS 0x0000000713e00000| PB 0x0000000713e00000| Untracked 
| 160|0x0000000714000000, 0x0000000714200000, 0x0000000714200000|100%| O|  |TAMS 0x0000000714000000| PB 0x0000000714000000| Untracked 
| 161|0x0000000714200000, 0x0000000714400000, 0x0000000714400000|100%| O|  |TAMS 0x0000000714200000| PB 0x0000000714200000| Untracked 
| 162|0x0000000714400000, 0x0000000714600000, 0x0000000714600000|100%| O|  |TAMS 0x0000000714400000| PB 0x0000000714400000| Untracked 
| 163|0x0000000714600000, 0x0000000714800000, 0x0000000714800000|100%| O|  |TAMS 0x0000000714600000| PB 0x0000000714600000| Untracked 
| 164|0x0000000714800000, 0x0000000714a00000, 0x0000000714a00000|100%| O|  |TAMS 0x0000000714800000| PB 0x0000000714800000| Untracked 
| 165|0x0000000714a00000, 0x0000000714c00000, 0x0000000714c00000|100%| O|  |TAMS 0x0000000714a00000| PB 0x0000000714a00000| Untracked 
| 166|0x0000000714c00000, 0x0000000714e00000, 0x0000000714e00000|100%| O|  |TAMS 0x0000000714c00000| PB 0x0000000714c00000| Untracked 
| 167|0x0000000714e00000, 0x0000000715000000, 0x0000000715000000|100%| O|  |TAMS 0x0000000714e00000| PB 0x0000000714e00000| Untracked 
| 168|0x0000000715000000, 0x0000000715200000, 0x0000000715200000|100%| O|Cm|TAMS 0x0000000715000000| PB 0x0000000715000000| Complete 
| 169|0x0000000715200000, 0x0000000715400000, 0x0000000715400000|100%| O|  |TAMS 0x0000000715200000| PB 0x0000000715200000| Untracked 
| 170|0x0000000715400000, 0x0000000715600000, 0x0000000715600000|100%| O|  |TAMS 0x0000000715400000| PB 0x0000000715400000| Untracked 
| 171|0x0000000715600000, 0x0000000715800000, 0x0000000715800000|100%| O|  |TAMS 0x0000000715600000| PB 0x0000000715600000| Untracked 
| 172|0x0000000715800000, 0x0000000715a00000, 0x0000000715a00000|100%| O|Cm|TAMS 0x0000000715800000| PB 0x0000000715800000| Complete 
| 173|0x0000000715a00000, 0x0000000715c00000, 0x0000000715c00000|100%| O|  |TAMS 0x0000000715a00000| PB 0x0000000715a00000| Untracked 
| 174|0x0000000715c00000, 0x0000000715e00000, 0x0000000715e00000|100%| O|Cm|TAMS 0x0000000715c00000| PB 0x0000000715c00000| Complete 
| 175|0x0000000715e00000, 0x0000000716000000, 0x0000000716000000|100%| O|  |TAMS 0x0000000715e00000| PB 0x0000000715e00000| Untracked 
| 176|0x0000000716000000, 0x0000000716200000, 0x0000000716200000|100%| O|  |TAMS 0x0000000716000000| PB 0x0000000716000000| Untracked 
| 177|0x0000000716200000, 0x0000000716400000, 0x0000000716400000|100%| O|  |TAMS 0x0000000716200000| PB 0x0000000716200000| Untracked 
| 178|0x0000000716400000, 0x0000000716600000, 0x0000000716600000|100%| O|  |TAMS 0x0000000716400000| PB 0x0000000716400000| Untracked 
| 179|0x0000000716600000, 0x0000000716800000, 0x0000000716800000|100%| O|  |TAMS 0x0000000716600000| PB 0x0000000716600000| Untracked 
| 180|0x0000000716800000, 0x0000000716a00000, 0x0000000716a00000|100%| O|  |TAMS 0x0000000716800000| PB 0x0000000716800000| Untracked 
| 181|0x0000000716a00000, 0x0000000716c00000, 0x0000000716c00000|100%|HS|  |TAMS 0x0000000716a00000| PB 0x0000000716a00000| Complete 
| 182|0x0000000716c00000, 0x0000000716e00000, 0x0000000716e00000|100%| O|  |TAMS 0x0000000716c00000| PB 0x0000000716c00000| Untracked 
| 183|0x0000000716e00000, 0x0000000717000000, 0x0000000717000000|100%|HS|  |TAMS 0x0000000716e00000| PB 0x0000000716e00000| Complete 
| 184|0x0000000717000000, 0x0000000717200000, 0x0000000717200000|100%|HC|  |TAMS 0x0000000717000000| PB 0x0000000717000000| Complete 
| 185|0x0000000717200000, 0x0000000717400000, 0x0000000717400000|100%| O|  |TAMS 0x0000000717200000| PB 0x0000000717200000| Untracked 
| 186|0x0000000717400000, 0x0000000717600000, 0x0000000717600000|100%|HS|  |TAMS 0x0000000717400000| PB 0x0000000717400000| Complete 
| 187|0x0000000717600000, 0x0000000717800000, 0x0000000717800000|100%|HC|  |TAMS 0x0000000717600000| PB 0x0000000717600000| Complete 
| 188|0x0000000717800000, 0x0000000717a00000, 0x0000000717a00000|100%|HS|  |TAMS 0x0000000717800000| PB 0x0000000717800000| Complete 
| 189|0x0000000717a00000, 0x0000000717c00000, 0x0000000717c00000|100%|HS|  |TAMS 0x0000000717a00000| PB 0x0000000717a00000| Complete 
| 190|0x0000000717c00000, 0x0000000717e00000, 0x0000000717e00000|100%|HS|  |TAMS 0x0000000717c00000| PB 0x0000000717c00000| Complete 
| 191|0x0000000717e00000, 0x0000000718000000, 0x0000000718000000|100%|HS|  |TAMS 0x0000000717e00000| PB 0x0000000717e00000| Complete 
| 192|0x0000000718000000, 0x0000000718200000, 0x0000000718200000|100%| O|  |TAMS 0x0000000718000000| PB 0x0000000718000000| Untracked 
| 193|0x0000000718200000, 0x0000000718400000, 0x0000000718400000|100%| O|  |TAMS 0x0000000718200000| PB 0x0000000718200000| Untracked 
| 194|0x0000000718400000, 0x0000000718600000, 0x0000000718600000|100%|HS|  |TAMS 0x0000000718400000| PB 0x0000000718400000| Complete 
| 195|0x0000000718600000, 0x0000000718800000, 0x0000000718800000|100%|HC|  |TAMS 0x0000000718600000| PB 0x0000000718600000| Complete 
| 196|0x0000000718800000, 0x0000000718a00000, 0x0000000718a00000|100%| O|  |TAMS 0x0000000718800000| PB 0x0000000718800000| Untracked 
| 197|0x0000000718a00000, 0x0000000718c00000, 0x0000000718c00000|100%|HS|  |TAMS 0x0000000718a00000| PB 0x0000000718a00000| Complete 
| 198|0x0000000718c00000, 0x0000000718e00000, 0x0000000718e00000|100%|HC|  |TAMS 0x0000000718c00000| PB 0x0000000718c00000| Complete 
| 199|0x0000000718e00000, 0x0000000719000000, 0x0000000719000000|100%|HC|  |TAMS 0x0000000718e00000| PB 0x0000000718e00000| Complete 
| 200|0x0000000719000000, 0x0000000719200000, 0x0000000719200000|100%|HC|  |TAMS 0x0000000719000000| PB 0x0000000719000000| Complete 
| 201|0x0000000719200000, 0x0000000719400000, 0x0000000719400000|100%|HC|  |TAMS 0x0000000719200000| PB 0x0000000719200000| Complete 
| 202|0x0000000719400000, 0x0000000719600000, 0x0000000719600000|100%|HS|  |TAMS 0x0000000719400000| PB 0x0000000719400000| Complete 
| 203|0x0000000719600000, 0x0000000719800000, 0x0000000719800000|100%| O|  |TAMS 0x0000000719600000| PB 0x0000000719600000| Untracked 
| 204|0x0000000719800000, 0x0000000719a00000, 0x0000000719a00000|100%| O|  |TAMS 0x0000000719800000| PB 0x0000000719800000| Untracked 
| 205|0x0000000719a00000, 0x0000000719c00000, 0x0000000719c00000|100%| O|  |TAMS 0x0000000719a00000| PB 0x0000000719a00000| Untracked 
| 206|0x0000000719c00000, 0x0000000719e00000, 0x0000000719e00000|100%| O|Cm|TAMS 0x0000000719c00000| PB 0x0000000719c00000| Complete 
| 207|0x0000000719e00000, 0x000000071a000000, 0x000000071a000000|100%|HS|  |TAMS 0x0000000719e00000| PB 0x0000000719e00000| Complete 
| 208|0x000000071a000000, 0x000000071a200000, 0x000000071a200000|100%|HC|  |TAMS 0x000000071a000000| PB 0x000000071a000000| Complete 
| 209|0x000000071a200000, 0x000000071a400000, 0x000000071a400000|100%|HC|  |TAMS 0x000000071a200000| PB 0x000000071a200000| Complete 
| 210|0x000000071a400000, 0x000000071a600000, 0x000000071a600000|100%|HC|  |TAMS 0x000000071a400000| PB 0x000000071a400000| Complete 
| 211|0x000000071a600000, 0x000000071a800000, 0x000000071a800000|100%|HC|  |TAMS 0x000000071a600000| PB 0x000000071a600000| Complete 
| 212|0x000000071a800000, 0x000000071aa00000, 0x000000071aa00000|100%| O|  |TAMS 0x000000071a800000| PB 0x000000071a800000| Untracked 
| 213|0x000000071aa00000, 0x000000071ac00000, 0x000000071ac00000|100%|HS|  |TAMS 0x000000071aa00000| PB 0x000000071aa00000| Complete 
| 214|0x000000071ac00000, 0x000000071ae00000, 0x000000071ae00000|100%| S|CS|TAMS 0x000000071ac00000| PB 0x000000071ac00000| Complete 
| 215|0x000000071ae00000, 0x000000071b000000, 0x000000071b000000|100%| S|CS|TAMS 0x000000071ae00000| PB 0x000000071ae00000| Complete 
| 216|0x000000071b000000, 0x000000071b200000, 0x000000071b200000|100%| O|  |TAMS 0x000000071b000000| PB 0x000000071b000000| Untracked 
| 217|0x000000071b200000, 0x000000071b400000, 0x000000071b400000|100%| O|  |TAMS 0x000000071b200000| PB 0x000000071b200000| Untracked 
| 218|0x000000071b400000, 0x000000071b600000, 0x000000071b600000|100%| O|  |TAMS 0x000000071b400000| PB 0x000000071b400000| Untracked 
| 219|0x000000071b600000, 0x000000071b800000, 0x000000071b800000|100%| O|  |TAMS 0x000000071b600000| PB 0x000000071b600000| Untracked 
| 220|0x000000071b800000, 0x000000071ba00000, 0x000000071ba00000|100%| O|  |TAMS 0x000000071b800000| PB 0x000000071b800000| Untracked 
| 221|0x000000071ba00000, 0x000000071bc00000, 0x000000071bc00000|100%| O|  |TAMS 0x000000071ba00000| PB 0x000000071ba00000| Untracked 
| 222|0x000000071bc00000, 0x000000071be00000, 0x000000071be00000|100%| O|  |TAMS 0x000000071bc00000| PB 0x000000071bc00000| Untracked 
| 223|0x000000071be00000, 0x000000071c000000, 0x000000071c000000|100%| O|  |TAMS 0x000000071be00000| PB 0x000000071be00000| Untracked 
| 224|0x000000071c000000, 0x000000071c200000, 0x000000071c200000|100%| O|  |TAMS 0x000000071c000000| PB 0x000000071c000000| Untracked 
| 225|0x000000071c200000, 0x000000071c400000, 0x000000071c400000|100%| O|  |TAMS 0x000000071c200000| PB 0x000000071c200000| Untracked 
| 226|0x000000071c400000, 0x000000071c600000, 0x000000071c600000|100%| O|  |TAMS 0x000000071c400000| PB 0x000000071c400000| Untracked 
| 227|0x000000071c600000, 0x000000071c800000, 0x000000071c800000|100%| O|  |TAMS 0x000000071c600000| PB 0x000000071c600000| Untracked 
| 228|0x000000071c800000, 0x000000071ca00000, 0x000000071ca00000|100%| O|  |TAMS 0x000000071c800000| PB 0x000000071c800000| Untracked 
| 229|0x000000071ca00000, 0x000000071cc00000, 0x000000071cc00000|100%| O|  |TAMS 0x000000071ca00000| PB 0x000000071ca00000| Untracked 
| 230|0x000000071cc00000, 0x000000071ce00000, 0x000000071ce00000|100%| O|  |TAMS 0x000000071cc00000| PB 0x000000071cc00000| Untracked 
| 231|0x000000071ce00000, 0x000000071d000000, 0x000000071d000000|100%|HS|  |TAMS 0x000000071ce00000| PB 0x000000071ce00000| Complete 
| 232|0x000000071d000000, 0x000000071d200000, 0x000000071d200000|100%| O|  |TAMS 0x000000071d000000| PB 0x000000071d000000| Untracked 
| 233|0x000000071d200000, 0x000000071d400000, 0x000000071d400000|100%| O|  |TAMS 0x000000071d200000| PB 0x000000071d200000| Untracked 
| 234|0x000000071d400000, 0x000000071d600000, 0x000000071d600000|100%| O|  |TAMS 0x000000071d400000| PB 0x000000071d400000| Untracked 
| 235|0x000000071d600000, 0x000000071d800000, 0x000000071d800000|100%| O|  |TAMS 0x000000071d600000| PB 0x000000071d600000| Untracked 
| 236|0x000000071d800000, 0x000000071da00000, 0x000000071da00000|100%| O|  |TAMS 0x000000071d800000| PB 0x000000071d800000| Untracked 
| 237|0x000000071da00000, 0x000000071dc00000, 0x000000071dc00000|100%| O|  |TAMS 0x000000071da00000| PB 0x000000071da00000| Untracked 
| 238|0x000000071dc00000, 0x000000071de00000, 0x000000071de00000|100%| O|  |TAMS 0x000000071dc00000| PB 0x000000071dc00000| Untracked 
| 239|0x000000071de00000, 0x000000071e000000, 0x000000071e000000|100%|HS|  |TAMS 0x000000071de00000| PB 0x000000071de00000| Complete 
| 240|0x000000071e000000, 0x000000071e200000, 0x000000071e200000|100%| O|  |TAMS 0x000000071e000000| PB 0x000000071e000000| Untracked 
| 241|0x000000071e200000, 0x000000071e400000, 0x000000071e400000|100%| S|CS|TAMS 0x000000071e200000| PB 0x000000071e200000| Complete 
| 242|0x000000071e400000, 0x000000071e600000, 0x000000071e600000|100%| S|CS|TAMS 0x000000071e400000| PB 0x000000071e400000| Complete 
| 243|0x000000071e600000, 0x000000071e800000, 0x000000071e800000|100%| S|CS|TAMS 0x000000071e600000| PB 0x000000071e600000| Complete 
| 244|0x000000071e800000, 0x000000071ea00000, 0x000000071ea00000|100%| O|  |TAMS 0x000000071e800000| PB 0x000000071e800000| Untracked 
| 245|0x000000071ea00000, 0x000000071ec00000, 0x000000071ec00000|100%|HS|  |TAMS 0x000000071ea00000| PB 0x000000071ea00000| Complete 
| 246|0x000000071ec00000, 0x000000071ee00000, 0x000000071ee00000|100%|HC|  |TAMS 0x000000071ec00000| PB 0x000000071ec00000| Complete 
| 247|0x000000071ee00000, 0x000000071f000000, 0x000000071f000000|100%|HS|  |TAMS 0x000000071ee00000| PB 0x000000071ee00000| Complete 
| 248|0x000000071f000000, 0x000000071f200000, 0x000000071f200000|100%|HC|  |TAMS 0x000000071f000000| PB 0x000000071f000000| Complete 
| 249|0x000000071f200000, 0x000000071f400000, 0x000000071f400000|100%|HS|  |TAMS 0x000000071f200000| PB 0x000000071f200000| Complete 
| 250|0x000000071f400000, 0x000000071f600000, 0x000000071f600000|100%|HC|  |TAMS 0x000000071f400000| PB 0x000000071f400000| Complete 
| 251|0x000000071f600000, 0x000000071f800000, 0x000000071f800000|100%| S|CS|TAMS 0x000000071f600000| PB 0x000000071f600000| Complete 
| 252|0x000000071f800000, 0x000000071fa00000, 0x000000071fa00000|100%| S|CS|TAMS 0x000000071f800000| PB 0x000000071f800000| Complete 
| 253|0x000000071fa00000, 0x000000071fc00000, 0x000000071fc00000|100%| S|CS|TAMS 0x000000071fa00000| PB 0x000000071fa00000| Complete 
| 254|0x000000071fc00000, 0x000000071fe00000, 0x000000071fe00000|100%| S|CS|TAMS 0x000000071fc00000| PB 0x000000071fc00000| Complete 
| 255|0x000000071fe00000, 0x0000000720000000, 0x0000000720000000|100%| S|CS|TAMS 0x000000071fe00000| PB 0x000000071fe00000| Complete 
| 256|0x0000000720000000, 0x0000000720200000, 0x0000000720200000|100%| S|CS|TAMS 0x0000000720000000| PB 0x0000000720000000| Complete 
| 257|0x0000000720200000, 0x0000000720400000, 0x0000000720400000|100%| S|CS|TAMS 0x0000000720200000| PB 0x0000000720200000| Complete 
| 258|0x0000000720400000, 0x0000000720600000, 0x0000000720600000|100%| S|CS|TAMS 0x0000000720400000| PB 0x0000000720400000| Complete 
| 259|0x0000000720600000, 0x0000000720800000, 0x0000000720800000|100%| S|CS|TAMS 0x0000000720600000| PB 0x0000000720600000| Complete 
| 260|0x0000000720800000, 0x0000000720a00000, 0x0000000720a00000|100%| S|CS|TAMS 0x0000000720800000| PB 0x0000000720800000| Complete 
| 261|0x0000000720a00000, 0x0000000720c00000, 0x0000000720c00000|100%| S|CS|TAMS 0x0000000720a00000| PB 0x0000000720a00000| Complete 
| 262|0x0000000720c00000, 0x0000000720e00000, 0x0000000720e00000|100%| S|CS|TAMS 0x0000000720c00000| PB 0x0000000720c00000| Complete 
| 263|0x0000000720e00000, 0x0000000721000000, 0x0000000721000000|100%| S|CS|TAMS 0x0000000720e00000| PB 0x0000000720e00000| Complete 
| 264|0x0000000721000000, 0x0000000721200000, 0x0000000721200000|100%| S|CS|TAMS 0x0000000721000000| PB 0x0000000721000000| Complete 
| 265|0x0000000721200000, 0x0000000721400000, 0x0000000721400000|100%| S|CS|TAMS 0x0000000721200000| PB 0x0000000721200000| Complete 
| 266|0x0000000721400000, 0x0000000721600000, 0x0000000721600000|100%| S|CS|TAMS 0x0000000721400000| PB 0x0000000721400000| Complete 
| 267|0x0000000721600000, 0x0000000721800000, 0x0000000721800000|100%| S|CS|TAMS 0x0000000721600000| PB 0x0000000721600000| Complete 
| 268|0x0000000721800000, 0x0000000721a00000, 0x0000000721a00000|100%| S|CS|TAMS 0x0000000721800000| PB 0x0000000721800000| Complete 
| 269|0x0000000721a00000, 0x0000000721c00000, 0x0000000721c00000|100%| S|CS|TAMS 0x0000000721a00000| PB 0x0000000721a00000| Complete 
| 270|0x0000000721c00000, 0x0000000721e00000, 0x0000000721e00000|100%| S|CS|TAMS 0x0000000721c00000| PB 0x0000000721c00000| Complete 
| 271|0x0000000721e00000, 0x0000000722000000, 0x0000000722000000|100%| S|CS|TAMS 0x0000000721e00000| PB 0x0000000721e00000| Complete 
| 272|0x0000000722000000, 0x0000000722200000, 0x0000000722200000|100%| S|CS|TAMS 0x0000000722000000| PB 0x0000000722000000| Complete 
| 273|0x0000000722200000, 0x0000000722400000, 0x0000000722400000|100%| S|CS|TAMS 0x0000000722200000| PB 0x0000000722200000| Complete 
| 274|0x0000000722400000, 0x0000000722600000, 0x0000000722600000|100%| S|CS|TAMS 0x0000000722400000| PB 0x0000000722400000| Complete 
| 275|0x0000000722600000, 0x0000000722800000, 0x0000000722800000|100%|HS|  |TAMS 0x0000000722600000| PB 0x0000000722600000| Complete 
| 276|0x0000000722800000, 0x0000000722a00000, 0x0000000722a00000|100%|HC|  |TAMS 0x0000000722800000| PB 0x0000000722800000| Complete 
| 277|0x0000000722a00000, 0x0000000722c00000, 0x0000000722c00000|100%|HC|  |TAMS 0x0000000722a00000| PB 0x0000000722a00000| Complete 
| 278|0x0000000722c00000, 0x0000000722e00000, 0x0000000722e00000|100%|HC|  |TAMS 0x0000000722c00000| PB 0x0000000722c00000| Complete 
| 279|0x0000000722e00000, 0x0000000723000000, 0x0000000723000000|100%|HC|  |TAMS 0x0000000722e00000| PB 0x0000000722e00000| Complete 
| 280|0x0000000723000000, 0x0000000723200000, 0x0000000723200000|100%|HS|  |TAMS 0x0000000723000000| PB 0x0000000723000000| Complete 
| 281|0x0000000723200000, 0x0000000723400000, 0x0000000723400000|100%|HC|  |TAMS 0x0000000723200000| PB 0x0000000723200000| Complete 
| 282|0x0000000723400000, 0x0000000723600000, 0x0000000723600000|100%|HC|  |TAMS 0x0000000723400000| PB 0x0000000723400000| Complete 
| 283|0x0000000723600000, 0x0000000723800000, 0x0000000723800000|100%|HC|  |TAMS 0x0000000723600000| PB 0x0000000723600000| Complete 
| 284|0x0000000723800000, 0x0000000723a00000, 0x0000000723a00000|100%|HC|  |TAMS 0x0000000723800000| PB 0x0000000723800000| Complete 
| 285|0x0000000723a00000, 0x0000000723c00000, 0x0000000723c00000|100%|HS|  |TAMS 0x0000000723a00000| PB 0x0000000723a00000| Complete 
| 286|0x0000000723c00000, 0x0000000723e00000, 0x0000000723e00000|100%|HS|  |TAMS 0x0000000723c00000| PB 0x0000000723c00000| Complete 
| 287|0x0000000723e00000, 0x0000000724000000, 0x0000000724000000|100%|HC|  |TAMS 0x0000000723e00000| PB 0x0000000723e00000| Complete 
| 288|0x0000000724000000, 0x0000000724200000, 0x0000000724200000|100%|HS|  |TAMS 0x0000000724000000| PB 0x0000000724000000| Complete 
| 289|0x0000000724200000, 0x0000000724400000, 0x0000000724400000|100%|HC|  |TAMS 0x0000000724200000| PB 0x0000000724200000| Complete 
| 290|0x0000000724400000, 0x0000000724600000, 0x0000000724600000|100%|HS|  |TAMS 0x0000000724400000| PB 0x0000000724400000| Complete 
| 291|0x0000000724600000, 0x0000000724800000, 0x0000000724800000|100%|HS|  |TAMS 0x0000000724600000| PB 0x0000000724600000| Complete 
| 292|0x0000000724800000, 0x0000000724800000, 0x0000000724a00000|  0%| F|  |TAMS 0x0000000724800000| PB 0x0000000724800000| Untracked 
| 293|0x0000000724a00000, 0x0000000724a00000, 0x0000000724c00000|  0%| F|  |TAMS 0x0000000724a00000| PB 0x0000000724a00000| Untracked 
| 294|0x0000000724c00000, 0x0000000724c00000, 0x0000000724e00000|  0%| F|  |TAMS 0x0000000724c00000| PB 0x0000000724c00000| Untracked 
| 295|0x0000000724e00000, 0x0000000724e00000, 0x0000000725000000|  0%| F|  |TAMS 0x0000000724e00000| PB 0x0000000724e00000| Untracked 
| 296|0x0000000725000000, 0x0000000725000000, 0x0000000725200000|  0%| F|  |TAMS 0x0000000725000000| PB 0x0000000725000000| Untracked 
| 297|0x0000000725200000, 0x0000000725200000, 0x0000000725400000|  0%| F|  |TAMS 0x0000000725200000| PB 0x0000000725200000| Untracked 
| 298|0x0000000725400000, 0x0000000725400000, 0x0000000725600000|  0%| F|  |TAMS 0x0000000725400000| PB 0x0000000725400000| Untracked 
| 299|0x0000000725600000, 0x0000000725600000, 0x0000000725800000|  0%| F|  |TAMS 0x0000000725600000| PB 0x0000000725600000| Untracked 
| 300|0x0000000725800000, 0x0000000725800000, 0x0000000725a00000|  0%| F|  |TAMS 0x0000000725800000| PB 0x0000000725800000| Untracked 
| 301|0x0000000725a00000, 0x0000000725a00000, 0x0000000725c00000|  0%| F|  |TAMS 0x0000000725a00000| PB 0x0000000725a00000| Untracked 
| 302|0x0000000725c00000, 0x0000000725c00000, 0x0000000725e00000|  0%| F|  |TAMS 0x0000000725c00000| PB 0x0000000725c00000| Untracked 
| 303|0x0000000725e00000, 0x0000000725e00000, 0x0000000726000000|  0%| F|  |TAMS 0x0000000725e00000| PB 0x0000000725e00000| Untracked 
| 304|0x0000000726000000, 0x0000000726000000, 0x0000000726200000|  0%| F|  |TAMS 0x0000000726000000| PB 0x0000000726000000| Untracked 
| 305|0x0000000726200000, 0x0000000726200000, 0x0000000726400000|  0%| F|  |TAMS 0x0000000726200000| PB 0x0000000726200000| Untracked 
| 306|0x0000000726400000, 0x0000000726400000, 0x0000000726600000|  0%| F|  |TAMS 0x0000000726400000| PB 0x0000000726400000| Untracked 
| 307|0x0000000726600000, 0x0000000726600000, 0x0000000726800000|  0%| F|  |TAMS 0x0000000726600000| PB 0x0000000726600000| Untracked 
| 308|0x0000000726800000, 0x0000000726800000, 0x0000000726a00000|  0%| F|  |TAMS 0x0000000726800000| PB 0x0000000726800000| Untracked 
| 309|0x0000000726a00000, 0x0000000726a00000, 0x0000000726c00000|  0%| F|  |TAMS 0x0000000726a00000| PB 0x0000000726a00000| Untracked 
| 310|0x0000000726c00000, 0x0000000726c00000, 0x0000000726e00000|  0%| F|  |TAMS 0x0000000726c00000| PB 0x0000000726c00000| Untracked 
| 311|0x0000000726e00000, 0x0000000726e00000, 0x0000000727000000|  0%| F|  |TAMS 0x0000000726e00000| PB 0x0000000726e00000| Untracked 
| 312|0x0000000727000000, 0x0000000727000000, 0x0000000727200000|  0%| F|  |TAMS 0x0000000727000000| PB 0x0000000727000000| Untracked 
| 313|0x0000000727200000, 0x0000000727200000, 0x0000000727400000|  0%| F|  |TAMS 0x0000000727200000| PB 0x0000000727200000| Untracked 
| 314|0x0000000727400000, 0x0000000727400000, 0x0000000727600000|  0%| F|  |TAMS 0x0000000727400000| PB 0x0000000727400000| Untracked 
| 315|0x0000000727600000, 0x0000000727600000, 0x0000000727800000|  0%| F|  |TAMS 0x0000000727600000| PB 0x0000000727600000| Untracked 
| 316|0x0000000727800000, 0x0000000727800000, 0x0000000727a00000|  0%| F|  |TAMS 0x0000000727800000| PB 0x0000000727800000| Untracked 
| 317|0x0000000727a00000, 0x0000000727a00000, 0x0000000727c00000|  0%| F|  |TAMS 0x0000000727a00000| PB 0x0000000727a00000| Untracked 
| 318|0x0000000727c00000, 0x0000000727c00000, 0x0000000727e00000|  0%| F|  |TAMS 0x0000000727c00000| PB 0x0000000727c00000| Untracked 
| 319|0x0000000727e00000, 0x0000000727e00000, 0x0000000728000000|  0%| F|  |TAMS 0x0000000727e00000| PB 0x0000000727e00000| Untracked 
| 320|0x0000000728000000, 0x0000000728000000, 0x0000000728200000|  0%| F|  |TAMS 0x0000000728000000| PB 0x0000000728000000| Untracked 
| 321|0x0000000728200000, 0x0000000728200000, 0x0000000728400000|  0%| F|  |TAMS 0x0000000728200000| PB 0x0000000728200000| Untracked 
| 322|0x0000000728400000, 0x0000000728400000, 0x0000000728600000|  0%| F|  |TAMS 0x0000000728400000| PB 0x0000000728400000| Untracked 
| 323|0x0000000728600000, 0x0000000728600000, 0x0000000728800000|  0%| F|  |TAMS 0x0000000728600000| PB 0x0000000728600000| Untracked 
| 324|0x0000000728800000, 0x0000000728800000, 0x0000000728a00000|  0%| F|  |TAMS 0x0000000728800000| PB 0x0000000728800000| Untracked 
| 325|0x0000000728a00000, 0x0000000728a00000, 0x0000000728c00000|  0%| F|  |TAMS 0x0000000728a00000| PB 0x0000000728a00000| Untracked 
| 326|0x0000000728c00000, 0x0000000728c00000, 0x0000000728e00000|  0%| F|  |TAMS 0x0000000728c00000| PB 0x0000000728c00000| Untracked 
| 327|0x0000000728e00000, 0x0000000728e00000, 0x0000000729000000|  0%| F|  |TAMS 0x0000000728e00000| PB 0x0000000728e00000| Untracked 
| 328|0x0000000729000000, 0x0000000729000000, 0x0000000729200000|  0%| F|  |TAMS 0x0000000729000000| PB 0x0000000729000000| Untracked 
| 329|0x0000000729200000, 0x0000000729200000, 0x0000000729400000|  0%| F|  |TAMS 0x0000000729200000| PB 0x0000000729200000| Untracked 
| 330|0x0000000729400000, 0x0000000729400000, 0x0000000729600000|  0%| F|  |TAMS 0x0000000729400000| PB 0x0000000729400000| Untracked 
| 331|0x0000000729600000, 0x0000000729600000, 0x0000000729800000|  0%| F|  |TAMS 0x0000000729600000| PB 0x0000000729600000| Untracked 
| 332|0x0000000729800000, 0x0000000729800000, 0x0000000729a00000|  0%| F|  |TAMS 0x0000000729800000| PB 0x0000000729800000| Untracked 
| 333|0x0000000729a00000, 0x0000000729a00000, 0x0000000729c00000|  0%| F|  |TAMS 0x0000000729a00000| PB 0x0000000729a00000| Untracked 
| 334|0x0000000729c00000, 0x0000000729c00000, 0x0000000729e00000|  0%| F|  |TAMS 0x0000000729c00000| PB 0x0000000729c00000| Untracked 
| 335|0x0000000729e00000, 0x0000000729e00000, 0x000000072a000000|  0%| F|  |TAMS 0x0000000729e00000| PB 0x0000000729e00000| Untracked 
| 336|0x000000072a000000, 0x000000072a000000, 0x000000072a200000|  0%| F|  |TAMS 0x000000072a000000| PB 0x000000072a000000| Untracked 
| 337|0x000000072a200000, 0x000000072a200000, 0x000000072a400000|  0%| F|  |TAMS 0x000000072a200000| PB 0x000000072a200000| Untracked 
| 338|0x000000072a400000, 0x000000072a400000, 0x000000072a600000|  0%| F|  |TAMS 0x000000072a400000| PB 0x000000072a400000| Untracked 
| 339|0x000000072a600000, 0x000000072a600000, 0x000000072a800000|  0%| F|  |TAMS 0x000000072a600000| PB 0x000000072a600000| Untracked 
| 340|0x000000072a800000, 0x000000072a800000, 0x000000072aa00000|  0%| F|  |TAMS 0x000000072a800000| PB 0x000000072a800000| Untracked 
| 341|0x000000072aa00000, 0x000000072aa00000, 0x000000072ac00000|  0%| F|  |TAMS 0x000000072aa00000| PB 0x000000072aa00000| Untracked 
| 342|0x000000072ac00000, 0x000000072ac00000, 0x000000072ae00000|  0%| F|  |TAMS 0x000000072ac00000| PB 0x000000072ac00000| Untracked 
| 343|0x000000072ae00000, 0x000000072ae00000, 0x000000072b000000|  0%| F|  |TAMS 0x000000072ae00000| PB 0x000000072ae00000| Untracked 
| 344|0x000000072b000000, 0x000000072b000000, 0x000000072b200000|  0%| F|  |TAMS 0x000000072b000000| PB 0x000000072b000000| Untracked 
| 345|0x000000072b200000, 0x000000072b200000, 0x000000072b400000|  0%| F|  |TAMS 0x000000072b200000| PB 0x000000072b200000| Untracked 
| 346|0x000000072b400000, 0x000000072b400000, 0x000000072b600000|  0%| F|  |TAMS 0x000000072b400000| PB 0x000000072b400000| Untracked 
| 347|0x000000072b600000, 0x000000072b600000, 0x000000072b800000|  0%| F|  |TAMS 0x000000072b600000| PB 0x000000072b600000| Untracked 
| 348|0x000000072b800000, 0x000000072b800000, 0x000000072ba00000|  0%| F|  |TAMS 0x000000072b800000| PB 0x000000072b800000| Untracked 
| 349|0x000000072ba00000, 0x000000072ba00000, 0x000000072bc00000|  0%| F|  |TAMS 0x000000072ba00000| PB 0x000000072ba00000| Untracked 
| 350|0x000000072bc00000, 0x000000072bc00000, 0x000000072be00000|  0%| F|  |TAMS 0x000000072bc00000| PB 0x000000072bc00000| Untracked 
| 351|0x000000072be00000, 0x000000072be00000, 0x000000072c000000|  0%| F|  |TAMS 0x000000072be00000| PB 0x000000072be00000| Untracked 
| 352|0x000000072c000000, 0x000000072c000000, 0x000000072c200000|  0%| F|  |TAMS 0x000000072c000000| PB 0x000000072c000000| Untracked 
| 353|0x000000072c200000, 0x000000072c200000, 0x000000072c400000|  0%| F|  |TAMS 0x000000072c200000| PB 0x000000072c200000| Untracked 
| 354|0x000000072c400000, 0x000000072c400000, 0x000000072c600000|  0%| F|  |TAMS 0x000000072c400000| PB 0x000000072c400000| Untracked 
| 355|0x000000072c600000, 0x000000072c600000, 0x000000072c800000|  0%| F|  |TAMS 0x000000072c600000| PB 0x000000072c600000| Untracked 
| 356|0x000000072c800000, 0x000000072c800000, 0x000000072ca00000|  0%| F|  |TAMS 0x000000072c800000| PB 0x000000072c800000| Untracked 
| 357|0x000000072ca00000, 0x000000072ca00000, 0x000000072cc00000|  0%| F|  |TAMS 0x000000072ca00000| PB 0x000000072ca00000| Untracked 
| 358|0x000000072cc00000, 0x000000072cc00000, 0x000000072ce00000|  0%| F|  |TAMS 0x000000072cc00000| PB 0x000000072cc00000| Untracked 
| 359|0x000000072ce00000, 0x000000072ce00000, 0x000000072d000000|  0%| F|  |TAMS 0x000000072ce00000| PB 0x000000072ce00000| Untracked 
| 360|0x000000072d000000, 0x000000072d000000, 0x000000072d200000|  0%| F|  |TAMS 0x000000072d000000| PB 0x000000072d000000| Untracked 
| 361|0x000000072d200000, 0x000000072d200000, 0x000000072d400000|  0%| F|  |TAMS 0x000000072d200000| PB 0x000000072d200000| Untracked 
| 362|0x000000072d400000, 0x000000072d400000, 0x000000072d600000|  0%| F|  |TAMS 0x000000072d400000| PB 0x000000072d400000| Untracked 
| 363|0x000000072d600000, 0x000000072d600000, 0x000000072d800000|  0%| F|  |TAMS 0x000000072d600000| PB 0x000000072d600000| Untracked 
| 364|0x000000072d800000, 0x000000072d800000, 0x000000072da00000|  0%| F|  |TAMS 0x000000072d800000| PB 0x000000072d800000| Untracked 
| 365|0x000000072da00000, 0x000000072da00000, 0x000000072dc00000|  0%| F|  |TAMS 0x000000072da00000| PB 0x000000072da00000| Untracked 
| 366|0x000000072dc00000, 0x000000072dc00000, 0x000000072de00000|  0%| F|  |TAMS 0x000000072dc00000| PB 0x000000072dc00000| Untracked 
| 367|0x000000072de00000, 0x000000072de00000, 0x000000072e000000|  0%| F|  |TAMS 0x000000072de00000| PB 0x000000072de00000| Untracked 
| 368|0x000000072e000000, 0x000000072e000000, 0x000000072e200000|  0%| F|  |TAMS 0x000000072e000000| PB 0x000000072e000000| Untracked 
| 369|0x000000072e200000, 0x000000072e200000, 0x000000072e400000|  0%| F|  |TAMS 0x000000072e200000| PB 0x000000072e200000| Untracked 
| 370|0x000000072e400000, 0x000000072e400000, 0x000000072e600000|  0%| F|  |TAMS 0x000000072e400000| PB 0x000000072e400000| Untracked 
| 371|0x000000072e600000, 0x000000072e600000, 0x000000072e800000|  0%| F|  |TAMS 0x000000072e600000| PB 0x000000072e600000| Untracked 
| 372|0x000000072e800000, 0x000000072e800000, 0x000000072ea00000|  0%| F|  |TAMS 0x000000072e800000| PB 0x000000072e800000| Untracked 
| 373|0x000000072ea00000, 0x000000072ea00000, 0x000000072ec00000|  0%| F|  |TAMS 0x000000072ea00000| PB 0x000000072ea00000| Untracked 
| 374|0x000000072ec00000, 0x000000072ec00000, 0x000000072ee00000|  0%| F|  |TAMS 0x000000072ec00000| PB 0x000000072ec00000| Untracked 
| 375|0x000000072ee00000, 0x000000072ee00000, 0x000000072f000000|  0%| F|  |TAMS 0x000000072ee00000| PB 0x000000072ee00000| Untracked 
| 376|0x000000072f000000, 0x000000072f000000, 0x000000072f200000|  0%| F|  |TAMS 0x000000072f000000| PB 0x000000072f000000| Untracked 
| 377|0x000000072f200000, 0x000000072f200000, 0x000000072f400000|  0%| F|  |TAMS 0x000000072f200000| PB 0x000000072f200000| Untracked 
| 378|0x000000072f400000, 0x000000072f400000, 0x000000072f600000|  0%| F|  |TAMS 0x000000072f400000| PB 0x000000072f400000| Untracked 
| 379|0x000000072f600000, 0x000000072f600000, 0x000000072f800000|  0%| F|  |TAMS 0x000000072f600000| PB 0x000000072f600000| Untracked 
| 380|0x000000072f800000, 0x000000072f800000, 0x000000072fa00000|  0%| F|  |TAMS 0x000000072f800000| PB 0x000000072f800000| Untracked 
| 381|0x000000072fa00000, 0x000000072fa00000, 0x000000072fc00000|  0%| F|  |TAMS 0x000000072fa00000| PB 0x000000072fa00000| Untracked 
| 382|0x000000072fc00000, 0x000000072fc00000, 0x000000072fe00000|  0%| F|  |TAMS 0x000000072fc00000| PB 0x000000072fc00000| Untracked 
| 383|0x000000072fe00000, 0x000000072fe00000, 0x0000000730000000|  0%| F|  |TAMS 0x000000072fe00000| PB 0x000000072fe00000| Untracked 
| 384|0x0000000730000000, 0x0000000730000000, 0x0000000730200000|  0%| F|  |TAMS 0x0000000730000000| PB 0x0000000730000000| Untracked 
| 385|0x0000000730200000, 0x0000000730200000, 0x0000000730400000|  0%| F|  |TAMS 0x0000000730200000| PB 0x0000000730200000| Untracked 
| 386|0x0000000730400000, 0x0000000730400000, 0x0000000730600000|  0%| F|  |TAMS 0x0000000730400000| PB 0x0000000730400000| Untracked 
| 387|0x0000000730600000, 0x0000000730600000, 0x0000000730800000|  0%| F|  |TAMS 0x0000000730600000| PB 0x0000000730600000| Untracked 
| 388|0x0000000730800000, 0x0000000730800000, 0x0000000730a00000|  0%| F|  |TAMS 0x0000000730800000| PB 0x0000000730800000| Untracked 
| 389|0x0000000730a00000, 0x0000000730a00000, 0x0000000730c00000|  0%| F|  |TAMS 0x0000000730a00000| PB 0x0000000730a00000| Untracked 
| 390|0x0000000730c00000, 0x0000000730c00000, 0x0000000730e00000|  0%| F|  |TAMS 0x0000000730c00000| PB 0x0000000730c00000| Untracked 
| 391|0x0000000730e00000, 0x0000000730e00000, 0x0000000731000000|  0%| F|  |TAMS 0x0000000730e00000| PB 0x0000000730e00000| Untracked 
| 392|0x0000000731000000, 0x0000000731000000, 0x0000000731200000|  0%| F|  |TAMS 0x0000000731000000| PB 0x0000000731000000| Untracked 
| 393|0x0000000731200000, 0x0000000731200000, 0x0000000731400000|  0%| F|  |TAMS 0x0000000731200000| PB 0x0000000731200000| Untracked 
| 394|0x0000000731400000, 0x0000000731400000, 0x0000000731600000|  0%| F|  |TAMS 0x0000000731400000| PB 0x0000000731400000| Untracked 
| 395|0x0000000731600000, 0x0000000731600000, 0x0000000731800000|  0%| F|  |TAMS 0x0000000731600000| PB 0x0000000731600000| Untracked 
| 396|0x0000000731800000, 0x0000000731800000, 0x0000000731a00000|  0%| F|  |TAMS 0x0000000731800000| PB 0x0000000731800000| Untracked 
| 397|0x0000000731a00000, 0x0000000731a00000, 0x0000000731c00000|  0%| F|  |TAMS 0x0000000731a00000| PB 0x0000000731a00000| Untracked 
| 398|0x0000000731c00000, 0x0000000731c00000, 0x0000000731e00000|  0%| F|  |TAMS 0x0000000731c00000| PB 0x0000000731c00000| Untracked 
| 399|0x0000000731e00000, 0x0000000731e00000, 0x0000000732000000|  0%| F|  |TAMS 0x0000000731e00000| PB 0x0000000731e00000| Untracked 
| 400|0x0000000732000000, 0x0000000732000000, 0x0000000732200000|  0%| F|  |TAMS 0x0000000732000000| PB 0x0000000732000000| Untracked 
| 401|0x0000000732200000, 0x0000000732200000, 0x0000000732400000|  0%| F|  |TAMS 0x0000000732200000| PB 0x0000000732200000| Untracked 
| 402|0x0000000732400000, 0x000000073246a2a8, 0x0000000732600000| 20%| E|  |TAMS 0x0000000732400000| PB 0x0000000732400000| Complete 
| 403|0x0000000732600000, 0x0000000732800000, 0x0000000732800000|100%| E|CS|TAMS 0x0000000732600000| PB 0x0000000732600000| Complete 
| 404|0x0000000732800000, 0x0000000732a00000, 0x0000000732a00000|100%| E|  |TAMS 0x0000000732800000| PB 0x0000000732800000| Complete 
| 405|0x0000000732a00000, 0x0000000732c00000, 0x0000000732c00000|100%| E|CS|TAMS 0x0000000732a00000| PB 0x0000000732a00000| Complete 
| 406|0x0000000732c00000, 0x0000000732e00000, 0x0000000732e00000|100%| E|CS|TAMS 0x0000000732c00000| PB 0x0000000732c00000| Complete 
| 407|0x0000000732e00000, 0x0000000733000000, 0x0000000733000000|100%| E|CS|TAMS 0x0000000732e00000| PB 0x0000000732e00000| Complete 
| 408|0x0000000733000000, 0x0000000733200000, 0x0000000733200000|100%| E|CS|TAMS 0x0000000733000000| PB 0x0000000733000000| Complete 
| 409|0x0000000733200000, 0x0000000733400000, 0x0000000733400000|100%| E|CS|TAMS 0x0000000733200000| PB 0x0000000733200000| Complete 
| 410|0x0000000733400000, 0x0000000733600000, 0x0000000733600000|100%| E|CS|TAMS 0x0000000733400000| PB 0x0000000733400000| Complete 
| 411|0x0000000733600000, 0x0000000733800000, 0x0000000733800000|100%| E|CS|TAMS 0x0000000733600000| PB 0x0000000733600000| Complete 
| 412|0x0000000733800000, 0x0000000733a00000, 0x0000000733a00000|100%| E|CS|TAMS 0x0000000733800000| PB 0x0000000733800000| Complete 
| 413|0x0000000733a00000, 0x0000000733c00000, 0x0000000733c00000|100%| E|CS|TAMS 0x0000000733a00000| PB 0x0000000733a00000| Complete 
| 414|0x0000000733c00000, 0x0000000733e00000, 0x0000000733e00000|100%| E|CS|TAMS 0x0000000733c00000| PB 0x0000000733c00000| Complete 
| 415|0x0000000733e00000, 0x0000000734000000, 0x0000000734000000|100%| E|CS|TAMS 0x0000000733e00000| PB 0x0000000733e00000| Complete 
| 416|0x0000000734000000, 0x0000000734200000, 0x0000000734200000|100%| E|CS|TAMS 0x0000000734000000| PB 0x0000000734000000| Complete 
| 417|0x0000000734200000, 0x0000000734400000, 0x0000000734400000|100%| E|CS|TAMS 0x0000000734200000| PB 0x0000000734200000| Complete 
| 418|0x0000000734400000, 0x0000000734600000, 0x0000000734600000|100%| E|CS|TAMS 0x0000000734400000| PB 0x0000000734400000| Complete 
| 419|0x0000000734600000, 0x0000000734800000, 0x0000000734800000|100%| E|CS|TAMS 0x0000000734600000| PB 0x0000000734600000| Complete 
| 420|0x0000000734800000, 0x0000000734a00000, 0x0000000734a00000|100%| E|CS|TAMS 0x0000000734800000| PB 0x0000000734800000| Complete 
| 421|0x0000000734a00000, 0x0000000734c00000, 0x0000000734c00000|100%| E|CS|TAMS 0x0000000734a00000| PB 0x0000000734a00000| Complete 
| 422|0x0000000734c00000, 0x0000000734e00000, 0x0000000734e00000|100%| E|CS|TAMS 0x0000000734c00000| PB 0x0000000734c00000| Complete 
| 423|0x0000000734e00000, 0x0000000735000000, 0x0000000735000000|100%| E|CS|TAMS 0x0000000734e00000| PB 0x0000000734e00000| Complete 
| 424|0x0000000735000000, 0x0000000735200000, 0x0000000735200000|100%| E|CS|TAMS 0x0000000735000000| PB 0x0000000735000000| Complete 
| 425|0x0000000735200000, 0x0000000735400000, 0x0000000735400000|100%| E|CS|TAMS 0x0000000735200000| PB 0x0000000735200000| Complete 
| 426|0x0000000735400000, 0x0000000735600000, 0x0000000735600000|100%| E|CS|TAMS 0x0000000735400000| PB 0x0000000735400000| Complete 
| 427|0x0000000735600000, 0x0000000735800000, 0x0000000735800000|100%| E|CS|TAMS 0x0000000735600000| PB 0x0000000735600000| Complete 
| 428|0x0000000735800000, 0x0000000735a00000, 0x0000000735a00000|100%| E|CS|TAMS 0x0000000735800000| PB 0x0000000735800000| Complete 
| 429|0x0000000735a00000, 0x0000000735c00000, 0x0000000735c00000|100%| E|CS|TAMS 0x0000000735a00000| PB 0x0000000735a00000| Complete 
| 430|0x0000000735c00000, 0x0000000735e00000, 0x0000000735e00000|100%| E|CS|TAMS 0x0000000735c00000| PB 0x0000000735c00000| Complete 
| 431|0x0000000735e00000, 0x0000000736000000, 0x0000000736000000|100%| E|CS|TAMS 0x0000000735e00000| PB 0x0000000735e00000| Complete 
| 432|0x0000000736000000, 0x0000000736200000, 0x0000000736200000|100%| E|CS|TAMS 0x0000000736000000| PB 0x0000000736000000| Complete 
| 433|0x0000000736200000, 0x0000000736400000, 0x0000000736400000|100%| E|CS|TAMS 0x0000000736200000| PB 0x0000000736200000| Complete 
| 434|0x0000000736400000, 0x0000000736600000, 0x0000000736600000|100%| E|CS|TAMS 0x0000000736400000| PB 0x0000000736400000| Complete 
| 435|0x0000000736600000, 0x0000000736800000, 0x0000000736800000|100%| E|CS|TAMS 0x0000000736600000| PB 0x0000000736600000| Complete 
| 436|0x0000000736800000, 0x0000000736a00000, 0x0000000736a00000|100%| E|CS|TAMS 0x0000000736800000| PB 0x0000000736800000| Complete 
| 437|0x0000000736a00000, 0x0000000736c00000, 0x0000000736c00000|100%| E|CS|TAMS 0x0000000736a00000| PB 0x0000000736a00000| Complete 
| 438|0x0000000736c00000, 0x0000000736e00000, 0x0000000736e00000|100%| E|CS|TAMS 0x0000000736c00000| PB 0x0000000736c00000| Complete 
| 439|0x0000000736e00000, 0x0000000737000000, 0x0000000737000000|100%| E|CS|TAMS 0x0000000736e00000| PB 0x0000000736e00000| Complete 
| 440|0x0000000737000000, 0x0000000737200000, 0x0000000737200000|100%| E|CS|TAMS 0x0000000737000000| PB 0x0000000737000000| Complete 
| 441|0x0000000737200000, 0x0000000737400000, 0x0000000737400000|100%| E|CS|TAMS 0x0000000737200000| PB 0x0000000737200000| Complete 
| 442|0x0000000737400000, 0x0000000737600000, 0x0000000737600000|100%| E|CS|TAMS 0x0000000737400000| PB 0x0000000737400000| Complete 
| 443|0x0000000737600000, 0x0000000737800000, 0x0000000737800000|100%| E|CS|TAMS 0x0000000737600000| PB 0x0000000737600000| Complete 
| 444|0x0000000737800000, 0x0000000737a00000, 0x0000000737a00000|100%| E|CS|TAMS 0x0000000737800000| PB 0x0000000737800000| Complete 
| 445|0x0000000737a00000, 0x0000000737c00000, 0x0000000737c00000|100%| E|CS|TAMS 0x0000000737a00000| PB 0x0000000737a00000| Complete 
| 446|0x0000000737c00000, 0x0000000737e00000, 0x0000000737e00000|100%| E|CS|TAMS 0x0000000737c00000| PB 0x0000000737c00000| Complete 
| 447|0x0000000737e00000, 0x0000000738000000, 0x0000000738000000|100%| E|CS|TAMS 0x0000000737e00000| PB 0x0000000737e00000| Complete 
| 448|0x0000000738000000, 0x0000000738200000, 0x0000000738200000|100%| E|CS|TAMS 0x0000000738000000| PB 0x0000000738000000| Complete 
| 449|0x0000000738200000, 0x0000000738400000, 0x0000000738400000|100%| E|CS|TAMS 0x0000000738200000| PB 0x0000000738200000| Complete 
| 450|0x0000000738400000, 0x0000000738600000, 0x0000000738600000|100%| E|CS|TAMS 0x0000000738400000| PB 0x0000000738400000| Complete 
| 451|0x0000000738600000, 0x0000000738800000, 0x0000000738800000|100%| E|CS|TAMS 0x0000000738600000| PB 0x0000000738600000| Complete 
| 452|0x0000000738800000, 0x0000000738a00000, 0x0000000738a00000|100%| E|CS|TAMS 0x0000000738800000| PB 0x0000000738800000| Complete 
| 453|0x0000000738a00000, 0x0000000738c00000, 0x0000000738c00000|100%| E|CS|TAMS 0x0000000738a00000| PB 0x0000000738a00000| Complete 
| 454|0x0000000738c00000, 0x0000000738e00000, 0x0000000738e00000|100%| E|CS|TAMS 0x0000000738c00000| PB 0x0000000738c00000| Complete 
| 455|0x0000000738e00000, 0x0000000739000000, 0x0000000739000000|100%| E|CS|TAMS 0x0000000738e00000| PB 0x0000000738e00000| Complete 
| 456|0x0000000739000000, 0x0000000739200000, 0x0000000739200000|100%| E|CS|TAMS 0x0000000739000000| PB 0x0000000739000000| Complete 
| 457|0x0000000739200000, 0x0000000739400000, 0x0000000739400000|100%| E|CS|TAMS 0x0000000739200000| PB 0x0000000739200000| Complete 
| 458|0x0000000739400000, 0x0000000739600000, 0x0000000739600000|100%| E|CS|TAMS 0x0000000739400000| PB 0x0000000739400000| Complete 
| 459|0x0000000739600000, 0x0000000739800000, 0x0000000739800000|100%| E|CS|TAMS 0x0000000739600000| PB 0x0000000739600000| Complete 
| 460|0x0000000739800000, 0x0000000739a00000, 0x0000000739a00000|100%| E|CS|TAMS 0x0000000739800000| PB 0x0000000739800000| Complete 
| 461|0x0000000739a00000, 0x0000000739c00000, 0x0000000739c00000|100%| E|CS|TAMS 0x0000000739a00000| PB 0x0000000739a00000| Complete 
| 462|0x0000000739c00000, 0x0000000739e00000, 0x0000000739e00000|100%| E|CS|TAMS 0x0000000739c00000| PB 0x0000000739c00000| Complete 
| 463|0x0000000739e00000, 0x000000073a000000, 0x000000073a000000|100%| E|CS|TAMS 0x0000000739e00000| PB 0x0000000739e00000| Complete 
| 464|0x000000073a000000, 0x000000073a200000, 0x000000073a200000|100%| E|CS|TAMS 0x000000073a000000| PB 0x000000073a000000| Complete 
| 465|0x000000073a200000, 0x000000073a400000, 0x000000073a400000|100%| E|CS|TAMS 0x000000073a200000| PB 0x000000073a200000| Complete 
| 466|0x000000073a400000, 0x000000073a600000, 0x000000073a600000|100%| E|CS|TAMS 0x000000073a400000| PB 0x000000073a400000| Complete 
| 467|0x000000073a600000, 0x000000073a800000, 0x000000073a800000|100%| E|CS|TAMS 0x000000073a600000| PB 0x000000073a600000| Complete 
| 468|0x000000073a800000, 0x000000073aa00000, 0x000000073aa00000|100%| E|CS|TAMS 0x000000073a800000| PB 0x000000073a800000| Complete 
| 469|0x000000073aa00000, 0x000000073ac00000, 0x000000073ac00000|100%| E|CS|TAMS 0x000000073aa00000| PB 0x000000073aa00000| Complete 
| 470|0x000000073ac00000, 0x000000073ae00000, 0x000000073ae00000|100%| E|CS|TAMS 0x000000073ac00000| PB 0x000000073ac00000| Complete 
| 471|0x000000073ae00000, 0x000000073b000000, 0x000000073b000000|100%| E|CS|TAMS 0x000000073ae00000| PB 0x000000073ae00000| Complete 
| 472|0x000000073b000000, 0x000000073b200000, 0x000000073b200000|100%| E|CS|TAMS 0x000000073b000000| PB 0x000000073b000000| Complete 
| 473|0x000000073b200000, 0x000000073b400000, 0x000000073b400000|100%| E|CS|TAMS 0x000000073b200000| PB 0x000000073b200000| Complete 
| 474|0x000000073b400000, 0x000000073b600000, 0x000000073b600000|100%| E|CS|TAMS 0x000000073b400000| PB 0x000000073b400000| Complete 
| 475|0x000000073b600000, 0x000000073b800000, 0x000000073b800000|100%| E|CS|TAMS 0x000000073b600000| PB 0x000000073b600000| Complete 
| 476|0x000000073b800000, 0x000000073ba00000, 0x000000073ba00000|100%| E|CS|TAMS 0x000000073b800000| PB 0x000000073b800000| Complete 
| 477|0x000000073ba00000, 0x000000073bc00000, 0x000000073bc00000|100%| E|CS|TAMS 0x000000073ba00000| PB 0x000000073ba00000| Complete 
| 478|0x000000073bc00000, 0x000000073be00000, 0x000000073be00000|100%| E|CS|TAMS 0x000000073bc00000| PB 0x000000073bc00000| Complete 
| 479|0x000000073be00000, 0x000000073c000000, 0x000000073c000000|100%| E|CS|TAMS 0x000000073be00000| PB 0x000000073be00000| Complete 
| 480|0x000000073c000000, 0x000000073c200000, 0x000000073c200000|100%| E|CS|TAMS 0x000000073c000000| PB 0x000000073c000000| Complete 
| 481|0x000000073c200000, 0x000000073c400000, 0x000000073c400000|100%| E|CS|TAMS 0x000000073c200000| PB 0x000000073c200000| Complete 
| 482|0x000000073c400000, 0x000000073c600000, 0x000000073c600000|100%| E|CS|TAMS 0x000000073c400000| PB 0x000000073c400000| Complete 
| 483|0x000000073c600000, 0x000000073c800000, 0x000000073c800000|100%| E|CS|TAMS 0x000000073c600000| PB 0x000000073c600000| Complete 
| 484|0x000000073c800000, 0x000000073ca00000, 0x000000073ca00000|100%| E|CS|TAMS 0x000000073c800000| PB 0x000000073c800000| Complete 
| 485|0x000000073ca00000, 0x000000073cc00000, 0x000000073cc00000|100%| E|CS|TAMS 0x000000073ca00000| PB 0x000000073ca00000| Complete 
| 486|0x000000073cc00000, 0x000000073ce00000, 0x000000073ce00000|100%| E|CS|TAMS 0x000000073cc00000| PB 0x000000073cc00000| Complete 
| 487|0x000000073ce00000, 0x000000073d000000, 0x000000073d000000|100%| E|CS|TAMS 0x000000073ce00000| PB 0x000000073ce00000| Complete 
| 488|0x000000073d000000, 0x000000073d200000, 0x000000073d200000|100%| E|CS|TAMS 0x000000073d000000| PB 0x000000073d000000| Complete 
| 489|0x000000073d200000, 0x000000073d400000, 0x000000073d400000|100%| E|CS|TAMS 0x000000073d200000| PB 0x000000073d200000| Complete 
| 490|0x000000073d400000, 0x000000073d600000, 0x000000073d600000|100%| E|CS|TAMS 0x000000073d400000| PB 0x000000073d400000| Complete 
| 491|0x000000073d600000, 0x000000073d800000, 0x000000073d800000|100%| E|CS|TAMS 0x000000073d600000| PB 0x000000073d600000| Complete 
| 492|0x000000073d800000, 0x000000073da00000, 0x000000073da00000|100%| E|CS|TAMS 0x000000073d800000| PB 0x000000073d800000| Complete 
| 493|0x000000073da00000, 0x000000073dc00000, 0x000000073dc00000|100%| E|CS|TAMS 0x000000073da00000| PB 0x000000073da00000| Complete 
| 494|0x000000073dc00000, 0x000000073de00000, 0x000000073de00000|100%| E|CS|TAMS 0x000000073dc00000| PB 0x000000073dc00000| Complete 
| 495|0x000000073de00000, 0x000000073e000000, 0x000000073e000000|100%| E|CS|TAMS 0x000000073de00000| PB 0x000000073de00000| Complete 
| 496|0x000000073e000000, 0x000000073e200000, 0x000000073e200000|100%| E|CS|TAMS 0x000000073e000000| PB 0x000000073e000000| Complete 
| 497|0x000000073e200000, 0x000000073e400000, 0x000000073e400000|100%| E|CS|TAMS 0x000000073e200000| PB 0x000000073e200000| Complete 
| 498|0x000000073e400000, 0x000000073e600000, 0x000000073e600000|100%| E|CS|TAMS 0x000000073e400000| PB 0x000000073e400000| Complete 
| 499|0x000000073e600000, 0x000000073e800000, 0x000000073e800000|100%| E|CS|TAMS 0x000000073e600000| PB 0x000000073e600000| Complete 
| 500|0x000000073e800000, 0x000000073ea00000, 0x000000073ea00000|100%| E|CS|TAMS 0x000000073e800000| PB 0x000000073e800000| Complete 
| 501|0x000000073ea00000, 0x000000073ec00000, 0x000000073ec00000|100%| E|CS|TAMS 0x000000073ea00000| PB 0x000000073ea00000| Complete 
| 502|0x000000073ec00000, 0x000000073ee00000, 0x000000073ee00000|100%| E|CS|TAMS 0x000000073ec00000| PB 0x000000073ec00000| Complete 
| 503|0x000000073ee00000, 0x000000073f000000, 0x000000073f000000|100%| E|CS|TAMS 0x000000073ee00000| PB 0x000000073ee00000| Complete 
| 504|0x000000073f000000, 0x000000073f200000, 0x000000073f200000|100%| E|CS|TAMS 0x000000073f000000| PB 0x000000073f000000| Complete 
| 505|0x000000073f200000, 0x000000073f400000, 0x000000073f400000|100%| E|CS|TAMS 0x000000073f200000| PB 0x000000073f200000| Complete 
| 506|0x000000073f400000, 0x000000073f600000, 0x000000073f600000|100%| E|CS|TAMS 0x000000073f400000| PB 0x000000073f400000| Complete 
| 507|0x000000073f600000, 0x000000073f800000, 0x000000073f800000|100%| E|CS|TAMS 0x000000073f600000| PB 0x000000073f600000| Complete 
| 508|0x000000073f800000, 0x000000073fa00000, 0x000000073fa00000|100%| E|CS|TAMS 0x000000073f800000| PB 0x000000073f800000| Complete 
| 509|0x000000073fa00000, 0x000000073fc00000, 0x000000073fc00000|100%| E|CS|TAMS 0x000000073fa00000| PB 0x000000073fa00000| Complete 
| 510|0x000000073fc00000, 0x000000073fe00000, 0x000000073fe00000|100%| E|CS|TAMS 0x000000073fc00000| PB 0x000000073fc00000| Complete 
| 511|0x000000073fe00000, 0x0000000740000000, 0x0000000740000000|100%| E|CS|TAMS 0x000000073fe00000| PB 0x000000073fe00000| Complete 
| 512|0x0000000740000000, 0x0000000740200000, 0x0000000740200000|100%| E|CS|TAMS 0x0000000740000000| PB 0x0000000740000000| Complete 
| 513|0x0000000740200000, 0x0000000740400000, 0x0000000740400000|100%| E|CS|TAMS 0x0000000740200000| PB 0x0000000740200000| Complete 
| 514|0x0000000740400000, 0x0000000740600000, 0x0000000740600000|100%| E|CS|TAMS 0x0000000740400000| PB 0x0000000740400000| Complete 
| 515|0x0000000740600000, 0x0000000740800000, 0x0000000740800000|100%| E|CS|TAMS 0x0000000740600000| PB 0x0000000740600000| Complete 
| 516|0x0000000740800000, 0x0000000740a00000, 0x0000000740a00000|100%| E|CS|TAMS 0x0000000740800000| PB 0x0000000740800000| Complete 
| 517|0x0000000740a00000, 0x0000000740c00000, 0x0000000740c00000|100%| E|CS|TAMS 0x0000000740a00000| PB 0x0000000740a00000| Complete 
| 518|0x0000000740c00000, 0x0000000740e00000, 0x0000000740e00000|100%| E|CS|TAMS 0x0000000740c00000| PB 0x0000000740c00000| Complete 
| 519|0x0000000740e00000, 0x0000000741000000, 0x0000000741000000|100%| E|CS|TAMS 0x0000000740e00000| PB 0x0000000740e00000| Complete 
| 520|0x0000000741000000, 0x0000000741200000, 0x0000000741200000|100%| E|CS|TAMS 0x0000000741000000| PB 0x0000000741000000| Complete 
| 521|0x0000000741200000, 0x0000000741400000, 0x0000000741400000|100%| E|CS|TAMS 0x0000000741200000| PB 0x0000000741200000| Complete 
| 522|0x0000000741400000, 0x0000000741600000, 0x0000000741600000|100%| E|CS|TAMS 0x0000000741400000| PB 0x0000000741400000| Complete 
| 523|0x0000000741600000, 0x0000000741800000, 0x0000000741800000|100%| E|CS|TAMS 0x0000000741600000| PB 0x0000000741600000| Complete 
| 524|0x0000000741800000, 0x0000000741a00000, 0x0000000741a00000|100%| E|CS|TAMS 0x0000000741800000| PB 0x0000000741800000| Complete 
| 525|0x0000000741a00000, 0x0000000741c00000, 0x0000000741c00000|100%| E|CS|TAMS 0x0000000741a00000| PB 0x0000000741a00000| Complete 
| 526|0x0000000741c00000, 0x0000000741e00000, 0x0000000741e00000|100%| E|CS|TAMS 0x0000000741c00000| PB 0x0000000741c00000| Complete 
| 527|0x0000000741e00000, 0x0000000742000000, 0x0000000742000000|100%| E|CS|TAMS 0x0000000741e00000| PB 0x0000000741e00000| Complete 
| 528|0x0000000742000000, 0x0000000742200000, 0x0000000742200000|100%| E|CS|TAMS 0x0000000742000000| PB 0x0000000742000000| Complete 
| 529|0x0000000742200000, 0x0000000742400000, 0x0000000742400000|100%| E|CS|TAMS 0x0000000742200000| PB 0x0000000742200000| Complete 
| 530|0x0000000742400000, 0x0000000742600000, 0x0000000742600000|100%| E|CS|TAMS 0x0000000742400000| PB 0x0000000742400000| Complete 
| 531|0x0000000742600000, 0x0000000742800000, 0x0000000742800000|100%| E|CS|TAMS 0x0000000742600000| PB 0x0000000742600000| Complete 
| 532|0x0000000742800000, 0x0000000742a00000, 0x0000000742a00000|100%| E|CS|TAMS 0x0000000742800000| PB 0x0000000742800000| Complete 
|2035|0x00000007fe600000, 0x00000007fe800000, 0x00000007fe800000|100%| O|Cm|TAMS 0x00000007fe600000| PB 0x00000007fe600000| Complete 
|2036|0x00000007fe800000, 0x00000007fea00000, 0x00000007fea00000|100%| O|  |TAMS 0x00000007fe800000| PB 0x00000007fe800000| Untracked 
|2037|0x00000007fea00000, 0x00000007fec00000, 0x00000007fec00000|100%| O|  |TAMS 0x00000007fea00000| PB 0x00000007fea00000| Untracked 
|2038|0x00000007fec00000, 0x00000007fee00000, 0x00000007fee00000|100%| O|  |TAMS 0x00000007fec00000| PB 0x00000007fec00000| Untracked 
|2039|0x00000007fee00000, 0x00000007ff000000, 0x00000007ff000000|100%| O|  |TAMS 0x00000007fee00000| PB 0x00000007fee00000| Untracked 
|2040|0x00000007ff000000, 0x00000007ff200000, 0x00000007ff200000|100%| O|  |TAMS 0x00000007ff000000| PB 0x00000007ff000000| Untracked 
|2041|0x00000007ff200000, 0x00000007ff400000, 0x00000007ff400000|100%| O|  |TAMS 0x00000007ff200000| PB 0x00000007ff200000| Untracked 
|2042|0x00000007ff400000, 0x00000007ff600000, 0x00000007ff600000|100%| O|  |TAMS 0x00000007ff400000| PB 0x00000007ff400000| Untracked 
|2043|0x00000007ff600000, 0x00000007ff800000, 0x00000007ff800000|100%| E|CS|TAMS 0x00000007ff600000| PB 0x00000007ff600000| Complete 
|2044|0x00000007ff800000, 0x00000007ffa00000, 0x00000007ffa00000|100%| E|CS|TAMS 0x00000007ff800000| PB 0x00000007ff800000| Complete 
|2045|0x00000007ffa00000, 0x00000007ffc00000, 0x00000007ffc00000|100%| E|CS|TAMS 0x00000007ffa00000| PB 0x00000007ffa00000| Complete 
|2046|0x00000007ffc00000, 0x00000007ffe00000, 0x00000007ffe00000|100%| O|  |TAMS 0x00000007ffc00000| PB 0x00000007ffc00000| Untracked 
|2047|0x00000007ffe00000, 0x0000000800000000, 0x0000000800000000|100%| E|CS|TAMS 0x00000007ffe00000| PB 0x00000007ffe00000| Complete 

Card table byte_map: [0x000001cce4d40000,0x000001cce5540000] _byte_map_base: 0x000001cce1540000

Marking Bits: (CMBitMap*) 0x000001ccccc01d40
 Bits: [0x000001cce5540000, 0x000001cce9540000)

Polling page: 0x000001cccad70000

Metaspace:

Usage:
  Non-class:    133.30 MB used.
      Class:     20.45 MB used.
       Both:    153.75 MB used.

Virtual space:
  Non-class space:      192.00 MB reserved,     135.25 MB ( 70%) committed,  3 nodes.
      Class space:      832.00 MB reserved,      22.31 MB (  3%) committed,  1 nodes.
             Both:        1.00 GB reserved,     157.56 MB ( 15%) committed. 

Chunk freelists:
   Non-Class:  8.37 MB
       Class:  9.69 MB
        Both:  18.06 MB

MaxMetaspaceSize: 1.00 GB
CompressedClassSpaceSize: 832.00 MB
Initial GC threshold: 21.00 MB
Current GC threshold: 261.38 MB
CDS: on
 - commit_granule_bytes: 65536.
 - commit_granule_words: 8192.
 - virtual_space_node_default_size: 8388608.
 - enlarge_chunks_in_place: 1.
 - use_allocation_guard: 0.


Internal statistics:

num_allocs_failed_limit: 12.
num_arena_births: 6282.
num_arena_deaths: 0.
num_vsnodes_births: 4.
num_vsnodes_deaths: 0.
num_space_committed: 2519.
num_space_uncommitted: 0.
num_chunks_returned_to_freelist: 12.
num_chunks_taken_from_freelist: 14395.
num_chunk_merges: 12.
num_chunk_splits: 9093.
num_chunks_enlarged: 5442.
num_inconsistent_stats: 0.

CodeHeap 'non-profiled nmethods': size=120000Kb used=22250Kb max_used=23445Kb free=97749Kb
 bounds [0x000001ccdcab0000, 0x000001ccde1a0000, 0x000001cce3fe0000]
CodeHeap 'profiled nmethods': size=120000Kb used=42568Kb max_used=44469Kb free=77432Kb
 bounds [0x000001ccd4fe0000, 0x000001ccd7b70000, 0x000001ccdc510000]
CodeHeap 'non-nmethods': size=5760Kb used=3381Kb max_used=3479Kb free=2378Kb
 bounds [0x000001ccdc510000, 0x000001ccdc880000, 0x000001ccdcab0000]
 total_blobs=21784 nmethods=20667 adapters=1020
 compilation: enabled
              stopped_count=0, restarted_count=0
 full_count=0

Compilation events (20 events):
Event: 888.512 Thread 0x000001ccec0d8f30 nmethod 34332 0x000001ccd54bfc90 code [0x000001ccd54bfe60, 0x000001ccd54c00b0]
Event: 888.512 Thread 0x000001ccec0d8f30 34335       3       com.esotericsoftware.kryo.io.Output::writeInt (81 bytes)
Event: 888.512 Thread 0x000001ccec0d8f30 nmethod 34335 0x000001ccd55d9990 code [0x000001ccd55d9b40, 0x000001ccd55d9d80]
Event: 888.513 Thread 0x000001ccec0d7be0 nmethod 34333 0x000001ccdcd82c90 code [0x000001ccdcd82e40, 0x000001ccdcd83040]
Event: 888.513 Thread 0x000001ccec0d7be0 34334       4       org.gradle.launcher.daemon.protocol.DaemonMessageSerializer$OutputMessageSerializer::write (10 bytes)
Event: 888.517 Thread 0x000001ccec0d7be0 nmethod 34334 0x000001ccdd9ad110 code [0x000001ccdd9ad320, 0x000001ccdd9ad830]
Event: 892.002 Thread 0x000001ccec0d8f30 34336       3       org.gradle.launcher.daemon.registry.DaemonInfo$Serializer::<init> (10 bytes)
Event: 892.003 Thread 0x000001ccec0d8f30 nmethod 34336 0x000001ccd57ae410 code [0x000001ccd57ae5c0, 0x000001ccd57ae780]
Event: 895.494 Thread 0x000001ccec0d8f30 34337       3       org.gradle.util.internal.CollectionUtils::sort (12 bytes)
Event: 895.494 Thread 0x000001ccec0d8f30 nmethod 34337 0x000001ccd5676d10 code [0x000001ccd5676ee0, 0x000001ccd5677138]
Event: 902.000 Thread 0x000001ccec0d8f30 34338       3       org.gradle.launcher.daemon.server.health.gc.GarbageCollectionStats::calculateAverageUsage (53 bytes)
Event: 902.001 Thread 0x000001ccec0d8f30 nmethod 34338 0x000001ccd5c7b810 code [0x000001ccd5c7ba20, 0x000001ccd5c7c080]
Event: 902.001 Thread 0x000001ccec0d8f30 34339       3       org.gradle.cache.internal.DefaultFileLockManager::lock (10 bytes)
Event: 902.001 Thread 0x000001ccec0d8f30 nmethod 34339 0x000001ccd5b5bc90 code [0x000001ccd5b5be40, 0x000001ccd5b5bfa0]
Event: 902.001 Thread 0x000001ccec0d8f30 34340       3       org.gradle.cache.internal.DefaultFileLockManager::lock (11 bytes)
Event: 902.001 Thread 0x000001ccec0d8f30 nmethod 34340 0x000001ccd5b6d090 code [0x000001ccd5b6d240, 0x000001ccd5b6d3a0]
Event: 912.013 Thread 0x000001ccec0d8f30 34341       3       java.lang.StackTraceElement::length (13 bytes)
Event: 912.013 Thread 0x000001ccec0d8f30 nmethod 34341 0x000001ccd58af710 code [0x000001ccd58af8c0, 0x000001ccd58afb20]
Event: 912.013 Thread 0x000001ccec0d8f30 34342       3       java.lang.String::indexOf (37 bytes)
Event: 912.013 Thread 0x000001ccec0d8f30 nmethod 34342 0x000001ccd54c8210 code [0x000001ccd54c8420, 0x000001ccd54c88b8]

GC Heap History (20 events):
Event: 348.831 GC heap before
{Heap before GC invocations=73 (full 0):
 garbage-first heap   total 833536K, used 642522K [0x0000000700000000, 0x0000000800000000)
  region size 2048K, 102 young (208896K), 15 survivors (30720K)
 Metaspace       used 142648K, committed 146176K, reserved 983040K
  class space    used 19151K, committed 20864K, reserved 851968K
}
Event: 348.851 GC heap after
{Heap after GC invocations=74 (full 0):
 garbage-first heap   total 833536K, used 493211K [0x0000000700000000, 0x0000000800000000)
  region size 2048K, 13 young (26624K), 13 survivors (26624K)
 Metaspace       used 142648K, committed 146176K, reserved 983040K
  class space    used 19151K, committed 20864K, reserved 851968K
}
Event: 350.696 GC heap before
{Heap before GC invocations=74 (full 0):
 garbage-first heap   total 833536K, used 738971K [0x0000000700000000, 0x0000000800000000)
  region size 2048K, 133 young (272384K), 13 survivors (26624K)
 Metaspace       used 146666K, committed 150272K, reserved 983040K
  class space    used 19692K, committed 21440K, reserved 851968K
}
Event: 350.729 GC heap after
{Heap after GC invocations=75 (full 0):
 garbage-first heap   total 833536K, used 455666K [0x0000000700000000, 0x0000000800000000)
  region size 2048K, 17 young (34816K), 17 survivors (34816K)
 Metaspace       used 146666K, committed 150272K, reserved 983040K
  class space    used 19692K, committed 21440K, reserved 851968K
}
Event: 352.663 GC heap before
{Heap before GC invocations=75 (full 0):
 garbage-first heap   total 833536K, used 721906K [0x0000000700000000, 0x0000000800000000)
  region size 2048K, 148 young (303104K), 17 survivors (34816K)
 Metaspace       used 147545K, committed 151104K, reserved 983040K
  class space    used 19793K, committed 21504K, reserved 851968K
}
Event: 352.706 GC heap after
{Heap after GC invocations=76 (full 0):
 garbage-first heap   total 833536K, used 454535K [0x0000000700000000, 0x0000000800000000)
  region size 2048K, 11 young (22528K), 11 survivors (22528K)
 Metaspace       used 147545K, committed 151104K, reserved 983040K
  class space    used 19793K, committed 21504K, reserved 851968K
}
Event: 353.698 GC heap before
{Heap before GC invocations=76 (full 0):
 garbage-first heap   total 833536K, used 728967K [0x0000000700000000, 0x0000000800000000)
  region size 2048K, 146 young (299008K), 11 survivors (22528K)
 Metaspace       used 147660K, committed 151168K, reserved 983040K
  class space    used 19797K, committed 21504K, reserved 851968K
}
Event: 353.712 GC heap after
{Heap after GC invocations=77 (full 0):
 garbage-first heap   total 833536K, used 467091K [0x0000000700000000, 0x0000000800000000)
  region size 2048K, 7 young (14336K), 7 survivors (14336K)
 Metaspace       used 147660K, committed 151168K, reserved 983040K
  class space    used 19797K, committed 21504K, reserved 851968K
}
Event: 354.772 GC heap before
{Heap before GC invocations=78 (full 0):
 garbage-first heap   total 833536K, used 729235K [0x0000000700000000, 0x0000000800000000)
  region size 2048K, 144 young (294912K), 7 survivors (14336K)
 Metaspace       used 147984K, committed 151616K, reserved 983040K
  class space    used 19817K, committed 21568K, reserved 851968K
}
Event: 354.782 GC heap after
{Heap after GC invocations=79 (full 0):
 garbage-first heap   total 833536K, used 458276K [0x0000000700000000, 0x0000000800000000)
  region size 2048K, 11 young (22528K), 11 survivors (22528K)
 Metaspace       used 147984K, committed 151616K, reserved 983040K
  class space    used 19817K, committed 21568K, reserved 851968K
}
Event: 355.795 GC heap before
{Heap before GC invocations=79 (full 0):
 garbage-first heap   total 833536K, used 749092K [0x0000000700000000, 0x0000000800000000)
  region size 2048K, 154 young (315392K), 11 survivors (22528K)
 Metaspace       used 148203K, committed 151808K, reserved 1048576K
  class space    used 19826K, committed 21568K, reserved 851968K
}
Event: 355.832 GC heap after
{Heap after GC invocations=80 (full 0):
 garbage-first heap   total 833536K, used 407170K [0x0000000700000000, 0x0000000800000000)
  region size 2048K, 15 young (30720K), 15 survivors (30720K)
 Metaspace       used 148203K, committed 151808K, reserved 1048576K
  class space    used 19826K, committed 21568K, reserved 851968K
}
Event: 358.216 GC heap before
{Heap before GC invocations=80 (full 0):
 garbage-first heap   total 833536K, used 755330K [0x0000000700000000, 0x0000000800000000)
  region size 2048K, 186 young (380928K), 15 survivors (30720K)
 Metaspace       used 150770K, committed 154432K, reserved 1048576K
  class space    used 20154K, committed 21888K, reserved 851968K
}
Event: 358.232 GC heap after
{Heap after GC invocations=81 (full 0):
 garbage-first heap   total 833536K, used 417834K [0x0000000700000000, 0x0000000800000000)
  region size 2048K, 17 young (34816K), 17 survivors (34816K)
 Metaspace       used 150770K, committed 154432K, reserved 1048576K
  class space    used 20154K, committed 21888K, reserved 851968K
}
Event: 550.664 GC heap before
{Heap before GC invocations=82 (full 0):
 garbage-first heap   total 1062912K, used 1058858K [0x0000000700000000, 0x0000000800000000)
  region size 2048K, 144 young (294912K), 17 survivors (34816K)
 Metaspace       used 154107K, committed 157824K, reserved 1048576K
  class space    used 20574K, committed 22400K, reserved 851968K
}
Event: 550.687 GC heap after
{Heap after GC invocations=83 (full 0):
 garbage-first heap   total 1118208K, used 570738K [0x0000000700000000, 0x0000000800000000)
  region size 2048K, 19 young (38912K), 19 survivors (38912K)
 Metaspace       used 154107K, committed 157824K, reserved 1048576K
  class space    used 20574K, committed 22400K, reserved 851968K
}
Event: 867.390 GC heap before
{Heap before GC invocations=83 (full 0):
 garbage-first heap   total 1118208K, used 1019250K [0x0000000700000000, 0x0000000800000000)
  region size 2048K, 239 young (489472K), 19 survivors (38912K)
 Metaspace       used 155958K, committed 159744K, reserved 1048576K
  class space    used 20781K, committed 22656K, reserved 851968K
}
Event: 867.424 GC heap after
{Heap after GC invocations=84 (full 0):
 garbage-first heap   total 1118208K, used 462674K [0x0000000700000000, 0x0000000800000000)
  region size 2048K, 30 young (61440K), 30 survivors (61440K)
 Metaspace       used 155958K, committed 159744K, reserved 1048576K
  class space    used 20781K, committed 22656K, reserved 851968K
}
Event: 870.059 GC heap before
{Heap before GC invocations=84 (full 0):
 garbage-first heap   total 1118208K, used 999250K [0x0000000700000000, 0x0000000800000000)
  region size 2048K, 292 young (598016K), 30 survivors (61440K)
 Metaspace       used 156633K, committed 160576K, reserved 1048576K
  class space    used 20845K, committed 22784K, reserved 851968K
}
Event: 870.101 GC heap after
{Heap after GC invocations=85 (full 0):
 garbage-first heap   total 1118208K, used 518144K [0x0000000700000000, 0x0000000800000000)
  region size 2048K, 29 young (59392K), 29 survivors (59392K)
 Metaspace       used 156633K, committed 160576K, reserved 1048576K
  class space    used 20845K, committed 22784K, reserved 851968K
}

Dll operation events (15 events):
Event: 0.015 Loaded shared library C:\Program Files\Java\jdk-21\bin\java.dll
Event: 0.048 Loaded shared library C:\Program Files\Java\jdk-21\bin\jsvml.dll
Event: 0.090 Loaded shared library C:\Program Files\Java\jdk-21\bin\zip.dll
Event: 0.096 Loaded shared library C:\Program Files\Java\jdk-21\bin\instrument.dll
Event: 0.100 Loaded shared library C:\Program Files\Java\jdk-21\bin\net.dll
Event: 0.103 Loaded shared library C:\Program Files\Java\jdk-21\bin\nio.dll
Event: 0.106 Loaded shared library C:\Program Files\Java\jdk-21\bin\zip.dll
Event: 0.359 Loaded shared library C:\Program Files\Java\jdk-21\bin\jimage.dll
Event: 0.518 Loaded shared library C:\Program Files\Java\jdk-21\bin\verify.dll
Event: 0.625 Loaded shared library C:\Users\roybe\.gradle\native\1def1411415f61bf3af743bc5b6707747c0891f09f0c88961ee8f79bc544acac\windows-amd64\native-platform.dll
Event: 0.637 Loaded shared library C:\Users\roybe\.gradle\native\0.2.7\x86_64-windows-gnu\gradle-fileevents.dll
Event: 1.690 Loaded shared library C:\Program Files\Java\jdk-21\bin\management.dll
Event: 1.693 Loaded shared library C:\Program Files\Java\jdk-21\bin\management_ext.dll
Event: 1.820 Loaded shared library C:\Program Files\Java\jdk-21\bin\extnet.dll
Event: 2.035 Loaded shared library C:\Program Files\Java\jdk-21\bin\sunmscapi.dll

Deoptimization events (20 events):
Event: 887.200 Thread 0x000001ccb83c64b0 Uncommon trap: trap_request=0xffffff45 fr.pc=0x000001ccdd540440 relative=0x00000000000014c0
Event: 887.200 Thread 0x000001ccb83c64b0 Uncommon trap: reason=unstable_if action=reinterpret pc=0x000001ccdd540440 method=java.lang.String.encodeUTF8(B[BZ)[B @ 2 c2
Event: 887.200 Thread 0x000001ccb83c64b0 DEOPT PACKING pc=0x000001ccdd540440 sp=0x000000b08f0fc7f0
Event: 887.200 Thread 0x000001ccb83c64b0 DEOPT UNPACKING pc=0x000001ccdc567da2 sp=0x000000b08f0fc5a8 mode 2
Event: 888.501 Thread 0x000001ccfefa5cb0 Uncommon trap: trap_request=0xffffff45 fr.pc=0x000001ccddccdb1c relative=0x000000000000145c
Event: 888.501 Thread 0x000001ccfefa5cb0 Uncommon trap: reason=unstable_if action=reinterpret pc=0x000001ccddccdb1c method=java.lang.String.indexOf(II)I @ 4 c2
Event: 888.501 Thread 0x000001ccfefa5cb0 DEOPT PACKING pc=0x000001ccddccdb1c sp=0x000000b0960fe4f0
Event: 888.501 Thread 0x000001ccfefa5cb0 DEOPT UNPACKING pc=0x000001ccdc567da2 sp=0x000000b0960fe190 mode 2
Event: 888.501 Thread 0x000001ccfefa5cb0 Uncommon trap: trap_request=0xffffff45 fr.pc=0x000001ccdcacc794 relative=0x00000000000001f4
Event: 888.501 Thread 0x000001ccfefa5cb0 Uncommon trap: reason=unstable_if action=reinterpret pc=0x000001ccdcacc794 method=java.lang.String.indexOf(II)I @ 4 c2
Event: 888.501 Thread 0x000001ccfefa5cb0 DEOPT PACKING pc=0x000001ccdcacc794 sp=0x000000b0960fe200
Event: 888.501 Thread 0x000001ccfefa5cb0 DEOPT UNPACKING pc=0x000001ccdc567da2 sp=0x000000b0960fe188 mode 2
Event: 888.511 Thread 0x000001ccb83b57a0 Uncommon trap: trap_request=0xffffff45 fr.pc=0x000001ccdd39d3e4 relative=0x0000000000000284
Event: 888.512 Thread 0x000001ccb83b57a0 Uncommon trap: reason=unstable_if action=reinterpret pc=0x000001ccdd39d3e4 method=com.esotericsoftware.kryo.io.Output.writeString(Ljava/lang/CharSequence;)V @ 83 c2
Event: 888.512 Thread 0x000001ccb83b57a0 DEOPT PACKING pc=0x000001ccdd39d3e4 sp=0x000000b08bafea80
Event: 888.512 Thread 0x000001ccb83b57a0 DEOPT UNPACKING pc=0x000001ccdc567da2 sp=0x000000b08bafe9b8 mode 2
Event: 888.512 Thread 0x000001ccb83b57a0 Uncommon trap: trap_request=0xffffff45 fr.pc=0x000001ccdcfbfe18 relative=0x0000000000000298
Event: 888.512 Thread 0x000001ccb83b57a0 Uncommon trap: reason=unstable_if action=reinterpret pc=0x000001ccdcfbfe18 method=com.esotericsoftware.kryo.io.Output.writeString(Ljava/lang/CharSequence;)V @ 83 c2
Event: 888.512 Thread 0x000001ccb83b57a0 DEOPT PACKING pc=0x000001ccdcfbfe18 sp=0x000000b08bafea20
Event: 888.512 Thread 0x000001ccb83b57a0 DEOPT UNPACKING pc=0x000001ccdc567da2 sp=0x000000b08bafe9c0 mode 2

Classes loaded (20 events):
Event: 551.096 Loading class javax/management/MBeanRegistrationException
Event: 551.096 Loading class javax/management/MBeanException
Event: 551.096 Loading class javax/management/MBeanException done
Event: 551.096 Loading class javax/management/MBeanRegistrationException done
Event: 551.096 Loading class javax/management/NotCompliantMBeanException
Event: 551.096 Loading class javax/management/NotCompliantMBeanException done
Event: 551.096 Loading class javax/management/AttributeNotFoundException
Event: 551.096 Loading class javax/management/AttributeNotFoundException done
Event: 551.096 Loading class javax/management/ReflectionException
Event: 551.096 Loading class javax/management/ReflectionException done
Event: 551.096 Loading class javax/management/InstanceNotFoundException
Event: 551.096 Loading class javax/management/InstanceNotFoundException done
Event: 551.125 Loading class java/nio/channels/CancelledKeyException
Event: 551.125 Loading class java/nio/channels/CancelledKeyException done
Event: 551.147 Loading class java/lang/ProcessBuilder$NullInputStream
Event: 551.148 Loading class java/lang/ProcessBuilder$NullInputStream done
Event: 551.251 Loading class java/nio/channels/AsynchronousCloseException
Event: 551.251 Loading class java/nio/channels/AsynchronousCloseException done
Event: 551.254 Loading class sun/nio/ch/SocketChannelImpl$DefaultOptionsHolder
Event: 551.254 Loading class sun/nio/ch/SocketChannelImpl$DefaultOptionsHolder done

Classes unloaded (0 events):
No events

Classes redefined (0 events):
No events

Internal exceptions (20 events):
Event: 912.014 Thread 0x000001ccf215ca40 Exception <a 'java/io/IOException'{0x0000000732454800}> (0x0000000732454800) 
thrown [s\open\src\hotspot\share\prims\jni.cpp, line 520]
Event: 912.014 Thread 0x000001ccf215ca40 Exception <a 'java/io/IOException'{0x0000000732454e30}> (0x0000000732454e30) 
thrown [s\open\src\hotspot\share\prims\jni.cpp, line 520]
Event: 912.014 Thread 0x000001ccf215ca40 Exception <a 'java/io/IOException'{0x0000000732455530}> (0x0000000732455530) 
thrown [s\open\src\hotspot\share\prims\jni.cpp, line 520]
Event: 912.014 Thread 0x000001ccf215ca40 Exception <a 'java/io/IOException'{0x0000000732455b60}> (0x0000000732455b60) 
thrown [s\open\src\hotspot\share\prims\jni.cpp, line 520]
Event: 912.014 Thread 0x000001ccf215ca40 Exception <a 'java/io/IOException'{0x00000007324561f8}> (0x00000007324561f8) 
thrown [s\open\src\hotspot\share\prims\jni.cpp, line 520]
Event: 912.014 Thread 0x000001ccf215ca40 Exception <a 'java/io/IOException'{0x0000000732456828}> (0x0000000732456828) 
thrown [s\open\src\hotspot\share\prims\jni.cpp, line 520]
Event: 912.014 Thread 0x000001ccf215ca40 Exception <a 'java/io/IOException'{0x0000000732456ec8}> (0x0000000732456ec8) 
thrown [s\open\src\hotspot\share\prims\jni.cpp, line 520]
Event: 912.014 Thread 0x000001ccf215ca40 Exception <a 'java/io/IOException'{0x00000007324574f8}> (0x00000007324574f8) 
thrown [s\open\src\hotspot\share\prims\jni.cpp, line 520]
Event: 912.014 Thread 0x000001ccf215ca40 Exception <a 'java/io/IOException'{0x0000000732457b98}> (0x0000000732457b98) 
thrown [s\open\src\hotspot\share\prims\jni.cpp, line 520]
Event: 912.014 Thread 0x000001ccf215ca40 Exception <a 'java/io/IOException'{0x00000007324581c8}> (0x00000007324581c8) 
thrown [s\open\src\hotspot\share\prims\jni.cpp, line 520]
Event: 912.014 Thread 0x000001ccf215ca40 Exception <a 'java/io/IOException'{0x0000000732458868}> (0x0000000732458868) 
thrown [s\open\src\hotspot\share\prims\jni.cpp, line 520]
Event: 912.014 Thread 0x000001ccf215ca40 Exception <a 'java/io/IOException'{0x0000000732458e98}> (0x0000000732458e98) 
thrown [s\open\src\hotspot\share\prims\jni.cpp, line 520]
Event: 912.014 Thread 0x000001ccf215ca40 Exception <a 'java/io/IOException'{0x0000000732459548}> (0x0000000732459548) 
thrown [s\open\src\hotspot\share\prims\jni.cpp, line 520]
Event: 912.014 Thread 0x000001ccf215ca40 Exception <a 'java/io/IOException'{0x0000000732459b78}> (0x0000000732459b78) 
thrown [s\open\src\hotspot\share\prims\jni.cpp, line 520]
Event: 912.014 Thread 0x000001ccf215ca40 Exception <a 'java/io/IOException'{0x000000073245a240}> (0x000000073245a240) 
thrown [s\open\src\hotspot\share\prims\jni.cpp, line 520]
Event: 912.014 Thread 0x000001ccf215ca40 Exception <a 'java/io/IOException'{0x000000073245a870}> (0x000000073245a870) 
thrown [s\open\src\hotspot\share\prims\jni.cpp, line 520]
Event: 912.014 Thread 0x000001ccf215ca40 Exception <a 'java/io/IOException'{0x000000073245af28}> (0x000000073245af28) 
thrown [s\open\src\hotspot\share\prims\jni.cpp, line 520]
Event: 912.014 Thread 0x000001ccf215ca40 Exception <a 'java/io/IOException'{0x000000073245b558}> (0x000000073245b558) 
thrown [s\open\src\hotspot\share\prims\jni.cpp, line 520]
Event: 912.014 Thread 0x000001ccf215ca40 Exception <a 'java/io/IOException'{0x000000073245bbc0}> (0x000000073245bbc0) 
thrown [s\open\src\hotspot\share\prims\jni.cpp, line 520]
Event: 912.014 Thread 0x000001ccf215ca40 Exception <a 'java/io/IOException'{0x000000073245c1f0}> (0x000000073245c1f0) 
thrown [s\open\src\hotspot\share\prims\jni.cpp, line 520]

ZGC Phase Switch (0 events):
No events

VM Operations (20 events):
Event: 880.509 Executing VM operation: Cleanup done
Event: 883.537 Executing VM operation: Cleanup
Event: 883.537 Executing VM operation: Cleanup done
Event: 885.553 Executing VM operation: Cleanup
Event: 885.553 Executing VM operation: Cleanup done
Event: 886.569 Executing VM operation: Cleanup
Event: 886.569 Executing VM operation: Cleanup done
Event: 887.584 Executing VM operation: Cleanup
Event: 887.584 Executing VM operation: Cleanup done
Event: 889.599 Executing VM operation: Cleanup
Event: 889.599 Executing VM operation: Cleanup done
Event: 892.641 Executing VM operation: Cleanup
Event: 892.641 Executing VM operation: Cleanup done
Event: 899.683 Executing VM operation: Cleanup
Event: 899.683 Executing VM operation: Cleanup done
Event: 901.985 Executing VM operation: HandshakeAllThreads (HandshakeForDeflation)
Event: 901.985 Executing VM operation: HandshakeAllThreads (HandshakeForDeflation) done
Event: 901.985 Executing VM operation: RendezvousGCThreads
Event: 901.985 Executing VM operation: RendezvousGCThreads done
Event: 912.088 Executing VM operation: Cleanup

Events (20 events):
Event: 870.333 Thread 0x000001ccec091ef0 flushing nmethod 0x000001ccdcb08190
Event: 870.333 Thread 0x000001ccec091ef0 flushing nmethod 0x000001ccdcaf5c90
Event: 870.333 Thread 0x000001ccec091ef0 flushing nmethod 0x000001ccdcaec790
Event: 870.333 Thread 0x000001ccec091ef0 flushing nmethod 0x000001ccdcacf610
Event: 870.333 Thread 0x000001ccec091ef0 flushing nmethod 0x000001ccdcacda10
Event: 870.333 Thread 0x000001ccec091ef0 flushing nmethod 0x000001ccdcae2710
Event: 870.333 Thread 0x000001ccec091ef0 flushing nmethod 0x000001ccdcae2410
Event: 870.333 Thread 0x000001ccec091ef0 flushing nmethod 0x000001ccdcabd290
Event: 870.333 Thread 0x000001ccec091ef0 flushing nmethod 0x000001ccdcaeb590
Event: 870.333 Thread 0x000001ccec091ef0 flushing nmethod 0x000001ccdcabc990
Event: 870.333 Thread 0x000001ccec091ef0 flushing nmethod 0x000001ccdcabc690
Event: 870.333 Thread 0x000001ccec091ef0 flushing nmethod 0x000001ccdcae0190
Event: 870.333 Thread 0x000001ccec091ef0 flushing nmethod 0x000001ccdcad6b90
Event: 870.333 Thread 0x000001ccec091ef0 flushing nmethod 0x000001ccdcab9b10
Event: 870.333 Thread 0x000001ccec091ef0 flushing nmethod 0x000001ccdcab7f90
Event: 870.333 Thread 0x000001ccec091ef0 flushing nmethod 0x000001ccdcab7690
Event: 870.333 Thread 0x000001ccec091ef0 flushing nmethod 0x000001ccdcab0010
Event: 886.271 Thread 0x000001ccf51fccc0 Thread added: 0x000001ccf51fccc0
Event: 887.202 Thread 0x000001ccb6620c40 Thread added: 0x000001ccb6620c40
Event: 887.771 Thread 0x000001ccb6620c40 Thread exited: 0x000001ccb6620c40


Dynamic libraries:
0x00007ff7cf640000 - 0x00007ff7cf650000 	C:\Program Files\Java\jdk-21\bin\java.exe
0x00007ffec14c0000 - 0x00007ffec1726000 	C:\WINDOWS\SYSTEM32\ntdll.dll
0x00007ffec0200000 - 0x00007ffec02c9000 	C:\WINDOWS\System32\KERNEL32.DLL
0x00007ffebe8d0000 - 0x00007ffebecca000 	C:\WINDOWS\System32\KERNELBASE.dll
0x00007ffeb7720000 - 0x00007ffeb77c0000 	C:\WINDOWS\SYSTEM32\apphelp.dll
0x00007ffebee00000 - 0x00007ffebef4c000 	C:\WINDOWS\System32\ucrtbase.dll
0x00007ffeb5240000 - 0x00007ffeb5259000 	C:\Program Files\Java\jdk-21\bin\jli.dll
0x00007ffe99a70000 - 0x00007ffe99a8b000 	C:\Program Files\Java\jdk-21\bin\VCRUNTIME140.dll
0x00007ffec0140000 - 0x00007ffec01f6000 	C:\WINDOWS\System32\ADVAPI32.dll
0x00007ffebf230000 - 0x00007ffebf2d9000 	C:\WINDOWS\System32\msvcrt.dll
0x00007ffebf7b0000 - 0x00007ffebf85a000 	C:\WINDOWS\System32\sechost.dll
0x00007ffec0020000 - 0x00007ffec0138000 	C:\WINDOWS\System32\RPCRT4.dll
0x00007ffec0d20000 - 0x00007ffec0ee7000 	C:\WINDOWS\System32\USER32.dll
0x00007ffebf0b0000 - 0x00007ffebf0d7000 	C:\WINDOWS\System32\win32u.dll
0x00007ffea2500000 - 0x00007ffea2792000 	C:\WINDOWS\WinSxS\amd64_microsoft.windows.common-controls_6595b64144ccf1df_6.0.26100.8521_none_3e08b75ce33403b3\COMCTL32.dll
0x00007ffebf860000 - 0x00007ffebf88b000 	C:\WINDOWS\System32\GDI32.dll
0x00007ffebecd0000 - 0x00007ffebedfb000 	C:\WINDOWS\System32\gdi32full.dll
0x00007ffebef50000 - 0x00007ffebeff3000 	C:\WINDOWS\System32\msvcp_win.dll
0x00007ffeb27a0000 - 0x00007ffeb27ab000 	C:\WINDOWS\SYSTEM32\VERSION.dll
0x00007ffec0ef0000 - 0x00007ffec0f22000 	C:\WINDOWS\System32\IMM32.DLL
0x00007ffeb52d0000 - 0x00007ffeb52dc000 	C:\Program Files\Java\jdk-21\bin\vcruntime140_1.dll
0x00007ffe68240000 - 0x00007ffe682ce000 	C:\Program Files\Java\jdk-21\bin\msvcp140.dll
0x00007ffe48340000 - 0x00007ffe49057000 	C:\Program Files\Java\jdk-21\bin\server\jvm.dll
0x00007ffebf640000 - 0x00007ffebf6c0000 	C:\WINDOWS\System32\WS2_32.dll
0x00007ffebd350000 - 0x00007ffebd3ae000 	C:\WINDOWS\SYSTEM32\POWRPROF.dll
0x00007ffeafaf0000 - 0x00007ffeafb26000 	C:\WINDOWS\SYSTEM32\WINMM.dll
0x00007ffebd330000 - 0x00007ffebd344000 	C:\WINDOWS\SYSTEM32\UMPDC.dll
0x00007ffebd600000 - 0x00007ffebd61b000 	C:\WINDOWS\SYSTEM32\kernel.appcore.dll
0x00007ffeb5230000 - 0x00007ffeb523a000 	C:\Program Files\Java\jdk-21\bin\jimage.dll
0x00007ffebb830000 - 0x00007ffebba72000 	C:\WINDOWS\SYSTEM32\DBGHELP.DLL
0x00007ffec0f30000 - 0x00007ffec12b3000 	C:\WINDOWS\System32\combase.dll
0x00007ffebf6d0000 - 0x00007ffebf7a9000 	C:\WINDOWS\System32\OLEAUT32.dll
0x00007ffe8d580000 - 0x00007ffe8d5bb000 	C:\WINDOWS\SYSTEM32\dbgcore.DLL
0x00007ffebf000000 - 0x00007ffebf0a8000 	C:\WINDOWS\System32\bcryptPrimitives.dll
0x00007ffe7adf0000 - 0x00007ffe7adff000 	C:\Program Files\Java\jdk-21\bin\instrument.dll
0x00007ffe99a50000 - 0x00007ffe99a6f000 	C:\Program Files\Java\jdk-21\bin\java.dll
0x00007ffebf890000 - 0x00007ffec0014000 	C:\WINDOWS\System32\SHELL32.dll
0x00007ffebc310000 - 0x00007ffebcb90000 	C:\WINDOWS\SYSTEM32\windows.storage.dll
0x00007ffec0bc0000 - 0x00007ffec0cb6000 	C:\WINDOWS\System32\SHCORE.dll
0x00007ffebf540000 - 0x00007ffebf5a7000 	C:\WINDOWS\System32\shlwapi.dll
0x00007ffebe670000 - 0x00007ffebe699000 	C:\WINDOWS\SYSTEM32\profapi.dll
0x00007ffe68160000 - 0x00007ffe68237000 	C:\Program Files\Java\jdk-21\bin\jsvml.dll
0x00007ffe85a20000 - 0x00007ffe85a38000 	C:\Program Files\Java\jdk-21\bin\zip.dll
0x00007ffe99a40000 - 0x00007ffe99a50000 	C:\Program Files\Java\jdk-21\bin\net.dll
0x00007ffeb5810000 - 0x00007ffeb5939000 	C:\WINDOWS\SYSTEM32\WINHTTP.dll
0x00007ffebdb70000 - 0x00007ffebdbdc000 	C:\WINDOWS\system32\mswsock.dll
0x00007ffe99a20000 - 0x00007ffe99a36000 	C:\Program Files\Java\jdk-21\bin\nio.dll
0x00007ffe99a10000 - 0x00007ffe99a20000 	C:\Program Files\Java\jdk-21\bin\verify.dll
0x00007ffe6d3a0000 - 0x00007ffe6d3c7000 	C:\Users\roybe\.gradle\native\1def1411415f61bf3af743bc5b6707747c0891f09f0c88961ee8f79bc544acac\windows-amd64\native-platform.dll
0x00007ffe6cae0000 - 0x00007ffe6cb58000 	C:\Users\roybe\.gradle\native\0.2.7\x86_64-windows-gnu\gradle-fileevents.dll
0x00007ffe8a470000 - 0x00007ffe8a47a000 	C:\Program Files\Java\jdk-21\bin\management.dll
0x00007ffe86220000 - 0x00007ffe8622b000 	C:\Program Files\Java\jdk-21\bin\management_ext.dll
0x00007ffebf310000 - 0x00007ffebf318000 	C:\WINDOWS\System32\PSAPI.DLL
0x00007ffebcff0000 - 0x00007ffebd023000 	C:\WINDOWS\SYSTEM32\IPHLPAPI.DLL
0x00007ffec06a0000 - 0x00007ffec06aa000 	C:\WINDOWS\System32\NSI.dll
0x00007ffe82250000 - 0x00007ffe82259000 	C:\Program Files\Java\jdk-21\bin\extnet.dll
0x00007ffebde50000 - 0x00007ffebde6b000 	C:\WINDOWS\SYSTEM32\CRYPTSP.dll
0x00007ffebd560000 - 0x00007ffebd599000 	C:\WINDOWS\system32\rsaenh.dll
0x00007ffebdc20000 - 0x00007ffebdc53000 	C:\WINDOWS\SYSTEM32\USERENV.dll
0x00007ffebe640000 - 0x00007ffebe66a000 	C:\WINDOWS\SYSTEM32\bcrypt.dll
0x00007ffebde70000 - 0x00007ffebde7c000 	C:\WINDOWS\SYSTEM32\CRYPTBASE.dll
0x00007ffe7ade0000 - 0x00007ffe7adee000 	C:\Program Files\Java\jdk-21\bin\sunmscapi.dll
0x00007ffebe750000 - 0x00007ffebe8c8000 	C:\WINDOWS\System32\CRYPT32.dll
0x00007ffebe070000 - 0x00007ffebe0a0000 	C:\WINDOWS\SYSTEM32\ncrypt.dll
0x00007ffebe020000 - 0x00007ffebe05f000 	C:\WINDOWS\SYSTEM32\NTASN1.dll
0x00007ffe8d760000 - 0x00007ffe8d768000 	C:\WINDOWS\system32\wshunix.dll
0x00007ffebd720000 - 0x00007ffebd756000 	C:\WINDOWS\SYSTEM32\ntmarta.dll

dbghelp: loaded successfully - version: 4.0.5 - missing functions: none
symbol engine: initialized successfully - sym options: 0x614 - pdb path: .;C:\Program Files\Java\jdk-21\bin;C:\WINDOWS\SYSTEM32;C:\WINDOWS\WinSxS\amd64_microsoft.windows.common-controls_6595b64144ccf1df_6.0.26100.8521_none_3e08b75ce33403b3;C:\Program Files\Java\jdk-21\bin\server;C:\Users\roybe\.gradle\native\1def1411415f61bf3af743bc5b6707747c0891f09f0c88961ee8f79bc544acac\windows-amd64;C:\Users\roybe\.gradle\native\0.2.7\x86_64-windows-gnu

VM Arguments:
jvm_args: --add-opens=java.base/java.lang=ALL-UNNAMED --add-opens=java.base/java.lang.invoke=ALL-UNNAMED --add-opens=java.base/java.util=ALL-UNNAMED --add-opens=java.prefs/java.util.prefs=ALL-UNNAMED --add-exports=jdk.compiler/com.sun.tools.javac.api=ALL-UNNAMED --add-exports=jdk.compiler/com.sun.tools.javac.util=ALL-UNNAMED --add-opens=java.base/java.util=ALL-UNNAMED --add-opens=java.prefs/java.util.prefs=ALL-UNNAMED --add-opens=java.base/java.nio.charset=ALL-UNNAMED --add-opens=java.base/java.net=ALL-UNNAMED --add-opens=java.base/java.util.concurrent.atomic=ALL-UNNAMED --add-opens=java.xml/javax.xml.namespace=ALL-UNNAMED -XX:MaxMetaspaceSize=1024m -Xmx4096m -Dfile.encoding=UTF-8 -Duser.country=IN -Duser.language=en -Duser.variant -javaagent:C:\Users\roybe\.gradle\wrapper\dists\gradle-8.13-all\54h0s9kvb6g2sinako7ub77ku\gradle-8.13\lib\agents\gradle-instrumentation-agent-8.13.jar 
java_command: org.gradle.launcher.daemon.bootstrap.GradleDaemon 8.13
java_class_path (initial): C:\Users\roybe\.gradle\wrapper\dists\gradle-8.13-all\54h0s9kvb6g2sinako7ub77ku\gradle-8.13\lib\gradle-daemon-main-8.13.jar
Launcher Type: SUN_STANDARD

[Global flags]
     intx CICompilerCount                          = 4                                         {product} {ergonomic}
   size_t CompressedClassSpaceSize                 = 872415232                                 {product} {ergonomic}
     uint ConcGCThreads                            = 3                                         {product} {ergonomic}
     uint G1ConcRefinementThreads                  = 10                                        {product} {ergonomic}
   size_t G1HeapRegionSize                         = 2097152                                   {product} {ergonomic}
    uintx GCDrainStackTargetSize                   = 64                                        {product} {ergonomic}
   size_t InitialHeapSize                          = 532676608                                 {product} {ergonomic}
   size_t MarkStackSize                            = 4194304                                   {product} {ergonomic}
   size_t MaxHeapSize                              = 4294967296                                {product} {command line}
   size_t MaxMetaspaceSize                         = 1073741824                                {product} {command line}
   size_t MaxNewSize                               = 2575302656                                {product} {ergonomic}
   size_t MinHeapDeltaBytes                        = 2097152                                   {product} {ergonomic}
   size_t MinHeapSize                              = 8388608                                   {product} {ergonomic}
    uintx NonNMethodCodeHeapSize                   = 5839372                                {pd product} {ergonomic}
    uintx NonProfiledCodeHeapSize                  = 122909434                              {pd product} {ergonomic}
    uintx ProfiledCodeHeapSize                     = 122909434                              {pd product} {ergonomic}
    uintx ReservedCodeCacheSize                    = 251658240                              {pd product} {ergonomic}
     bool SegmentedCodeCache                       = true                                      {product} {ergonomic}
   size_t SoftMaxHeapSize                          = 4294967296                             {manageable} {ergonomic}
     bool UseCompressedOops                        = true                           {product lp64_product} {ergonomic}
     bool UseG1GC                                  = true                                      {product} {ergonomic}
     bool UseLargePagesIndividualAllocation        = false                                  {pd product} {ergonomic}

Logging:
Log output configuration:
 #0: stdout all=warning uptime,level,tags foldmultilines=false
 #1: stderr all=off uptime,level,tags foldmultilines=false

Environment Variables:
JAVA_HOME=C:\Program Files\Java\jdk-21
CLASSPATH=D:\AndroidStudioProjects\Touch\android\\gradle\wrapper\gradle-wrapper.jar
PATH=D:\AndroidStudioProjects\Touch\node_modules\.bin;D:\AndroidStudioProjects\node_modules\.bin;D:\node_modules\.bin;D:\Program Files\nodejs\node_modules\npm\node_modules\@npmcli\run-script\lib\node-gyp-bin;C:\ProgramData\miniconda3\condabin;c:\Users\roybe\AppData\Roaming\Code\User\globalStorage\github.copilot-chat\debugCommand;c:\Users\roybe\AppData\Roaming\Code\User\globalStorage\github.copilot-chat\copilotCli;D:\Program Files (x86)\VMware\VMware Workstation\bin\;D:\Program Files\Eclipse Adoptium\jdk-21.0.5.11-hotspot\bin;C:\Program Files\NVIDIA GPU Computing Toolkit\CUDA\v12.5\bin;C:\Program Files\NVIDIA GPU Computing Toolkit\CUDA\v12.5\libnvvp;C:\Program Files\Python\Python312\Scripts\;C:\Program Files\Python\Python312\;C:\Program Files\Java\jdk-21\bin\;C:\Program Files\Common Files\Oracle\Java\javapath;C:\Program Files (x86)\Common Files\Oracle\Java\javapath;C:\Program Files\NVIDIA GPU Computing Toolkit\CUDA\v10.0\bin;C:\Program Files\NVIDIA GPU Computing Toolkit\CUDA\v10.0\libnvvp;C:\Windows\system32;C:\Windows;C:\Windows\System32\Wbem;C:\Windows\System32\WindowsPowerShell\v1.0\;C:\Windows\System32\OpenSSH\;C:\Program Files (x86)\NVIDIA Corporation\PhysX\Common;C:\Program Files\NVIDIA Corporation\NVIDIA NvDLISR;C:\WINDOWS\system32;C:\WINDOWS;C:\WINDOWS\System32\Wbem;C:\WINDOWS\System32\WindowsPowerShell\v1.0\;C:\WINDOWS\System32\OpenSSH\;C:\Users\indranil.roy\Downloads\platform-tools_r34.0.5-windows\platform-tools;C:\Users\indranil.roy\AppData\Roaming\Python\Python312\Scripts;C:\Program Files\dotnet\;C:\Program Files\NVIDIA Corporation\Nsight Compute 2024.2.1\;C:\Users\roybe\AppData\Roaming\Python\Python312\Scripts;C:\Program Files\Git\cmd;D:\AndroidStudioProjects\chocolatey\bin;C:\ProgramData\miniconda3\Scripts;C:\ProgramData\miniconda3;C:\Program Files (x86)\Google\Cloud SDK\google-cloud-sdk\bin;C:\Program Files\PuTTY\;C:\Program Files (x86)\cloudflared\;C:\Program Files (x86)\cloudflared;C:\Program Files\Go\bin;C:\Program Files\PostgreSQL\17\bin;D:\Program Files\nodejs\;C:\Users\roybe\AppData\Local\Programs\Python\Python38\Scripts\;C:\Users\roybe\AppData\Local\Programs\Python\Python38\;;C:\Program Files\Docker\Docker\resources\bin;C:\Users\roybe\AppData\Local\Programs\Python\Python310\Scripts\;C:\Users\roybe\AppData\Local\Programs\Python\Python310\;C:\Users\roybe\AppData\Local\Programs\Python\Python38\Scripts\;C:\Users\roybe\AppData\Local\Programs\Python\Python38\;C:\Users\roybe\AppData\Local\Programs\Python\Python311\Scripts\;C:\Users\roybe\AppData\Local\Programs\Python\Python311\;C:\Users\roybe\AppData\Local\Programs\Python\Python312\Scripts\;C:\Users\roybe\AppData\Local\Programs\Python\Python312\;C:\Users\roybe\AppData\Local\Programs\Python\Launcher\;C:\Users\roybe\AppData\Local\Microsoft\WindowsApps;D:\VS Code\Microsoft VS Code\bin;C:\Users\roybe\AppData\Local\Microsoft\WinGet\Packages\Schniz.fnm_Microsoft.Winget.Source_8wekyb3d8bbwe;D:\VS Code\npm-global\bin;C:\Users\roybe\AppData\Local\Programs\Ollama;D:\MinGW\bin;D:\AndroidStudioProjects\Sdk\platform-tools;C:\Program Files\MongoDB\Server\8.0\bin;D:\Users\roybe\AppData\Local\Programs\mongosh\;C:\Users\roybe\AppData\Local\GitHubDesktop\bin;C:\Users\roybe\go\bin;C:\Program Files\PostgreSQL\17\bin;C:\Users\roybe\AppData\Roaming\npm;D:\Users\roybe\AppData\Local\Programs\Antigravity\bin;C:\Users\roybe\.local\bin;D:\VS Code\npm-global;C:\Users\roybe\AppData\Roaming\npm;C:\Users\roybe\AppData\Local\Microsoft\WinGet\Packages\astral-sh.uv_Microsoft.Winget.Source_8wekyb3d8bbwe;C:\Users\roybe\AppData\Local\Programs\MiKTeX\miktex\bin\x64\;c:\Users\roybe\.vscode\extensions\ms-python.debugpy-2025.8.0-win32-x64\bundled\scripts\noConfigScripts
USERNAME=roybe
LANG=en_US.UTF-8
OS=Windows_NT
PROCESSOR_IDENTIFIER=Intel64 Family 6 Model 141 Stepping 1, GenuineIntel
TMP=C:\Users\roybe\AppData\Local\Temp
TEMP=C:\Users\roybe\AppData\Local\Temp




Periodic native trim disabled

---------------  S Y S T E M  ---------------

OS:
 Windows 11 , 64 bit Build 26100 (10.0.26100.8521)
OS uptime: 2 days 2:58 hours
Hyper-V role detected

CPU: total 12 (initial active 12) (6 cores per cpu, 2 threads per core) family 6 model 141 stepping 1 microcode 0x50, cx8, cmov, fxsr, ht, mmx, 3dnowpref, sse, sse2, sse3, ssse3, sse4.1, sse4.2, popcnt, lzcnt, tsc, tscinvbit, avx, avx2, aes, erms, clmul, bmi1, bmi2, adx, avx512f, avx512dq, avx512cd, avx512bw, avx512vl, sha, fma, vzeroupper, avx512_vpopcntdq, avx512_vpclmulqdq, avx512_vaes, avx512_vnni, clflush, clflushopt, clwb, avx512_vbmi2, avx512_vbmi, hv, rdtscp, rdpid, fsrm, gfni, avx512_bitalg, f16c, cet_ibt, cet_ss, avx512_ifma
Processor Information for all 12 processors :
  Max Mhz: 2611, Current Mhz: 2611, Mhz Limit: 2611

Memory: 4k page, system-wide physical 32489M (4417M free)
TotalPageFile size 40355M (AvailPageFile size 34M)
current process WorkingSet (physical memory assigned to process): 1648M, peak: 1652M
current process commit charge ("private bytes"): 1706M, peak: 1752M

vm_info: Java HotSpot(TM) 64-Bit Server VM (21.0.2+13-LTS-58) for windows-amd64 JRE (21.0.2+13-LTS-58), built on 2024-01-05T18:32:24Z by "mach5one" with MS VC++ 17.1 (VS2022)

END.
