#
# There is insufficient memory for the Java Runtime Environment to continue.
# Native memory allocation (malloc) failed to allocate 1276192 bytes for Chunk::new
# Possible reasons:
#   The system is out of physical RAM or swap space
#   The process is running with CompressedOops enabled, and the Java Heap may be blocking the growth of the native heap
# Possible solutions:
#   Reduce memory load on the system
#   Increase physical memory or swap space
#   Check if swap backing store is full
#   Decrease Java heap size (-Xmx/-Xms)
#   Decrease number of Java threads
#   Decrease Java thread stack sizes (-Xss)
#   Set larger code cache with -XX:ReservedCodeCacheSize=
#   JVM is running with Zero Based Compressed Oops mode in which the Java heap is
#     placed in the first 32GB address space. The Java Heap base address is the
#     maximum limit for the native heap growth. Please use -XX:HeapBaseMinAddress
#     to set the Java Heap base and to place the Java Heap above 32GB virtual address.
# This output file may be truncated or incomplete.
#
#  Out of Memory Error (arena.cpp:168), pid=15056, tid=52740
#
# JRE version: Java(TM) SE Runtime Environment (21.0.2+13) (build 21.0.2+13-LTS-58)
# Java VM: Java HotSpot(TM) 64-Bit Server VM (21.0.2+13-LTS-58, mixed mode, sharing, tiered, compressed oops, compressed class ptrs, g1 gc, windows-amd64)
# No core dump will be written. Minidumps are not enabled by default on client versions of Windows
#

---------------  S U M M A R Y ------------

Command Line: --add-opens=java.base/java.lang=ALL-UNNAMED --add-opens=java.base/java.lang.invoke=ALL-UNNAMED --add-opens=java.base/java.util=ALL-UNNAMED --add-opens=java.prefs/java.util.prefs=ALL-UNNAMED --add-exports=jdk.compiler/com.sun.tools.javac.api=ALL-UNNAMED --add-exports=jdk.compiler/com.sun.tools.javac.util=ALL-UNNAMED --add-opens=java.base/java.util=ALL-UNNAMED --add-opens=java.prefs/java.util.prefs=ALL-UNNAMED --add-opens=java.base/java.nio.charset=ALL-UNNAMED --add-opens=java.base/java.net=ALL-UNNAMED --add-opens=java.base/java.util.concurrent.atomic=ALL-UNNAMED --add-opens=java.xml/javax.xml.namespace=ALL-UNNAMED -XX:MaxMetaspaceSize=1024m -Xmx4096m -Dfile.encoding=UTF-8 -Duser.country=IN -Duser.language=en -Duser.variant -javaagent:D:\AndroidStudioProjects\.gradle\wrapper\dists\gradle-8.13-all\54h0s9kvb6g2sinako7ub77ku\gradle-8.13\lib\agents\gradle-instrumentation-agent-8.13.jar org.gradle.launcher.daemon.bootstrap.GradleDaemon 8.13

Host: 11th Gen Intel(R) Core(TM) i5-11260H @ 2.60GHz, 12 cores, 31G,  Windows 11 , 64 bit Build 26100 (10.0.26100.8521)
Time: Sat May 30 15:16:05 2026 India Standard Time elapsed time: 77.492828 seconds (0d 0h 1m 17s)

---------------  T H R E A D  ---------------

Current thread (0x00000150ff168980):  JavaThread "C2 CompilerThread0" daemon [_thread_in_native, id=52740, stack(0x0000003447d00000,0x0000003447e00000) (1024K)]


Current CompileTask:
C2:  77492 17003   !   4       org.gradle.cache.internal.DefaultFileLockManager$DefaultFileLock::doWriteAction (66 bytes)

Stack: [0x0000003447d00000,0x0000003447e00000]
Native frames: (J=compiled Java code, j=interpreted, Vv=VM code, C=native code)
V  [jvm.dll+0x6cade9]
V  [jvm.dll+0x8569c1]
V  [jvm.dll+0x858d2e]
V  [jvm.dll+0x859413]
V  [jvm.dll+0x280e56]
V  [jvm.dll+0xc3f3d]
V  [jvm.dll+0xc4473]
V  [jvm.dll+0x3b5c2c]
V  [jvm.dll+0x1e2013]
V  [jvm.dll+0x249d22]
V  [jvm.dll+0x2491b1]
V  [jvm.dll+0x1c9634]
V  [jvm.dll+0x258859]
V  [jvm.dll+0x256e3a]
V  [jvm.dll+0x3ef6c6]
V  [jvm.dll+0x7ff568]
V  [jvm.dll+0x6c953d]
C  [ucrtbase.dll+0x2cd30]
C  [KERNEL32.DLL+0x2e957]
C  [ntdll.dll+0x87c1c]


---------------  P R O C E S S  ---------------

Threads class SMR info:
_java_thread_list=0x00000150d8e3d7d0, length=198, elements={
0x00000150f91a6770, 0x00000150ff151890, 0x00000150ff1544b0, 0x00000150ff162780,
0x00000150ff1634a0, 0x00000150ff1606b0, 0x00000150ff162e10, 0x00000150ff168980,
0x00000150ff16dfb0, 0x00000150ff1620f0, 0x00000150ff161a60, 0x00000150ff163b30,
0x00000150ff1613d0, 0x00000150ff160d40, 0x00000150d6f5d290, 0x00000150d6f5cc00,
0x00000150d6f5dfb0, 0x00000150d6f5e640, 0x00000150d6f5ecd0, 0x00000150d6f5c570,
0x00000150d6f5f360, 0x00000150d6f5bee0, 0x00000150d6f61430, 0x00000150d6f627e0,
0x00000150d6f61ac0, 0x00000150d6f5f9f0, 0x00000150d6f60080, 0x00000150d6f63500,
0x00000150d6f60710, 0x00000150d6f60da0, 0x00000150d77497d0, 0x00000150d774a4f0,
0x00000150d774ab80, 0x00000150d7749140, 0x00000150d7748420, 0x00000150d774c5c0,
0x00000150d774e690, 0x00000150d774cc50, 0x00000150d774ed20, 0x00000150d774e000,
0x00000150d774bf30, 0x000001509b56fa00, 0x000001509b572160, 0x000001509b571440,
0x000001509b570090, 0x000001509b570720, 0x000001509b573ba0, 0x000001509b574230,
0x000001509b570db0, 0x000001509b5727f0, 0x000001509b572e80, 0x000001509b5748c0,
0x000001509b573510, 0x000001509b571ad0, 0x000001509b574f50, 0x000001509b576300,
0x000001509b577020, 0x000001509b576990, 0x000001509b5755e0, 0x000001509b575c70,
0x00000150da8b3c00, 0x00000150da8b2ee0, 0x00000150da8b5640, 0x00000150da8b5cd0,
0x00000150da8b6360, 0x00000150da8b69f0, 0x00000150da8b3570, 0x00000150da8b7080,
0x00000150da8b7710, 0x00000150da8b4290, 0x00000150da8b7da0, 0x00000150da8b4920,
0x00000150da8b8430, 0x00000150da8b4fb0, 0x00000150da8b8ac0, 0x00000150d787fcb0,
0x00000150d7883130, 0x00000150d7882410, 0x00000150d78844e0, 0x00000150d7882aa0,
0x00000150d78837c0, 0x00000150d7883e50, 0x00000150d7881060, 0x00000150d7884b70,
0x00000150d7885200, 0x00000150d7885890, 0x00000150d7885f20, 0x00000150da805d10,
0x00000150da804ff0, 0x00000150da8042d0, 0x00000150da8035b0, 0x00000150da804960,
0x00000150da8063a0, 0x00000150da803c40, 0x00000150d5d4a920, 0x00000150d5d47b30,
0x00000150d5d49c00, 0x00000150d5d4afb0, 0x00000150d5d4b640, 0x00000150d5d481c0,
0x00000150d5d4bcd0, 0x00000150d5d48850, 0x00000150d5d48ee0, 0x00000150d5d4c9f0,
0x00000150d5d4a290, 0x00000150d5d4c360, 0x00000150d5d49570, 0x00000150d5d4d710,
0x00000150d5d4f150, 0x00000150d5d4eac0, 0x00000150d5d4d080, 0x00000150d5d4e430,
0x00000150d644b5a0, 0x00000150d644cfe0, 0x00000150d644dd00, 0x00000150d644e390,
0x00000150d644af10, 0x00000150d644c2c0, 0x00000150d644f0b0, 0x00000150d644d670,
0x00000150d644bc30, 0x00000150d644f740, 0x00000150d644fdd0, 0x00000150d644c950,
0x00000150d6450460, 0x00000150d6450af0, 0x00000150d6451180, 0x00000150d6451810,
0x00000150d6451ea0, 0x00000150d644ea20, 0x00000150d6452530, 0x00000150d9494990,
0x00000150d94956b0, 0x00000150d9495d40, 0x00000150d9495020, 0x00000150d94963d0,
0x00000150d94970f0, 0x00000150d9496a60, 0x00000150d9493c70, 0x00000150d9494300,
0x00000150d9497e10, 0x00000150d9498b30, 0x00000150d9497780, 0x00000150d94984a0,
0x00000150d949ac00, 0x00000150d94991c0, 0x00000150d949b290, 0x00000150d9499ee0,
0x00000150d949a570, 0x00000150d771c450, 0x00000150d771b0a0, 0x00000150d771aa10,
0x00000150d771cae0, 0x00000150d771d800, 0x00000150d771bdc0, 0x00000150d771de90,
0x00000150d771ebb0, 0x00000150d771d170, 0x00000150d771b730, 0x00000150d7720c80,
0x00000150d7721310, 0x00000150d77219a0, 0x00000150d771e520, 0x00000150d771f240,
0x00000150d771f8d0, 0x00000150d7722d50, 0x00000150d7722030, 0x00000150d77226c0,
0x00000150d77233e0, 0x00000150d771ff60, 0x00000150d7723a70, 0x00000150d77205f0,
0x00000150d77261d0, 0x00000150d7724e20, 0x00000150d7726860, 0x00000150d7726ef0,
0x00000150d7727580, 0x00000150d7724790, 0x00000150d7727c10, 0x00000150d77282a0,
0x00000150d7728930, 0x00000150d77254b0, 0x00000150d7728fc0, 0x00000150d7725b40,
0x00000150da849100, 0x00000150da844f60, 0x00000150da845c80, 0x00000150da8448d0,
0x00000150da850090, 0x00000150da84a4b0, 0x00000150da8476c0, 0x00000150d91e7d90,
0x00000150d91e4fa0, 0x00000150d91e9e60, 0x00000150d91e9140, 0x00000150d91ef3b0,
0x00000150da84c580, 0x00000150da84cc10
}

Java Threads: ( => current thread )
  0x00000150f91a6770 JavaThread "main"                              [_thread_blocked, id=41048, stack(0x0000003446f00000,0x0000003447000000) (1024K)]
  0x00000150ff151890 JavaThread "Reference Handler"          daemon [_thread_blocked, id=18236, stack(0x0000003447700000,0x0000003447800000) (1024K)]
  0x00000150ff1544b0 JavaThread "Finalizer"                  daemon [_thread_blocked, id=47140, stack(0x0000003447800000,0x0000003447900000) (1024K)]
  0x00000150ff162780 JavaThread "Signal Dispatcher"          daemon [_thread_blocked, id=51880, stack(0x0000003447900000,0x0000003447a00000) (1024K)]
  0x00000150ff1634a0 JavaThread "Attach Listener"            daemon [_thread_blocked, id=54168, stack(0x0000003447a00000,0x0000003447b00000) (1024K)]
  0x00000150ff1606b0 JavaThread "Service Thread"             daemon [_thread_blocked, id=26980, stack(0x0000003447b00000,0x0000003447c00000) (1024K)]
  0x00000150ff162e10 JavaThread "Monitor Deflation Thread"   daemon [_thread_blocked, id=34308, stack(0x0000003447c00000,0x0000003447d00000) (1024K)]
=>0x00000150ff168980 JavaThread "C2 CompilerThread0"         daemon [_thread_in_native, id=52740, stack(0x0000003447d00000,0x0000003447e00000) (1024K)]
  0x00000150ff16dfb0 JavaThread "C1 CompilerThread0"         daemon [_thread_blocked, id=53884, stack(0x0000003447e00000,0x0000003447f00000) (1024K)]
  0x00000150ff1620f0 JavaThread "Common-Cleaner"             daemon [_thread_blocked, id=33216, stack(0x0000003447f00000,0x0000003448000000) (1024K)]
  0x00000150ff161a60 JavaThread "Notification Thread"        daemon [_thread_blocked, id=38404, stack(0x0000003448000000,0x0000003448100000) (1024K)]
  0x00000150ff163b30 JavaThread "Daemon health stats"               [_thread_blocked, id=53460, stack(0x0000003448c00000,0x0000003448d00000) (1024K)]
  0x00000150ff1613d0 JavaThread "Incoming local TCP Connector on port 58318"        [_thread_in_native, id=53864, stack(0x0000003448100000,0x0000003448200000) (1024K)]
  0x00000150ff160d40 JavaThread "Daemon periodic checks"            [_thread_blocked, id=52820, stack(0x0000003448d00000,0x0000003448e00000) (1024K)]
  0x00000150d6f5d290 JavaThread "Daemon"                            [_thread_blocked, id=45468, stack(0x0000003448e00000,0x0000003448f00000) (1024K)]
  0x00000150d6f5cc00 JavaThread "Handler for socket connection from /127.0.0.1:58318 to /127.0.0.1:58319"        [_thread_in_native, id=15608, stack(0x0000003448f00000,0x0000003449000000) (1024K)]
  0x00000150d6f5dfb0 JavaThread "Cancel handler"                    [_thread_blocked, id=49568, stack(0x0000003448200000,0x0000003448300000) (1024K)]
  0x00000150d6f5e640 JavaThread "Daemon worker"                     [_thread_blocked, id=17284, stack(0x0000003449000000,0x0000003449100000) (1024K)]
  0x00000150d6f5ecd0 JavaThread "Asynchronous log dispatcher for DefaultDaemonConnection: socket connection from /127.0.0.1:58318 to /127.0.0.1:58319"        [_thread_blocked, id=49940, stack(0x0000003449100000,0x0000003449200000) (1024K)]
  0x00000150d6f5c570 JavaThread "Stdin handler"                     [_thread_blocked, id=53800, stack(0x0000003449200000,0x0000003449300000) (1024K)]
  0x00000150d6f5f360 JavaThread "Daemon client event forwarder"        [_thread_blocked, id=52660, stack(0x0000003449300000,0x0000003449400000) (1024K)]
  0x00000150d6f5bee0 JavaThread "Cache worker for journal cache (D:\AndroidStudioProjects\.gradle\caches\journal-1)"        [_thread_blocked, id=48288, stack(0x0000003449400000,0x0000003449500000) (1024K)]
  0x00000150d6f61430 JavaThread "File lock request listener"        [_thread_in_native, id=43276, stack(0x0000003449500000,0x0000003449600000) (1024K)]
  0x00000150d6f627e0 JavaThread "Cache worker for file hash cache (D:\AndroidStudioProjects\.gradle\caches\8.13\fileHashes)"        [_thread_blocked, id=50396, stack(0x0000003449600000,0x0000003449700000) (1024K)]
  0x00000150d6f61ac0 JavaThread "Cache worker for file hash cache (D:\AndroidStudioProjects\Touch\android\.gradle\8.13\fileHashes)"        [_thread_blocked, id=26024, stack(0x0000003449b00000,0x0000003449c00000) (1024K)]
  0x00000150d6f5f9f0 JavaThread "Cache worker for Build Output Cleanup Cache (D:\AndroidStudioProjects\Touch\android\.gradle\buildOutputCleanup)"        [_thread_blocked, id=39168, stack(0x0000003449700000,0x0000003449800000) (1024K)]
  0x00000150d6f60080 JavaThread "File lock release action executor"        [_thread_blocked, id=53896, stack(0x0000003449800000,0x0000003449900000) (1024K)]
  0x00000150d6f63500 JavaThread "File watcher server"        daemon [_thread_in_native, id=44348, stack(0x0000003449d00000,0x0000003449e00000) (1024K)]
  0x00000150d6f60710 JavaThread "File watcher consumer"      daemon [_thread_blocked, id=40092, stack(0x0000003449e00000,0x0000003449f00000) (1024K)]
  0x00000150d6f60da0 JavaThread "jar transforms"                    [_thread_blocked, id=32660, stack(0x000000344a000000,0x000000344a100000) (1024K)]
  0x00000150d77497d0 JavaThread "Cache worker for checksums cache (D:\AndroidStudioProjects\Touch\android\.gradle\8.13\checksums)"        [_thread_blocked, id=12556, stack(0x0000003449c00000,0x0000003449d00000) (1024K)]
  0x00000150d774a4f0 JavaThread "Cache worker for file content cache (D:\AndroidStudioProjects\.gradle\caches\8.13\fileContent)"        [_thread_blocked, id=39480, stack(0x0000003449f00000,0x000000344a000000) (1024K)]
  0x00000150d774ab80 JavaThread "Cache worker for cache directory md-supplier (D:\AndroidStudioProjects\.gradle\caches\8.13\md-supplier)"        [_thread_blocked, id=25936, stack(0x000000344a200000,0x000000344a300000) (1024K)]
  0x00000150d7749140 JavaThread "Cache worker for cache directory md-rule (D:\AndroidStudioProjects\.gradle\caches\8.13\md-rule)"        [_thread_blocked, id=54036, stack(0x000000344a400000,0x000000344a500000) (1024K)]
  0x00000150d7748420 JavaThread "Cache worker for Build Output Cleanup Cache (D:\AndroidStudioProjects\Touch\node_modules\@react-native\gradle-plugin\.gradle\buildOutputCleanup)"        [_thread_blocked, id=14360, stack(0x000000344a500000,0x000000344a600000) (1024K)]
  0x00000150d774c5c0 JavaThread "Unconstrained build operations"        [_thread_blocked, id=50488, stack(0x000000344a100000,0x000000344a200000) (1024K)]
  0x00000150d774e690 JavaThread "Unconstrained build operations Thread 2"        [_thread_blocked, id=45976, stack(0x000000344a300000,0x000000344a400000) (1024K)]
  0x00000150d774cc50 JavaThread "Unconstrained build operations Thread 3"        [_thread_blocked, id=53320, stack(0x000000344a600000,0x000000344a700000) (1024K)]
  0x00000150d774ed20 JavaThread "Unconstrained build operations Thread 4"        [_thread_blocked, id=54156, stack(0x000000344a700000,0x000000344a800000) (1024K)]
  0x00000150d774e000 JavaThread "Unconstrained build operations Thread 5"        [_thread_blocked, id=40888, stack(0x000000344a800000,0x000000344a900000) (1024K)]
  0x00000150d774bf30 JavaThread "Unconstrained build operations Thread 6"        [_thread_blocked, id=52664, stack(0x000000344a900000,0x000000344aa00000) (1024K)]
  0x000001509b56fa00 JavaThread "Unconstrained build operations Thread 7"        [_thread_blocked, id=51256, stack(0x000000344ac00000,0x000000344ad00000) (1024K)]
  0x000001509b572160 JavaThread "Unconstrained build operations Thread 8"        [_thread_blocked, id=51312, stack(0x000000344ad00000,0x000000344ae00000) (1024K)]
  0x000001509b571440 JavaThread "Unconstrained build operations Thread 9"        [_thread_blocked, id=49516, stack(0x000000344ae00000,0x000000344af00000) (1024K)]
  0x000001509b570090 JavaThread "Unconstrained build operations Thread 10"        [_thread_blocked, id=44056, stack(0x000000344af00000,0x000000344b000000) (1024K)]
  0x000001509b570720 JavaThread "Unconstrained build operations Thread 11"        [_thread_blocked, id=19872, stack(0x000000344b000000,0x000000344b100000) (1024K)]
  0x000001509b573ba0 JavaThread "Unconstrained build operations Thread 12"        [_thread_blocked, id=47516, stack(0x000000344b100000,0x000000344b200000) (1024K)]
  0x000001509b574230 JavaThread "Unconstrained build operations Thread 13"        [_thread_blocked, id=44624, stack(0x000000344b200000,0x000000344b300000) (1024K)]
  0x000001509b570db0 JavaThread "Unconstrained build operations Thread 14"        [_thread_blocked, id=48444, stack(0x000000344b300000,0x000000344b400000) (1024K)]
  0x000001509b5727f0 JavaThread "Unconstrained build operations Thread 15"        [_thread_blocked, id=45768, stack(0x000000344b400000,0x000000344b500000) (1024K)]
  0x000001509b572e80 JavaThread "Unconstrained build operations Thread 16"        [_thread_blocked, id=2592, stack(0x000000344b500000,0x000000344b600000) (1024K)]
  0x000001509b5748c0 JavaThread "Unconstrained build operations Thread 17"        [_thread_blocked, id=49412, stack(0x000000344b600000,0x000000344b700000) (1024K)]
  0x000001509b573510 JavaThread "Unconstrained build operations Thread 18"        [_thread_blocked, id=51956, stack(0x000000344b700000,0x000000344b800000) (1024K)]
  0x000001509b571ad0 JavaThread "Unconstrained build operations Thread 19"        [_thread_blocked, id=42988, stack(0x000000344b800000,0x000000344b900000) (1024K)]
  0x000001509b574f50 JavaThread "Unconstrained build operations Thread 20"        [_thread_blocked, id=9464, stack(0x000000344b900000,0x000000344ba00000) (1024K)]
  0x000001509b576300 JavaThread "Unconstrained build operations Thread 21"        [_thread_blocked, id=53192, stack(0x000000344ba00000,0x000000344bb00000) (1024K)]
  0x000001509b577020 JavaThread "Unconstrained build operations Thread 22"        [_thread_blocked, id=49824, stack(0x000000344bb00000,0x000000344bc00000) (1024K)]
  0x000001509b576990 JavaThread "Unconstrained build operations Thread 23"        [_thread_blocked, id=37288, stack(0x000000344bc00000,0x000000344bd00000) (1024K)]
  0x000001509b5755e0 JavaThread "Unconstrained build operations Thread 24"        [_thread_blocked, id=46172, stack(0x000000344bd00000,0x000000344be00000) (1024K)]
  0x000001509b575c70 JavaThread "Unconstrained build operations Thread 25"        [_thread_blocked, id=11388, stack(0x000000344be00000,0x000000344bf00000) (1024K)]
  0x00000150da8b3c00 JavaThread "Unconstrained build operations Thread 26"        [_thread_blocked, id=2772, stack(0x000000344bf00000,0x000000344c000000) (1024K)]
  0x00000150da8b2ee0 JavaThread "Unconstrained build operations Thread 27"        [_thread_blocked, id=43188, stack(0x000000344c000000,0x000000344c100000) (1024K)]
  0x00000150da8b5640 JavaThread "Unconstrained build operations Thread 28"        [_thread_blocked, id=35232, stack(0x000000344c100000,0x000000344c200000) (1024K)]
  0x00000150da8b5cd0 JavaThread "Unconstrained build operations Thread 29"        [_thread_blocked, id=11852, stack(0x000000344c200000,0x000000344c300000) (1024K)]
  0x00000150da8b6360 JavaThread "Unconstrained build operations Thread 30"        [_thread_blocked, id=36420, stack(0x000000344c300000,0x000000344c400000) (1024K)]
  0x00000150da8b69f0 JavaThread "Unconstrained build operations Thread 31"        [_thread_blocked, id=48316, stack(0x000000344c400000,0x000000344c500000) (1024K)]
  0x00000150da8b3570 JavaThread "Unconstrained build operations Thread 32"        [_thread_blocked, id=49756, stack(0x000000344c500000,0x000000344c600000) (1024K)]
  0x00000150da8b7080 JavaThread "Unconstrained build operations Thread 33"        [_thread_blocked, id=45776, stack(0x000000344c600000,0x000000344c700000) (1024K)]
  0x00000150da8b7710 JavaThread "Unconstrained build operations Thread 34"        [_thread_blocked, id=7580, stack(0x000000344c700000,0x000000344c800000) (1024K)]
  0x00000150da8b4290 JavaThread "Unconstrained build operations Thread 35"        [_thread_blocked, id=46448, stack(0x000000344c800000,0x000000344c900000) (1024K)]
  0x00000150da8b7da0 JavaThread "Unconstrained build operations Thread 36"        [_thread_blocked, id=38024, stack(0x000000344c900000,0x000000344ca00000) (1024K)]
  0x00000150da8b4920 JavaThread "Unconstrained build operations Thread 37"        [_thread_blocked, id=49972, stack(0x000000344ca00000,0x000000344cb00000) (1024K)]
  0x00000150da8b8430 JavaThread "Unconstrained build operations Thread 38"        [_thread_blocked, id=52984, stack(0x000000344cb00000,0x000000344cc00000) (1024K)]
  0x00000150da8b4fb0 JavaThread "Unconstrained build operations Thread 39"        [_thread_blocked, id=50172, stack(0x000000344cc00000,0x000000344cd00000) (1024K)]
  0x00000150da8b8ac0 JavaThread "build event listener"              [_thread_blocked, id=51540, stack(0x000000344ab00000,0x000000344ac00000) (1024K)]
  0x00000150d787fcb0 JavaThread "Memory manager"                    [_thread_blocked, id=13480, stack(0x000000344aa00000,0x000000344ab00000) (1024K)]
  0x00000150d7883130 JavaThread "ForkJoinPool.commonPool-worker-1" daemon [_thread_blocked, id=44904, stack(0x000000344cd00000,0x000000344ce00000) (1024K)]
  0x00000150d7882410 JavaThread "ForkJoinPool.commonPool-worker-2" daemon [_thread_blocked, id=53096, stack(0x000000344ce00000,0x000000344cf00000) (1024K)]
  0x00000150d78844e0 JavaThread "ForkJoinPool.commonPool-worker-3" daemon [_thread_blocked, id=44104, stack(0x000000344cf00000,0x000000344d000000) (1024K)]
  0x00000150d7882aa0 JavaThread "ForkJoinPool.commonPool-worker-4" daemon [_thread_blocked, id=41988, stack(0x000000344d000000,0x000000344d100000) (1024K)]
  0x00000150d78837c0 JavaThread "ForkJoinPool.commonPool-worker-5" daemon [_thread_blocked, id=48300, stack(0x000000344d100000,0x000000344d200000) (1024K)]
  0x00000150d7883e50 JavaThread "ForkJoinPool.commonPool-worker-6" daemon [_thread_blocked, id=52812, stack(0x000000344d200000,0x000000344d300000) (1024K)]
  0x00000150d7881060 JavaThread "ForkJoinPool.commonPool-worker-7" daemon [_thread_blocked, id=53680, stack(0x000000344d300000,0x000000344d400000) (1024K)]
  0x00000150d7884b70 JavaThread "ForkJoinPool.commonPool-worker-8" daemon [_thread_blocked, id=40088, stack(0x000000344d400000,0x000000344d500000) (1024K)]
  0x00000150d7885200 JavaThread "ForkJoinPool.commonPool-worker-9" daemon [_thread_blocked, id=53532, stack(0x000000344d500000,0x000000344d600000) (1024K)]
  0x00000150d7885890 JavaThread "Exec process"               daemon [_thread_blocked, id=43760, stack(0x000000344d600000,0x000000344d700000) (1024K)]
  0x00000150d7885f20 JavaThread "Exec process Thread 2"      daemon [_thread_blocked, id=50344, stack(0x000000344d700000,0x000000344d800000) (1024K)]
  0x00000150da805d10 JavaThread "Exec process Thread 3"      daemon [_thread_blocked, id=48932, stack(0x000000344d800000,0x000000344d900000) (1024K)]
  0x00000150da804ff0 JavaThread "included builds"                   [_thread_blocked, id=24436, stack(0x000000344d900000,0x000000344da00000) (1024K)]
  0x00000150da8042d0 JavaThread "Execution worker"                  [_thread_blocked, id=40108, stack(0x000000344da00000,0x000000344db00000) (1024K)]
  0x00000150da8035b0 JavaThread "Execution worker Thread 2"         [_thread_blocked, id=49432, stack(0x000000344db00000,0x000000344dc00000) (1024K)]
  0x00000150da804960 JavaThread "Execution worker Thread 3"         [_thread_blocked, id=51976, stack(0x000000344dc00000,0x000000344dd00000) (1024K)]
  0x00000150da8063a0 JavaThread "Execution worker Thread 4"         [_thread_blocked, id=52904, stack(0x000000344dd00000,0x000000344de00000) (1024K)]
  0x00000150da803c40 JavaThread "Execution worker Thread 5"         [_thread_blocked, id=41976, stack(0x000000344de00000,0x000000344df00000) (1024K)]
  0x00000150d5d4a920 JavaThread "Execution worker Thread 6"         [_thread_blocked, id=48352, stack(0x000000344df00000,0x000000344e000000) (1024K)]
  0x00000150d5d47b30 JavaThread "Execution worker Thread 7"         [_thread_blocked, id=53856, stack(0x000000344e000000,0x000000344e100000) (1024K)]
  0x00000150d5d49c00 JavaThread "Execution worker Thread 8"         [_thread_blocked, id=15764, stack(0x000000344e100000,0x000000344e200000) (1024K)]
  0x00000150d5d4afb0 JavaThread "Execution worker Thread 9"         [_thread_blocked, id=47956, stack(0x000000344e200000,0x000000344e300000) (1024K)]
  0x00000150d5d4b640 JavaThread "Execution worker Thread 10"        [_thread_blocked, id=49100, stack(0x000000344e300000,0x000000344e400000) (1024K)]
  0x00000150d5d481c0 JavaThread "Execution worker Thread 11"        [_thread_blocked, id=41904, stack(0x000000344e400000,0x000000344e500000) (1024K)]
  0x00000150d5d4bcd0 JavaThread "Cache worker for execution history cache (D:\AndroidStudioProjects\Touch\node_modules\@react-native\gradle-plugin\.gradle\8.13\executionHistory)"        [_thread_blocked, id=50040, stack(0x000000344e500000,0x000000344e600000) (1024K)]
  0x00000150d5d48850 JavaThread "Unconstrained build operations Thread 40"        [_thread_blocked, id=25048, stack(0x000000344e600000,0x000000344e700000) (1024K)]
  0x00000150d5d48ee0 JavaThread "Unconstrained build operations Thread 41"        [_thread_blocked, id=46820, stack(0x000000344e700000,0x000000344e800000) (1024K)]
  0x00000150d5d4c9f0 JavaThread "Unconstrained build operations Thread 42"        [_thread_blocked, id=48504, stack(0x000000344e800000,0x000000344e900000) (1024K)]
  0x00000150d5d4a290 JavaThread "Unconstrained build operations Thread 43"        [_thread_blocked, id=49140, stack(0x000000344e900000,0x000000344ea00000) (1024K)]
  0x00000150d5d4c360 JavaThread "Unconstrained build operations Thread 44"        [_thread_blocked, id=50420, stack(0x000000344ea00000,0x000000344eb00000) (1024K)]
  0x00000150d5d49570 JavaThread "Unconstrained build operations Thread 45"        [_thread_blocked, id=43660, stack(0x000000344eb00000,0x000000344ec00000) (1024K)]
  0x00000150d5d4d710 JavaThread "Unconstrained build operations Thread 46"        [_thread_blocked, id=47080, stack(0x000000344ec00000,0x000000344ed00000) (1024K)]
  0x00000150d5d4f150 JavaThread "Unconstrained build operations Thread 47"        [_thread_blocked, id=40192, stack(0x000000344ed00000,0x000000344ee00000) (1024K)]
  0x00000150d5d4eac0 JavaThread "Unconstrained build operations Thread 48"        [_thread_blocked, id=40372, stack(0x000000344ee00000,0x000000344ef00000) (1024K)]
  0x00000150d5d4d080 JavaThread "Unconstrained build operations Thread 49"        [_thread_blocked, id=48924, stack(0x000000344ef00000,0x000000344f000000) (1024K)]
  0x00000150d5d4e430 JavaThread "Unconstrained build operations Thread 50"        [_thread_blocked, id=46124, stack(0x000000344f000000,0x000000344f100000) (1024K)]
  0x00000150d644b5a0 JavaThread "Unconstrained build operations Thread 51"        [_thread_blocked, id=37232, stack(0x000000344f100000,0x000000344f200000) (1024K)]
  0x00000150d644cfe0 JavaThread "Unconstrained build operations Thread 52"        [_thread_blocked, id=12732, stack(0x000000344f200000,0x000000344f300000) (1024K)]
  0x00000150d644dd00 JavaThread "Unconstrained build operations Thread 53"        [_thread_blocked, id=51064, stack(0x000000344f300000,0x000000344f400000) (1024K)]
  0x00000150d644e390 JavaThread "Unconstrained build operations Thread 54"        [_thread_blocked, id=47916, stack(0x000000344f400000,0x000000344f500000) (1024K)]
  0x00000150d644af10 JavaThread "Unconstrained build operations Thread 55"        [_thread_blocked, id=48360, stack(0x000000344f500000,0x000000344f600000) (1024K)]
  0x00000150d644c2c0 JavaThread "Unconstrained build operations Thread 56"        [_thread_blocked, id=49800, stack(0x000000344f600000,0x000000344f700000) (1024K)]
  0x00000150d644f0b0 JavaThread "Unconstrained build operations Thread 57"        [_thread_blocked, id=39216, stack(0x000000344f700000,0x000000344f800000) (1024K)]
  0x00000150d644d670 JavaThread "Unconstrained build operations Thread 58"        [_thread_blocked, id=46868, stack(0x000000344f800000,0x000000344f900000) (1024K)]
  0x00000150d644bc30 JavaThread "Unconstrained build operations Thread 59"        [_thread_blocked, id=52644, stack(0x000000344f900000,0x000000344fa00000) (1024K)]
  0x00000150d644f740 JavaThread "Unconstrained build operations Thread 60"        [_thread_blocked, id=52900, stack(0x000000344fa00000,0x000000344fb00000) (1024K)]
  0x00000150d644fdd0 JavaThread "Unconstrained build operations Thread 61"        [_thread_blocked, id=35480, stack(0x000000344fb00000,0x000000344fc00000) (1024K)]
  0x00000150d644c950 JavaThread "Unconstrained build operations Thread 62"        [_thread_blocked, id=14320, stack(0x000000344fc00000,0x000000344fd00000) (1024K)]
  0x00000150d6450460 JavaThread "Unconstrained build operations Thread 63"        [_thread_blocked, id=51468, stack(0x000000344fd00000,0x000000344fe00000) (1024K)]
  0x00000150d6450af0 JavaThread "Unconstrained build operations Thread 64"        [_thread_blocked, id=52140, stack(0x000000344fe00000,0x000000344ff00000) (1024K)]
  0x00000150d6451180 JavaThread "Unconstrained build operations Thread 65"        [_thread_blocked, id=51020, stack(0x000000344ff00000,0x0000003450000000) (1024K)]
  0x00000150d6451810 JavaThread "Unconstrained build operations Thread 66"        [_thread_blocked, id=19316, stack(0x0000003450000000,0x0000003450100000) (1024K)]
  0x00000150d6451ea0 JavaThread "Unconstrained build operations Thread 67"        [_thread_blocked, id=51316, stack(0x0000003450100000,0x0000003450200000) (1024K)]
  0x00000150d644ea20 JavaThread "Unconstrained build operations Thread 68"        [_thread_blocked, id=46384, stack(0x0000003450200000,0x0000003450300000) (1024K)]
  0x00000150d6452530 JavaThread "Unconstrained build operations Thread 69"        [_thread_blocked, id=51568, stack(0x0000003450300000,0x0000003450400000) (1024K)]
  0x00000150d9494990 JavaThread "Unconstrained build operations Thread 70"        [_thread_blocked, id=4608, stack(0x0000003450400000,0x0000003450500000) (1024K)]
  0x00000150d94956b0 JavaThread "Unconstrained build operations Thread 71"        [_thread_blocked, id=46676, stack(0x0000003450500000,0x0000003450600000) (1024K)]
  0x00000150d9495d40 JavaThread "Unconstrained build operations Thread 72"        [_thread_blocked, id=49896, stack(0x0000003450600000,0x0000003450700000) (1024K)]
  0x00000150d9495020 JavaThread "Unconstrained build operations Thread 73"        [_thread_blocked, id=19052, stack(0x0000003450700000,0x0000003450800000) (1024K)]
  0x00000150d94963d0 JavaThread "Unconstrained build operations Thread 74"        [_thread_blocked, id=53216, stack(0x0000003450800000,0x0000003450900000) (1024K)]
  0x00000150d94970f0 JavaThread "Unconstrained build operations Thread 75"        [_thread_blocked, id=54020, stack(0x0000003450900000,0x0000003450a00000) (1024K)]
  0x00000150d9496a60 JavaThread "Unconstrained build operations Thread 76"        [_thread_blocked, id=36232, stack(0x0000003450a00000,0x0000003450b00000) (1024K)]
  0x00000150d9493c70 JavaThread "Unconstrained build operations Thread 77"        [_thread_blocked, id=34316, stack(0x0000003450b00000,0x0000003450c00000) (1024K)]
  0x00000150d9494300 JavaThread "Unconstrained build operations Thread 78"        [_thread_blocked, id=53920, stack(0x0000003450c00000,0x0000003450d00000) (1024K)]
  0x00000150d9497e10 JavaThread "Unconstrained build operations Thread 79"        [_thread_blocked, id=34352, stack(0x0000003450d00000,0x0000003450e00000) (1024K)]
  0x00000150d9498b30 JavaThread "Unconstrained build operations Thread 80"        [_thread_blocked, id=53844, stack(0x0000003450e00000,0x0000003450f00000) (1024K)]
  0x00000150d9497780 JavaThread "Unconstrained build operations Thread 81"        [_thread_blocked, id=52264, stack(0x0000003450f00000,0x0000003451000000) (1024K)]
  0x00000150d94984a0 JavaThread "Unconstrained build operations Thread 82"        [_thread_blocked, id=6528, stack(0x0000003451000000,0x0000003451100000) (1024K)]
  0x00000150d949ac00 JavaThread "Unconstrained build operations Thread 83"        [_thread_blocked, id=48088, stack(0x0000003451100000,0x0000003451200000) (1024K)]
  0x00000150d94991c0 JavaThread "Unconstrained build operations Thread 84"        [_thread_blocked, id=52776, stack(0x0000003451200000,0x0000003451300000) (1024K)]
  0x00000150d949b290 JavaThread "Unconstrained build operations Thread 85"        [_thread_blocked, id=44024, stack(0x0000003451300000,0x0000003451400000) (1024K)]
  0x00000150d9499ee0 JavaThread "Unconstrained build operations Thread 86"        [_thread_blocked, id=42000, stack(0x0000003451400000,0x0000003451500000) (1024K)]
  0x00000150d949a570 JavaThread "Unconstrained build operations Thread 87"        [_thread_blocked, id=22812, stack(0x0000003451500000,0x0000003451600000) (1024K)]
  0x00000150d771c450 JavaThread "Unconstrained build operations Thread 88"        [_thread_blocked, id=41180, stack(0x0000003451600000,0x0000003451700000) (1024K)]
  0x00000150d771b0a0 JavaThread "Unconstrained build operations Thread 89"        [_thread_blocked, id=49208, stack(0x0000003451700000,0x0000003451800000) (1024K)]
  0x00000150d771aa10 JavaThread "Unconstrained build operations Thread 90"        [_thread_blocked, id=24512, stack(0x0000003451800000,0x0000003451900000) (1024K)]
  0x00000150d771cae0 JavaThread "Unconstrained build operations Thread 91"        [_thread_blocked, id=38964, stack(0x0000003451900000,0x0000003451a00000) (1024K)]
  0x00000150d771d800 JavaThread "Unconstrained build operations Thread 92"        [_thread_blocked, id=50160, stack(0x0000003451a00000,0x0000003451b00000) (1024K)]
  0x00000150d771bdc0 JavaThread "Unconstrained build operations Thread 93"        [_thread_blocked, id=52680, stack(0x0000003451b00000,0x0000003451c00000) (1024K)]
  0x00000150d771de90 JavaThread "Unconstrained build operations Thread 94"        [_thread_blocked, id=16204, stack(0x0000003451c00000,0x0000003451d00000) (1024K)]
  0x00000150d771ebb0 JavaThread "Unconstrained build operations Thread 95"        [_thread_blocked, id=52192, stack(0x0000003451d00000,0x0000003451e00000) (1024K)]
  0x00000150d771d170 JavaThread "Unconstrained build operations Thread 96"        [_thread_blocked, id=45336, stack(0x0000003451e00000,0x0000003451f00000) (1024K)]
  0x00000150d771b730 JavaThread "Unconstrained build operations Thread 97"        [_thread_blocked, id=52184, stack(0x0000003451f00000,0x0000003452000000) (1024K)]
  0x00000150d7720c80 JavaThread "Unconstrained build operations Thread 98"        [_thread_blocked, id=53260, stack(0x0000003452000000,0x0000003452100000) (1024K)]
  0x00000150d7721310 JavaThread "Unconstrained build operations Thread 99"        [_thread_blocked, id=27240, stack(0x0000003452100000,0x0000003452200000) (1024K)]
  0x00000150d77219a0 JavaThread "Unconstrained build operations Thread 100"        [_thread_blocked, id=11840, stack(0x0000003452200000,0x0000003452300000) (1024K)]
  0x00000150d771e520 JavaThread "Unconstrained build operations Thread 101"        [_thread_blocked, id=25880, stack(0x0000003452300000,0x0000003452400000) (1024K)]
  0x00000150d771f240 JavaThread "Unconstrained build operations Thread 102"        [_thread_blocked, id=52860, stack(0x0000003452400000,0x0000003452500000) (1024K)]
  0x00000150d771f8d0 JavaThread "Unconstrained build operations Thread 103"        [_thread_blocked, id=30844, stack(0x0000003452500000,0x0000003452600000) (1024K)]
  0x00000150d7722d50 JavaThread "Unconstrained build operations Thread 104"        [_thread_blocked, id=49232, stack(0x0000003452600000,0x0000003452700000) (1024K)]
  0x00000150d7722030 JavaThread "Unconstrained build operations Thread 105"        [_thread_blocked, id=46928, stack(0x0000003452700000,0x0000003452800000) (1024K)]
  0x00000150d77226c0 JavaThread "Unconstrained build operations Thread 106"        [_thread_blocked, id=44732, stack(0x0000003452800000,0x0000003452900000) (1024K)]
  0x00000150d77233e0 JavaThread "Unconstrained build operations Thread 107"        [_thread_blocked, id=47964, stack(0x0000003452900000,0x0000003452a00000) (1024K)]
  0x00000150d771ff60 JavaThread "Unconstrained build operations Thread 108"        [_thread_blocked, id=51892, stack(0x0000003452a00000,0x0000003452b00000) (1024K)]
  0x00000150d7723a70 JavaThread "Unconstrained build operations Thread 109"        [_thread_blocked, id=50296, stack(0x0000003452b00000,0x0000003452c00000) (1024K)]
  0x00000150d77205f0 JavaThread "Unconstrained build operations Thread 110"        [_thread_blocked, id=40744, stack(0x0000003452c00000,0x0000003452d00000) (1024K)]
  0x00000150d77261d0 JavaThread "Unconstrained build operations Thread 111"        [_thread_blocked, id=45456, stack(0x0000003452d00000,0x0000003452e00000) (1024K)]
  0x00000150d7724e20 JavaThread "Unconstrained build operations Thread 112"        [_thread_blocked, id=1308, stack(0x0000003452e00000,0x0000003452f00000) (1024K)]
  0x00000150d7726860 JavaThread "Unconstrained build operations Thread 113"        [_thread_blocked, id=38156, stack(0x0000003452f00000,0x0000003453000000) (1024K)]
  0x00000150d7726ef0 JavaThread "Unconstrained build operations Thread 114"        [_thread_blocked, id=47304, stack(0x0000003453000000,0x0000003453100000) (1024K)]
  0x00000150d7727580 JavaThread "jar transforms Thread 2"           [_thread_blocked, id=53136, stack(0x0000003453200000,0x0000003453300000) (1024K)]
  0x00000150d7724790 JavaThread "jar transforms Thread 3"           [_thread_blocked, id=52232, stack(0x0000003453300000,0x0000003453400000) (1024K)]
  0x00000150d7727c10 JavaThread "Unconstrained build operations Thread 115"        [_thread_blocked, id=40760, stack(0x0000003453400000,0x0000003453500000) (1024K)]
  0x00000150d77282a0 JavaThread "Unconstrained build operations Thread 116"        [_thread_blocked, id=50664, stack(0x0000003453500000,0x0000003453600000) (1024K)]
  0x00000150d7728930 JavaThread "Unconstrained build operations Thread 117"        [_thread_blocked, id=52252, stack(0x0000003453600000,0x0000003453700000) (1024K)]
  0x00000150d77254b0 JavaThread "Unconstrained build operations Thread 118"        [_thread_blocked, id=49980, stack(0x0000003453700000,0x0000003453800000) (1024K)]
  0x00000150d7728fc0 JavaThread "Unconstrained build operations Thread 119"        [_thread_blocked, id=53560, stack(0x0000003453800000,0x0000003453900000) (1024K)]
  0x00000150d7725b40 JavaThread "Unconstrained build operations Thread 120"        [_thread_blocked, id=40172, stack(0x0000003453900000,0x0000003453a00000) (1024K)]
  0x00000150da849100 JavaThread "jar transforms Thread 4"           [_thread_blocked, id=53888, stack(0x0000003453a00000,0x0000003453b00000) (1024K)]
  0x00000150da844f60 JavaThread "jar transforms Thread 5"           [_thread_blocked, id=832, stack(0x0000003453b00000,0x0000003453c00000) (1024K)]
  0x00000150da845c80 JavaThread "jar transforms Thread 6"           [_thread_blocked, id=41632, stack(0x0000003453c00000,0x0000003453d00000) (1024K)]
  0x00000150da8448d0 JavaThread "build event listener"              [_thread_blocked, id=45924, stack(0x0000003453d00000,0x0000003453e00000) (1024K)]
  0x00000150da850090 JavaThread "Problems report writer"            [_thread_blocked, id=31064, stack(0x0000003453e00000,0x0000003453f00000) (1024K)]
  0x00000150da84a4b0 JavaThread "jar transforms Thread 7"           [_thread_blocked, id=46708, stack(0x0000003454000000,0x0000003454100000) (1024K)]
  0x00000150da8476c0 JavaThread "jar transforms Thread 8"           [_thread_blocked, id=47812, stack(0x0000003454100000,0x0000003454200000) (1024K)]
  0x00000150d91e7d90 JavaThread "jar transforms Thread 9"           [_thread_blocked, id=54016, stack(0x0000003454200000,0x0000003454300000) (1024K)]
  0x00000150d91e4fa0 JavaThread "jar transforms Thread 10"          [_thread_blocked, id=46140, stack(0x0000003453f00000,0x0000003454000000) (1024K)]
  0x00000150d91e9e60 JavaThread "jar transforms Thread 11"          [_thread_blocked, id=50304, stack(0x0000003454300000,0x0000003454400000) (1024K)]
  0x00000150d91e9140 JavaThread "jar transforms Thread 12"          [_thread_blocked, id=48896, stack(0x0000003454400000,0x0000003454500000) (1024K)]
  0x00000150d91ef3b0 JavaThread "Exec process"                      [_thread_in_native, id=22096, stack(0x0000003446d00000,0x0000003446e00000) (1024K)]
  0x00000150da84c580 JavaThread "Exec process Thread 2"             [_thread_blocked, id=53848, stack(0x0000003446e00000,0x0000003446f00000) (1024K)]
  0x00000150da84cc10 JavaThread "Exec process Thread 3"             [_thread_blocked, id=48604, stack(0x0000003453100000,0x0000003453200000) (1024K)]
Total: 198

Other Threads:
  0x00000150ff130db0 VMThread "VM Thread"                           [id=53052, stack(0x0000003447600000,0x0000003447700000) (1024K)]
  0x00000150ff119550 WatcherThread "VM Periodic Task Thread"        [id=20104, stack(0x0000003447500000,0x0000003447600000) (1024K)]
  0x00000150f92121c0 WorkerThread "GC Thread#0"                     [id=50356, stack(0x0000003447000000,0x0000003447100000) (1024K)]
  0x00000150d5256dc0 WorkerThread "GC Thread#1"                     [id=9864, stack(0x0000003448300000,0x0000003448400000) (1024K)]
  0x000001509b6dc610 WorkerThread "GC Thread#2"                     [id=48596, stack(0x0000003448400000,0x0000003448500000) (1024K)]
  0x000001509b6dc9b0 WorkerThread "GC Thread#3"                     [id=51160, stack(0x0000003448500000,0x0000003448600000) (1024K)]
  0x000001509b6dcd50 WorkerThread "GC Thread#4"                     [id=53512, stack(0x0000003448600000,0x0000003448700000) (1024K)]
  0x000001509b6dd0f0 WorkerThread "GC Thread#5"                     [id=34996, stack(0x0000003448700000,0x0000003448800000) (1024K)]
  0x000001509b6dd490 WorkerThread "GC Thread#6"                     [id=53468, stack(0x0000003448800000,0x0000003448900000) (1024K)]
  0x000001509b797af0 WorkerThread "GC Thread#7"                     [id=52896, stack(0x0000003448900000,0x0000003448a00000) (1024K)]
  0x000001509b797e90 WorkerThread "GC Thread#8"                     [id=52464, stack(0x0000003448a00000,0x0000003448b00000) (1024K)]
  0x000001509b798230 WorkerThread "GC Thread#9"                     [id=48572, stack(0x0000003448b00000,0x0000003448c00000) (1024K)]
  0x00000150f92238c0 ConcurrentGCThread "G1 Main Marker"            [id=28376, stack(0x0000003447100000,0x0000003447200000) (1024K)]
  0x00000150f92252e0 WorkerThread "G1 Conc#0"                       [id=46596, stack(0x0000003447200000,0x0000003447300000) (1024K)]
  0x00000150d7b6a6a0 WorkerThread "G1 Conc#1"                       [id=53044, stack(0x0000003449900000,0x0000003449a00000) (1024K)]
  0x00000150d7b6b520 WorkerThread "G1 Conc#2"                       [id=51144, stack(0x0000003449a00000,0x0000003449b00000) (1024K)]
  0x00000150ff068990 ConcurrentGCThread "G1 Refine#0"               [id=53684, stack(0x0000003447300000,0x0000003447400000) (1024K)]
  0x00000150ff069410 ConcurrentGCThread "G1 Service"                [id=36592, stack(0x0000003447400000,0x0000003447500000) (1024K)]
Total: 18

Threads with active compile tasks:
C2 CompilerThread0    77533 17003   !   4       org.gradle.cache.internal.DefaultFileLockManager$DefaultFileLock::doWriteAction (66 bytes)
Total: 1

VM state: not at safepoint (normal execution)

VM Mutex/Monitor currently owned by a thread: None

Heap address: 0x0000000700000000, size: 4096 MB, Compressed Oops mode: Zero based, Oop shift amount: 3

CDS archive(s) mapped at: [0x000001509c000000-0x000001509cc90000-0x000001509cc90000), size 13172736, SharedBaseAddress: 0x000001509c000000, ArchiveRelocationMode: 1.
Compressed class space mapped at: 0x000001509d000000-0x00000150d1000000, reserved size: 872415232
Narrow klass base: 0x000001509c000000, Narrow klass shift: 0, Narrow klass range: 0x100000000

GC Precious Log:
 CardTable entry size: 512
 Card Set container configuration: InlinePtr #cards 4 size 8 Array Of Cards #cards 16 size 48 Howl #buckets 8 coarsen threshold 3686 Howl Bitmap #cards 512 size 80 coarsen threshold 460 Card regions per heap region 1 cards per card region 4096
 CPUs: 12 total, 12 available
 Memory: 32489M
 Large Page Support: Disabled
 NUMA Support: Disabled
 Compressed Oops: Enabled (Zero based)
 Heap Region Size: 2M
 Heap Min Capacity: 8M
 Heap Initial Capacity: 508M
 Heap Max Capacity: 4G
 Pre-touch: Disabled
 Parallel Workers: 10
 Concurrent Workers: 3
 Concurrent Refinement Workers: 10
 Periodic GC: Disabled

Heap:
 garbage-first heap   total 376832K, used 245076K [0x0000000700000000, 0x0000000800000000)
  region size 2048K, 19 young (38912K), 7 survivors (14336K)
 Metaspace       used 115635K, committed 118464K, reserved 983040K
  class space    used 16125K, committed 17472K, reserved 851968K

Heap Regions: E=young(eden), S=young(survivor), O=old, HS=humongous(starts), HC=humongous(continues), CS=collection set, F=free, TAMS=top-at-mark-start, PB=parsable bottom
|   0|0x0000000700000000, 0x0000000700200000, 0x0000000700200000|100%|HS|  |TAMS 0x0000000700000000| PB 0x0000000700000000| Complete 
|   1|0x0000000700200000, 0x0000000700400000, 0x0000000700400000|100%|HC|  |TAMS 0x0000000700200000| PB 0x0000000700200000| Complete 
|   2|0x0000000700400000, 0x0000000700600000, 0x0000000700600000|100%| O|  |TAMS 0x0000000700400000| PB 0x0000000700400000| Untracked 
|   3|0x0000000700600000, 0x0000000700800000, 0x0000000700800000|100%| O|  |TAMS 0x0000000700600000| PB 0x0000000700600000| Untracked 
|   4|0x0000000700800000, 0x0000000700a00000, 0x0000000700a00000|100%| O|  |TAMS 0x0000000700800000| PB 0x0000000700800000| Untracked 
|   5|0x0000000700a00000, 0x0000000700be4440, 0x0000000700c00000| 94%| O|  |TAMS 0x0000000700a00000| PB 0x0000000700a00000| Untracked 
|   6|0x0000000700c00000, 0x0000000700e00000, 0x0000000700e00000|100%| O|  |TAMS 0x0000000700c00000| PB 0x0000000700c00000| Untracked 
|   7|0x0000000700e00000, 0x0000000701000000, 0x0000000701000000|100%| O|  |TAMS 0x0000000700e00000| PB 0x0000000700e00000| Untracked 
|   8|0x0000000701000000, 0x0000000701200000, 0x0000000701200000|100%| O|  |TAMS 0x0000000701000000| PB 0x0000000701000000| Untracked 
|   9|0x0000000701200000, 0x0000000701400000, 0x0000000701400000|100%| O|  |TAMS 0x0000000701200000| PB 0x0000000701200000| Untracked 
|  10|0x0000000701400000, 0x0000000701600000, 0x0000000701600000|100%| O|  |TAMS 0x0000000701400000| PB 0x0000000701400000| Untracked 
|  11|0x0000000701600000, 0x0000000701800000, 0x0000000701800000|100%| O|  |TAMS 0x0000000701600000| PB 0x0000000701600000| Untracked 
|  12|0x0000000701800000, 0x0000000701a00000, 0x0000000701a00000|100%| O|  |TAMS 0x0000000701800000| PB 0x0000000701800000| Untracked 
|  13|0x0000000701a00000, 0x0000000701c00000, 0x0000000701c00000|100%| O|  |TAMS 0x0000000701a00000| PB 0x0000000701a00000| Untracked 
|  14|0x0000000701c00000, 0x0000000701e00000, 0x0000000701e00000|100%| O|  |TAMS 0x0000000701c00000| PB 0x0000000701c00000| Untracked 
|  15|0x0000000701e00000, 0x0000000702000000, 0x0000000702000000|100%| O|  |TAMS 0x0000000701e00000| PB 0x0000000701e00000| Untracked 
|  16|0x0000000702000000, 0x0000000702200000, 0x0000000702200000|100%| O|  |TAMS 0x0000000702000000| PB 0x0000000702000000| Untracked 
|  17|0x0000000702200000, 0x0000000702400000, 0x0000000702400000|100%| O|  |TAMS 0x0000000702200000| PB 0x0000000702200000| Untracked 
|  18|0x0000000702400000, 0x0000000702600000, 0x0000000702600000|100%| O|  |TAMS 0x0000000702400000| PB 0x0000000702400000| Untracked 
|  19|0x0000000702600000, 0x0000000702800000, 0x0000000702800000|100%|HS|  |TAMS 0x0000000702600000| PB 0x0000000702600000| Complete 
|  20|0x0000000702800000, 0x0000000702a00000, 0x0000000702a00000|100%|HC|  |TAMS 0x0000000702800000| PB 0x0000000702800000| Complete 
|  21|0x0000000702a00000, 0x0000000702c00000, 0x0000000702c00000|100%|HS|  |TAMS 0x0000000702a00000| PB 0x0000000702a00000| Complete 
|  22|0x0000000702c00000, 0x0000000702e00000, 0x0000000702e00000|100%|HC|  |TAMS 0x0000000702c00000| PB 0x0000000702c00000| Complete 
|  23|0x0000000702e00000, 0x0000000703000000, 0x0000000703000000|100%| O|  |TAMS 0x0000000702e00000| PB 0x0000000702e00000| Untracked 
|  24|0x0000000703000000, 0x0000000703200000, 0x0000000703200000|100%| O|  |TAMS 0x0000000703000000| PB 0x0000000703000000| Untracked 
|  25|0x0000000703200000, 0x0000000703400000, 0x0000000703400000|100%| O|  |TAMS 0x0000000703200000| PB 0x0000000703200000| Untracked 
|  26|0x0000000703400000, 0x0000000703600000, 0x0000000703600000|100%| O|  |TAMS 0x0000000703400000| PB 0x0000000703400000| Untracked 
|  27|0x0000000703600000, 0x0000000703800000, 0x0000000703800000|100%|HS|  |TAMS 0x0000000703600000| PB 0x0000000703600000| Complete 
|  28|0x0000000703800000, 0x0000000703a00000, 0x0000000703a00000|100%| O|  |TAMS 0x0000000703800000| PB 0x0000000703800000| Untracked 
|  29|0x0000000703a00000, 0x0000000703c00000, 0x0000000703c00000|100%| O|  |TAMS 0x0000000703a00000| PB 0x0000000703a00000| Untracked 
|  30|0x0000000703c00000, 0x0000000703e00000, 0x0000000703e00000|100%| O|  |TAMS 0x0000000703c00000| PB 0x0000000703c00000| Untracked 
|  31|0x0000000703e00000, 0x0000000704000000, 0x0000000704000000|100%| O|  |TAMS 0x0000000703e00000| PB 0x0000000703e00000| Untracked 
|  32|0x0000000704000000, 0x0000000704200000, 0x0000000704200000|100%| O|  |TAMS 0x0000000704000000| PB 0x0000000704000000| Untracked 
|  33|0x0000000704200000, 0x0000000704400000, 0x0000000704400000|100%| O|  |TAMS 0x0000000704200000| PB 0x0000000704200000| Untracked 
|  34|0x0000000704400000, 0x0000000704600000, 0x0000000704600000|100%| O|  |TAMS 0x0000000704400000| PB 0x0000000704400000| Untracked 
|  35|0x0000000704600000, 0x0000000704800000, 0x0000000704800000|100%| O|  |TAMS 0x0000000704600000| PB 0x0000000704600000| Untracked 
|  36|0x0000000704800000, 0x0000000704a00000, 0x0000000704a00000|100%| O|  |TAMS 0x0000000704800000| PB 0x0000000704800000| Untracked 
|  37|0x0000000704a00000, 0x0000000704c00000, 0x0000000704c00000|100%| O|  |TAMS 0x0000000704a00000| PB 0x0000000704a00000| Untracked 
|  38|0x0000000704c00000, 0x0000000704e00000, 0x0000000704e00000|100%| O|  |TAMS 0x0000000704c00000| PB 0x0000000704c00000| Untracked 
|  39|0x0000000704e00000, 0x0000000705000000, 0x0000000705000000|100%| O|  |TAMS 0x0000000704e00000| PB 0x0000000704e00000| Untracked 
|  40|0x0000000705000000, 0x0000000705200000, 0x0000000705200000|100%| O|  |TAMS 0x0000000705000000| PB 0x0000000705000000| Untracked 
|  41|0x0000000705200000, 0x0000000705400000, 0x0000000705400000|100%| O|  |TAMS 0x0000000705200000| PB 0x0000000705200000| Untracked 
|  42|0x0000000705400000, 0x0000000705600000, 0x0000000705600000|100%| O|  |TAMS 0x0000000705400000| PB 0x0000000705400000| Untracked 
|  43|0x0000000705600000, 0x0000000705800000, 0x0000000705800000|100%| O|  |TAMS 0x0000000705600000| PB 0x0000000705600000| Untracked 
|  44|0x0000000705800000, 0x0000000705a00000, 0x0000000705a00000|100%| O|  |TAMS 0x0000000705800000| PB 0x0000000705800000| Untracked 
|  45|0x0000000705a00000, 0x0000000705c00000, 0x0000000705c00000|100%| O|  |TAMS 0x0000000705a00000| PB 0x0000000705a00000| Untracked 
|  46|0x0000000705c00000, 0x0000000705e00000, 0x0000000705e00000|100%|HS|  |TAMS 0x0000000705c00000| PB 0x0000000705c00000| Complete 
|  47|0x0000000705e00000, 0x0000000706000000, 0x0000000706000000|100%|HC|  |TAMS 0x0000000705e00000| PB 0x0000000705e00000| Complete 
|  48|0x0000000706000000, 0x0000000706200000, 0x0000000706200000|100%| O|  |TAMS 0x0000000706000000| PB 0x0000000706000000| Untracked 
|  49|0x0000000706200000, 0x0000000706400000, 0x0000000706400000|100%| O|  |TAMS 0x0000000706200000| PB 0x0000000706200000| Untracked 
|  50|0x0000000706400000, 0x0000000706600000, 0x0000000706600000|100%| O|  |TAMS 0x0000000706400000| PB 0x0000000706400000| Untracked 
|  51|0x0000000706600000, 0x0000000706800000, 0x0000000706800000|100%| O|  |TAMS 0x0000000706600000| PB 0x0000000706600000| Untracked 
|  52|0x0000000706800000, 0x0000000706a00000, 0x0000000706a00000|100%| O|  |TAMS 0x0000000706800000| PB 0x0000000706800000| Untracked 
|  53|0x0000000706a00000, 0x0000000706c00000, 0x0000000706c00000|100%| O|  |TAMS 0x0000000706a00000| PB 0x0000000706a00000| Untracked 
|  54|0x0000000706c00000, 0x0000000706e00000, 0x0000000706e00000|100%| O|  |TAMS 0x0000000706c00000| PB 0x0000000706c00000| Untracked 
|  55|0x0000000706e00000, 0x0000000707000000, 0x0000000707000000|100%| O|  |TAMS 0x0000000706e00000| PB 0x0000000706e00000| Untracked 
|  56|0x0000000707000000, 0x0000000707200000, 0x0000000707200000|100%| O|  |TAMS 0x0000000707000000| PB 0x0000000707000000| Untracked 
|  57|0x0000000707200000, 0x0000000707400000, 0x0000000707400000|100%| O|  |TAMS 0x0000000707200000| PB 0x0000000707200000| Untracked 
|  58|0x0000000707400000, 0x0000000707600000, 0x0000000707600000|100%| O|  |TAMS 0x0000000707400000| PB 0x0000000707400000| Untracked 
|  59|0x0000000707600000, 0x0000000707800000, 0x0000000707800000|100%| O|  |TAMS 0x0000000707600000| PB 0x0000000707600000| Untracked 
|  60|0x0000000707800000, 0x0000000707a00000, 0x0000000707a00000|100%| O|  |TAMS 0x0000000707800000| PB 0x0000000707800000| Untracked 
|  61|0x0000000707a00000, 0x0000000707c00000, 0x0000000707c00000|100%| O|  |TAMS 0x0000000707a00000| PB 0x0000000707a00000| Untracked 
|  62|0x0000000707c00000, 0x0000000707e00000, 0x0000000707e00000|100%| O|  |TAMS 0x0000000707c00000| PB 0x0000000707c00000| Untracked 
|  63|0x0000000707e00000, 0x0000000708000000, 0x0000000708000000|100%| O|  |TAMS 0x0000000707e00000| PB 0x0000000707e00000| Untracked 
|  64|0x0000000708000000, 0x0000000708200000, 0x0000000708200000|100%| O|  |TAMS 0x0000000708000000| PB 0x0000000708000000| Untracked 
|  65|0x0000000708200000, 0x0000000708400000, 0x0000000708400000|100%| O|  |TAMS 0x0000000708200000| PB 0x0000000708200000| Untracked 
|  66|0x0000000708400000, 0x0000000708600000, 0x0000000708600000|100%| O|  |TAMS 0x0000000708400000| PB 0x0000000708400000| Untracked 
|  67|0x0000000708600000, 0x0000000708800000, 0x0000000708800000|100%| O|  |TAMS 0x0000000708600000| PB 0x0000000708600000| Untracked 
|  68|0x0000000708800000, 0x0000000708a00000, 0x0000000708a00000|100%| O|  |TAMS 0x0000000708800000| PB 0x0000000708800000| Untracked 
|  69|0x0000000708a00000, 0x0000000708c00000, 0x0000000708c00000|100%| O|  |TAMS 0x0000000708a00000| PB 0x0000000708a00000| Untracked 
|  70|0x0000000708c00000, 0x0000000708e00000, 0x0000000708e00000|100%|HS|  |TAMS 0x0000000708c00000| PB 0x0000000708c00000| Complete 
|  71|0x0000000708e00000, 0x0000000709000000, 0x0000000709000000|100%|HC|  |TAMS 0x0000000708e00000| PB 0x0000000708e00000| Complete 
|  72|0x0000000709000000, 0x0000000709200000, 0x0000000709200000|100%| O|  |TAMS 0x0000000709000000| PB 0x0000000709000000| Untracked 
|  73|0x0000000709200000, 0x0000000709400000, 0x0000000709400000|100%| O|  |TAMS 0x0000000709200000| PB 0x0000000709200000| Untracked 
|  74|0x0000000709400000, 0x0000000709600000, 0x0000000709600000|100%| O|  |TAMS 0x0000000709400000| PB 0x0000000709400000| Untracked 
|  75|0x0000000709600000, 0x0000000709800000, 0x0000000709800000|100%| O|  |TAMS 0x0000000709600000| PB 0x0000000709600000| Untracked 
|  76|0x0000000709800000, 0x0000000709a00000, 0x0000000709a00000|100%| O|  |TAMS 0x0000000709800000| PB 0x0000000709800000| Untracked 
|  77|0x0000000709a00000, 0x0000000709c00000, 0x0000000709c00000|100%| O|  |TAMS 0x0000000709a00000| PB 0x0000000709a00000| Untracked 
|  78|0x0000000709c00000, 0x0000000709e00000, 0x0000000709e00000|100%| O|  |TAMS 0x0000000709c00000| PB 0x0000000709c00000| Untracked 
|  79|0x0000000709e00000, 0x000000070a000000, 0x000000070a000000|100%| O|  |TAMS 0x0000000709e00000| PB 0x0000000709e00000| Untracked 
|  80|0x000000070a000000, 0x000000070a200000, 0x000000070a200000|100%| O|  |TAMS 0x000000070a000000| PB 0x000000070a000000| Untracked 
|  81|0x000000070a200000, 0x000000070a400000, 0x000000070a400000|100%| O|Cm|TAMS 0x000000070a200000| PB 0x000000070a200000| Complete 
|  82|0x000000070a400000, 0x000000070a600000, 0x000000070a600000|100%| O|  |TAMS 0x000000070a400000| PB 0x000000070a400000| Untracked 
|  83|0x000000070a600000, 0x000000070a800000, 0x000000070a800000|100%| O|Cm|TAMS 0x000000070a600000| PB 0x000000070a600000| Complete 
|  84|0x000000070a800000, 0x000000070aa00000, 0x000000070aa00000|100%| O|Cm|TAMS 0x000000070a800000| PB 0x000000070a800000| Complete 
|  85|0x000000070aa00000, 0x000000070ac00000, 0x000000070ac00000|100%| O|  |TAMS 0x000000070aa00000| PB 0x000000070aa00000| Untracked 
|  86|0x000000070ac00000, 0x000000070ae00000, 0x000000070ae00000|100%| O|  |TAMS 0x000000070ac00000| PB 0x000000070ac00000| Untracked 
|  87|0x000000070ae00000, 0x000000070b000000, 0x000000070b000000|100%| O|  |TAMS 0x000000070ae00000| PB 0x000000070ae00000| Untracked 
|  88|0x000000070b000000, 0x000000070b200000, 0x000000070b200000|100%| O|Cm|TAMS 0x000000070b000000| PB 0x000000070b000000| Complete 
|  89|0x000000070b200000, 0x000000070b400000, 0x000000070b400000|100%| O|  |TAMS 0x000000070b200000| PB 0x000000070b200000| Untracked 
|  90|0x000000070b400000, 0x000000070b600000, 0x000000070b600000|100%| O|  |TAMS 0x000000070b400000| PB 0x000000070b400000| Untracked 
|  91|0x000000070b600000, 0x000000070b800000, 0x000000070b800000|100%|HS|  |TAMS 0x000000070b600000| PB 0x000000070b600000| Complete 
|  92|0x000000070b800000, 0x000000070ba00000, 0x000000070ba00000|100%| O|  |TAMS 0x000000070b800000| PB 0x000000070b800000| Untracked 
|  93|0x000000070ba00000, 0x000000070bc00000, 0x000000070bc00000|100%| O|  |TAMS 0x000000070ba00000| PB 0x000000070ba00000| Untracked 
|  94|0x000000070bc00000, 0x000000070be00000, 0x000000070be00000|100%| O|  |TAMS 0x000000070bc00000| PB 0x000000070bc00000| Untracked 
|  95|0x000000070be00000, 0x000000070c000000, 0x000000070c000000|100%| O|  |TAMS 0x000000070be00000| PB 0x000000070be00000| Untracked 
|  96|0x000000070c000000, 0x000000070c200000, 0x000000070c200000|100%| O|  |TAMS 0x000000070c000000| PB 0x000000070c000000| Untracked 
|  97|0x000000070c200000, 0x000000070c400000, 0x000000070c400000|100%| O|  |TAMS 0x000000070c200000| PB 0x000000070c200000| Untracked 
|  98|0x000000070c400000, 0x000000070c600000, 0x000000070c600000|100%| O|  |TAMS 0x000000070c400000| PB 0x000000070c400000| Untracked 
|  99|0x000000070c600000, 0x000000070c800000, 0x000000070c800000|100%| O|  |TAMS 0x000000070c600000| PB 0x000000070c600000| Untracked 
| 100|0x000000070c800000, 0x000000070ca00000, 0x000000070ca00000|100%| O|  |TAMS 0x000000070c800000| PB 0x000000070c800000| Untracked 
| 101|0x000000070ca00000, 0x000000070cc00000, 0x000000070cc00000|100%| O|  |TAMS 0x000000070ca00000| PB 0x000000070ca00000| Untracked 
| 102|0x000000070cc00000, 0x000000070cd0af18, 0x000000070ce00000| 52%| O|  |TAMS 0x000000070cc00000| PB 0x000000070cc00000| Untracked 
| 103|0x000000070ce00000, 0x000000070ce00000, 0x000000070d000000|  0%| F|  |TAMS 0x000000070ce00000| PB 0x000000070ce00000| Untracked 
| 104|0x000000070d000000, 0x000000070d000000, 0x000000070d200000|  0%| F|  |TAMS 0x000000070d000000| PB 0x000000070d000000| Untracked 
| 105|0x000000070d200000, 0x000000070d200000, 0x000000070d400000|  0%| F|  |TAMS 0x000000070d200000| PB 0x000000070d200000| Untracked 
| 106|0x000000070d400000, 0x000000070d400000, 0x000000070d600000|  0%| F|  |TAMS 0x000000070d400000| PB 0x000000070d400000| Untracked 
| 107|0x000000070d600000, 0x000000070d600000, 0x000000070d800000|  0%| F|  |TAMS 0x000000070d600000| PB 0x000000070d600000| Untracked 
| 108|0x000000070d800000, 0x000000070d800000, 0x000000070da00000|  0%| F|  |TAMS 0x000000070d800000| PB 0x000000070d800000| Untracked 
| 109|0x000000070da00000, 0x000000070da00000, 0x000000070dc00000|  0%| F|  |TAMS 0x000000070da00000| PB 0x000000070da00000| Untracked 
| 110|0x000000070dc00000, 0x000000070dc00000, 0x000000070de00000|  0%| F|  |TAMS 0x000000070dc00000| PB 0x000000070dc00000| Untracked 
| 111|0x000000070de00000, 0x000000070de00000, 0x000000070e000000|  0%| F|  |TAMS 0x000000070de00000| PB 0x000000070de00000| Untracked 
| 112|0x000000070e000000, 0x000000070e000000, 0x000000070e200000|  0%| F|  |TAMS 0x000000070e000000| PB 0x000000070e000000| Untracked 
| 113|0x000000070e200000, 0x000000070e200000, 0x000000070e400000|  0%| F|  |TAMS 0x000000070e200000| PB 0x000000070e200000| Untracked 
| 114|0x000000070e400000, 0x000000070e400000, 0x000000070e600000|  0%| F|  |TAMS 0x000000070e400000| PB 0x000000070e400000| Untracked 
| 115|0x000000070e600000, 0x000000070e600000, 0x000000070e800000|  0%| F|  |TAMS 0x000000070e600000| PB 0x000000070e600000| Untracked 
| 116|0x000000070e800000, 0x000000070e800000, 0x000000070ea00000|  0%| F|  |TAMS 0x000000070e800000| PB 0x000000070e800000| Untracked 
| 117|0x000000070ea00000, 0x000000070ea00000, 0x000000070ec00000|  0%| F|  |TAMS 0x000000070ea00000| PB 0x000000070ea00000| Untracked 
| 118|0x000000070ec00000, 0x000000070ec00000, 0x000000070ee00000|  0%| F|  |TAMS 0x000000070ec00000| PB 0x000000070ec00000| Untracked 
| 119|0x000000070ee00000, 0x000000070ee00000, 0x000000070f000000|  0%| F|  |TAMS 0x000000070ee00000| PB 0x000000070ee00000| Untracked 
| 120|0x000000070f000000, 0x000000070f000000, 0x000000070f200000|  0%| F|  |TAMS 0x000000070f000000| PB 0x000000070f000000| Untracked 
| 121|0x000000070f200000, 0x000000070f200000, 0x000000070f400000|  0%| F|  |TAMS 0x000000070f200000| PB 0x000000070f200000| Untracked 
| 122|0x000000070f400000, 0x000000070f400000, 0x000000070f600000|  0%| F|  |TAMS 0x000000070f400000| PB 0x000000070f400000| Untracked 
| 123|0x000000070f600000, 0x000000070f600000, 0x000000070f800000|  0%| F|  |TAMS 0x000000070f600000| PB 0x000000070f600000| Untracked 
| 124|0x000000070f800000, 0x000000070f800000, 0x000000070fa00000|  0%| F|  |TAMS 0x000000070f800000| PB 0x000000070f800000| Untracked 
| 125|0x000000070fa00000, 0x000000070fa00000, 0x000000070fc00000|  0%| F|  |TAMS 0x000000070fa00000| PB 0x000000070fa00000| Untracked 
| 126|0x000000070fc00000, 0x000000070fc00000, 0x000000070fe00000|  0%| F|  |TAMS 0x000000070fc00000| PB 0x000000070fc00000| Untracked 
| 127|0x000000070fe00000, 0x000000070fe00000, 0x0000000710000000|  0%| F|  |TAMS 0x000000070fe00000| PB 0x000000070fe00000| Untracked 
| 128|0x0000000710000000, 0x0000000710000000, 0x0000000710200000|  0%| F|  |TAMS 0x0000000710000000| PB 0x0000000710000000| Untracked 
| 129|0x0000000710200000, 0x0000000710266040, 0x0000000710400000| 19%| S|CS|TAMS 0x0000000710200000| PB 0x0000000710200000| Complete 
| 130|0x0000000710400000, 0x0000000710600000, 0x0000000710600000|100%| S|CS|TAMS 0x0000000710400000| PB 0x0000000710400000| Complete 
| 131|0x0000000710600000, 0x0000000710800000, 0x0000000710800000|100%| S|CS|TAMS 0x0000000710600000| PB 0x0000000710600000| Complete 
| 132|0x0000000710800000, 0x0000000710a00000, 0x0000000710a00000|100%| S|CS|TAMS 0x0000000710800000| PB 0x0000000710800000| Complete 
| 133|0x0000000710a00000, 0x0000000710c00000, 0x0000000710c00000|100%| S|CS|TAMS 0x0000000710a00000| PB 0x0000000710a00000| Complete 
| 134|0x0000000710c00000, 0x0000000710e00000, 0x0000000710e00000|100%| S|CS|TAMS 0x0000000710c00000| PB 0x0000000710c00000| Complete 
| 135|0x0000000710e00000, 0x0000000711000000, 0x0000000711000000|100%| S|CS|TAMS 0x0000000710e00000| PB 0x0000000710e00000| Complete 
| 136|0x0000000711000000, 0x0000000711000000, 0x0000000711200000|  0%| F|  |TAMS 0x0000000711000000| PB 0x0000000711000000| Untracked 
| 137|0x0000000711200000, 0x0000000711200000, 0x0000000711400000|  0%| F|  |TAMS 0x0000000711200000| PB 0x0000000711200000| Untracked 
| 138|0x0000000711400000, 0x0000000711400000, 0x0000000711600000|  0%| F|  |TAMS 0x0000000711400000| PB 0x0000000711400000| Untracked 
| 139|0x0000000711600000, 0x0000000711600000, 0x0000000711800000|  0%| F|  |TAMS 0x0000000711600000| PB 0x0000000711600000| Untracked 
| 140|0x0000000711800000, 0x0000000711800000, 0x0000000711a00000|  0%| F|  |TAMS 0x0000000711800000| PB 0x0000000711800000| Untracked 
| 141|0x0000000711a00000, 0x0000000711a00000, 0x0000000711c00000|  0%| F|  |TAMS 0x0000000711a00000| PB 0x0000000711a00000| Untracked 
| 142|0x0000000711c00000, 0x0000000711c00000, 0x0000000711e00000|  0%| F|  |TAMS 0x0000000711c00000| PB 0x0000000711c00000| Untracked 
| 143|0x0000000711e00000, 0x0000000711e00000, 0x0000000712000000|  0%| F|  |TAMS 0x0000000711e00000| PB 0x0000000711e00000| Untracked 
| 144|0x0000000712000000, 0x0000000712000000, 0x0000000712200000|  0%| F|  |TAMS 0x0000000712000000| PB 0x0000000712000000| Untracked 
| 145|0x0000000712200000, 0x0000000712200000, 0x0000000712400000|  0%| F|  |TAMS 0x0000000712200000| PB 0x0000000712200000| Untracked 
| 146|0x0000000712400000, 0x0000000712400000, 0x0000000712600000|  0%| F|  |TAMS 0x0000000712400000| PB 0x0000000712400000| Untracked 
| 147|0x0000000712600000, 0x0000000712600000, 0x0000000712800000|  0%| F|  |TAMS 0x0000000712600000| PB 0x0000000712600000| Untracked 
| 148|0x0000000712800000, 0x0000000712800000, 0x0000000712a00000|  0%| F|  |TAMS 0x0000000712800000| PB 0x0000000712800000| Untracked 
| 149|0x0000000712a00000, 0x0000000712a00000, 0x0000000712c00000|  0%| F|  |TAMS 0x0000000712a00000| PB 0x0000000712a00000| Untracked 
| 150|0x0000000712c00000, 0x0000000712c00000, 0x0000000712e00000|  0%| F|  |TAMS 0x0000000712c00000| PB 0x0000000712c00000| Untracked 
| 151|0x0000000712e00000, 0x0000000712e00000, 0x0000000713000000|  0%| F|  |TAMS 0x0000000712e00000| PB 0x0000000712e00000| Untracked 
| 152|0x0000000713000000, 0x0000000713000000, 0x0000000713200000|  0%| F|  |TAMS 0x0000000713000000| PB 0x0000000713000000| Untracked 
| 153|0x0000000713200000, 0x0000000713200000, 0x0000000713400000|  0%| F|  |TAMS 0x0000000713200000| PB 0x0000000713200000| Untracked 
| 154|0x0000000713400000, 0x0000000713400000, 0x0000000713600000|  0%| F|  |TAMS 0x0000000713400000| PB 0x0000000713400000| Untracked 
| 155|0x0000000713600000, 0x0000000713600000, 0x0000000713800000|  0%| F|  |TAMS 0x0000000713600000| PB 0x0000000713600000| Untracked 
| 156|0x0000000713800000, 0x0000000713800000, 0x0000000713a00000|  0%| F|  |TAMS 0x0000000713800000| PB 0x0000000713800000| Untracked 
| 157|0x0000000713a00000, 0x0000000713a00000, 0x0000000713c00000|  0%| F|  |TAMS 0x0000000713a00000| PB 0x0000000713a00000| Untracked 
| 158|0x0000000713c00000, 0x0000000713c00000, 0x0000000713e00000|  0%| F|  |TAMS 0x0000000713c00000| PB 0x0000000713c00000| Untracked 
| 159|0x0000000713e00000, 0x0000000713e00000, 0x0000000714000000|  0%| F|  |TAMS 0x0000000713e00000| PB 0x0000000713e00000| Untracked 
| 160|0x0000000714000000, 0x0000000714000000, 0x0000000714200000|  0%| F|  |TAMS 0x0000000714000000| PB 0x0000000714000000| Untracked 
| 161|0x0000000714200000, 0x0000000714200000, 0x0000000714400000|  0%| F|  |TAMS 0x0000000714200000| PB 0x0000000714200000| Untracked 
| 162|0x0000000714400000, 0x0000000714400000, 0x0000000714600000|  0%| F|  |TAMS 0x0000000714400000| PB 0x0000000714400000| Untracked 
| 163|0x0000000714600000, 0x0000000714600000, 0x0000000714800000|  0%| F|  |TAMS 0x0000000714600000| PB 0x0000000714600000| Untracked 
| 164|0x0000000714800000, 0x0000000714800000, 0x0000000714a00000|  0%| F|  |TAMS 0x0000000714800000| PB 0x0000000714800000| Untracked 
| 165|0x0000000714a00000, 0x0000000714a00000, 0x0000000714c00000|  0%| F|  |TAMS 0x0000000714a00000| PB 0x0000000714a00000| Untracked 
| 166|0x0000000714c00000, 0x0000000714c00000, 0x0000000714e00000|  0%| F|  |TAMS 0x0000000714c00000| PB 0x0000000714c00000| Untracked 
| 167|0x0000000714e00000, 0x0000000714e00000, 0x0000000715000000|  0%| F|  |TAMS 0x0000000714e00000| PB 0x0000000714e00000| Untracked 
| 168|0x0000000715000000, 0x0000000715000000, 0x0000000715200000|  0%| F|  |TAMS 0x0000000715000000| PB 0x0000000715000000| Untracked 
| 169|0x0000000715200000, 0x0000000715200000, 0x0000000715400000|  0%| F|  |TAMS 0x0000000715200000| PB 0x0000000715200000| Untracked 
| 170|0x0000000715400000, 0x0000000715400000, 0x0000000715600000|  0%| F|  |TAMS 0x0000000715400000| PB 0x0000000715400000| Untracked 
| 171|0x0000000715600000, 0x00000007157298b0, 0x0000000715800000| 58%| E|  |TAMS 0x0000000715600000| PB 0x0000000715600000| Complete 
| 172|0x0000000715800000, 0x0000000715a00000, 0x0000000715a00000|100%| E|CS|TAMS 0x0000000715800000| PB 0x0000000715800000| Complete 
| 173|0x0000000715a00000, 0x0000000715c00000, 0x0000000715c00000|100%| E|CS|TAMS 0x0000000715a00000| PB 0x0000000715a00000| Complete 
| 174|0x0000000715c00000, 0x0000000715e00000, 0x0000000715e00000|100%| E|CS|TAMS 0x0000000715c00000| PB 0x0000000715c00000| Complete 
| 206|0x0000000719c00000, 0x0000000719e00000, 0x0000000719e00000|100%| E|CS|TAMS 0x0000000719c00000| PB 0x0000000719c00000| Complete 
| 207|0x0000000719e00000, 0x000000071a000000, 0x000000071a000000|100%| E|  |TAMS 0x0000000719e00000| PB 0x0000000719e00000| Complete 
| 208|0x000000071a000000, 0x000000071a200000, 0x000000071a200000|100%| E|CS|TAMS 0x000000071a000000| PB 0x000000071a000000| Complete 
| 209|0x000000071a200000, 0x000000071a400000, 0x000000071a400000|100%| E|CS|TAMS 0x000000071a200000| PB 0x000000071a200000| Complete 
| 210|0x000000071a400000, 0x000000071a600000, 0x000000071a600000|100%| E|CS|TAMS 0x000000071a400000| PB 0x000000071a400000| Complete 
| 211|0x000000071a600000, 0x000000071a800000, 0x000000071a800000|100%| E|CS|TAMS 0x000000071a600000| PB 0x000000071a600000| Complete 
| 212|0x000000071a800000, 0x000000071aa00000, 0x000000071aa00000|100%| E|CS|TAMS 0x000000071a800000| PB 0x000000071a800000| Complete 
| 253|0x000000071fa00000, 0x000000071fc00000, 0x000000071fc00000|100%| E|CS|TAMS 0x000000071fa00000| PB 0x000000071fa00000| Complete 
|2047|0x00000007ffe00000, 0x0000000800000000, 0x0000000800000000|100%| O|  |TAMS 0x00000007ffe00000| PB 0x00000007ffe00000| Untracked 

Card table byte_map: [0x00000150fbcf0000,0x00000150fc4f0000] _byte_map_base: 0x00000150f84f0000

Marking Bits: (CMBitMap*) 0x00000150f9212fe0
 Bits: [0x00000150973a0000, 0x000001509b3a0000)

Polling page: 0x00000150f8e80000

Metaspace:

Usage:
  Non-class:     97.18 MB used.
      Class:     15.75 MB used.
       Both:    112.93 MB used.

Virtual space:
  Non-class space:      128.00 MB reserved,      98.62 MB ( 77%) committed,  2 nodes.
      Class space:      832.00 MB reserved,      17.06 MB (  2%) committed,  1 nodes.
             Both:      960.00 MB reserved,     115.69 MB ( 12%) committed. 

Chunk freelists:
   Non-Class:  12.88 MB
       Class:  14.95 MB
        Both:  27.83 MB

MaxMetaspaceSize: 1.00 GB
CompressedClassSpaceSize: 832.00 MB
Initial GC threshold: 21.00 MB
Current GC threshold: 191.56 MB
CDS: on
 - commit_granule_bytes: 65536.
 - commit_granule_words: 8192.
 - virtual_space_node_default_size: 8388608.
 - enlarge_chunks_in_place: 1.
 - use_allocation_guard: 0.


Internal statistics:

num_allocs_failed_limit: 9.
num_arena_births: 4636.
num_arena_deaths: 0.
num_vsnodes_births: 3.
num_vsnodes_deaths: 0.
num_space_committed: 1851.
num_space_uncommitted: 0.
num_chunks_returned_to_freelist: 9.
num_chunks_taken_from_freelist: 10260.
num_chunk_merges: 9.
num_chunk_splits: 6646.
num_chunks_enlarged: 4146.
num_inconsistent_stats: 0.

CodeHeap 'non-profiled nmethods': size=120000Kb used=10296Kb max_used=10296Kb free=109703Kb
 bounds [0x000001508fe70000, 0x0000015090880000, 0x00000150973a0000]
CodeHeap 'profiled nmethods': size=120000Kb used=26760Kb max_used=27170Kb free=93239Kb
 bounds [0x00000150883a0000, 0x0000015089e30000, 0x000001508f8d0000]
CodeHeap 'non-nmethods': size=5760Kb used=3251Kb max_used=3318Kb free=2508Kb
 bounds [0x000001508f8d0000, 0x000001508fc20000, 0x000001508fe70000]
 total_blobs=15021 nmethods=13987 adapters=937
 compilation: enabled
              stopped_count=0, restarted_count=0
 full_count=0

Compilation events (20 events):
Event: 75.647 Thread 0x00000150ff168980 nmethod 16995 0x0000015090877090 code [0x0000015090877340, 0x00000150908780b8]
Event: 75.686 Thread 0x00000150ff168980 16996       4       org.gradle.cache.internal.LockOnDemandCrossProcessCacheAccess::acquireFileLock (9 bytes)
Event: 75.686 Thread 0x00000150ff16dfb0 16997   !   3       java.util.concurrent.ConcurrentHashMap::replaceNode (437 bytes)
Event: 75.688 Thread 0x00000150ff16dfb0 nmethod 16997 0x00000150889bd410 code [0x00000150889bd780, 0x00000150889bf038]
Event: 75.699 Thread 0x00000150ff168980 nmethod 16996 0x0000015090878a90 code [0x0000015090878d20, 0x0000015090879800]
Event: 75.763 Thread 0x00000150e04d91c0 16998  s    4       java.io.DataOutputStream::write (16 bytes)
Event: 75.771 Thread 0x00000150e04d91c0 nmethod 16998 0x0000015090879f10 code [0x000001509087a140, 0x000001509087ac50]
Event: 75.932 Thread 0x00000150e04d91c0 16999       4       com.esotericsoftware.kryo.io.Input::readVarLong (329 bytes)
Event: 75.937 Thread 0x00000150e04d91c0 nmethod 16999 0x000001509087b410 code [0x000001509087b5e0, 0x000001509087bb70]
Event: 75.939 Thread 0x00000150e04d91c0 17000       4       org.gradle.internal.serialize.kryo.KryoBackedEncoder::writeLong (9 bytes)
Event: 75.939 Thread 0x00000150ff168980 17001       4       sun.nio.fs.WindowsPath::resolve (6 bytes)
Event: 75.939 Thread 0x00000150ff168980 nmethod 17001 0x000001509087bf10 code [0x000001509087c0a0, 0x000001509087c150]
Event: 75.944 Thread 0x00000150ff168980 17002   !   4       java.util.concurrent.ConcurrentHashMap::replaceNode (437 bytes)
Event: 75.946 Thread 0x00000150e04d91c0 nmethod 17000 0x000001509087c210 code [0x000001509087c3e0, 0x000001509087cb38]
Event: 75.959 Thread 0x00000150ff168980 nmethod 17002 0x000001509087ce10 code [0x000001509087cfe0, 0x000001509087dbf8]
Event: 76.140 Thread 0x00000150ff168980 17003   !   4       org.gradle.cache.internal.DefaultFileLockManager$DefaultFileLock::doWriteAction (66 bytes)
Event: 76.310 Thread 0x00000150ff16dfb0 17005       2       java.lang.reflect.AccessibleObject::checkCanSetAccessible (195 bytes)
Event: 76.311 Thread 0x00000150ff16dfb0 nmethod 17005 0x000001508897ac90 code [0x000001508897af60, 0x000001508897b988]
Event: 77.234 Thread 0x00000150ff16dfb0 17006       3       groovy.lang.MetaClassImpl::sameClasses (53 bytes)
Event: 77.235 Thread 0x00000150ff16dfb0 nmethod 17006 0x00000150891b3890 code [0x00000150891b3a60, 0x00000150891b3dc8]

GC Heap History (20 events):
Event: 60.080 GC heap before
{Heap before GC invocations=48 (full 0):
 garbage-first heap   total 233472K, used 195590K [0x0000000700000000, 0x0000000800000000)
  region size 2048K, 31 young (63488K), 3 survivors (6144K)
 Metaspace       used 112648K, committed 115264K, reserved 983040K
  class space    used 15733K, committed 17024K, reserved 851968K
}
Event: 60.085 GC heap after
{Heap after GC invocations=49 (full 0):
 garbage-first heap   total 233472K, used 144684K [0x0000000700000000, 0x0000000800000000)
  region size 2048K, 4 young (8192K), 4 survivors (8192K)
 Metaspace       used 112648K, committed 115264K, reserved 983040K
  class space    used 15733K, committed 17024K, reserved 851968K
}
Event: 62.002 GC heap before
{Heap before GC invocations=50 (full 0):
 garbage-first heap   total 276480K, used 210220K [0x0000000700000000, 0x0000000800000000)
  region size 2048K, 34 young (69632K), 4 survivors (8192K)
 Metaspace       used 113408K, committed 116096K, reserved 983040K
  class space    used 15849K, committed 17152K, reserved 851968K
}
Event: 62.009 GC heap after
{Heap after GC invocations=51 (full 0):
 garbage-first heap   total 276480K, used 161969K [0x0000000700000000, 0x0000000800000000)
  region size 2048K, 5 young (10240K), 5 survivors (10240K)
 Metaspace       used 113408K, committed 116096K, reserved 983040K
  class space    used 15849K, committed 17152K, reserved 851968K
}
Event: 63.707 GC heap before
{Heap before GC invocations=51 (full 0):
 garbage-first heap   total 276480K, used 231601K [0x0000000700000000, 0x0000000800000000)
  region size 2048K, 40 young (81920K), 5 survivors (10240K)
 Metaspace       used 113985K, committed 116736K, reserved 983040K
  class space    used 15905K, committed 17216K, reserved 851968K
}
Event: 63.726 GC heap after
{Heap after GC invocations=52 (full 0):
 garbage-first heap   total 276480K, used 171424K [0x0000000700000000, 0x0000000800000000)
  region size 2048K, 5 young (10240K), 5 survivors (10240K)
 Metaspace       used 113985K, committed 116736K, reserved 983040K
  class space    used 15905K, committed 17216K, reserved 851968K
}
Event: 64.295 GC heap before
{Heap before GC invocations=52 (full 0):
 garbage-first heap   total 276480K, used 239008K [0x0000000700000000, 0x0000000800000000)
  region size 2048K, 39 young (79872K), 5 survivors (10240K)
 Metaspace       used 113985K, committed 116736K, reserved 983040K
  class space    used 15905K, committed 17216K, reserved 851968K
}
Event: 64.303 GC heap after
{Heap after GC invocations=53 (full 0):
 garbage-first heap   total 276480K, used 174240K [0x0000000700000000, 0x0000000800000000)
  region size 2048K, 3 young (6144K), 3 survivors (6144K)
 Metaspace       used 113985K, committed 116736K, reserved 983040K
  class space    used 15905K, committed 17216K, reserved 851968K
}
Event: 66.341 GC heap before
{Heap before GC invocations=53 (full 0):
 garbage-first heap   total 276480K, used 241824K [0x0000000700000000, 0x0000000800000000)
  region size 2048K, 37 young (75776K), 3 survivors (6144K)
 Metaspace       used 114329K, committed 117056K, reserved 983040K
  class space    used 15939K, committed 17280K, reserved 851968K
}
Event: 66.350 GC heap after
{Heap after GC invocations=54 (full 0):
 garbage-first heap   total 331776K, used 186253K [0x0000000700000000, 0x0000000800000000)
  region size 2048K, 5 young (10240K), 5 survivors (10240K)
 Metaspace       used 114329K, committed 117056K, reserved 983040K
  class space    used 15939K, committed 17280K, reserved 851968K
}
Event: 67.003 GC heap before
{Heap before GC invocations=55 (full 0):
 garbage-first heap   total 352256K, used 276365K [0x0000000700000000, 0x0000000800000000)
  region size 2048K, 50 young (102400K), 5 survivors (10240K)
 Metaspace       used 114329K, committed 117056K, reserved 983040K
  class space    used 15939K, committed 17280K, reserved 851968K
}
Event: 67.011 GC heap after
{Heap after GC invocations=56 (full 0):
 garbage-first heap   total 352256K, used 191120K [0x0000000700000000, 0x0000000800000000)
  region size 2048K, 3 young (6144K), 3 survivors (6144K)
 Metaspace       used 114329K, committed 117056K, reserved 983040K
  class space    used 15939K, committed 17280K, reserved 851968K
}
Event: 68.327 GC heap before
{Heap before GC invocations=56 (full 0):
 garbage-first heap   total 352256K, used 307856K [0x0000000700000000, 0x0000000800000000)
  region size 2048K, 60 young (122880K), 3 survivors (6144K)
 Metaspace       used 114672K, committed 117376K, reserved 983040K
  class space    used 15981K, committed 17280K, reserved 851968K
}
Event: 68.340 GC heap after
{Heap after GC invocations=57 (full 0):
 garbage-first heap   total 352256K, used 203196K [0x0000000700000000, 0x0000000800000000)
  region size 2048K, 8 young (16384K), 8 survivors (16384K)
 Metaspace       used 114672K, committed 117376K, reserved 983040K
  class space    used 15981K, committed 17280K, reserved 851968K
}
Event: 70.070 GC heap before
{Heap before GC invocations=57 (full 0):
 garbage-first heap   total 352256K, used 299452K [0x0000000700000000, 0x0000000800000000)
  region size 2048K, 56 young (114688K), 8 survivors (16384K)
 Metaspace       used 114856K, committed 117696K, reserved 983040K
  class space    used 15997K, committed 17344K, reserved 851968K
}
Event: 70.081 GC heap after
{Heap after GC invocations=58 (full 0):
 garbage-first heap   total 352256K, used 213818K [0x0000000700000000, 0x0000000800000000)
  region size 2048K, 7 young (14336K), 7 survivors (14336K)
 Metaspace       used 114856K, committed 117696K, reserved 983040K
  class space    used 15997K, committed 17344K, reserved 851968K
}
Event: 70.991 GC heap before
{Heap before GC invocations=58 (full 0):
 garbage-first heap   total 352256K, used 305978K [0x0000000700000000, 0x0000000800000000)
  region size 2048K, 53 young (108544K), 7 survivors (14336K)
 Metaspace       used 114856K, committed 117696K, reserved 983040K
  class space    used 15997K, committed 17344K, reserved 851968K
}
Event: 70.997 GC heap after
{Heap after GC invocations=59 (full 0):
 garbage-first heap   total 352256K, used 216699K [0x0000000700000000, 0x0000000800000000)
  region size 2048K, 3 young (6144K), 3 survivors (6144K)
 Metaspace       used 114856K, committed 117696K, reserved 983040K
  class space    used 15997K, committed 17344K, reserved 851968K
}
Event: 76.188 GC heap before
{Heap before GC invocations=60 (full 0):
 garbage-first heap   total 376832K, used 310907K [0x0000000700000000, 0x0000000800000000)
  region size 2048K, 50 young (102400K), 3 survivors (6144K)
 Metaspace       used 115561K, committed 118400K, reserved 983040K
  class space    used 16115K, committed 17472K, reserved 851968K
}
Event: 76.195 GC heap after
{Heap after GC invocations=61 (full 0):
 garbage-first heap   total 376832K, used 224596K [0x0000000700000000, 0x0000000800000000)
  region size 2048K, 7 young (14336K), 7 survivors (14336K)
 Metaspace       used 115561K, committed 118400K, reserved 983040K
  class space    used 16115K, committed 17472K, reserved 851968K
}

Dll operation events (15 events):
Event: 0.016 Loaded shared library C:\Program Files\Java\jdk-21\bin\java.dll
Event: 0.075 Loaded shared library C:\Program Files\Java\jdk-21\bin\jsvml.dll
Event: 0.127 Loaded shared library C:\Program Files\Java\jdk-21\bin\zip.dll
Event: 0.131 Loaded shared library C:\Program Files\Java\jdk-21\bin\instrument.dll
Event: 0.136 Loaded shared library C:\Program Files\Java\jdk-21\bin\net.dll
Event: 0.139 Loaded shared library C:\Program Files\Java\jdk-21\bin\nio.dll
Event: 0.145 Loaded shared library C:\Program Files\Java\jdk-21\bin\zip.dll
Event: 0.425 Loaded shared library C:\Program Files\Java\jdk-21\bin\jimage.dll
Event: 0.665 Loaded shared library C:\Program Files\Java\jdk-21\bin\verify.dll
Event: 0.806 Loaded shared library D:\AndroidStudioProjects\.gradle\native\1def1411415f61bf3af743bc5b6707747c0891f09f0c88961ee8f79bc544acac\windows-amd64\native-platform.dll
Event: 0.823 Loaded shared library D:\AndroidStudioProjects\.gradle\native\0.2.7\x86_64-windows-gnu\gradle-fileevents.dll
Event: 2.037 Loaded shared library C:\Program Files\Java\jdk-21\bin\management.dll
Event: 2.040 Loaded shared library C:\Program Files\Java\jdk-21\bin\management_ext.dll
Event: 2.422 Loaded shared library C:\Program Files\Java\jdk-21\bin\extnet.dll
Event: 2.950 Loaded shared library C:\Program Files\Java\jdk-21\bin\sunmscapi.dll

Deoptimization events (20 events):
Event: 74.715 Thread 0x00000150d6f5e640 Uncommon trap: trap_request=0xffffffc6 fr.pc=0x00000150906de884 relative=0x0000000000000204
Event: 74.715 Thread 0x00000150d6f5e640 Uncommon trap: reason=bimorphic_or_optimized_type_check action=maybe_recompile pc=0x00000150906de884 method=org.gradle.api.internal.DynamicPropertyNamer.determineName(Ljava/lang/Object;)Ljava/lang/String; @ 55 c2
Event: 74.715 Thread 0x00000150d6f5e640 DEOPT PACKING pc=0x00000150906de884 sp=0x00000034490f7840
Event: 74.715 Thread 0x00000150d6f5e640 DEOPT UNPACKING pc=0x000001508f927da2 sp=0x00000034490f77c8 mode 2
Event: 74.741 Thread 0x00000150d6f5e640 Uncommon trap: trap_request=0xffffffc6 fr.pc=0x00000150906de884 relative=0x0000000000000204
Event: 74.741 Thread 0x00000150d6f5e640 Uncommon trap: reason=bimorphic_or_optimized_type_check action=maybe_recompile pc=0x00000150906de884 method=org.gradle.api.internal.DynamicPropertyNamer.determineName(Ljava/lang/Object;)Ljava/lang/String; @ 55 c2
Event: 74.741 Thread 0x00000150d6f5e640 DEOPT PACKING pc=0x00000150906de884 sp=0x00000034490f7670
Event: 74.741 Thread 0x00000150d6f5e640 DEOPT UNPACKING pc=0x000001508f927da2 sp=0x00000034490f75e8 mode 2
Event: 74.741 Thread 0x00000150d6f5e640 Uncommon trap: trap_request=0xffffffc6 fr.pc=0x00000150906de884 relative=0x0000000000000204
Event: 74.741 Thread 0x00000150d6f5e640 Uncommon trap: reason=bimorphic_or_optimized_type_check action=maybe_recompile pc=0x00000150906de884 method=org.gradle.api.internal.DynamicPropertyNamer.determineName(Ljava/lang/Object;)Ljava/lang/String; @ 55 c2
Event: 74.741 Thread 0x00000150d6f5e640 DEOPT PACKING pc=0x00000150906de884 sp=0x00000034490f7670
Event: 74.741 Thread 0x00000150d6f5e640 DEOPT UNPACKING pc=0x000001508f927da2 sp=0x00000034490f75e8 mode 2
Event: 74.741 Thread 0x00000150d6f5e640 Uncommon trap: trap_request=0xffffffc6 fr.pc=0x00000150906de884 relative=0x0000000000000204
Event: 74.741 Thread 0x00000150d6f5e640 Uncommon trap: reason=bimorphic_or_optimized_type_check action=maybe_recompile pc=0x00000150906de884 method=org.gradle.api.internal.DynamicPropertyNamer.determineName(Ljava/lang/Object;)Ljava/lang/String; @ 55 c2
Event: 74.741 Thread 0x00000150d6f5e640 DEOPT PACKING pc=0x00000150906de884 sp=0x00000034490f7760
Event: 74.741 Thread 0x00000150d6f5e640 DEOPT UNPACKING pc=0x000001508f927da2 sp=0x00000034490f76e8 mode 2
Event: 75.678 Thread 0x00000150d6f5e640 Uncommon trap: trap_request=0xffffff45 fr.pc=0x000001509026dc18 relative=0x00000000000007b8
Event: 75.678 Thread 0x00000150d6f5e640 Uncommon trap: reason=unstable_if action=reinterpret pc=0x000001509026dc18 method=java.util.concurrent.ConcurrentHashMap.replaceNode(Ljava/lang/Object;Ljava/lang/Object;Ljava/lang/Object;)Ljava/lang/Object; @ 99 c2
Event: 75.678 Thread 0x00000150d6f5e640 DEOPT PACKING pc=0x000001509026dc18 sp=0x00000034490f56b0
Event: 75.678 Thread 0x00000150d6f5e640 DEOPT UNPACKING pc=0x000001508f927da2 sp=0x00000034490f5628 mode 2

Classes loaded (20 events):
Event: 64.914 Loading class java/lang/ProcessImplBeanInfo
Event: 64.914 Loading class java/lang/ProcessImplBeanInfo done
Event: 64.915 Loading class java/lang/ProcessImplBeanInfo
Event: 64.915 Loading class java/lang/ProcessImplBeanInfo done
Event: 64.915 Loading class java/lang/ProcessBeanInfo
Event: 64.915 Loading class java/lang/ProcessBeanInfo done
Event: 64.915 Loading class java/lang/ProcessBeanInfo
Event: 64.915 Loading class java/lang/ProcessBeanInfo done
Event: 64.915 Loading class java/lang/ProcessCustomizer
Event: 64.915 Loading class java/lang/ProcessCustomizer done
Event: 64.915 Loading class java/lang/ProcessCustomizer
Event: 64.915 Loading class java/lang/ProcessCustomizer done
Event: 64.916 Loading class java/lang/ProcessImplCustomizer
Event: 64.916 Loading class java/lang/ProcessImplCustomizer done
Event: 64.916 Loading class java/lang/ProcessImplCustomizer
Event: 64.916 Loading class java/lang/ProcessImplCustomizer done
Event: 65.783 Loading class jdk/internal/reflect/MethodHandleBooleanFieldAccessorImpl
Event: 65.786 Loading class jdk/internal/reflect/MethodHandleBooleanFieldAccessorImpl done
Event: 74.841 Loading class jdk/internal/reflect/MethodHandleCharacterFieldAccessorImpl
Event: 74.841 Loading class jdk/internal/reflect/MethodHandleCharacterFieldAccessorImpl done

Classes unloaded (0 events):
No events

Classes redefined (0 events):
No events

Internal exceptions (20 events):
Event: 74.804 Thread 0x00000150d6f5e640 Exception <a 'java/lang/ClassNotFoundException'{0x000000071599b6d8}: build_37stiae7h2dyuvtx15o9s58tu$_run_closure1$_closure20Customizer> (0x000000071599b6d8) 
thrown [s\open\src\hotspot\share\classfile\systemDictionary.cpp, line 312]
Event: 74.827 Thread 0x00000150d6f5e640 Exception <a 'java/lang/ClassNotFoundException'{0x00000007159e66c8}: org/apache/tools/ant/taskdefs/condition/OsBeanInfo> (0x00000007159e66c8) 
thrown [s\open\src\hotspot\share\classfile\systemDictionary.cpp, line 312]
Event: 74.828 Thread 0x00000150d6f5e640 Exception <a 'java/lang/ClassNotFoundException'{0x0000000715603830}: org/apache/tools/ant/taskdefs/condition/OsCustomizer> (0x0000000715603830) 
thrown [s\open\src\hotspot\share\classfile\systemDictionary.cpp, line 312]
Event: 74.841 Thread 0x00000150d6f5e640 Exception <a 'java/lang/NoSuchMethodError'{0x0000000715627940}: 'int java.lang.invoke.Invokers$Holder.invokeExact_MT(java.lang.Object, java.lang.Object)'> (0x0000000715627940) 
thrown [s\open\src\hotspot\share\interpreter\linkResolver.cpp, line 773]
Event: 75.028 Thread 0x00000150d6f5e640 Exception <a 'java/lang/ClassNotFoundException'{0x00000007154fa5b0}: org/gradle/api/internal/tasks/DefaultRealizableTaskCollection_DecoratedBeanInfo> (0x00000007154fa5b0) 
thrown [s\open\src\hotspot\share\classfile\systemDictionary.cpp, line 312]
Event: 75.029 Thread 0x00000150d6f5e640 Exception <a 'java/lang/ClassNotFoundException'{0x0000000715510768}: org/gradle/api/internal/tasks/DefaultRealizableTaskCollectionBeanInfo> (0x0000000715510768) 
thrown [s\open\src\hotspot\share\classfile\systemDictionary.cpp, line 312]
Event: 75.278 Thread 0x00000150d6f5e640 Exception <a 'java/lang/ClassNotFoundException'{0x00000007155270d8}: org/gradle/api/internal/DelegatingNamedDomainObjectSetBeanInfo> (0x00000007155270d8) 
thrown [s\open\src\hotspot\share\classfile\systemDictionary.cpp, line 312]
Event: 75.279 Thread 0x00000150d6f5e640 Exception <a 'java/lang/ClassNotFoundException'{0x000000071553d958}: org/gradle/api/internal/DelegatingDomainObjectSetBeanInfo> (0x000000071553d958) 
thrown [s\open\src\hotspot\share\classfile\systemDictionary.cpp, line 312]
Event: 75.300 Thread 0x00000150d6f5e640 Exception <a 'java/lang/ClassNotFoundException'{0x00000007155544a0}: org/gradle/api/internal/DelegatingDomainObjectSetCustomizer> (0x00000007155544a0) 
thrown [s\open\src\hotspot\share\classfile\systemDictionary.cpp, line 312]
Event: 75.312 Thread 0x00000150d6f5e640 Exception <a 'java/lang/ClassNotFoundException'{0x000000071559cc20}: org/gradle/api/internal/DelegatingNamedDomainObjectSetCustomizer> (0x000000071559cc20) 
thrown [s\open\src\hotspot\share\classfile\systemDictionary.cpp, line 312]
Event: 75.315 Thread 0x00000150d6f5e640 Exception <a 'java/lang/ClassNotFoundException'{0x00000007155ee560}: org/gradle/api/internal/tasks/DefaultRealizableTaskCollectionCustomizer> (0x00000007155ee560) 
thrown [s\open\src\hotspot\share\classfile\systemDictionary.cpp, line 312]
Event: 75.320 Thread 0x00000150d6f5e640 Exception <a 'java/lang/ClassNotFoundException'{0x00000007152552c0}: org/gradle/api/internal/tasks/DefaultRealizableTaskCollection_DecoratedCustomizer> (0x00000007152552c0) 
thrown [s\open\src\hotspot\share\classfile\systemDictionary.cpp, line 312]
Event: 75.326 Thread 0x00000150d6f5e640 Exception <a 'java/lang/ClassNotFoundException'{0x00000007152ac5d8}: org/codehaus/groovy/runtime/NullObjectBeanInfo> (0x00000007152ac5d8) 
thrown [s\open\src\hotspot\share\classfile\systemDictionary.cpp, line 312]
Event: 75.328 Thread 0x00000150d6f5e640 Exception <a 'java/lang/ClassNotFoundException'{0x00000007152c2790}: org/codehaus/groovy/runtime/NullObjectCustomizer> (0x00000007152c2790) 
thrown [s\open\src\hotspot\share\classfile\systemDictionary.cpp, line 312]
Event: 75.341 Thread 0x00000150d6f5e640 Exception <a 'java/lang/NoSuchMethodError'{0x00000007152f05e0}: 'java.lang.Object java.lang.invoke.DirectMethodHandle$Holder.invokeInterface(java.lang.Object, java.lang.Object, int)'> (0x00000007152f05e0) 
thrown [s\open\src\hotspot\share\interpreter\linkResolver.cpp, line 773]
Event: 75.341 Thread 0x00000150d6f5e640 Exception <a 'java/lang/IncompatibleClassChangeError'{0x00000007152f4640}: Found class java.lang.Object, but interface was expected> (0x00000007152f4640) 
thrown [s\open\src\hotspot\share\interpreter\linkResolver.cpp, line 840]
Event: 75.448 Thread 0x00000150d6f5e640 Exception <a 'java/lang/ClassNotFoundException'{0x000000071507e1b8}: build_9nc9u1q5l9zclss1narf66j0nBeanInfo> (0x000000071507e1b8) 
thrown [s\open\src\hotspot\share\classfile\systemDictionary.cpp, line 312]
Event: 75.451 Thread 0x00000150d6f5e640 Exception <a 'java/lang/ClassNotFoundException'{0x00000007150a4748}: build_9nc9u1q5l9zclss1narf66j0nCustomizer> (0x00000007150a4748) 
thrown [s\open\src\hotspot\share\classfile\systemDictionary.cpp, line 312]
Event: 76.324 Thread 0x00000150d6f5e640 Exception <a 'java/lang/ClassNotFoundException'{0x000000071560ad40}: build_9nc9u1q5l9zclss1narf66j0nBeanInfo> (0x000000071560ad40) 
thrown [s\open\src\hotspot\share\classfile\systemDictionary.cpp, line 312]
Event: 76.324 Thread 0x00000150d6f5e640 Exception <a 'java/lang/ClassNotFoundException'{0x00000007156156d0}: build_9nc9u1q5l9zclss1narf66j0nCustomizer> (0x00000007156156d0) 
thrown [s\open\src\hotspot\share\classfile\systemDictionary.cpp, line 312]

ZGC Phase Switch (0 events):
No events

VM Operations (20 events):
Event: 70.991 Executing VM operation: G1CollectForAllocation (G1 Evacuation Pause)
Event: 70.997 Executing VM operation: G1CollectForAllocation (G1 Evacuation Pause) done
Event: 71.135 Executing VM operation: G1PauseRemark
Event: 71.165 Executing VM operation: G1PauseRemark done
Event: 71.237 Executing VM operation: G1PauseCleanup
Event: 71.238 Executing VM operation: G1PauseCleanup done
Event: 72.240 Executing VM operation: Cleanup
Event: 72.240 Executing VM operation: Cleanup done
Event: 74.252 Executing VM operation: Cleanup
Event: 74.252 Executing VM operation: Cleanup done
Event: 74.652 Executing VM operation: HandshakeAllThreads (Deoptimize)
Event: 74.653 Executing VM operation: HandshakeAllThreads (Deoptimize) done
Event: 74.673 Executing VM operation: HandshakeAllThreads (Deoptimize)
Event: 74.673 Executing VM operation: HandshakeAllThreads (Deoptimize) done
Event: 75.681 Executing VM operation: Cleanup
Event: 75.762 Executing VM operation: Cleanup done
Event: 76.187 Executing VM operation: G1CollectForAllocation (G1 Evacuation Pause)
Event: 76.199 Executing VM operation: G1CollectForAllocation (G1 Evacuation Pause) done
Event: 77.210 Executing VM operation: Cleanup
Event: 77.210 Executing VM operation: Cleanup done

Events (20 events):
Event: 71.164 Thread 0x00000150ff130db0 flushing nmethod 0x00000150883e2910
Event: 71.164 Thread 0x00000150ff130db0 flushing nmethod 0x00000150883af510
Event: 71.164 Thread 0x00000150ff130db0 flushing nmethod 0x00000150883a8e10
Event: 71.164 Thread 0x00000150ff130db0 flushing nmethod 0x00000150883a6690
Event: 71.164 Thread 0x00000150ff130db0 flushing nmethod 0x0000015090748b90
Event: 71.164 Thread 0x00000150ff130db0 flushing nmethod 0x00000150906a2990
Event: 71.164 Thread 0x00000150ff130db0 flushing nmethod 0x00000150906a0590
Event: 71.164 Thread 0x00000150ff130db0 flushing nmethod 0x0000015090712d10
Event: 71.164 Thread 0x00000150ff130db0 flushing nmethod 0x00000150906f0f10
Event: 71.164 Thread 0x00000150ff130db0 flushing nmethod 0x000001509069e690
Event: 71.164 Thread 0x00000150ff130db0 flushing nmethod 0x00000150905fd890
Event: 71.164 Thread 0x00000150ff130db0 flushing nmethod 0x000001509051a490
Event: 71.164 Thread 0x00000150ff130db0 flushing nmethod 0x00000150904af490
Event: 71.164 Thread 0x00000150ff130db0 flushing nmethod 0x00000150903bc510
Event: 71.164 Thread 0x00000150ff130db0 flushing nmethod 0x00000150903f1010
Event: 71.164 Thread 0x00000150ff130db0 flushing nmethod 0x000001509010b390
Event: 74.527 Thread 0x00000150e04d91c0 Thread added: 0x00000150e04d91c0
Event: 74.855 Thread 0x00000150e04d91c0 Thread exited: 0x00000150e04d91c0
Event: 75.566 Thread 0x00000150e04d91c0 Thread added: 0x00000150e04d91c0
Event: 76.140 Thread 0x00000150e04d91c0 Thread exited: 0x00000150e04d91c0


Dynamic libraries:
0x00007ff6435a0000 - 0x00007ff6435b0000 	C:\Program Files\Java\jdk-21\bin\java.exe
0x00007fffcde20000 - 0x00007fffce086000 	C:\WINDOWS\SYSTEM32\ntdll.dll
0x00007fffcbf90000 - 0x00007fffcc059000 	C:\WINDOWS\System32\KERNEL32.DLL
0x00007fffcb0e0000 - 0x00007fffcb4da000 	C:\WINDOWS\System32\KERNELBASE.dll
0x00007fffcb620000 - 0x00007fffcb76c000 	C:\WINDOWS\System32\ucrtbase.dll
0x00007fffaa4a0000 - 0x00007fffaa4b9000 	C:\Program Files\Java\jdk-21\bin\jli.dll
0x00007fffccf90000 - 0x00007fffcd046000 	C:\WINDOWS\System32\ADVAPI32.dll
0x00007fffcd3f0000 - 0x00007fffcd499000 	C:\WINDOWS\System32\msvcrt.dll
0x00007fffcc1b0000 - 0x00007fffcc25a000 	C:\WINDOWS\System32\sechost.dll
0x00007fffcd680000 - 0x00007fffcd798000 	C:\WINDOWS\System32\RPCRT4.dll
0x00007fffccaa0000 - 0x00007fffccc67000 	C:\WINDOWS\System32\USER32.dll
0x00007fffcb0b0000 - 0x00007fffcb0d7000 	C:\WINDOWS\System32\win32u.dll
0x00007fffcc9f0000 - 0x00007fffcca1b000 	C:\WINDOWS\System32\GDI32.dll
0x00007fffcba60000 - 0x00007fffcbb8b000 	C:\WINDOWS\System32\gdi32full.dll
0x00007fffcb9b0000 - 0x00007fffcba53000 	C:\WINDOWS\System32\msvcp_win.dll
0x00007fffc1570000 - 0x00007fffc158b000 	C:\Program Files\Java\jdk-21\bin\VCRUNTIME140.dll
0x00007fffaf440000 - 0x00007fffaf6d2000 	C:\WINDOWS\WinSxS\amd64_microsoft.windows.common-controls_6595b64144ccf1df_6.0.26100.8521_none_3e08b75ce33403b3\COMCTL32.dll
0x00007fffbf9e0000 - 0x00007fffbf9eb000 	C:\WINDOWS\SYSTEM32\VERSION.dll
0x00007fffcdca0000 - 0x00007fffcdcd2000 	C:\WINDOWS\System32\IMM32.DLL
0x00007fffc1560000 - 0x00007fffc156c000 	C:\Program Files\Java\jdk-21\bin\vcruntime140_1.dll
0x00007fffa0ae0000 - 0x00007fffa0b6e000 	C:\Program Files\Java\jdk-21\bin\msvcp140.dll
0x00007fff39d90000 - 0x00007fff3aaa7000 	C:\Program Files\Java\jdk-21\bin\server\jvm.dll
0x00007fffcccb0000 - 0x00007fffccd30000 	C:\WINDOWS\System32\WS2_32.dll
0x00007fffc9cb0000 - 0x00007fffc9d0e000 	C:\WINDOWS\SYSTEM32\POWRPROF.dll
0x00007fffbe760000 - 0x00007fffbe796000 	C:\WINDOWS\SYSTEM32\WINMM.dll
0x00007fffc9c90000 - 0x00007fffc9ca4000 	C:\WINDOWS\SYSTEM32\UMPDC.dll
0x00007fffc9f60000 - 0x00007fffc9f7b000 	C:\WINDOWS\SYSTEM32\kernel.appcore.dll
0x00007fffa9bc0000 - 0x00007fffa9bca000 	C:\Program Files\Java\jdk-21\bin\jimage.dll
0x00007fffc86b0000 - 0x00007fffc88f2000 	C:\WINDOWS\SYSTEM32\DBGHELP.DLL
0x00007fffcd060000 - 0x00007fffcd3e3000 	C:\WINDOWS\System32\combase.dll
0x00007fffcceb0000 - 0x00007fffccf89000 	C:\WINDOWS\System32\OLEAUT32.dll
0x00007fff9c5c0000 - 0x00007fff9c5fb000 	C:\WINDOWS\SYSTEM32\dbgcore.DLL
0x00007fffcb570000 - 0x00007fffcb618000 	C:\WINDOWS\System32\bcryptPrimitives.dll
0x00007fffa0ad0000 - 0x00007fffa0adf000 	C:\Program Files\Java\jdk-21\bin\instrument.dll
0x00007fffa3210000 - 0x00007fffa322f000 	C:\Program Files\Java\jdk-21\bin\java.dll
0x00007fffcc260000 - 0x00007fffcc9e4000 	C:\WINDOWS\System32\SHELL32.dll
0x00007fffc8c70000 - 0x00007fffc94f0000 	C:\WINDOWS\SYSTEM32\windows.storage.dll
0x00007fffcbe30000 - 0x00007fffcbf26000 	C:\WINDOWS\System32\SHCORE.dll
0x00007fffcdc30000 - 0x00007fffcdc97000 	C:\WINDOWS\System32\shlwapi.dll
0x00007fffcafd0000 - 0x00007fffcaff9000 	C:\WINDOWS\SYSTEM32\profapi.dll
0x00007fff7fa70000 - 0x00007fff7fb47000 	C:\Program Files\Java\jdk-21\bin\jsvml.dll
0x00007fffa0d80000 - 0x00007fffa0d98000 	C:\Program Files\Java\jdk-21\bin\zip.dll
0x00007fffa9bb0000 - 0x00007fffa9bc0000 	C:\Program Files\Java\jdk-21\bin\net.dll
0x00007fffc1cd0000 - 0x00007fffc1df9000 	C:\WINDOWS\SYSTEM32\WINHTTP.dll
0x00007fffca4d0000 - 0x00007fffca53c000 	C:\WINDOWS\system32\mswsock.dll
0x00007fffa0da0000 - 0x00007fffa0db6000 	C:\Program Files\Java\jdk-21\bin\nio.dll
0x00007fffa3290000 - 0x00007fffa32a0000 	C:\Program Files\Java\jdk-21\bin\verify.dll
0x00007fff8b710000 - 0x00007fff8b737000 	D:\AndroidStudioProjects\.gradle\native\1def1411415f61bf3af743bc5b6707747c0891f09f0c88961ee8f79bc544acac\windows-amd64\native-platform.dll
0x00007fffa04b0000 - 0x00007fffa0528000 	D:\AndroidStudioProjects\.gradle\native\0.2.7\x86_64-windows-gnu\gradle-fileevents.dll
0x00007fffa2f20000 - 0x00007fffa2f2a000 	C:\Program Files\Java\jdk-21\bin\management.dll
0x00007fffa1710000 - 0x00007fffa171b000 	C:\Program Files\Java\jdk-21\bin\management_ext.dll
0x00007fffccc70000 - 0x00007fffccc78000 	C:\WINDOWS\System32\PSAPI.DLL
0x00007fffc9950000 - 0x00007fffc9983000 	C:\WINDOWS\SYSTEM32\IPHLPAPI.DLL
0x00007fffccd40000 - 0x00007fffccd4a000 	C:\WINDOWS\System32\NSI.dll
0x00007fffa0c90000 - 0x00007fffa0c99000 	C:\Program Files\Java\jdk-21\bin\extnet.dll
0x00007fffca7b0000 - 0x00007fffca7cb000 	C:\WINDOWS\SYSTEM32\CRYPTSP.dll
0x00007fffc9ec0000 - 0x00007fffc9ef9000 	C:\WINDOWS\system32\rsaenh.dll
0x00007fffca580000 - 0x00007fffca5b3000 	C:\WINDOWS\SYSTEM32\USERENV.dll
0x00007fffcafa0000 - 0x00007fffcafca000 	C:\WINDOWS\SYSTEM32\bcrypt.dll
0x00007fffca7d0000 - 0x00007fffca7dc000 	C:\WINDOWS\SYSTEM32\CRYPTBASE.dll
0x00007fffa0ac0000 - 0x00007fffa0ace000 	C:\Program Files\Java\jdk-21\bin\sunmscapi.dll
0x00007fffcb830000 - 0x00007fffcb9a8000 	C:\WINDOWS\System32\CRYPT32.dll
0x00007fffca9d0000 - 0x00007fffcaa00000 	C:\WINDOWS\SYSTEM32\ncrypt.dll
0x00007fffca980000 - 0x00007fffca9bf000 	C:\WINDOWS\SYSTEM32\NTASN1.dll
0x00007fff99a50000 - 0x00007fff99a58000 	C:\WINDOWS\system32\wshunix.dll

dbghelp: loaded successfully - version: 4.0.5 - missing functions: none
symbol engine: initialized successfully - sym options: 0x614 - pdb path: .;C:\Program Files\Java\jdk-21\bin;C:\WINDOWS\SYSTEM32;C:\WINDOWS\WinSxS\amd64_microsoft.windows.common-controls_6595b64144ccf1df_6.0.26100.8521_none_3e08b75ce33403b3;C:\Program Files\Java\jdk-21\bin\server;D:\AndroidStudioProjects\.gradle\native\1def1411415f61bf3af743bc5b6707747c0891f09f0c88961ee8f79bc544acac\windows-amd64;D:\AndroidStudioProjects\.gradle\native\0.2.7\x86_64-windows-gnu

VM Arguments:
jvm_args: --add-opens=java.base/java.lang=ALL-UNNAMED --add-opens=java.base/java.lang.invoke=ALL-UNNAMED --add-opens=java.base/java.util=ALL-UNNAMED --add-opens=java.prefs/java.util.prefs=ALL-UNNAMED --add-exports=jdk.compiler/com.sun.tools.javac.api=ALL-UNNAMED --add-exports=jdk.compiler/com.sun.tools.javac.util=ALL-UNNAMED --add-opens=java.base/java.util=ALL-UNNAMED --add-opens=java.prefs/java.util.prefs=ALL-UNNAMED --add-opens=java.base/java.nio.charset=ALL-UNNAMED --add-opens=java.base/java.net=ALL-UNNAMED --add-opens=java.base/java.util.concurrent.atomic=ALL-UNNAMED --add-opens=java.xml/javax.xml.namespace=ALL-UNNAMED -XX:MaxMetaspaceSize=1024m -Xmx4096m -Dfile.encoding=UTF-8 -Duser.country=IN -Duser.language=en -Duser.variant -javaagent:D:\AndroidStudioProjects\.gradle\wrapper\dists\gradle-8.13-all\54h0s9kvb6g2sinako7ub77ku\gradle-8.13\lib\agents\gradle-instrumentation-agent-8.13.jar 
java_command: org.gradle.launcher.daemon.bootstrap.GradleDaemon 8.13
java_class_path (initial): D:\AndroidStudioProjects\.gradle\wrapper\dists\gradle-8.13-all\54h0s9kvb6g2sinako7ub77ku\gradle-8.13\lib\gradle-daemon-main-8.13.jar
Launcher Type: SUN_STANDARD

[Global flags]
     intx CICompilerCount                          = 4                                         {product} {ergonomic}
   size_t CompressedClassSpaceSize                 = 872415232                                 {product} {ergonomic}
     uint ConcGCThreads                            = 3                                         {product} {ergonomic}
     uint G1ConcRefinementThreads                  = 10                                        {product} {ergonomic}
   size_t G1HeapRegionSize                         = 2097152                                   {product} {ergonomic}
    uintx GCDrainStackTargetSize                   = 64                                        {product} {ergonomic}
   size_t InitialHeapSize                          = 532676608                                 {product} {ergonomic}
   size_t MarkStackSize                            = 4194304                                   {product} {ergonomic}
   size_t MaxHeapSize                              = 4294967296                                {product} {command line}
   size_t MaxMetaspaceSize                         = 1073741824                                {product} {command line}
   size_t MaxNewSize                               = 2575302656                                {product} {ergonomic}
   size_t MinHeapDeltaBytes                        = 2097152                                   {product} {ergonomic}
   size_t MinHeapSize                              = 8388608                                   {product} {ergonomic}
    uintx NonNMethodCodeHeapSize                   = 5839372                                {pd product} {ergonomic}
    uintx NonProfiledCodeHeapSize                  = 122909434                              {pd product} {ergonomic}
    uintx ProfiledCodeHeapSize                     = 122909434                              {pd product} {ergonomic}
    uintx ReservedCodeCacheSize                    = 251658240                              {pd product} {ergonomic}
     bool SegmentedCodeCache                       = true                                      {product} {ergonomic}
   size_t SoftMaxHeapSize                          = 4294967296                             {manageable} {ergonomic}
     bool UseCompressedOops                        = true                           {product lp64_product} {ergonomic}
     bool UseG1GC                                  = true                                      {product} {ergonomic}
     bool UseLargePagesIndividualAllocation        = false                                  {pd product} {ergonomic}

Logging:
Log output configuration:
 #0: stdout all=warning uptime,level,tags foldmultilines=false
 #1: stderr all=off uptime,level,tags foldmultilines=false

Environment Variables:
JAVA_HOME=C:\Program Files\Java\jdk-21
CLASSPATH=D:\AndroidStudioProjects\Touch\android\\gradle\wrapper\gradle-wrapper.jar
PATH=D:\AndroidStudioProjects\Touch\node_modules\.bin;D:\AndroidStudioProjects\Touch\node_modules\.bin;D:\AndroidStudioProjects\node_modules\.bin;D:\node_modules\.bin;D:\Program Files\nodejs\node_modules\npm\node_modules\@npmcli\run-script\lib\node-gyp-bin;C:\ProgramData\miniconda3\condabin;c:\Users\roybe\AppData\Roaming\Code\User\globalStorage\github.copilot-chat\debugCommand;c:\Users\roybe\AppData\Roaming\Code\User\globalStorage\github.copilot-chat\copilotCli;D:\Program Files (x86)\VMware\VMware Workstation\bin\;D:\Program Files\Eclipse Adoptium\jdk-21.0.5.11-hotspot\bin;C:\Program Files\NVIDIA GPU Computing Toolkit\CUDA\v12.5\bin;C:\Program Files\NVIDIA GPU Computing Toolkit\CUDA\v12.5\libnvvp;C:\Program Files\Python\Python312\Scripts\;C:\Program Files\Python\Python312\;C:\Program Files\Java\jdk-21\bin\;C:\Program Files\Common Files\Oracle\Java\javapath;C:\Program Files (x86)\Common Files\Oracle\Java\javapath;C:\Program Files\NVIDIA GPU Computing Toolkit\CUDA\v10.0\bin;C:\Program Files\NVIDIA GPU Computing Toolkit\CUDA\v10.0\libnvvp;C:\Windows\system32;C:\Windows;C:\Windows\System32\Wbem;C:\Windows\System32\WindowsPowerShell\v1.0\;C:\Windows\System32\OpenSSH\;C:\Program Files (x86)\NVIDIA Corporation\PhysX\Common;C:\Program Files\NVIDIA Corporation\NVIDIA NvDLISR;C:\WINDOWS\system32;C:\WINDOWS;C:\WINDOWS\System32\Wbem;C:\WINDOWS\System32\WindowsPowerShell\v1.0\;C:\WINDOWS\System32\OpenSSH\;C:\Users\indranil.roy\Downloads\platform-tools_r34.0.5-windows\platform-tools;C:\Users\indranil.roy\AppData\Roaming\Python\Python312\Scripts;C:\Program Files\dotnet\;C:\Program Files\NVIDIA Corporation\Nsight Compute 2024.2.1\;C:\Users\roybe\AppData\Roaming\Python\Python312\Scripts;C:\Program Files\Git\cmd;D:\AndroidStudioProjects\chocolatey\bin;C:\ProgramData\miniconda3\Scripts;C:\ProgramData\miniconda3;C:\Program Files (x86)\Google\Cloud SDK\google-cloud-sdk\bin;C:\Program Files\PuTTY\;C:\Program Files (x86)\cloudflared\;C:\Program Files (x86)\cloudflared;C:\Program Files\Go\bin;C:\Program Files\PostgreSQL\17\bin;D:\Program Files\nodejs\;C:\Users\roybe\AppData\Local\Programs\Python\Python38\Scripts\;C:\Users\roybe\AppData\Local\Programs\Python\Python38\;;C:\Program Files\Docker\Docker\resources\bin;C:\Users\roybe\AppData\Local\Programs\Python\Python310\Scripts\;C:\Users\roybe\AppData\Local\Programs\Python\Python310\;C:\Users\roybe\AppData\Local\Programs\Python\Python38\Scripts\;C:\Users\roybe\AppData\Local\Programs\Python\Python38\;C:\Users\roybe\AppData\Local\Programs\Python\Python311\Scripts\;C:\Users\roybe\AppData\Local\Programs\Python\Python311\;C:\Users\roybe\AppData\Local\Programs\Python\Python312\Scripts\;C:\Users\roybe\AppData\Local\Programs\Python\Python312\;C:\Users\roybe\AppData\Local\Programs\Python\Launcher\;C:\Users\roybe\AppData\Local\Microsoft\WindowsApps;D:\VS Code\Microsoft VS Code\bin;C:\Users\roybe\AppData\Local\Microsoft\WinGet\Packages\Schniz.fnm_Microsoft.Winget.Source_8wekyb3d8bbwe;D:\VS Code\npm-global\bin;C:\Users\roybe\AppData\Local\Programs\Ollama;D:\MinGW\bin;D:\AndroidStudioProjects\Sdk\platform-tools;C:\Program Files\MongoDB\Server\8.0\bin;D:\Users\roybe\AppData\Local\Programs\mongosh\;C:\Users\roybe\AppData\Local\GitHubDesktop\bin;C:\Users\roybe\go\bin;C:\Program Files\PostgreSQL\17\bin;C:\Users\roybe\AppData\Roaming\npm;D:\Users\roybe\AppData\Local\Programs\Antigravity\bin;C:\Users\roybe\.local\bin;D:\VS Code\npm-global;C:\Users\roybe\AppData\Roaming\npm;C:\Users\roybe\AppData\Local\Microsoft\WinGet\Packages\astral-sh.uv_Microsoft.Winget.Source_8wekyb3d8bbwe;C:\Users\roybe\AppData\Local\Programs\MiKTeX\miktex\bin\x64\;D:\AndroidStudioProjects\Sdk\emulator;c:\Users\roybe\.vscode\extensions\vscjava.vscode-java-debug-0.59.0\bundled\scripts\noConfigScripts;c:\Users\roybe\.vscode\extensions\ms-python.debugpy-2025.8.0-win32-x64\bundled\scripts\noConfigScripts
USERNAME=roybe
LANG=en_US.UTF-8
OS=Windows_NT
PROCESSOR_IDENTIFIER=Intel64 Family 6 Model 141 Stepping 1, GenuineIntel
TMP=C:\Users\roybe\AppData\Local\Temp
TEMP=C:\Users\roybe\AppData\Local\Temp




Periodic native trim disabled

---------------  S Y S T E M  ---------------

OS:
 Windows 11 , 64 bit Build 26100 (10.0.26100.8521)
OS uptime: 0 days 17:04 hours
Hyper-V role detected

CPU: total 12 (initial active 12) (6 cores per cpu, 2 threads per core) family 6 model 141 stepping 1 microcode 0x50, cx8, cmov, fxsr, ht, mmx, 3dnowpref, sse, sse2, sse3, ssse3, sse4.1, sse4.2, popcnt, lzcnt, tsc, tscinvbit, avx, avx2, aes, erms, clmul, bmi1, bmi2, adx, avx512f, avx512dq, avx512cd, avx512bw, avx512vl, sha, fma, vzeroupper, avx512_vpopcntdq, avx512_vpclmulqdq, avx512_vaes, avx512_vnni, clflush, clflushopt, clwb, avx512_vbmi2, avx512_vbmi, hv, rdtscp, rdpid, fsrm, gfni, avx512_bitalg, f16c, cet_ibt, cet_ss, avx512_ifma
Processor Information for all 12 processors :
  Max Mhz: 2611, Current Mhz: 2611, Mhz Limit: 2611

Memory: 4k page, system-wide physical 32489M (4348M free)
TotalPageFile size 40355M (AvailPageFile size 109M)
current process WorkingSet (physical memory assigned to process): 718M, peak: 720M
current process commit charge ("private bytes"): 772M, peak: 774M

vm_info: Java HotSpot(TM) 64-Bit Server VM (21.0.2+13-LTS-58) for windows-amd64 JRE (21.0.2+13-LTS-58), built on 2024-01-05T18:32:24Z by "mach5one" with MS VC++ 17.1 (VS2022)

END.
