#
# There is insufficient memory for the Java Runtime Environment to continue.
# Native memory allocation (mmap) failed to map 1210056704 bytes for G1 virtual space
# Possible reasons:
#   The system is out of physical RAM or swap space
#   The process is running with CompressedOops enabled, and the Java Heap may be blocking the growth of the native heap
# Possible solutions:
#   Reduce memory load on the system
#   Increase physical memory or swap space
#   Check if swap backing store is full
#   Decrease Java heap size (-Xmx/-Xms)
#   Decrease number of Java threads
#   Decrease Java thread stack sizes (-Xss)
#   Set larger code cache with -XX:ReservedCodeCacheSize=
#   JVM is running with Zero Based Compressed Oops mode in which the Java heap is
#     placed in the first 32GB address space. The Java Heap base address is the
#     maximum limit for the native heap growth. Please use -XX:HeapBaseMinAddress
#     to set the Java Heap base and to place the Java Heap above 32GB virtual address.
# This output file may be truncated or incomplete.
#
#  Out of Memory Error (os_windows.cpp:3600), pid=26336, tid=55412
#
# JRE version: Java(TM) SE Runtime Environment (21.0.2+13) (build 21.0.2+13-LTS-58)
# Java VM: Java HotSpot(TM) 64-Bit Server VM (21.0.2+13-LTS-58, mixed mode, sharing, tiered, compressed oops, compressed class ptrs, g1 gc, windows-amd64)
# No core dump will be written. Minidumps are not enabled by default on client versions of Windows
#

---------------  S U M M A R Y ------------

Command Line: --add-opens=java.base/java.lang=ALL-UNNAMED --add-opens=java.base/java.lang.invoke=ALL-UNNAMED --add-opens=java.base/java.util=ALL-UNNAMED --add-opens=java.prefs/java.util.prefs=ALL-UNNAMED --add-exports=jdk.compiler/com.sun.tools.javac.api=ALL-UNNAMED --add-exports=jdk.compiler/com.sun.tools.javac.util=ALL-UNNAMED --add-opens=java.base/java.util=ALL-UNNAMED --add-opens=java.prefs/java.util.prefs=ALL-UNNAMED --add-opens=java.base/java.nio.charset=ALL-UNNAMED --add-opens=java.base/java.net=ALL-UNNAMED --add-opens=java.base/java.util.concurrent.atomic=ALL-UNNAMED --add-opens=java.xml/javax.xml.namespace=ALL-UNNAMED -XX:MaxMetaspaceSize=1024m -Xmx4096m -Dfile.encoding=UTF-8 -Duser.country=IN -Duser.language=en -Duser.variant -javaagent:D:\AndroidStudioProjects\.gradle\wrapper\dists\gradle-8.13-all\54h0s9kvb6g2sinako7ub77ku\gradle-8.13\lib\agents\gradle-instrumentation-agent-8.13.jar org.gradle.launcher.daemon.bootstrap.GradleDaemon 8.13

Host: 11th Gen Intel(R) Core(TM) i5-11260H @ 2.60GHz, 12 cores, 31G,  Windows 11 , 64 bit Build 26100 (10.0.26100.8521)
Time: Thu Jun 18 18:24:54 2026 India Standard Time elapsed time: 1817.970956 seconds (0d 0h 30m 17s)

---------------  T H R E A D  ---------------

Current thread (0x00000211ff50d2a0):  VMThread "VM Thread"          [id=55412, stack(0x000000ed43100000,0x000000ed43200000) (1024K)]

Stack: [0x000000ed43100000,0x000000ed43200000]
Native frames: (J=compiled Java code, j=interpreted, Vv=VM code, C=native code)
V  [jvm.dll+0x6cade9]
V  [jvm.dll+0x8569c1]
V  [jvm.dll+0x858d2e]
V  [jvm.dll+0x859413]
V  [jvm.dll+0x280e56]
V  [jvm.dll+0x6c74d5]
V  [jvm.dll+0x6bbeca]
V  [jvm.dll+0x355bca]
V  [jvm.dll+0x35d816]
V  [jvm.dll+0x3ae67e]
V  [jvm.dll+0x3ae928]
V  [jvm.dll+0x3295dc]
V  [jvm.dll+0x32be86]
V  [jvm.dll+0x335dde]
V  [jvm.dll+0x36c045]
V  [jvm.dll+0x85ef18]
V  [jvm.dll+0x860014]
V  [jvm.dll+0x860550]
V  [jvm.dll+0x8607f3]
V  [jvm.dll+0x7ff568]
V  [jvm.dll+0x6c953d]
C  [ucrtbase.dll+0x2cd30]
C  [KERNEL32.DLL+0x2e957]
C  [ntdll.dll+0x87c1c]

VM_Operation (0x000000ed42cff940): G1PauseRemark, mode: safepoint, requested by thread 0x00000211ed21e3a0


---------------  P R O C E S S  ---------------

Threads class SMR info:
_java_thread_list=0x00000211d6a3edb0, length=254, elements={
0x00000211ed1a2c60, 0x00000211ff531050, 0x00000211ff534be0, 0x00000211ff5385d0,
0x00000211ff539720, 0x00000211ff53aea0, 0x00000211ff53da40, 0x00000211ff548f40,
0x00000211ff54c880, 0x00000211ff4f5af0, 0x00000211ff83a140, 0x00000211c98e8c60,
0x00000211c98d5bb0, 0x00000211c99a03c0, 0x00000211c994af30, 0x00000211c9949b80,
0x00000211c994a8a0, 0x00000211ca1e7190, 0x00000211ca1e7820, 0x00000211ca1e6b00,
0x00000211ca1e8bd0, 0x00000211cf5fea40, 0x00000211cb432430, 0x00000211cb433150,
0x00000211cb4386a0, 0x00000211cb437980, 0x00000211cb436c60, 0x00000211cd1059f0,
0x00000211cd109500, 0x00000211cec4e690, 0x00000211cec4fa40, 0x00000211cec4c5c0,
0x00000211cec500d0, 0x00000211cf9049e0, 0x00000211d85c1f10, 0x00000211d886beb0,
0x00000211d886ab00, 0x00000211d886c540, 0x00000211d886f9c0, 0x00000211d85dc310,
0x00000211cf9001b0, 0x00000211cf902fa0, 0x00000211cf900ed0, 0x00000211cf905070,
0x00000211d8861410, 0x00000211d885df90, 0x00000211d885f9d0, 0x00000211d766f870,
0x00000211d7a901e0, 0x00000211d7a8fb50, 0x00000211d7675200, 0x00000211d41ca830,
0x00000211d86235f0, 0x00000211cb4f11a0, 0x00000211cb4f1ec0, 0x00000211d7675f20,
0x00000211d7674b70, 0x00000211d74a91d0, 0x00000211d74a9860, 0x00000211d74aac10,
0x00000211d85bf120, 0x00000211d8623c80, 0x00000211d8621520, 0x00000211d8621bb0,
0x00000211d8622240, 0x00000211d8620800, 0x00000211d86228d0, 0x00000211d8622f60,
0x00000211d79617c0, 0x00000211d9703fe0, 0x00000211d9704670, 0x00000211d9703950,
0x00000211d9704d00, 0x00000211d4b58830, 0x00000211d4b59be0, 0x00000211d4b58ec0,
0x00000211d4b59550, 0x00000211d4b5b620, 0x00000211d4b5a270, 0x00000211d4b5a900,
0x00000211d4b5af90, 0x00000211d4b581a0, 0x00000211cdc61e20, 0x00000211cdc624b0,
0x00000211cdc61790, 0x00000211cdc631d0, 0x00000211cdc62b40, 0x00000211cdc63860,
0x00000211cdc64580, 0x00000211cdc63ef0, 0x00000211cdc61100, 0x00000211cf970050,
0x00000211d6a21580, 0x00000211d6a22930, 0x00000211d6a222a0, 0x00000211d6a21c10,
0x00000211d5c3bf70, 0x00000211d5c3c600, 0x00000211d5c3cc90, 0x00000211d5c3d320,
0x00000211d5c3e040, 0x00000211d5c3d9b0, 0x00000211d5c3e6d0, 0x00000211d795f060,
0x00000211cf970d70, 0x00000211cf971400, 0x00000211cecc0b80, 0x00000211cecc04f0,
0x00000211d8dd02b0, 0x00000211d8dd2380, 0x00000211d8dd2a10, 0x00000211d8dd1cf0,
0x00000211d8dd0940, 0x00000211d8dd1660, 0x00000211d795f6f0, 0x00000211d7961e50,
0x00000211d79624e0, 0x00000211d7961130, 0x00000211d795fd80, 0x00000211d7960410,
0x00000211d77f0600, 0x00000211d77f0c90, 0x00000211d77f1320, 0x00000211ff7a5250,
0x00000211d74a8b40, 0x00000211ccf1cf50, 0x00000211ccf1c230, 0x00000211ccf1bba0,
0x00000211ccf1c8c0, 0x00000211ccf1d5e0, 0x00000211ccf1dc70, 0x00000211ccf1e300,
0x00000211ccf1e990, 0x00000211ccf1b510, 0x00000211d9082480, 0x00000211d9082b10,
0x00000211d74ab2a0, 0x00000211d74ab930, 0x00000211d74a9ef0, 0x00000211d74a84b0,
0x00000211d74aa580, 0x00000211d70ea140, 0x00000211d70e9ab0, 0x00000211d70ea7d0,
0x00000211d70eae60, 0x00000211d63a0730, 0x00000211d63a1450, 0x00000211d8c45940,
0x00000211d8c46660, 0x00000211d8c45fd0, 0x00000211d8c452b0, 0x00000211cc3f8d70,
0x00000211cc3f79c0, 0x00000211cc3f8050, 0x00000211cc3f86e0, 0x00000211e0d113e0,
0x00000211e0d11a70, 0x00000211ccd95320, 0x00000211ccd94c90, 0x00000211ccd966d0,
0x00000211ccd973f0, 0x00000211ccd93f70, 0x00000211ccaafba0, 0x00000211ccab0230,
0x00000211ccab08c0, 0x00000211ccaae160, 0x00000211ccaaf510, 0x00000211cd1693c0,
0x00000211cd16a0e0, 0x00000211cd16ae00, 0x00000211d5c3b250, 0x00000211d5c3b8e0,
0x00000211d94fb6f0, 0x00000211d94fbd80, 0x00000211d94fc410, 0x00000211d94fcaa0,
0x00000211d94fd130, 0x00000211d94fe4e0, 0x00000211d94fd7c0, 0x00000211d9081760,
0x00000211d9081df0, 0x00000211d86bbe40, 0x00000211d86b9d70, 0x00000211d86baa90,
0x00000211d86bcb60, 0x00000211d86ba400, 0x00000211d6a531b0, 0x00000211d6a52b20,
0x00000211d6a54bf0, 0x00000211d6a53ed0, 0x00000211d6a53840, 0x00000211d63a0dc0,
0x00000211d63a00a0, 0x00000211d540cd40, 0x00000211d540e0f0, 0x00000211d540c6b0,
0x00000211d540d3d0, 0x00000211d540e780, 0x00000211d540da60, 0x00000211d540b990,
0x00000211d6a54560, 0x00000211d6a51e00, 0x00000211d85c04d0, 0x00000211d94fde50,
0x00000211d4af1640, 0x00000211d4af1cd0, 0x00000211d4af2360, 0x00000211d4af0fb0,
0x00000211e0d106c0, 0x00000211ca24d0a0, 0x00000211ca24a940, 0x00000211ca24ddc0,
0x00000211ca24d730, 0x00000211ca24afd0, 0x00000211d540b300, 0x00000211d40fa670,
0x00000211ff7a79b0, 0x00000211ff7a5f70, 0x00000211cf6705f0, 0x00000211cf670c80,
0x00000211cf6719a0, 0x00000211cf671310, 0x00000211cf672d50, 0x00000211cf6733e0,
0x00000211cf66ff60, 0x00000211d548c070, 0x00000211d548cd90, 0x00000211d548c700,
0x00000211d41caec0, 0x00000211e0d13b40, 0x00000211d8a90120, 0x00000211d84397c0,
0x00000211d8439e50, 0x00000212105897e0, 0x00000211d42ddcd0, 0x00000211d41ca1a0,
0x00000211d41cb550, 0x00000211ce6ffad0, 0x00000211d540c020, 0x00000211d72c2370,
0x00000211ce6fe090, 0x00000211d72c0fc0, 0x0000021210587710, 0x00000211d72c3db0,
0x00000212110937c0, 0x00000211d7671940, 0x00000211eaddd210, 0x00000211ce6fedb0,
0x00000211d8dd0fd0, 0x0000021211091060, 0x00000211d78c1fa0, 0x00000211d78c18d0,
0x000002121104b4f0, 0x00000211ff7a7320
}

Java Threads: ( => current thread )
  0x00000211ed1a2c60 JavaThread "main"                              [_thread_blocked, id=52640, stack(0x000000ed42a00000,0x000000ed42b00000) (1024K)]
  0x00000211ff531050 JavaThread "Reference Handler"          daemon [_thread_blocked, id=20148, stack(0x000000ed43200000,0x000000ed43300000) (1024K)]
  0x00000211ff534be0 JavaThread "Finalizer"                  daemon [_thread_blocked, id=5860, stack(0x000000ed43300000,0x000000ed43400000) (1024K)]
  0x00000211ff5385d0 JavaThread "Signal Dispatcher"          daemon [_thread_blocked, id=65528, stack(0x000000ed43400000,0x000000ed43500000) (1024K)]
  0x00000211ff539720 JavaThread "Attach Listener"            daemon [_thread_blocked, id=46196, stack(0x000000ed43500000,0x000000ed43600000) (1024K)]
  0x00000211ff53aea0 JavaThread "Service Thread"             daemon [_thread_blocked, id=4132, stack(0x000000ed43600000,0x000000ed43700000) (1024K)]
  0x00000211ff53da40 JavaThread "Monitor Deflation Thread"   daemon [_thread_blocked, id=38400, stack(0x000000ed43700000,0x000000ed43800000) (1024K)]
  0x00000211ff548f40 JavaThread "C2 CompilerThread0"         daemon [_thread_blocked, id=48032, stack(0x000000ed43800000,0x000000ed43900000) (1024K)]
  0x00000211ff54c880 JavaThread "C1 CompilerThread0"         daemon [_thread_blocked, id=14604, stack(0x000000ed43900000,0x000000ed43a00000) (1024K)]
  0x00000211ff4f5af0 JavaThread "Common-Cleaner"             daemon [_thread_blocked, id=15672, stack(0x000000ed43a00000,0x000000ed43b00000) (1024K)]
  0x00000211ff83a140 JavaThread "Notification Thread"        daemon [_thread_blocked, id=30044, stack(0x000000ed43b00000,0x000000ed43c00000) (1024K)]
  0x00000211c98e8c60 JavaThread "Daemon health stats"               [_thread_blocked, id=56288, stack(0x000000ed44700000,0x000000ed44800000) (1024K)]
  0x00000211c98d5bb0 JavaThread "Incoming local TCP Connector on port 58987"        [_thread_in_native, id=12720, stack(0x000000ed44800000,0x000000ed44900000) (1024K)]
  0x00000211c99a03c0 JavaThread "Daemon periodic checks"            [_thread_blocked, id=60680, stack(0x000000ed44900000,0x000000ed44a00000) (1024K)]
  0x00000211c994af30 JavaThread "Cache worker for journal cache (D:\AndroidStudioProjects\.gradle\caches\journal-1)"        [_thread_blocked, id=27500, stack(0x000000ed45100000,0x000000ed45200000) (1024K)]
  0x00000211c9949b80 JavaThread "File lock request listener"        [_thread_in_native, id=48484, stack(0x000000ed45200000,0x000000ed45300000) (1024K)]
  0x00000211c994a8a0 JavaThread "Cache worker for file hash cache (D:\AndroidStudioProjects\.gradle\caches\8.13\fileHashes)"        [_thread_blocked, id=49024, stack(0x000000ed45300000,0x000000ed45400000) (1024K)]
  0x00000211ca1e7190 JavaThread "File watcher server"        daemon [_thread_blocked, id=32300, stack(0x000000ed45800000,0x000000ed45900000) (1024K)]
  0x00000211ca1e7820 JavaThread "File watcher consumer"      daemon [_thread_blocked, id=60748, stack(0x000000ed45900000,0x000000ed45a00000) (1024K)]
  0x00000211ca1e6b00 JavaThread "jar transforms"                    [_thread_blocked, id=64380, stack(0x000000ed45a00000,0x000000ed45b00000) (1024K)]
  0x00000211ca1e8bd0 JavaThread "Cache worker for file content cache (D:\AndroidStudioProjects\.gradle\caches\8.13\fileContent)"        [_thread_blocked, id=17028, stack(0x000000ed45c00000,0x000000ed45d00000) (1024K)]
  0x00000211cf5fea40 JavaThread "Memory manager"                    [_thread_blocked, id=13608, stack(0x000000ed48800000,0x000000ed48900000) (1024K)]
  0x00000211cb432430 JavaThread "jar transforms Thread 2"           [_thread_blocked, id=55576, stack(0x000000ed4ed00000,0x000000ed4ee00000) (1024K)]
  0x00000211cb433150 JavaThread "jar transforms Thread 3"           [_thread_blocked, id=17896, stack(0x000000ed43c00000,0x000000ed43d00000) (1024K)]
  0x00000211cb4386a0 JavaThread "jar transforms Thread 4"           [_thread_blocked, id=25008, stack(0x000000ed4f500000,0x000000ed4f600000) (1024K)]
  0x00000211cb437980 JavaThread "jar transforms Thread 5"           [_thread_blocked, id=62892, stack(0x000000ed4f600000,0x000000ed4f700000) (1024K)]
  0x00000211cb436c60 JavaThread "jar transforms Thread 6"           [_thread_blocked, id=31904, stack(0x000000ed4f700000,0x000000ed4f800000) (1024K)]
  0x00000211cd1059f0 JavaThread "jar transforms Thread 7"           [_thread_blocked, id=9208, stack(0x000000ed4fb00000,0x000000ed4fc00000) (1024K)]
  0x00000211cd109500 JavaThread "jar transforms Thread 8"           [_thread_blocked, id=6836, stack(0x000000ed4fc00000,0x000000ed4fd00000) (1024K)]
  0x00000211cec4e690 JavaThread "jar transforms Thread 9"           [_thread_blocked, id=6544, stack(0x000000ed4fd00000,0x000000ed4fe00000) (1024K)]
  0x00000211cec4fa40 JavaThread "jar transforms Thread 10"          [_thread_blocked, id=55520, stack(0x000000ed4fe00000,0x000000ed4ff00000) (1024K)]
  0x00000211cec4c5c0 JavaThread "jar transforms Thread 11"          [_thread_blocked, id=63624, stack(0x000000ed4ff00000,0x000000ed50000000) (1024K)]
  0x00000211cec500d0 JavaThread "jar transforms Thread 12"          [_thread_blocked, id=58156, stack(0x000000ed50000000,0x000000ed50100000) (1024K)]
  0x00000211cf9049e0 JavaThread "pool-3-thread-1"                   [_thread_blocked, id=56488, stack(0x000000ed50400000,0x000000ed50500000) (1024K)]
  0x00000211d85c1f10 JavaThread "pool-7-thread-1"                   [_thread_blocked, id=13196, stack(0x000000ed4f800000,0x000000ed4f900000) (1024K)]
  0x00000211d886beb0 JavaThread "ForkJoinPool.commonPool-worker-13" daemon [_thread_blocked, id=51572, stack(0x000000ed47800000,0x000000ed47900000) (1024K)]
  0x00000211d886ab00 JavaThread "ForkJoinPool.commonPool-worker-14" daemon [_thread_blocked, id=8944, stack(0x000000ed47900000,0x000000ed47a00000) (1024K)]
  0x00000211d886c540 JavaThread "ForkJoinPool.commonPool-worker-16" daemon [_thread_blocked, id=51288, stack(0x000000ed47c00000,0x000000ed47d00000) (1024K)]
  0x00000211d886f9c0 JavaThread "ForkJoinPool.commonPool-worker-19" daemon [_thread_blocked, id=16376, stack(0x000000ed47e00000,0x000000ed47f00000) (1024K)]
  0x00000211d85dc310 JavaThread "pool-10-thread-1"                  [_thread_blocked, id=64828, stack(0x000000ed4f100000,0x000000ed4f200000) (1024K)]
  0x00000211cf9001b0 JavaThread "ForkJoinPool.commonPool-worker-20" daemon [_thread_blocked, id=54588, stack(0x000000ed46000000,0x000000ed46100000) (1024K)]
  0x00000211cf902fa0 JavaThread "ForkJoinPool.commonPool-worker-23" daemon [_thread_blocked, id=62744, stack(0x000000ed50500000,0x000000ed50600000) (1024K)]
  0x00000211cf900ed0 JavaThread "Daemon Thread 4"                   [_thread_blocked, id=54900, stack(0x000000ed42700000,0x000000ed42800000) (1024K)]
  0x00000211cf905070 JavaThread "Daemon worker Thread 4"            [_thread_blocked, id=50564, stack(0x000000ed43d00000,0x000000ed43e00000) (1024K)]
  0x00000211d8861410 JavaThread "ForkJoinPool.commonPool-worker-24" daemon [_thread_blocked, id=31340, stack(0x000000ed47b00000,0x000000ed47c00000) (1024K)]
  0x00000211d885df90 JavaThread "ForkJoinPool.commonPool-worker-25" daemon [_thread_blocked, id=10964, stack(0x000000ed47d00000,0x000000ed47e00000) (1024K)]
  0x00000211d885f9d0 JavaThread "ForkJoinPool.commonPool-worker-26" daemon [_thread_blocked, id=48380, stack(0x000000ed47f00000,0x000000ed48000000) (1024K)]
  0x00000211d766f870 JavaThread "Exec process Thread 10"            [_thread_blocked, id=1548, stack(0x000000ed4ef00000,0x000000ed4f000000) (1024K)]
  0x00000211d7a901e0 JavaThread "Exec process Thread 11"            [_thread_blocked, id=63676, stack(0x000000ed4f000000,0x000000ed4f100000) (1024K)]
  0x00000211d7a8fb50 JavaThread "Exec process Thread 12"            [_thread_blocked, id=57856, stack(0x000000ed4f200000,0x000000ed4f300000) (1024K)]
  0x00000211d7675200 JavaThread "pool-14-thread-1"                  [_thread_blocked, id=17744, stack(0x000000ed4f300000,0x000000ed4f400000) (1024K)]
  0x00000211d41ca830 JavaThread "ForkJoinPool.commonPool-worker-27" daemon [_thread_blocked, id=11832, stack(0x000000ed50600000,0x000000ed50700000) (1024K)]
  0x00000211d86235f0 JavaThread "ForkJoinPool.commonPool-worker-28" daemon [_thread_blocked, id=49368, stack(0x000000ed50900000,0x000000ed50a00000) (1024K)]
  0x00000211cb4f11a0 JavaThread "Handler for socket connection from /127.0.0.1:58987 to /127.0.0.1:53337"        [_thread_in_native, id=42416, stack(0x000000ed44b00000,0x000000ed44c00000) (1024K)]
  0x00000211cb4f1ec0 JavaThread "Cancel handler"                    [_thread_blocked, id=41156, stack(0x000000ed44c00000,0x000000ed44d00000) (1024K)]
  0x00000211d7675f20 JavaThread "Asynchronous log dispatcher for DefaultDaemonConnection: socket connection from /127.0.0.1:58987 to /127.0.0.1:53337"        [_thread_blocked, id=25492, stack(0x000000ed44d00000,0x000000ed44e00000) (1024K)]
  0x00000211d7674b70 JavaThread "Stdin handler"                     [_thread_blocked, id=65328, stack(0x000000ed44e00000,0x000000ed44f00000) (1024K)]
  0x00000211d74a91d0 JavaThread "Daemon client event forwarder"        [_thread_blocked, id=40212, stack(0x000000ed44f00000,0x000000ed45000000) (1024K)]
  0x00000211d74a9860 JavaThread "Cache worker for file hash cache (D:\Projects\touch\touch-mobile\android\.gradle\8.13\fileHashes)"        [_thread_blocked, id=29992, stack(0x000000ed45000000,0x000000ed45100000) (1024K)]
  0x00000211d74aac10 JavaThread "Cache worker for Build Output Cleanup Cache (D:\Projects\touch\touch-mobile\android\.gradle\buildOutputCleanup)"        [_thread_blocked, id=54332, stack(0x000000ed45600000,0x000000ed45700000) (1024K)]
  0x00000211d85bf120 JavaThread "Cache worker for checksums cache (D:\Projects\touch\touch-mobile\android\.gradle\8.13\checksums)"        [_thread_blocked, id=65084, stack(0x000000ed45700000,0x000000ed45800000) (1024K)]
  0x00000211d8623c80 JavaThread "Cache worker for cache directory md-supplier (D:\AndroidStudioProjects\.gradle\caches\8.13\md-supplier)"        [_thread_blocked, id=55804, stack(0x000000ed45b00000,0x000000ed45c00000) (1024K)]
  0x00000211d8621520 JavaThread "Cache worker for cache directory md-rule (D:\AndroidStudioProjects\.gradle\caches\8.13\md-rule)"        [_thread_blocked, id=48284, stack(0x000000ed45d00000,0x000000ed45e00000) (1024K)]
  0x00000211d8621bb0 JavaThread "Cache worker for Build Output Cleanup Cache (D:\Projects\touch\touch-mobile\node_modules\@react-native\gradle-plugin\.gradle\buildOutputCleanup)"        [_thread_blocked, id=57120, stack(0x000000ed45e00000,0x000000ed45f00000) (1024K)]
  0x00000211d8622240 JavaThread "Unconstrained build operations"        [_thread_blocked, id=26588, stack(0x000000ed45f00000,0x000000ed46000000) (1024K)]
  0x00000211d8620800 JavaThread "Unconstrained build operations Thread 2"        [_thread_blocked, id=21728, stack(0x000000ed46100000,0x000000ed46200000) (1024K)]
  0x00000211d86228d0 JavaThread "Unconstrained build operations Thread 3"        [_thread_blocked, id=41908, stack(0x000000ed46200000,0x000000ed46300000) (1024K)]
  0x00000211d8622f60 JavaThread "Unconstrained build operations Thread 4"        [_thread_blocked, id=57140, stack(0x000000ed46300000,0x000000ed46400000) (1024K)]
  0x00000211d79617c0 JavaThread "Unconstrained build operations Thread 5"        [_thread_blocked, id=37480, stack(0x000000ed46400000,0x000000ed46500000) (1024K)]
  0x00000211d9703fe0 JavaThread "Unconstrained build operations Thread 6"        [_thread_blocked, id=4036, stack(0x000000ed46500000,0x000000ed46600000) (1024K)]
  0x00000211d9704670 JavaThread "Unconstrained build operations Thread 7"        [_thread_blocked, id=56308, stack(0x000000ed46600000,0x000000ed46700000) (1024K)]
  0x00000211d9703950 JavaThread "Unconstrained build operations Thread 8"        [_thread_blocked, id=44064, stack(0x000000ed46700000,0x000000ed46800000) (1024K)]
  0x00000211d9704d00 JavaThread "Unconstrained build operations Thread 9"        [_thread_blocked, id=49976, stack(0x000000ed46800000,0x000000ed46900000) (1024K)]
  0x00000211d4b58830 JavaThread "Unconstrained build operations Thread 10"        [_thread_blocked, id=57872, stack(0x000000ed46900000,0x000000ed46a00000) (1024K)]
  0x00000211d4b59be0 JavaThread "Unconstrained build operations Thread 11"        [_thread_blocked, id=46572, stack(0x000000ed46a00000,0x000000ed46b00000) (1024K)]
  0x00000211d4b58ec0 JavaThread "Unconstrained build operations Thread 12"        [_thread_blocked, id=5744, stack(0x000000ed46b00000,0x000000ed46c00000) (1024K)]
  0x00000211d4b59550 JavaThread "Unconstrained build operations Thread 13"        [_thread_blocked, id=19760, stack(0x000000ed46c00000,0x000000ed46d00000) (1024K)]
  0x00000211d4b5b620 JavaThread "Unconstrained build operations Thread 14"        [_thread_blocked, id=12332, stack(0x000000ed46d00000,0x000000ed46e00000) (1024K)]
  0x00000211d4b5a270 JavaThread "Unconstrained build operations Thread 15"        [_thread_blocked, id=10600, stack(0x000000ed46e00000,0x000000ed46f00000) (1024K)]
  0x00000211d4b5a900 JavaThread "Unconstrained build operations Thread 16"        [_thread_blocked, id=48892, stack(0x000000ed46f00000,0x000000ed47000000) (1024K)]
  0x00000211d4b5af90 JavaThread "Unconstrained build operations Thread 17"        [_thread_blocked, id=50008, stack(0x000000ed47000000,0x000000ed47100000) (1024K)]
  0x00000211d4b581a0 JavaThread "Unconstrained build operations Thread 18"        [_thread_blocked, id=30608, stack(0x000000ed47100000,0x000000ed47200000) (1024K)]
  0x00000211cdc61e20 JavaThread "Unconstrained build operations Thread 19"        [_thread_blocked, id=41316, stack(0x000000ed47200000,0x000000ed47300000) (1024K)]
  0x00000211cdc624b0 JavaThread "Unconstrained build operations Thread 20"        [_thread_blocked, id=50732, stack(0x000000ed47300000,0x000000ed47400000) (1024K)]
  0x00000211cdc61790 JavaThread "Unconstrained build operations Thread 21"        [_thread_blocked, id=50600, stack(0x000000ed47400000,0x000000ed47500000) (1024K)]
  0x00000211cdc631d0 JavaThread "Unconstrained build operations Thread 22"        [_thread_blocked, id=57352, stack(0x000000ed47500000,0x000000ed47600000) (1024K)]
  0x00000211cdc62b40 JavaThread "Unconstrained build operations Thread 23"        [_thread_blocked, id=38004, stack(0x000000ed47600000,0x000000ed47700000) (1024K)]
  0x00000211cdc63860 JavaThread "Unconstrained build operations Thread 24"        [_thread_blocked, id=31556, stack(0x000000ed47700000,0x000000ed47800000) (1024K)]
  0x00000211cdc64580 JavaThread "Unconstrained build operations Thread 25"        [_thread_blocked, id=43544, stack(0x000000ed47a00000,0x000000ed47b00000) (1024K)]
  0x00000211cdc63ef0 JavaThread "Unconstrained build operations Thread 26"        [_thread_blocked, id=20772, stack(0x000000ed48100000,0x000000ed48200000) (1024K)]
  0x00000211cdc61100 JavaThread "build event listener"              [_thread_blocked, id=49092, stack(0x000000ed48200000,0x000000ed48300000) (1024K)]
  0x00000211cf970050 JavaThread "included builds"                   [_thread_blocked, id=18564, stack(0x000000ed48400000,0x000000ed48500000) (1024K)]
  0x00000211d6a21580 JavaThread "Execution worker"                  [_thread_blocked, id=24200, stack(0x000000ed48500000,0x000000ed48600000) (1024K)]
  0x00000211d6a22930 JavaThread "Execution worker Thread 2"         [_thread_blocked, id=15448, stack(0x000000ed48600000,0x000000ed48700000) (1024K)]
  0x00000211d6a222a0 JavaThread "Execution worker Thread 3"         [_thread_blocked, id=45240, stack(0x000000ed48700000,0x000000ed48800000) (1024K)]
  0x00000211d6a21c10 JavaThread "Execution worker Thread 4"         [_thread_blocked, id=21852, stack(0x000000ed48900000,0x000000ed48a00000) (1024K)]
  0x00000211d5c3bf70 JavaThread "Execution worker Thread 5"         [_thread_blocked, id=21024, stack(0x000000ed48a00000,0x000000ed48b00000) (1024K)]
  0x00000211d5c3c600 JavaThread "Execution worker Thread 6"         [_thread_blocked, id=3764, stack(0x000000ed48b00000,0x000000ed48c00000) (1024K)]
  0x00000211d5c3cc90 JavaThread "Execution worker Thread 7"         [_thread_blocked, id=36588, stack(0x000000ed48c00000,0x000000ed48d00000) (1024K)]
  0x00000211d5c3d320 JavaThread "Execution worker Thread 8"         [_thread_blocked, id=8136, stack(0x000000ed48d00000,0x000000ed48e00000) (1024K)]
  0x00000211d5c3e040 JavaThread "Execution worker Thread 9"         [_thread_blocked, id=64636, stack(0x000000ed48e00000,0x000000ed48f00000) (1024K)]
  0x00000211d5c3d9b0 JavaThread "Execution worker Thread 10"        [_thread_blocked, id=23264, stack(0x000000ed48f00000,0x000000ed49000000) (1024K)]
  0x00000211d5c3e6d0 JavaThread "Execution worker Thread 11"        [_thread_blocked, id=50312, stack(0x000000ed49000000,0x000000ed49100000) (1024K)]
  0x00000211d795f060 JavaThread "Cache worker for execution history cache (D:\Projects\touch\touch-mobile\node_modules\@react-native\gradle-plugin\.gradle\8.13\executionHistory)"        [_thread_blocked, id=31608, stack(0x000000ed49100000,0x000000ed49200000) (1024K)]
  0x00000211cf970d70 JavaThread "Unconstrained build operations Thread 27"        [_thread_blocked, id=43200, stack(0x000000ed49200000,0x000000ed49300000) (1024K)]
  0x00000211cf971400 JavaThread "Unconstrained build operations Thread 28"        [_thread_blocked, id=59268, stack(0x000000ed49300000,0x000000ed49400000) (1024K)]
  0x00000211cecc0b80 JavaThread "Unconstrained build operations Thread 29"        [_thread_blocked, id=13932, stack(0x000000ed49400000,0x000000ed49500000) (1024K)]
  0x00000211cecc04f0 JavaThread "Unconstrained build operations Thread 30"        [_thread_blocked, id=28100, stack(0x000000ed49500000,0x000000ed49600000) (1024K)]
  0x00000211d8dd02b0 JavaThread "Unconstrained build operations Thread 31"        [_thread_blocked, id=28568, stack(0x000000ed49600000,0x000000ed49700000) (1024K)]
  0x00000211d8dd2380 JavaThread "Unconstrained build operations Thread 32"        [_thread_blocked, id=11080, stack(0x000000ed49700000,0x000000ed49800000) (1024K)]
  0x00000211d8dd2a10 JavaThread "Unconstrained build operations Thread 33"        [_thread_blocked, id=30388, stack(0x000000ed49800000,0x000000ed49900000) (1024K)]
  0x00000211d8dd1cf0 JavaThread "Unconstrained build operations Thread 34"        [_thread_blocked, id=24208, stack(0x000000ed49900000,0x000000ed49a00000) (1024K)]
  0x00000211d8dd0940 JavaThread "Unconstrained build operations Thread 35"        [_thread_blocked, id=56400, stack(0x000000ed49a00000,0x000000ed49b00000) (1024K)]
  0x00000211d8dd1660 JavaThread "Unconstrained build operations Thread 36"        [_thread_blocked, id=44968, stack(0x000000ed49b00000,0x000000ed49c00000) (1024K)]
  0x00000211d795f6f0 JavaThread "Unconstrained build operations Thread 37"        [_thread_blocked, id=29168, stack(0x000000ed49c00000,0x000000ed49d00000) (1024K)]
  0x00000211d7961e50 JavaThread "Unconstrained build operations Thread 38"        [_thread_blocked, id=54452, stack(0x000000ed49d00000,0x000000ed49e00000) (1024K)]
  0x00000211d79624e0 JavaThread "Unconstrained build operations Thread 39"        [_thread_blocked, id=1852, stack(0x000000ed49e00000,0x000000ed49f00000) (1024K)]
  0x00000211d7961130 JavaThread "Unconstrained build operations Thread 40"        [_thread_blocked, id=22388, stack(0x000000ed49f00000,0x000000ed4a000000) (1024K)]
  0x00000211d795fd80 JavaThread "Unconstrained build operations Thread 41"        [_thread_blocked, id=24432, stack(0x000000ed4a000000,0x000000ed4a100000) (1024K)]
  0x00000211d7960410 JavaThread "Unconstrained build operations Thread 42"        [_thread_blocked, id=55592, stack(0x000000ed4a100000,0x000000ed4a200000) (1024K)]
  0x00000211d77f0600 JavaThread "Unconstrained build operations Thread 43"        [_thread_blocked, id=24664, stack(0x000000ed4a200000,0x000000ed4a300000) (1024K)]
  0x00000211d77f0c90 JavaThread "Unconstrained build operations Thread 44"        [_thread_blocked, id=23212, stack(0x000000ed4a300000,0x000000ed4a400000) (1024K)]
  0x00000211d77f1320 JavaThread "Unconstrained build operations Thread 45"        [_thread_blocked, id=7136, stack(0x000000ed4a400000,0x000000ed4a500000) (1024K)]
  0x00000211ff7a5250 JavaThread "Unconstrained build operations Thread 46"        [_thread_blocked, id=33580, stack(0x000000ed4a500000,0x000000ed4a600000) (1024K)]
  0x00000211d74a8b40 JavaThread "Unconstrained build operations Thread 47"        [_thread_blocked, id=56636, stack(0x000000ed4a600000,0x000000ed4a700000) (1024K)]
  0x00000211ccf1cf50 JavaThread "Unconstrained build operations Thread 48"        [_thread_blocked, id=33496, stack(0x000000ed4a700000,0x000000ed4a800000) (1024K)]
  0x00000211ccf1c230 JavaThread "Unconstrained build operations Thread 49"        [_thread_blocked, id=38832, stack(0x000000ed4a800000,0x000000ed4a900000) (1024K)]
  0x00000211ccf1bba0 JavaThread "Unconstrained build operations Thread 50"        [_thread_blocked, id=65080, stack(0x000000ed4a900000,0x000000ed4aa00000) (1024K)]
  0x00000211ccf1c8c0 JavaThread "Unconstrained build operations Thread 51"        [_thread_blocked, id=22988, stack(0x000000ed4aa00000,0x000000ed4ab00000) (1024K)]
  0x00000211ccf1d5e0 JavaThread "Unconstrained build operations Thread 52"        [_thread_blocked, id=35424, stack(0x000000ed4ab00000,0x000000ed4ac00000) (1024K)]
  0x00000211ccf1dc70 JavaThread "Unconstrained build operations Thread 53"        [_thread_blocked, id=8408, stack(0x000000ed4ac00000,0x000000ed4ad00000) (1024K)]
  0x00000211ccf1e300 JavaThread "Unconstrained build operations Thread 54"        [_thread_blocked, id=35584, stack(0x000000ed4ad00000,0x000000ed4ae00000) (1024K)]
  0x00000211ccf1e990 JavaThread "Unconstrained build operations Thread 55"        [_thread_blocked, id=48188, stack(0x000000ed4ae00000,0x000000ed4af00000) (1024K)]
  0x00000211ccf1b510 JavaThread "Unconstrained build operations Thread 56"        [_thread_blocked, id=35804, stack(0x000000ed4af00000,0x000000ed4b000000) (1024K)]
  0x00000211d9082480 JavaThread "Unconstrained build operations Thread 57"        [_thread_blocked, id=58180, stack(0x000000ed4b000000,0x000000ed4b100000) (1024K)]
  0x00000211d9082b10 JavaThread "Unconstrained build operations Thread 58"        [_thread_blocked, id=26788, stack(0x000000ed4b100000,0x000000ed4b200000) (1024K)]
  0x00000211d74ab2a0 JavaThread "Unconstrained build operations Thread 59"        [_thread_blocked, id=30216, stack(0x000000ed4b200000,0x000000ed4b300000) (1024K)]
  0x00000211d74ab930 JavaThread "Unconstrained build operations Thread 60"        [_thread_blocked, id=8236, stack(0x000000ed4b300000,0x000000ed4b400000) (1024K)]
  0x00000211d74a9ef0 JavaThread "Unconstrained build operations Thread 61"        [_thread_blocked, id=27636, stack(0x000000ed4b400000,0x000000ed4b500000) (1024K)]
  0x00000211d74a84b0 JavaThread "Unconstrained build operations Thread 62"        [_thread_blocked, id=14304, stack(0x000000ed4b500000,0x000000ed4b600000) (1024K)]
  0x00000211d74aa580 JavaThread "Unconstrained build operations Thread 63"        [_thread_blocked, id=58068, stack(0x000000ed4b600000,0x000000ed4b700000) (1024K)]
  0x00000211d70ea140 JavaThread "Unconstrained build operations Thread 64"        [_thread_blocked, id=3024, stack(0x000000ed4b700000,0x000000ed4b800000) (1024K)]
  0x00000211d70e9ab0 JavaThread "Unconstrained build operations Thread 65"        [_thread_blocked, id=24616, stack(0x000000ed4b800000,0x000000ed4b900000) (1024K)]
  0x00000211d70ea7d0 JavaThread "Unconstrained build operations Thread 66"        [_thread_blocked, id=29420, stack(0x000000ed4b900000,0x000000ed4ba00000) (1024K)]
  0x00000211d70eae60 JavaThread "Unconstrained build operations Thread 67"        [_thread_blocked, id=53868, stack(0x000000ed4ba00000,0x000000ed4bb00000) (1024K)]
  0x00000211d63a0730 JavaThread "Unconstrained build operations Thread 68"        [_thread_blocked, id=56528, stack(0x000000ed4bb00000,0x000000ed4bc00000) (1024K)]
  0x00000211d63a1450 JavaThread "Unconstrained build operations Thread 69"        [_thread_blocked, id=59784, stack(0x000000ed4bc00000,0x000000ed4bd00000) (1024K)]
  0x00000211d8c45940 JavaThread "Unconstrained build operations Thread 70"        [_thread_blocked, id=23492, stack(0x000000ed4bd00000,0x000000ed4be00000) (1024K)]
  0x00000211d8c46660 JavaThread "Unconstrained build operations Thread 71"        [_thread_blocked, id=53068, stack(0x000000ed4be00000,0x000000ed4bf00000) (1024K)]
  0x00000211d8c45fd0 JavaThread "Unconstrained build operations Thread 72"        [_thread_blocked, id=53412, stack(0x000000ed4bf00000,0x000000ed4c000000) (1024K)]
  0x00000211d8c452b0 JavaThread "Unconstrained build operations Thread 73"        [_thread_blocked, id=54716, stack(0x000000ed4c000000,0x000000ed4c100000) (1024K)]
  0x00000211cc3f8d70 JavaThread "Unconstrained build operations Thread 74"        [_thread_blocked, id=54964, stack(0x000000ed4c100000,0x000000ed4c200000) (1024K)]
  0x00000211cc3f79c0 JavaThread "Unconstrained build operations Thread 75"        [_thread_blocked, id=36440, stack(0x000000ed4c200000,0x000000ed4c300000) (1024K)]
  0x00000211cc3f8050 JavaThread "Unconstrained build operations Thread 76"        [_thread_blocked, id=20800, stack(0x000000ed4c300000,0x000000ed4c400000) (1024K)]
  0x00000211cc3f86e0 JavaThread "Unconstrained build operations Thread 77"        [_thread_blocked, id=10944, stack(0x000000ed4c400000,0x000000ed4c500000) (1024K)]
  0x00000211e0d113e0 JavaThread "Unconstrained build operations Thread 78"        [_thread_blocked, id=30064, stack(0x000000ed4c500000,0x000000ed4c600000) (1024K)]
  0x00000211e0d11a70 JavaThread "Unconstrained build operations Thread 79"        [_thread_blocked, id=46100, stack(0x000000ed4c600000,0x000000ed4c700000) (1024K)]
  0x00000211ccd95320 JavaThread "Unconstrained build operations Thread 80"        [_thread_blocked, id=43328, stack(0x000000ed4c700000,0x000000ed4c800000) (1024K)]
  0x00000211ccd94c90 JavaThread "Unconstrained build operations Thread 81"        [_thread_blocked, id=26556, stack(0x000000ed4c800000,0x000000ed4c900000) (1024K)]
  0x00000211ccd966d0 JavaThread "Unconstrained build operations Thread 82"        [_thread_blocked, id=47380, stack(0x000000ed4c900000,0x000000ed4ca00000) (1024K)]
  0x00000211ccd973f0 JavaThread "Unconstrained build operations Thread 83"        [_thread_blocked, id=29040, stack(0x000000ed4ca00000,0x000000ed4cb00000) (1024K)]
  0x00000211ccd93f70 JavaThread "Unconstrained build operations Thread 84"        [_thread_blocked, id=34048, stack(0x000000ed4cb00000,0x000000ed4cc00000) (1024K)]
  0x00000211ccaafba0 JavaThread "Unconstrained build operations Thread 85"        [_thread_blocked, id=11112, stack(0x000000ed4cc00000,0x000000ed4cd00000) (1024K)]
  0x00000211ccab0230 JavaThread "Unconstrained build operations Thread 86"        [_thread_blocked, id=53256, stack(0x000000ed4cd00000,0x000000ed4ce00000) (1024K)]
  0x00000211ccab08c0 JavaThread "Unconstrained build operations Thread 87"        [_thread_blocked, id=28300, stack(0x000000ed4ce00000,0x000000ed4cf00000) (1024K)]
  0x00000211ccaae160 JavaThread "Unconstrained build operations Thread 88"        [_thread_blocked, id=24152, stack(0x000000ed4cf00000,0x000000ed4d000000) (1024K)]
  0x00000211ccaaf510 JavaThread "Unconstrained build operations Thread 89"        [_thread_blocked, id=29088, stack(0x000000ed4d000000,0x000000ed4d100000) (1024K)]
  0x00000211cd1693c0 JavaThread "Unconstrained build operations Thread 90"        [_thread_blocked, id=53496, stack(0x000000ed4d100000,0x000000ed4d200000) (1024K)]
  0x00000211cd16a0e0 JavaThread "Unconstrained build operations Thread 91"        [_thread_blocked, id=4192, stack(0x000000ed4d200000,0x000000ed4d300000) (1024K)]
  0x00000211cd16ae00 JavaThread "Unconstrained build operations Thread 92"        [_thread_blocked, id=10560, stack(0x000000ed4d300000,0x000000ed4d400000) (1024K)]
  0x00000211d5c3b250 JavaThread "Unconstrained build operations Thread 93"        [_thread_blocked, id=25436, stack(0x000000ed4d400000,0x000000ed4d500000) (1024K)]
  0x00000211d5c3b8e0 JavaThread "Unconstrained build operations Thread 94"        [_thread_blocked, id=33108, stack(0x000000ed4d500000,0x000000ed4d600000) (1024K)]
  0x00000211d94fb6f0 JavaThread "Unconstrained build operations Thread 95"        [_thread_blocked, id=28696, stack(0x000000ed4d600000,0x000000ed4d700000) (1024K)]
  0x00000211d94fbd80 JavaThread "Unconstrained build operations Thread 96"        [_thread_blocked, id=53848, stack(0x000000ed4d700000,0x000000ed4d800000) (1024K)]
  0x00000211d94fc410 JavaThread "Unconstrained build operations Thread 97"        [_thread_blocked, id=29544, stack(0x000000ed4d800000,0x000000ed4d900000) (1024K)]
  0x00000211d94fcaa0 JavaThread "Unconstrained build operations Thread 98"        [_thread_blocked, id=49532, stack(0x000000ed4d900000,0x000000ed4da00000) (1024K)]
  0x00000211d94fd130 JavaThread "Unconstrained build operations Thread 99"        [_thread_blocked, id=40148, stack(0x000000ed4da00000,0x000000ed4db00000) (1024K)]
  0x00000211d94fe4e0 JavaThread "Unconstrained build operations Thread 100"        [_thread_blocked, id=15412, stack(0x000000ed4db00000,0x000000ed4dc00000) (1024K)]
  0x00000211d94fd7c0 JavaThread "Unconstrained build operations Thread 101"        [_thread_blocked, id=21664, stack(0x000000ed4dc00000,0x000000ed4dd00000) (1024K)]
  0x00000211d9081760 JavaThread "build event listener"              [_thread_blocked, id=49624, stack(0x000000ed4de00000,0x000000ed4df00000) (1024K)]
  0x00000211d9081df0 JavaThread "Problems report writer"            [_thread_blocked, id=49364, stack(0x000000ed4df00000,0x000000ed4e000000) (1024K)]
  0x00000211d86bbe40 JavaThread "Unconstrained build operations Thread 102"        [_thread_blocked, id=7544, stack(0x000000ed4e000000,0x000000ed4e100000) (1024K)]
  0x00000211d86b9d70 JavaThread "Unconstrained build operations Thread 103"        [_thread_blocked, id=3216, stack(0x000000ed4e100000,0x000000ed4e200000) (1024K)]
  0x00000211d86baa90 JavaThread "Unconstrained build operations Thread 104"        [_thread_blocked, id=21352, stack(0x000000ed4e200000,0x000000ed4e300000) (1024K)]
  0x00000211d86bcb60 JavaThread "Unconstrained build operations Thread 105"        [_thread_blocked, id=53372, stack(0x000000ed4e300000,0x000000ed4e400000) (1024K)]
  0x00000211d86ba400 JavaThread "Unconstrained build operations Thread 106"        [_thread_blocked, id=12260, stack(0x000000ed4e400000,0x000000ed4e500000) (1024K)]
  0x00000211d6a531b0 JavaThread "Unconstrained build operations Thread 107"        [_thread_blocked, id=58572, stack(0x000000ed4e500000,0x000000ed4e600000) (1024K)]
  0x00000211d6a52b20 JavaThread "Unconstrained build operations Thread 108"        [_thread_blocked, id=23964, stack(0x000000ed4e600000,0x000000ed4e700000) (1024K)]
  0x00000211d6a54bf0 JavaThread "Unconstrained build operations Thread 109"        [_thread_blocked, id=41048, stack(0x000000ed4e700000,0x000000ed4e800000) (1024K)]
  0x00000211d6a53ed0 JavaThread "Unconstrained build operations Thread 110"        [_thread_blocked, id=8396, stack(0x000000ed4e800000,0x000000ed4e900000) (1024K)]
  0x00000211d6a53840 JavaThread "Unconstrained build operations Thread 111"        [_thread_blocked, id=42396, stack(0x000000ed4e900000,0x000000ed4ea00000) (1024K)]
  0x00000211d63a0dc0 JavaThread "Unconstrained build operations Thread 112"        [_thread_blocked, id=39060, stack(0x000000ed4ea00000,0x000000ed4eb00000) (1024K)]
  0x00000211d63a00a0 JavaThread "Unconstrained build operations Thread 113"        [_thread_blocked, id=21468, stack(0x000000ed4eb00000,0x000000ed4ec00000) (1024K)]
  0x00000211d540cd40 JavaThread "Unconstrained build operations Thread 114"        [_thread_blocked, id=61300, stack(0x000000ed4ec00000,0x000000ed4ed00000) (1024K)]
  0x00000211d540e0f0 JavaThread "Unconstrained build operations Thread 115"        [_thread_blocked, id=42144, stack(0x000000ed4ee00000,0x000000ed4ef00000) (1024K)]
  0x00000211d540c6b0 JavaThread "Unconstrained build operations Thread 116"        [_thread_blocked, id=34156, stack(0x000000ed4f400000,0x000000ed4f500000) (1024K)]
  0x00000211d540d3d0 JavaThread "Unconstrained build operations Thread 117"        [_thread_blocked, id=43184, stack(0x000000ed4f900000,0x000000ed4fa00000) (1024K)]
  0x00000211d540e780 JavaThread "Unconstrained build operations Thread 118"        [_thread_blocked, id=47776, stack(0x000000ed4fa00000,0x000000ed4fb00000) (1024K)]
  0x00000211d540da60 JavaThread "Unconstrained build operations Thread 119"        [_thread_blocked, id=33736, stack(0x000000ed50100000,0x000000ed50200000) (1024K)]
  0x00000211d540b990 JavaThread "Unconstrained build operations Thread 120"        [_thread_blocked, id=54008, stack(0x000000ed50200000,0x000000ed50300000) (1024K)]
  0x00000211d6a54560 JavaThread "pool-18-thread-1"                  [_thread_blocked, id=32140, stack(0x000000ed4dd00000,0x000000ed4de00000) (1024K)]
  0x00000211d6a51e00 JavaThread "build event listener"              [_thread_blocked, id=43724, stack(0x000000ed50300000,0x000000ed50400000) (1024K)]
  0x00000211d85c04d0 JavaThread "Cache worker for execution history cache (D:\Projects\touch\touch-mobile\android\.gradle\8.13\executionHistory)"        [_thread_blocked, id=41172, stack(0x000000ed50700000,0x000000ed50800000) (1024K)]
  0x00000211d94fde50 JavaThread "WorkerExecutor Queue"              [_thread_blocked, id=26976, stack(0x000000ed50800000,0x000000ed50900000) (1024K)]
  0x00000211d4af1640 JavaThread "WorkerExecutor Queue Thread 2"        [_thread_blocked, id=23760, stack(0x000000ed50a00000,0x000000ed50b00000) (1024K)]
  0x00000211d4af1cd0 JavaThread "pool-19-thread-1"                  [_thread_blocked, id=64328, stack(0x000000ed50b00000,0x000000ed50c00000) (1024K)]
  0x00000211d4af2360 JavaThread "stderr"                            [_thread_in_native, id=20668, stack(0x000000ed50c00000,0x000000ed50d00000) (1024K)]
  0x00000211d4af0fb0 JavaThread "stdout"                            [_thread_in_native, id=55900, stack(0x000000ed50d00000,0x000000ed50e00000) (1024K)]
  0x00000211e0d106c0 JavaThread "WorkerExecutor Queue Thread 3"        [_thread_blocked, id=16596, stack(0x000000ed44a00000,0x000000ed44b00000) (1024K)]
  0x00000211ca24d0a0 JavaThread "WorkerExecutor Queue Thread 4"        [_thread_blocked, id=49372, stack(0x000000ed50e00000,0x000000ed50f00000) (1024K)]
  0x00000211ca24a940 JavaThread "RMI Scheduler(0)"           daemon [_thread_blocked, id=44892, stack(0x000000ed48000000,0x000000ed48100000) (1024K)]
  0x00000211ca24ddc0 JavaThread "RMI GC Daemon"              daemon [_thread_blocked, id=37136, stack(0x000000ed51000000,0x000000ed51100000) (1024K)]
  0x00000211ca24d730 JavaThread "RMI TCP Accept-0"           daemon [_thread_in_native, id=21760, stack(0x000000ed51200000,0x000000ed51300000) (1024K)]
  0x00000211ca24afd0 JavaThread "RMI Reaper"                        [_thread_blocked, id=64864, stack(0x000000ed51300000,0x000000ed51400000) (1024K)]
  0x00000211d540b300 JavaThread "RMI TCP Connection(idle)"   daemon [_thread_blocked, id=36432, stack(0x000000ed51400000,0x000000ed51500000) (1024K)]
  0x00000211d40fa670 JavaThread "Cache worker for Java compile cache (D:\AndroidStudioProjects\.gradle\caches\8.13\javaCompile)"        [_thread_blocked, id=45536, stack(0x000000ed48300000,0x000000ed48400000) (1024K)]
  0x00000211ff7a79b0 JavaThread "Build operations"                  [_thread_blocked, id=18016, stack(0x000000ed51600000,0x000000ed51700000) (1024K)]
  0x00000211ff7a5f70 JavaThread "Build operations Thread 2"         [_thread_blocked, id=30524, stack(0x000000ed51700000,0x000000ed51800000) (1024K)]
  0x00000211cf6705f0 JavaThread "Build operations Thread 3"         [_thread_blocked, id=23720, stack(0x000000ed51800000,0x000000ed51900000) (1024K)]
  0x00000211cf670c80 JavaThread "Build operations Thread 4"         [_thread_blocked, id=47500, stack(0x000000ed51900000,0x000000ed51a00000) (1024K)]
  0x00000211cf6719a0 JavaThread "Build operations Thread 5"         [_thread_blocked, id=24280, stack(0x000000ed51a00000,0x000000ed51b00000) (1024K)]
  0x00000211cf671310 JavaThread "Build operations Thread 6"         [_thread_blocked, id=40096, stack(0x000000ed51b00000,0x000000ed51c00000) (1024K)]
  0x00000211cf672d50 JavaThread "Build operations Thread 7"         [_thread_blocked, id=36512, stack(0x000000ed51c00000,0x000000ed51d00000) (1024K)]
  0x00000211cf6733e0 JavaThread "Build operations Thread 8"         [_thread_blocked, id=37588, stack(0x000000ed51d00000,0x000000ed51e00000) (1024K)]
  0x00000211cf66ff60 JavaThread "Build operations Thread 9"         [_thread_blocked, id=16812, stack(0x000000ed51e00000,0x000000ed51f00000) (1024K)]
  0x00000211d548c070 JavaThread "Build operations Thread 10"        [_thread_blocked, id=3336, stack(0x000000ed51f00000,0x000000ed52000000) (1024K)]
  0x00000211d548cd90 JavaThread "Build operations Thread 11"        [_thread_blocked, id=17076, stack(0x000000ed52000000,0x000000ed52100000) (1024K)]
  0x00000211d548c700 JavaThread "Exec process Thread 13"            [_thread_blocked, id=28032, stack(0x000000ed52300000,0x000000ed52400000) (1024K)]
  0x00000211d41caec0 JavaThread "WorkerExecutor Queue Thread 5"        [_thread_blocked, id=5836, stack(0x000000ed52a00000,0x000000ed52b00000) (1024K)]
  0x00000211e0d13b40 JavaThread "WorkerExecutor Queue Thread 6"        [_thread_blocked, id=16744, stack(0x000000ed51100000,0x000000ed51200000) (1024K)]
  0x00000211d8a90120 JavaThread "Java2D Disposer"            daemon [_thread_blocked, id=44604, stack(0x000000ed51500000,0x000000ed51600000) (1024K)]
  0x00000211d84397c0 JavaThread "AWT-Windows"                daemon [_thread_in_native, id=60744, stack(0x000000ed52200000,0x000000ed52300000) (1024K)]
  0x00000211d8439e50 JavaThread "DefaultDispatcher-worker-1" daemon [_thread_blocked, id=51568, stack(0x000000ed52800000,0x000000ed52900000) (1024K)]
  0x00000212105897e0 JavaThread "DefaultDispatcher-worker-2" daemon [_thread_blocked, id=57712, stack(0x000000ed52900000,0x000000ed52a00000) (1024K)]
  0x00000211d42ddcd0 JavaThread "DefaultDispatcher-worker-3" daemon [_thread_blocked, id=43932, stack(0x000000ed52b00000,0x000000ed52c00000) (1024K)]
  0x00000211d41ca1a0 JavaThread "WorkerExecutor Queue Thread 7"        [_thread_blocked, id=31784, stack(0x000000ed52500000,0x000000ed52600000) (1024K)]
  0x00000211d41cb550 JavaThread "ForkJoinPool-1-worker-1"    daemon [_thread_blocked, id=46384, stack(0x000000ed50f00000,0x000000ed51000000) (1024K)]
  0x00000211ce6ffad0 JavaThread "ForkJoinPool-1-worker-2"    daemon [_thread_blocked, id=38348, stack(0x000000ed52100000,0x000000ed52200000) (1024K)]
  0x00000211d540c020 JavaThread "ForkJoinPool-1-worker-3"    daemon [_thread_blocked, id=8076, stack(0x000000ed52c00000,0x000000ed52d00000) (1024K)]
  0x00000211d72c2370 JavaThread "ForkJoinPool-1-worker-4"    daemon [_thread_blocked, id=4228, stack(0x000000ed52d00000,0x000000ed52e00000) (1024K)]
  0x00000211ce6fe090 JavaThread "ForkJoinPool-1-worker-5"    daemon [_thread_blocked, id=62352, stack(0x000000ed52e00000,0x000000ed52f00000) (1024K)]
  0x00000211d72c0fc0 JavaThread "ForkJoinPool-1-worker-6"    daemon [_thread_blocked, id=60312, stack(0x000000ed52f00000,0x000000ed53000000) (1024K)]
  0x0000021210587710 JavaThread "ForkJoinPool-1-worker-7"    daemon [_thread_blocked, id=23632, stack(0x000000ed53000000,0x000000ed53100000) (1024K)]
  0x00000211d72c3db0 JavaThread "ForkJoinPool-1-worker-8"    daemon [_thread_blocked, id=64112, stack(0x000000ed53100000,0x000000ed53200000) (1024K)]
  0x00000212110937c0 JavaThread "ForkJoinPool-1-worker-9"    daemon [_thread_blocked, id=24504, stack(0x000000ed53200000,0x000000ed53300000) (1024K)]
  0x00000211d7671940 JavaThread "ForkJoinPool-1-worker-10"   daemon [_thread_blocked, id=50340, stack(0x000000ed53300000,0x000000ed53400000) (1024K)]
  0x00000211eaddd210 JavaThread "ForkJoinPool-1-worker-11"   daemon [_thread_blocked, id=19436, stack(0x000000ed53400000,0x000000ed53500000) (1024K)]
  0x00000211ce6fedb0 JavaThread "ForkJoinPool-1-worker-12"   daemon [_thread_blocked, id=14484, stack(0x000000ed53500000,0x000000ed53600000) (1024K)]
  0x00000211d8dd0fd0 JavaThread "Periodic tasks thread"      daemon [_thread_blocked, id=36216, stack(0x000000ed53800000,0x000000ed53900000) (1024K)]
  0x0000021211091060 JavaThread "ApplicationImpl pooled thread 1"        [_thread_blocked, id=62672, stack(0x000000ed53900000,0x000000ed53a00000) (1024K)]
  0x00000211d78c1fa0 JavaThread "C2 CompilerThread1"         daemon [_thread_blocked, id=19764, stack(0x000000ed53600000,0x000000ed53700000) (1024K)]
  0x00000211d78c18d0 JavaThread "C2 CompilerThread2"         daemon [_thread_blocked, id=27376, stack(0x000000ed53700000,0x000000ed53800000) (1024K)]
  0x000002121104b4f0 JavaThread "WorkerExecutor Queue Thread 8"        [_thread_blocked, id=25516, stack(0x000000ed53a00000,0x000000ed53b00000) (1024K)]
  0x00000211ff7a7320 JavaThread "WorkerExecutor Queue Thread 9"        [_thread_blocked, id=23628, stack(0x000000ed53b00000,0x000000ed53c00000) (1024K)]
Total: 254

Other Threads:
=>0x00000211ff50d2a0 VMThread "VM Thread"                           [id=55412, stack(0x000000ed43100000,0x000000ed43200000) (1024K)]
  0x00000211ff5f1920 WatcherThread "VM Periodic Task Thread"        [id=32700, stack(0x000000ed43000000,0x000000ed43100000) (1024K)]
  0x00000211ed20cca0 WorkerThread "GC Thread#0"                     [id=60944, stack(0x000000ed42b00000,0x000000ed42c00000) (1024K)]
  0x00000211c82ed720 WorkerThread "GC Thread#1"                     [id=39768, stack(0x000000ed43e00000,0x000000ed43f00000) (1024K)]
  0x00000211ff8c7340 WorkerThread "GC Thread#2"                     [id=10360, stack(0x000000ed43f00000,0x000000ed44000000) (1024K)]
  0x00000211ff8c76e0 WorkerThread "GC Thread#3"                     [id=16148, stack(0x000000ed44000000,0x000000ed44100000) (1024K)]
  0x00000211c8057720 WorkerThread "GC Thread#4"                     [id=30344, stack(0x000000ed44100000,0x000000ed44200000) (1024K)]
  0x00000211c8057ac0 WorkerThread "GC Thread#5"                     [id=48392, stack(0x000000ed44200000,0x000000ed44300000) (1024K)]
  0x00000211c8057e60 WorkerThread "GC Thread#6"                     [id=5036, stack(0x000000ed44300000,0x000000ed44400000) (1024K)]
  0x00000211c82bf550 WorkerThread "GC Thread#7"                     [id=44548, stack(0x000000ed44400000,0x000000ed44500000) (1024K)]
  0x00000211c82bf8f0 WorkerThread "GC Thread#8"                     [id=40540, stack(0x000000ed44500000,0x000000ed44600000) (1024K)]
  0x00000211c82bfc90 WorkerThread "GC Thread#9"                     [id=33128, stack(0x000000ed44600000,0x000000ed44700000) (1024K)]
  0x00000211ed21e3a0 ConcurrentGCThread "G1 Main Marker"            [id=16944, stack(0x000000ed42c00000,0x000000ed42d00000) (1024K)]
  0x00000211ed21fc30 WorkerThread "G1 Conc#0"                       [id=29488, stack(0x000000ed42d00000,0x000000ed42e00000) (1024K)]
  0x00000211c8396330 WorkerThread "G1 Conc#1"                       [id=2932, stack(0x000000ed45400000,0x000000ed45500000) (1024K)]
  0x00000211ca9a1220 WorkerThread "G1 Conc#2"                       [id=33236, stack(0x000000ed45500000,0x000000ed45600000) (1024K)]
  0x00000211ff447ee0 ConcurrentGCThread "G1 Refine#0"               [id=24848, stack(0x000000ed42e00000,0x000000ed42f00000) (1024K)]
  0x00000211ff449710 ConcurrentGCThread "G1 Service"                [id=55796, stack(0x000000ed42f00000,0x000000ed43000000) (1024K)]
Total: 18

Threads with active compile tasks:
C2 CompilerThread0  1817991 55015       4       com.android.tools.r8.internal.hB::a (329 bytes)
C2 CompilerThread1  1817991 54971       4       com.android.tools.r8.internal.qH::a (170 bytes)
C2 CompilerThread2  1817991 55013       4       com.android.tools.r8.internal.hB::a (597 bytes)
Total: 3

VM state: at safepoint (normal execution)

VM Mutex/Monitor currently owned by a thread:  ([mutex/lock_event])
[0x00007ff99f81cd68] Threads_lock - owner thread: 0x00000211ff50d2a0
[0x00007ff99f81ce68] Heap_lock - owner thread: 0x00000211ed21e3a0

Heap address: 0x0000000700000000, size: 4096 MB, Compressed Oops mode: Zero based, Oop shift amount: 3

CDS archive(s) mapped at: [0x000002118f000000-0x000002118fc90000-0x000002118fc90000), size 13172736, SharedBaseAddress: 0x000002118f000000, ArchiveRelocationMode: 1.
Compressed class space mapped at: 0x0000021190000000-0x00000211c4000000, reserved size: 872415232
Narrow klass base: 0x000002118f000000, Narrow klass shift: 0, Narrow klass range: 0x100000000

GC Precious Log:
 CardTable entry size: 512
 Card Set container configuration: InlinePtr #cards 4 size 8 Array Of Cards #cards 16 size 48 Howl #buckets 8 coarsen threshold 3686 Howl Bitmap #cards 512 size 80 coarsen threshold 460 Card regions per heap region 1 cards per card region 4096
 CPUs: 12 total, 12 available
 Memory: 32489M
 Large Page Support: Disabled
 NUMA Support: Disabled
 Compressed Oops: Enabled (Zero based)
 Heap Region Size: 2M
 Heap Min Capacity: 8M
 Heap Initial Capacity: 508M
 Heap Max Capacity: 4G
 Pre-touch: Disabled
 Parallel Workers: 10
 Concurrent Workers: 3
 Concurrent Refinement Workers: 10
 Periodic GC: Disabled

Heap:
 garbage-first heap   total 2390016K, used 2139136K [0x0000000700000000, 0x0000000800000000)
  region size 2048K, 479 young (980992K), 31 survivors (63488K)
 Metaspace       used 283573K, committed 288000K, reserved 1114112K
  class space    used 36403K, committed 38528K, reserved 851968K

Heap Regions: E=young(eden), S=young(survivor), O=old, HS=humongous(starts), HC=humongous(continues), CS=collection set, F=free, TAMS=top-at-mark-start, PB=parsable bottom
|   0|0x0000000700000000, 0x0000000700200000, 0x0000000700200000|100%|HS|  |TAMS 0x0000000700200000| PB 0x0000000700000000| Complete 
|   1|0x0000000700200000, 0x0000000700400000, 0x0000000700400000|100%|HC|  |TAMS 0x0000000700400000| PB 0x0000000700200000| Complete 
|   2|0x0000000700400000, 0x0000000700600000, 0x0000000700600000|100%| O|  |TAMS 0x0000000700600000| PB 0x0000000700600000| Untracked 
|   3|0x0000000700600000, 0x0000000700800000, 0x0000000700800000|100%| O|  |TAMS 0x0000000700800000| PB 0x0000000700800000| Untracked 
|   4|0x0000000700800000, 0x0000000700a00000, 0x0000000700a00000|100%| O|  |TAMS 0x0000000700a00000| PB 0x0000000700a00000| Untracked 
|   5|0x0000000700a00000, 0x0000000700c00000, 0x0000000700c00000|100%| O|  |TAMS 0x0000000700c00000| PB 0x0000000700c00000| Untracked 
|   6|0x0000000700c00000, 0x0000000700e00000, 0x0000000700e00000|100%| O|  |TAMS 0x0000000700e00000| PB 0x0000000700e00000| Updating 
|   7|0x0000000700e00000, 0x0000000701000000, 0x0000000701000000|100%| O|  |TAMS 0x0000000701000000| PB 0x0000000701000000| Updating 
|   8|0x0000000701000000, 0x0000000701200000, 0x0000000701200000|100%| O|  |TAMS 0x0000000701200000| PB 0x0000000701200000| Untracked 
|   9|0x0000000701200000, 0x0000000701400000, 0x0000000701400000|100%| O|  |TAMS 0x0000000701400000| PB 0x0000000701400000| Untracked 
|  10|0x0000000701400000, 0x0000000701600000, 0x0000000701600000|100%| O|  |TAMS 0x0000000701600000| PB 0x0000000701600000| Untracked 
|  11|0x0000000701600000, 0x0000000701800000, 0x0000000701800000|100%| O|  |TAMS 0x0000000701800000| PB 0x0000000701800000| Untracked 
|  12|0x0000000701800000, 0x0000000701a00000, 0x0000000701a00000|100%| O|  |TAMS 0x0000000701a00000| PB 0x0000000701a00000| Untracked 
|  13|0x0000000701a00000, 0x0000000701c00000, 0x0000000701c00000|100%| O|  |TAMS 0x0000000701c00000| PB 0x0000000701c00000| Untracked 
|  14|0x0000000701c00000, 0x0000000701e00000, 0x0000000701e00000|100%| O|  |TAMS 0x0000000701e00000| PB 0x0000000701e00000| Untracked 
|  15|0x0000000701e00000, 0x0000000702000000, 0x0000000702000000|100%| O|  |TAMS 0x0000000702000000| PB 0x0000000702000000| Untracked 
|  16|0x0000000702000000, 0x0000000702200000, 0x0000000702200000|100%| O|  |TAMS 0x0000000702200000| PB 0x0000000702200000| Updating 
|  17|0x0000000702200000, 0x0000000702400000, 0x0000000702400000|100%|HS|  |TAMS 0x0000000702400000| PB 0x0000000702200000| Complete 
|  18|0x0000000702400000, 0x0000000702600000, 0x0000000702600000|100%|HC|  |TAMS 0x0000000702600000| PB 0x0000000702400000| Complete 
|  19|0x0000000702600000, 0x0000000702800000, 0x0000000702800000|100%| O|  |TAMS 0x0000000702800000| PB 0x0000000702800000| Untracked 
|  20|0x0000000702800000, 0x0000000702a00000, 0x0000000702a00000|100%| O|  |TAMS 0x0000000702a00000| PB 0x0000000702a00000| Updating 
|  21|0x0000000702a00000, 0x0000000702c00000, 0x0000000702c00000|100%| O|  |TAMS 0x0000000702c00000| PB 0x0000000702c00000| Updating 
|  22|0x0000000702c00000, 0x0000000702e00000, 0x0000000702e00000|100%| O|  |TAMS 0x0000000702e00000| PB 0x0000000702e00000| Untracked 
|  23|0x0000000702e00000, 0x0000000703000000, 0x0000000703000000|100%| O|  |TAMS 0x0000000703000000| PB 0x0000000703000000| Untracked 
|  24|0x0000000703000000, 0x0000000703200000, 0x0000000703200000|100%|HS|  |TAMS 0x0000000703200000| PB 0x0000000703000000| Complete 
|  25|0x0000000703200000, 0x0000000703400000, 0x0000000703400000|100%|HC|  |TAMS 0x0000000703400000| PB 0x0000000703200000| Complete 
|  26|0x0000000703400000, 0x0000000703600000, 0x0000000703600000|100%| O|  |TAMS 0x0000000703600000| PB 0x0000000703600000| Updating 
|  27|0x0000000703600000, 0x0000000703800000, 0x0000000703800000|100%| O|  |TAMS 0x0000000703800000| PB 0x0000000703800000| Untracked 
|  28|0x0000000703800000, 0x0000000703a00000, 0x0000000703a00000|100%| O|  |TAMS 0x0000000703a00000| PB 0x0000000703a00000| Untracked 
|  29|0x0000000703a00000, 0x0000000703c00000, 0x0000000703c00000|100%| O|  |TAMS 0x0000000703c00000| PB 0x0000000703c00000| Updating 
|  30|0x0000000703c00000, 0x0000000703e00000, 0x0000000703e00000|100%| O|  |TAMS 0x0000000703e00000| PB 0x0000000703e00000| Updating 
|  31|0x0000000703e00000, 0x0000000704000000, 0x0000000704000000|100%| O|  |TAMS 0x0000000704000000| PB 0x0000000704000000| Updating 
|  32|0x0000000704000000, 0x0000000704200000, 0x0000000704200000|100%| O|  |TAMS 0x0000000704200000| PB 0x0000000704200000| Updating 
|  33|0x0000000704200000, 0x0000000704400000, 0x0000000704400000|100%| O|  |TAMS 0x0000000704400000| PB 0x0000000704400000| Updating 
|  34|0x0000000704400000, 0x0000000704400000, 0x0000000704600000|  0%| F|  |TAMS 0x0000000704400000| PB 0x0000000704400000| Untracked 
|  35|0x0000000704600000, 0x0000000704800000, 0x0000000704800000|100%| O|  |TAMS 0x0000000704800000| PB 0x0000000704800000| Updating 
|  36|0x0000000704800000, 0x0000000704a00000, 0x0000000704a00000|100%| O|  |TAMS 0x0000000704a00000| PB 0x0000000704a00000| Untracked 
|  37|0x0000000704a00000, 0x0000000704c00000, 0x0000000704c00000|100%| O|  |TAMS 0x0000000704c00000| PB 0x0000000704c00000| Updating 
|  38|0x0000000704c00000, 0x0000000704c00000, 0x0000000704e00000|  0%| F|  |TAMS 0x0000000704c00000| PB 0x0000000704c00000| Untracked 
|  39|0x0000000704e00000, 0x0000000705000000, 0x0000000705000000|100%|HS|  |TAMS 0x0000000705000000| PB 0x0000000704e00000| Complete 
|  40|0x0000000705000000, 0x0000000705200000, 0x0000000705200000|100%|HC|  |TAMS 0x0000000705200000| PB 0x0000000705000000| Complete 
|  41|0x0000000705200000, 0x0000000705400000, 0x0000000705400000|100%| O|  |TAMS 0x0000000705400000| PB 0x0000000705400000| Updating 
|  42|0x0000000705400000, 0x0000000705400000, 0x0000000705600000|  0%| F|  |TAMS 0x0000000705400000| PB 0x0000000705400000| Untracked 
|  43|0x0000000705600000, 0x0000000705800000, 0x0000000705800000|100%| O|  |TAMS 0x0000000705800000| PB 0x0000000705800000| Untracked 
|  44|0x0000000705800000, 0x0000000705a00000, 0x0000000705a00000|100%| O|  |TAMS 0x0000000705a00000| PB 0x0000000705a00000| Untracked 
|  45|0x0000000705a00000, 0x0000000705c00000, 0x0000000705c00000|100%| O|  |TAMS 0x0000000705c00000| PB 0x0000000705c00000| Untracked 
|  46|0x0000000705c00000, 0x0000000705e00000, 0x0000000705e00000|100%| O|  |TAMS 0x0000000705e00000| PB 0x0000000705e00000| Untracked 
|  47|0x0000000705e00000, 0x0000000706000000, 0x0000000706000000|100%| O|  |TAMS 0x0000000706000000| PB 0x0000000706000000| Untracked 
|  48|0x0000000706000000, 0x0000000706200000, 0x0000000706200000|100%| O|  |TAMS 0x0000000706200000| PB 0x0000000706200000| Untracked 
|  49|0x0000000706200000, 0x0000000706400000, 0x0000000706400000|100%| O|  |TAMS 0x0000000706400000| PB 0x0000000706400000| Updating 
|  50|0x0000000706400000, 0x0000000706600000, 0x0000000706600000|100%| O|  |TAMS 0x0000000706600000| PB 0x0000000706600000| Updating 
|  51|0x0000000706600000, 0x0000000706800000, 0x0000000706800000|100%| O|  |TAMS 0x0000000706800000| PB 0x0000000706800000| Updating 
|  52|0x0000000706800000, 0x0000000706a00000, 0x0000000706a00000|100%| O|  |TAMS 0x0000000706a00000| PB 0x0000000706a00000| Updating 
|  53|0x0000000706a00000, 0x0000000706c00000, 0x0000000706c00000|100%| O|  |TAMS 0x0000000706c00000| PB 0x0000000706c00000| Updating 
|  54|0x0000000706c00000, 0x0000000706e00000, 0x0000000706e00000|100%| O|  |TAMS 0x0000000706e00000| PB 0x0000000706e00000| Updating 
|  55|0x0000000706e00000, 0x0000000707000000, 0x0000000707000000|100%| O|  |TAMS 0x0000000707000000| PB 0x0000000707000000| Untracked 
|  56|0x0000000707000000, 0x0000000707200000, 0x0000000707200000|100%| O|  |TAMS 0x0000000707200000| PB 0x0000000707200000| Untracked 
|  57|0x0000000707200000, 0x0000000707400000, 0x0000000707400000|100%| O|  |TAMS 0x0000000707400000| PB 0x0000000707400000| Untracked 
|  58|0x0000000707400000, 0x0000000707600000, 0x0000000707600000|100%| O|  |TAMS 0x0000000707600000| PB 0x0000000707600000| Untracked 
|  59|0x0000000707600000, 0x0000000707800000, 0x0000000707800000|100%| O|  |TAMS 0x0000000707800000| PB 0x0000000707800000| Untracked 
|  60|0x0000000707800000, 0x0000000707a00000, 0x0000000707a00000|100%| O|  |TAMS 0x0000000707a00000| PB 0x0000000707a00000| Updating 
|  61|0x0000000707a00000, 0x0000000707c00000, 0x0000000707c00000|100%| O|  |TAMS 0x0000000707c00000| PB 0x0000000707c00000| Updating 
|  62|0x0000000707c00000, 0x0000000707e00000, 0x0000000707e00000|100%| O|  |TAMS 0x0000000707e00000| PB 0x0000000707e00000| Untracked 
|  63|0x0000000707e00000, 0x0000000708000000, 0x0000000708000000|100%|HS|  |TAMS 0x0000000708000000| PB 0x0000000707e00000| Complete 
|  64|0x0000000708000000, 0x0000000708200000, 0x0000000708200000|100%|HS|  |TAMS 0x0000000708200000| PB 0x0000000708000000| Complete 
|  65|0x0000000708200000, 0x0000000708400000, 0x0000000708400000|100%|HC|  |TAMS 0x0000000708400000| PB 0x0000000708200000| Complete 
|  66|0x0000000708400000, 0x0000000708600000, 0x0000000708600000|100%| O|  |TAMS 0x0000000708600000| PB 0x0000000708600000| Updating 
|  67|0x0000000708600000, 0x0000000708800000, 0x0000000708800000|100%| O|  |TAMS 0x0000000708800000| PB 0x0000000708800000| Updating 
|  68|0x0000000708800000, 0x0000000708a00000, 0x0000000708a00000|100%| O|  |TAMS 0x0000000708a00000| PB 0x0000000708a00000| Untracked 
|  69|0x0000000708a00000, 0x0000000708c00000, 0x0000000708c00000|100%|HS|  |TAMS 0x0000000708c00000| PB 0x0000000708a00000| Complete 
|  70|0x0000000708c00000, 0x0000000708e00000, 0x0000000708e00000|100%| O|  |TAMS 0x0000000708e00000| PB 0x0000000708e00000| Updating 
|  71|0x0000000708e00000, 0x0000000709000000, 0x0000000709000000|100%| O|  |TAMS 0x0000000709000000| PB 0x0000000709000000| Untracked 
|  72|0x0000000709000000, 0x0000000709200000, 0x0000000709200000|100%| O|  |TAMS 0x0000000709200000| PB 0x0000000709200000| Untracked 
|  73|0x0000000709200000, 0x0000000709400000, 0x0000000709400000|100%| O|  |TAMS 0x0000000709400000| PB 0x0000000709400000| Untracked 
|  74|0x0000000709400000, 0x0000000709400000, 0x0000000709600000|  0%| F|  |TAMS 0x0000000709400000| PB 0x0000000709400000| Untracked 
|  75|0x0000000709600000, 0x0000000709800000, 0x0000000709800000|100%| O|  |TAMS 0x0000000709800000| PB 0x0000000709800000| Untracked 
|  76|0x0000000709800000, 0x0000000709a00000, 0x0000000709a00000|100%| O|  |TAMS 0x0000000709a00000| PB 0x0000000709a00000| Updating 
|  77|0x0000000709a00000, 0x0000000709c00000, 0x0000000709c00000|100%| O|  |TAMS 0x0000000709c00000| PB 0x0000000709c00000| Untracked 
|  78|0x0000000709c00000, 0x0000000709e00000, 0x0000000709e00000|100%| O|  |TAMS 0x0000000709e00000| PB 0x0000000709e00000| Updating 
|  79|0x0000000709e00000, 0x000000070a000000, 0x000000070a000000|100%| O|  |TAMS 0x000000070a000000| PB 0x000000070a000000| Updating 
|  80|0x000000070a000000, 0x000000070a200000, 0x000000070a200000|100%| O|  |TAMS 0x000000070a200000| PB 0x000000070a200000| Untracked 
|  81|0x000000070a200000, 0x000000070a400000, 0x000000070a400000|100%| O|  |TAMS 0x000000070a400000| PB 0x000000070a400000| Untracked 
|  82|0x000000070a400000, 0x000000070a600000, 0x000000070a600000|100%| O|  |TAMS 0x000000070a600000| PB 0x000000070a600000| Untracked 
|  83|0x000000070a600000, 0x000000070a800000, 0x000000070a800000|100%| O|  |TAMS 0x000000070a800000| PB 0x000000070a800000| Untracked 
|  84|0x000000070a800000, 0x000000070aa00000, 0x000000070aa00000|100%| O|  |TAMS 0x000000070aa00000| PB 0x000000070aa00000| Untracked 
|  85|0x000000070aa00000, 0x000000070ac00000, 0x000000070ac00000|100%| O|  |TAMS 0x000000070ac00000| PB 0x000000070ac00000| Updating 
|  86|0x000000070ac00000, 0x000000070ae00000, 0x000000070ae00000|100%|HS|  |TAMS 0x000000070ae00000| PB 0x000000070ac00000| Complete 
|  87|0x000000070ae00000, 0x000000070b000000, 0x000000070b000000|100%|HC|  |TAMS 0x000000070b000000| PB 0x000000070ae00000| Complete 
|  88|0x000000070b000000, 0x000000070b200000, 0x000000070b200000|100%| O|  |TAMS 0x000000070b200000| PB 0x000000070b200000| Updating 
|  89|0x000000070b200000, 0x000000070b400000, 0x000000070b400000|100%| O|  |TAMS 0x000000070b400000| PB 0x000000070b400000| Updating 
|  90|0x000000070b400000, 0x000000070b400000, 0x000000070b600000|  0%| F|  |TAMS 0x000000070b400000| PB 0x000000070b400000| Untracked 
|  91|0x000000070b600000, 0x000000070b800000, 0x000000070b800000|100%| O|  |TAMS 0x000000070b800000| PB 0x000000070b800000| Untracked 
|  92|0x000000070b800000, 0x000000070ba00000, 0x000000070ba00000|100%| O|  |TAMS 0x000000070ba00000| PB 0x000000070ba00000| Updating 
|  93|0x000000070ba00000, 0x000000070bc00000, 0x000000070bc00000|100%| O|  |TAMS 0x000000070bc00000| PB 0x000000070bc00000| Updating 
|  94|0x000000070bc00000, 0x000000070be00000, 0x000000070be00000|100%| O|  |TAMS 0x000000070be00000| PB 0x000000070be00000| Updating 
|  95|0x000000070be00000, 0x000000070c000000, 0x000000070c000000|100%| O|  |TAMS 0x000000070c000000| PB 0x000000070c000000| Untracked 
|  96|0x000000070c000000, 0x000000070c200000, 0x000000070c200000|100%| O|  |TAMS 0x000000070c200000| PB 0x000000070c200000| Updating 
|  97|0x000000070c200000, 0x000000070c400000, 0x000000070c400000|100%| O|  |TAMS 0x000000070c400000| PB 0x000000070c400000| Updating 
|  98|0x000000070c400000, 0x000000070c600000, 0x000000070c600000|100%| O|  |TAMS 0x000000070c600000| PB 0x000000070c600000| Updating 
|  99|0x000000070c600000, 0x000000070c800000, 0x000000070c800000|100%| O|  |TAMS 0x000000070c800000| PB 0x000000070c800000| Updating 
| 100|0x000000070c800000, 0x000000070ca00000, 0x000000070ca00000|100%| O|  |TAMS 0x000000070ca00000| PB 0x000000070ca00000| Untracked 
| 101|0x000000070ca00000, 0x000000070cc00000, 0x000000070cc00000|100%| O|  |TAMS 0x000000070cc00000| PB 0x000000070cc00000| Untracked 
| 102|0x000000070cc00000, 0x000000070ce00000, 0x000000070ce00000|100%| O|  |TAMS 0x000000070ce00000| PB 0x000000070ce00000| Untracked 
| 103|0x000000070ce00000, 0x000000070d000000, 0x000000070d000000|100%| O|  |TAMS 0x000000070d000000| PB 0x000000070d000000| Updating 
| 104|0x000000070d000000, 0x000000070d200000, 0x000000070d200000|100%|HS|  |TAMS 0x000000070d200000| PB 0x000000070d000000| Complete 
| 105|0x000000070d200000, 0x000000070d400000, 0x000000070d400000|100%|HC|  |TAMS 0x000000070d400000| PB 0x000000070d200000| Complete 
| 106|0x000000070d400000, 0x000000070d600000, 0x000000070d600000|100%| O|  |TAMS 0x000000070d600000| PB 0x000000070d600000| Untracked 
| 107|0x000000070d600000, 0x000000070d800000, 0x000000070d800000|100%| O|  |TAMS 0x000000070d800000| PB 0x000000070d800000| Updating 
| 108|0x000000070d800000, 0x000000070da00000, 0x000000070da00000|100%| O|  |TAMS 0x000000070da00000| PB 0x000000070da00000| Updating 
| 109|0x000000070da00000, 0x000000070dc00000, 0x000000070dc00000|100%| O|  |TAMS 0x000000070dc00000| PB 0x000000070dc00000| Untracked 
| 110|0x000000070dc00000, 0x000000070de00000, 0x000000070de00000|100%| O|  |TAMS 0x000000070de00000| PB 0x000000070de00000| Untracked 
| 111|0x000000070de00000, 0x000000070de00000, 0x000000070e000000|  0%| F|  |TAMS 0x000000070de00000| PB 0x000000070de00000| Untracked 
| 112|0x000000070e000000, 0x000000070e200000, 0x000000070e200000|100%| O|  |TAMS 0x000000070e200000| PB 0x000000070e200000| Untracked 
| 113|0x000000070e200000, 0x000000070e400000, 0x000000070e400000|100%| O|  |TAMS 0x000000070e400000| PB 0x000000070e400000| Untracked 
| 114|0x000000070e400000, 0x000000070e600000, 0x000000070e600000|100%| O|  |TAMS 0x000000070e600000| PB 0x000000070e600000| Untracked 
| 115|0x000000070e600000, 0x000000070e800000, 0x000000070e800000|100%| O|  |TAMS 0x000000070e800000| PB 0x000000070e800000| Updating 
| 116|0x000000070e800000, 0x000000070ea00000, 0x000000070ea00000|100%| O|  |TAMS 0x000000070ea00000| PB 0x000000070ea00000| Untracked 
| 117|0x000000070ea00000, 0x000000070ec00000, 0x000000070ec00000|100%| O|  |TAMS 0x000000070ec00000| PB 0x000000070ec00000| Untracked 
| 118|0x000000070ec00000, 0x000000070ee00000, 0x000000070ee00000|100%| O|  |TAMS 0x000000070ee00000| PB 0x000000070ee00000| Updating 
| 119|0x000000070ee00000, 0x000000070f000000, 0x000000070f000000|100%| O|  |TAMS 0x000000070f000000| PB 0x000000070f000000| Updating 
| 120|0x000000070f000000, 0x000000070f200000, 0x000000070f200000|100%| O|  |TAMS 0x000000070f200000| PB 0x000000070f200000| Updating 
| 121|0x000000070f200000, 0x000000070f400000, 0x000000070f400000|100%| O|  |TAMS 0x000000070f400000| PB 0x000000070f400000| Untracked 
| 122|0x000000070f400000, 0x000000070f600000, 0x000000070f600000|100%| O|  |TAMS 0x000000070f600000| PB 0x000000070f600000| Updating 
| 123|0x000000070f600000, 0x000000070f800000, 0x000000070f800000|100%| O|  |TAMS 0x000000070f800000| PB 0x000000070f800000| Untracked 
| 124|0x000000070f800000, 0x000000070fa00000, 0x000000070fa00000|100%| O|  |TAMS 0x000000070fa00000| PB 0x000000070fa00000| Untracked 
| 125|0x000000070fa00000, 0x000000070fc00000, 0x000000070fc00000|100%| O|  |TAMS 0x000000070fc00000| PB 0x000000070fc00000| Untracked 
| 126|0x000000070fc00000, 0x000000070fe00000, 0x000000070fe00000|100%| O|  |TAMS 0x000000070fe00000| PB 0x000000070fe00000| Untracked 
| 127|0x000000070fe00000, 0x0000000710000000, 0x0000000710000000|100%| O|  |TAMS 0x0000000710000000| PB 0x0000000710000000| Untracked 
| 128|0x0000000710000000, 0x0000000710200000, 0x0000000710200000|100%| O|  |TAMS 0x0000000710200000| PB 0x0000000710200000| Updating 
| 129|0x0000000710200000, 0x0000000710400000, 0x0000000710400000|100%| O|  |TAMS 0x0000000710400000| PB 0x0000000710400000| Untracked 
| 130|0x0000000710400000, 0x0000000710600000, 0x0000000710600000|100%| O|  |TAMS 0x0000000710600000| PB 0x0000000710600000| Untracked 
| 131|0x0000000710600000, 0x0000000710800000, 0x0000000710800000|100%| O|  |TAMS 0x0000000710800000| PB 0x0000000710800000| Untracked 
| 132|0x0000000710800000, 0x0000000710a00000, 0x0000000710a00000|100%| O|  |TAMS 0x0000000710a00000| PB 0x0000000710a00000| Updating 
| 133|0x0000000710a00000, 0x0000000710c00000, 0x0000000710c00000|100%| O|  |TAMS 0x0000000710c00000| PB 0x0000000710c00000| Untracked 
| 134|0x0000000710c00000, 0x0000000710e00000, 0x0000000710e00000|100%| O|  |TAMS 0x0000000710e00000| PB 0x0000000710e00000| Updating 
| 135|0x0000000710e00000, 0x0000000711000000, 0x0000000711000000|100%| O|  |TAMS 0x0000000711000000| PB 0x0000000711000000| Updating 
| 136|0x0000000711000000, 0x0000000711200000, 0x0000000711200000|100%| O|  |TAMS 0x0000000711200000| PB 0x0000000711200000| Untracked 
| 137|0x0000000711200000, 0x0000000711400000, 0x0000000711400000|100%| O|  |TAMS 0x0000000711400000| PB 0x0000000711400000| Untracked 
| 138|0x0000000711400000, 0x0000000711600000, 0x0000000711600000|100%| O|  |TAMS 0x0000000711600000| PB 0x0000000711600000| Untracked 
| 139|0x0000000711600000, 0x0000000711800000, 0x0000000711800000|100%| O|  |TAMS 0x0000000711800000| PB 0x0000000711800000| Updating 
| 140|0x0000000711800000, 0x0000000711a00000, 0x0000000711a00000|100%| O|  |TAMS 0x0000000711a00000| PB 0x0000000711a00000| Untracked 
| 141|0x0000000711a00000, 0x0000000711c00000, 0x0000000711c00000|100%| O|  |TAMS 0x0000000711c00000| PB 0x0000000711c00000| Untracked 
| 142|0x0000000711c00000, 0x0000000711e00000, 0x0000000711e00000|100%| O|  |TAMS 0x0000000711e00000| PB 0x0000000711e00000| Updating 
| 143|0x0000000711e00000, 0x0000000712000000, 0x0000000712000000|100%| O|  |TAMS 0x0000000712000000| PB 0x0000000712000000| Untracked 
| 144|0x0000000712000000, 0x0000000712200000, 0x0000000712200000|100%| O|  |TAMS 0x0000000712200000| PB 0x0000000712200000| Updating 
| 145|0x0000000712200000, 0x0000000712400000, 0x0000000712400000|100%| O|  |TAMS 0x0000000712400000| PB 0x0000000712400000| Updating 
| 146|0x0000000712400000, 0x0000000712600000, 0x0000000712600000|100%| O|  |TAMS 0x0000000712600000| PB 0x0000000712600000| Untracked 
| 147|0x0000000712600000, 0x0000000712800000, 0x0000000712800000|100%| O|  |TAMS 0x0000000712800000| PB 0x0000000712800000| Updating 
| 148|0x0000000712800000, 0x0000000712a00000, 0x0000000712a00000|100%| O|  |TAMS 0x0000000712a00000| PB 0x0000000712a00000| Updating 
| 149|0x0000000712a00000, 0x0000000712c00000, 0x0000000712c00000|100%| O|  |TAMS 0x0000000712c00000| PB 0x0000000712c00000| Untracked 
| 150|0x0000000712c00000, 0x0000000712e00000, 0x0000000712e00000|100%| O|  |TAMS 0x0000000712e00000| PB 0x0000000712e00000| Updating 
| 151|0x0000000712e00000, 0x0000000713000000, 0x0000000713000000|100%| O|  |TAMS 0x0000000713000000| PB 0x0000000713000000| Untracked 
| 152|0x0000000713000000, 0x0000000713200000, 0x0000000713200000|100%| O|  |TAMS 0x0000000713200000| PB 0x0000000713200000| Updating 
| 153|0x0000000713200000, 0x0000000713200000, 0x0000000713400000|  0%| F|  |TAMS 0x0000000713200000| PB 0x0000000713200000| Untracked 
| 154|0x0000000713400000, 0x0000000713600000, 0x0000000713600000|100%| O|  |TAMS 0x0000000713600000| PB 0x0000000713600000| Updating 
| 155|0x0000000713600000, 0x0000000713800000, 0x0000000713800000|100%| O|  |TAMS 0x0000000713800000| PB 0x0000000713800000| Untracked 
| 156|0x0000000713800000, 0x0000000713a00000, 0x0000000713a00000|100%| O|  |TAMS 0x0000000713a00000| PB 0x0000000713a00000| Updating 
| 157|0x0000000713a00000, 0x0000000713c00000, 0x0000000713c00000|100%| O|  |TAMS 0x0000000713c00000| PB 0x0000000713c00000| Untracked 
| 158|0x0000000713c00000, 0x0000000713e00000, 0x0000000713e00000|100%| O|  |TAMS 0x0000000713e00000| PB 0x0000000713e00000| Untracked 
| 159|0x0000000713e00000, 0x0000000714000000, 0x0000000714000000|100%| O|  |TAMS 0x0000000714000000| PB 0x0000000714000000| Untracked 
| 160|0x0000000714000000, 0x0000000714200000, 0x0000000714200000|100%| O|  |TAMS 0x0000000714200000| PB 0x0000000714200000| Untracked 
| 161|0x0000000714200000, 0x0000000714400000, 0x0000000714400000|100%| O|  |TAMS 0x0000000714400000| PB 0x0000000714400000| Updating 
| 162|0x0000000714400000, 0x0000000714600000, 0x0000000714600000|100%| O|  |TAMS 0x0000000714600000| PB 0x0000000714600000| Untracked 
| 163|0x0000000714600000, 0x0000000714800000, 0x0000000714800000|100%| O|  |TAMS 0x0000000714800000| PB 0x0000000714800000| Updating 
| 164|0x0000000714800000, 0x0000000714a00000, 0x0000000714a00000|100%| O|  |TAMS 0x0000000714a00000| PB 0x0000000714a00000| Updating 
| 165|0x0000000714a00000, 0x0000000714c00000, 0x0000000714c00000|100%| O|  |TAMS 0x0000000714c00000| PB 0x0000000714c00000| Untracked 
| 166|0x0000000714c00000, 0x0000000714c00000, 0x0000000714e00000|  0%| F|  |TAMS 0x0000000714c00000| PB 0x0000000714c00000| Untracked 
| 167|0x0000000714e00000, 0x0000000715000000, 0x0000000715000000|100%| O|  |TAMS 0x0000000715000000| PB 0x0000000715000000| Updating 
| 168|0x0000000715000000, 0x0000000715200000, 0x0000000715200000|100%| O|  |TAMS 0x0000000715200000| PB 0x0000000715200000| Updating 
| 169|0x0000000715200000, 0x0000000715400000, 0x0000000715400000|100%| O|  |TAMS 0x0000000715400000| PB 0x0000000715400000| Updating 
| 170|0x0000000715400000, 0x0000000715600000, 0x0000000715600000|100%| O|  |TAMS 0x0000000715600000| PB 0x0000000715600000| Untracked 
| 171|0x0000000715600000, 0x0000000715800000, 0x0000000715800000|100%| O|  |TAMS 0x0000000715800000| PB 0x0000000715800000| Untracked 
| 172|0x0000000715800000, 0x0000000715a00000, 0x0000000715a00000|100%| O|  |TAMS 0x0000000715a00000| PB 0x0000000715a00000| Updating 
| 173|0x0000000715a00000, 0x0000000715c00000, 0x0000000715c00000|100%| O|  |TAMS 0x0000000715c00000| PB 0x0000000715c00000| Updating 
| 174|0x0000000715c00000, 0x0000000715e00000, 0x0000000715e00000|100%| O|  |TAMS 0x0000000715e00000| PB 0x0000000715e00000| Updating 
| 175|0x0000000715e00000, 0x0000000716000000, 0x0000000716000000|100%| O|  |TAMS 0x0000000716000000| PB 0x0000000716000000| Updating 
| 176|0x0000000716000000, 0x0000000716200000, 0x0000000716200000|100%| O|  |TAMS 0x0000000716200000| PB 0x0000000716200000| Untracked 
| 177|0x0000000716200000, 0x0000000716200000, 0x0000000716400000|  0%| F|  |TAMS 0x0000000716200000| PB 0x0000000716200000| Untracked 
| 178|0x0000000716400000, 0x0000000716600000, 0x0000000716600000|100%| O|  |TAMS 0x0000000716600000| PB 0x0000000716600000| Untracked 
| 179|0x0000000716600000, 0x0000000716800000, 0x0000000716800000|100%| O|  |TAMS 0x0000000716800000| PB 0x0000000716800000| Updating 
| 180|0x0000000716800000, 0x0000000716a00000, 0x0000000716a00000|100%| O|  |TAMS 0x0000000716a00000| PB 0x0000000716a00000| Updating 
| 181|0x0000000716a00000, 0x0000000716c00000, 0x0000000716c00000|100%| O|  |TAMS 0x0000000716c00000| PB 0x0000000716c00000| Untracked 
| 182|0x0000000716c00000, 0x0000000716e00000, 0x0000000716e00000|100%| O|  |TAMS 0x0000000716e00000| PB 0x0000000716e00000| Updating 
| 183|0x0000000716e00000, 0x0000000716e00000, 0x0000000717000000|  0%| F|  |TAMS 0x0000000716e00000| PB 0x0000000716e00000| Untracked 
| 184|0x0000000717000000, 0x0000000717200000, 0x0000000717200000|100%| O|  |TAMS 0x0000000717200000| PB 0x0000000717200000| Updating 
| 185|0x0000000717200000, 0x0000000717400000, 0x0000000717400000|100%| O|  |TAMS 0x0000000717400000| PB 0x0000000717400000| Updating 
| 186|0x0000000717400000, 0x0000000717600000, 0x0000000717600000|100%| O|  |TAMS 0x0000000717600000| PB 0x0000000717600000| Untracked 
| 187|0x0000000717600000, 0x0000000717800000, 0x0000000717800000|100%| O|  |TAMS 0x0000000717800000| PB 0x0000000717800000| Updating 
| 188|0x0000000717800000, 0x0000000717a00000, 0x0000000717a00000|100%| O|  |TAMS 0x0000000717a00000| PB 0x0000000717a00000| Updating 
| 189|0x0000000717a00000, 0x0000000717c00000, 0x0000000717c00000|100%| O|  |TAMS 0x0000000717c00000| PB 0x0000000717c00000| Updating 
| 190|0x0000000717c00000, 0x0000000717e00000, 0x0000000717e00000|100%| O|  |TAMS 0x0000000717e00000| PB 0x0000000717e00000| Untracked 
| 191|0x0000000717e00000, 0x0000000718000000, 0x0000000718000000|100%| O|  |TAMS 0x0000000718000000| PB 0x0000000718000000| Untracked 
| 192|0x0000000718000000, 0x0000000718200000, 0x0000000718200000|100%| O|  |TAMS 0x0000000718200000| PB 0x0000000718200000| Untracked 
| 193|0x0000000718200000, 0x0000000718200000, 0x0000000718400000|  0%| F|  |TAMS 0x0000000718200000| PB 0x0000000718200000| Untracked 
| 194|0x0000000718400000, 0x0000000718600000, 0x0000000718600000|100%| O|  |TAMS 0x0000000718600000| PB 0x0000000718600000| Untracked 
| 195|0x0000000718600000, 0x0000000718800000, 0x0000000718800000|100%| O|  |TAMS 0x0000000718800000| PB 0x0000000718800000| Untracked 
| 196|0x0000000718800000, 0x0000000718a00000, 0x0000000718a00000|100%| O|  |TAMS 0x0000000718a00000| PB 0x0000000718a00000| Untracked 
| 197|0x0000000718a00000, 0x0000000718c00000, 0x0000000718c00000|100%| O|  |TAMS 0x0000000718c00000| PB 0x0000000718c00000| Updating 
| 198|0x0000000718c00000, 0x0000000718e00000, 0x0000000718e00000|100%| O|  |TAMS 0x0000000718e00000| PB 0x0000000718e00000| Updating 
| 199|0x0000000718e00000, 0x0000000719000000, 0x0000000719000000|100%| O|  |TAMS 0x0000000719000000| PB 0x0000000719000000| Updating 
| 200|0x0000000719000000, 0x0000000719200000, 0x0000000719200000|100%| O|  |TAMS 0x0000000719200000| PB 0x0000000719200000| Updating 
| 201|0x0000000719200000, 0x0000000719400000, 0x0000000719400000|100%| O|  |TAMS 0x0000000719400000| PB 0x0000000719400000| Untracked 
| 202|0x0000000719400000, 0x0000000719600000, 0x0000000719600000|100%| O|  |TAMS 0x0000000719600000| PB 0x0000000719600000| Untracked 
| 203|0x0000000719600000, 0x0000000719800000, 0x0000000719800000|100%| O|  |TAMS 0x0000000719800000| PB 0x0000000719800000| Untracked 
| 204|0x0000000719800000, 0x0000000719a00000, 0x0000000719a00000|100%| O|  |TAMS 0x0000000719a00000| PB 0x0000000719a00000| Untracked 
| 205|0x0000000719a00000, 0x0000000719c00000, 0x0000000719c00000|100%| O|  |TAMS 0x0000000719c00000| PB 0x0000000719c00000| Untracked 
| 206|0x0000000719c00000, 0x0000000719e00000, 0x0000000719e00000|100%| O|  |TAMS 0x0000000719e00000| PB 0x0000000719e00000| Updating 
| 207|0x0000000719e00000, 0x000000071a000000, 0x000000071a000000|100%| O|  |TAMS 0x000000071a000000| PB 0x000000071a000000| Updating 
| 208|0x000000071a000000, 0x000000071a200000, 0x000000071a200000|100%| O|  |TAMS 0x000000071a200000| PB 0x000000071a200000| Untracked 
| 209|0x000000071a200000, 0x000000071a400000, 0x000000071a400000|100%| O|  |TAMS 0x000000071a400000| PB 0x000000071a400000| Untracked 
| 210|0x000000071a400000, 0x000000071a600000, 0x000000071a600000|100%| O|  |TAMS 0x000000071a600000| PB 0x000000071a600000| Untracked 
| 211|0x000000071a600000, 0x000000071a800000, 0x000000071a800000|100%| O|  |TAMS 0x000000071a800000| PB 0x000000071a800000| Updating 
| 212|0x000000071a800000, 0x000000071aa00000, 0x000000071aa00000|100%| O|  |TAMS 0x000000071aa00000| PB 0x000000071aa00000| Untracked 
| 213|0x000000071aa00000, 0x000000071ac00000, 0x000000071ac00000|100%| O|  |TAMS 0x000000071ac00000| PB 0x000000071ac00000| Untracked 
| 214|0x000000071ac00000, 0x000000071ae00000, 0x000000071ae00000|100%|HS|  |TAMS 0x000000071ae00000| PB 0x000000071ac00000| Complete 
| 215|0x000000071ae00000, 0x000000071b000000, 0x000000071b000000|100%|HS|  |TAMS 0x000000071b000000| PB 0x000000071ae00000| Complete 
| 216|0x000000071b000000, 0x000000071b200000, 0x000000071b200000|100%|HC|  |TAMS 0x000000071b200000| PB 0x000000071b000000| Complete 
| 217|0x000000071b200000, 0x000000071b400000, 0x000000071b400000|100%| O|  |TAMS 0x000000071b400000| PB 0x000000071b400000| Untracked 
| 218|0x000000071b400000, 0x000000071b600000, 0x000000071b600000|100%| O|  |TAMS 0x000000071b600000| PB 0x000000071b600000| Untracked 
| 219|0x000000071b600000, 0x000000071b800000, 0x000000071b800000|100%| O|  |TAMS 0x000000071b800000| PB 0x000000071b800000| Untracked 
| 220|0x000000071b800000, 0x000000071b800000, 0x000000071ba00000|  0%| F|  |TAMS 0x000000071b800000| PB 0x000000071b800000| Untracked 
| 221|0x000000071ba00000, 0x000000071bc00000, 0x000000071bc00000|100%| O|  |TAMS 0x000000071bc00000| PB 0x000000071bc00000| Untracked 
| 222|0x000000071bc00000, 0x000000071be00000, 0x000000071be00000|100%| O|  |TAMS 0x000000071be00000| PB 0x000000071be00000| Untracked 
| 223|0x000000071be00000, 0x000000071c000000, 0x000000071c000000|100%| O|  |TAMS 0x000000071c000000| PB 0x000000071c000000| Untracked 
| 224|0x000000071c000000, 0x000000071c200000, 0x000000071c200000|100%| O|  |TAMS 0x000000071c200000| PB 0x000000071c200000| Untracked 
| 225|0x000000071c200000, 0x000000071c400000, 0x000000071c400000|100%| O|  |TAMS 0x000000071c400000| PB 0x000000071c400000| Untracked 
| 226|0x000000071c400000, 0x000000071c600000, 0x000000071c600000|100%| O|  |TAMS 0x000000071c600000| PB 0x000000071c600000| Untracked 
| 227|0x000000071c600000, 0x000000071c800000, 0x000000071c800000|100%| O|  |TAMS 0x000000071c800000| PB 0x000000071c800000| Untracked 
| 228|0x000000071c800000, 0x000000071ca00000, 0x000000071ca00000|100%| O|  |TAMS 0x000000071ca00000| PB 0x000000071ca00000| Untracked 
| 229|0x000000071ca00000, 0x000000071cc00000, 0x000000071cc00000|100%| O|  |TAMS 0x000000071cc00000| PB 0x000000071cc00000| Untracked 
| 230|0x000000071cc00000, 0x000000071ce00000, 0x000000071ce00000|100%| O|  |TAMS 0x000000071ce00000| PB 0x000000071ce00000| Untracked 
| 231|0x000000071ce00000, 0x000000071d000000, 0x000000071d000000|100%|HS|  |TAMS 0x000000071d000000| PB 0x000000071ce00000| Complete 
| 232|0x000000071d000000, 0x000000071d200000, 0x000000071d200000|100%|HC|  |TAMS 0x000000071d200000| PB 0x000000071d000000| Complete 
| 233|0x000000071d200000, 0x000000071d400000, 0x000000071d400000|100%| O|  |TAMS 0x000000071d400000| PB 0x000000071d400000| Untracked 
| 234|0x000000071d400000, 0x000000071d600000, 0x000000071d600000|100%|HS|  |TAMS 0x000000071d600000| PB 0x000000071d400000| Complete 
| 235|0x000000071d600000, 0x000000071d800000, 0x000000071d800000|100%| O|  |TAMS 0x000000071d800000| PB 0x000000071d800000| Untracked 
| 236|0x000000071d800000, 0x000000071da00000, 0x000000071da00000|100%| O|  |TAMS 0x000000071da00000| PB 0x000000071da00000| Untracked 
| 237|0x000000071da00000, 0x000000071dc00000, 0x000000071dc00000|100%| O|  |TAMS 0x000000071dc00000| PB 0x000000071dc00000| Untracked 
| 238|0x000000071dc00000, 0x000000071de00000, 0x000000071de00000|100%| O|  |TAMS 0x000000071de00000| PB 0x000000071de00000| Untracked 
| 239|0x000000071de00000, 0x000000071e000000, 0x000000071e000000|100%| O|  |TAMS 0x000000071e000000| PB 0x000000071e000000| Untracked 
| 240|0x000000071e000000, 0x000000071e200000, 0x000000071e200000|100%| O|  |TAMS 0x000000071e200000| PB 0x000000071e200000| Untracked 
| 241|0x000000071e200000, 0x000000071e400000, 0x000000071e400000|100%| O|  |TAMS 0x000000071e400000| PB 0x000000071e400000| Untracked 
| 242|0x000000071e400000, 0x000000071e600000, 0x000000071e600000|100%| O|  |TAMS 0x000000071e600000| PB 0x000000071e600000| Untracked 
| 243|0x000000071e600000, 0x000000071e800000, 0x000000071e800000|100%| O|  |TAMS 0x000000071e800000| PB 0x000000071e800000| Untracked 
| 244|0x000000071e800000, 0x000000071ea00000, 0x000000071ea00000|100%| O|  |TAMS 0x000000071ea00000| PB 0x000000071ea00000| Untracked 
| 245|0x000000071ea00000, 0x000000071ec00000, 0x000000071ec00000|100%| O|  |TAMS 0x000000071ec00000| PB 0x000000071ec00000| Untracked 
| 246|0x000000071ec00000, 0x000000071ee00000, 0x000000071ee00000|100%| O|  |TAMS 0x000000071ee00000| PB 0x000000071ee00000| Untracked 
| 247|0x000000071ee00000, 0x000000071f000000, 0x000000071f000000|100%| O|  |TAMS 0x000000071f000000| PB 0x000000071f000000| Untracked 
| 248|0x000000071f000000, 0x000000071f200000, 0x000000071f200000|100%| O|  |TAMS 0x000000071f200000| PB 0x000000071f200000| Untracked 
| 249|0x000000071f200000, 0x000000071f400000, 0x000000071f400000|100%| O|  |TAMS 0x000000071f400000| PB 0x000000071f400000| Untracked 
| 250|0x000000071f400000, 0x000000071f600000, 0x000000071f600000|100%| O|  |TAMS 0x000000071f600000| PB 0x000000071f600000| Untracked 
| 251|0x000000071f600000, 0x000000071f800000, 0x000000071f800000|100%| O|  |TAMS 0x000000071f800000| PB 0x000000071f800000| Untracked 
| 252|0x000000071f800000, 0x000000071fa00000, 0x000000071fa00000|100%| O|  |TAMS 0x000000071fa00000| PB 0x000000071fa00000| Untracked 
| 253|0x000000071fa00000, 0x000000071fc00000, 0x000000071fc00000|100%| O|  |TAMS 0x000000071fc00000| PB 0x000000071fc00000| Untracked 
| 254|0x000000071fc00000, 0x000000071fe00000, 0x000000071fe00000|100%| O|  |TAMS 0x000000071fe00000| PB 0x000000071fe00000| Untracked 
| 255|0x000000071fe00000, 0x0000000720000000, 0x0000000720000000|100%| O|  |TAMS 0x0000000720000000| PB 0x0000000720000000| Untracked 
| 256|0x0000000720000000, 0x0000000720200000, 0x0000000720200000|100%| O|  |TAMS 0x0000000720200000| PB 0x0000000720200000| Untracked 
| 257|0x0000000720200000, 0x0000000720400000, 0x0000000720400000|100%| O|  |TAMS 0x0000000720400000| PB 0x0000000720400000| Untracked 
| 258|0x0000000720400000, 0x0000000720600000, 0x0000000720600000|100%| O|  |TAMS 0x0000000720600000| PB 0x0000000720600000| Untracked 
| 259|0x0000000720600000, 0x0000000720800000, 0x0000000720800000|100%| O|  |TAMS 0x0000000720800000| PB 0x0000000720800000| Updating 
| 260|0x0000000720800000, 0x0000000720a00000, 0x0000000720a00000|100%| O|  |TAMS 0x0000000720a00000| PB 0x0000000720a00000| Updating 
| 261|0x0000000720a00000, 0x0000000720c00000, 0x0000000720c00000|100%| O|  |TAMS 0x0000000720c00000| PB 0x0000000720c00000| Updating 
| 262|0x0000000720c00000, 0x0000000720e00000, 0x0000000720e00000|100%| O|  |TAMS 0x0000000720e00000| PB 0x0000000720e00000| Untracked 
| 263|0x0000000720e00000, 0x0000000721000000, 0x0000000721000000|100%| O|  |TAMS 0x0000000721000000| PB 0x0000000721000000| Untracked 
| 264|0x0000000721000000, 0x0000000721200000, 0x0000000721200000|100%| O|  |TAMS 0x0000000721200000| PB 0x0000000721200000| Untracked 
| 265|0x0000000721200000, 0x0000000721400000, 0x0000000721400000|100%| O|  |TAMS 0x0000000721400000| PB 0x0000000721400000| Updating 
| 266|0x0000000721400000, 0x0000000721600000, 0x0000000721600000|100%| O|  |TAMS 0x0000000721600000| PB 0x0000000721600000| Untracked 
| 267|0x0000000721600000, 0x0000000721800000, 0x0000000721800000|100%| O|  |TAMS 0x0000000721800000| PB 0x0000000721800000| Untracked 
| 268|0x0000000721800000, 0x0000000721800000, 0x0000000721a00000|  0%| F|  |TAMS 0x0000000721800000| PB 0x0000000721800000| Untracked 
| 269|0x0000000721a00000, 0x0000000721c00000, 0x0000000721c00000|100%| O|  |TAMS 0x0000000721c00000| PB 0x0000000721c00000| Untracked 
| 270|0x0000000721c00000, 0x0000000721e00000, 0x0000000721e00000|100%| O|  |TAMS 0x0000000721e00000| PB 0x0000000721e00000| Untracked 
| 271|0x0000000721e00000, 0x0000000722000000, 0x0000000722000000|100%| O|  |TAMS 0x0000000722000000| PB 0x0000000722000000| Untracked 
| 272|0x0000000722000000, 0x0000000722200000, 0x0000000722200000|100%| O|  |TAMS 0x0000000722200000| PB 0x0000000722200000| Untracked 
| 273|0x0000000722200000, 0x0000000722400000, 0x0000000722400000|100%| O|  |TAMS 0x0000000722400000| PB 0x0000000722400000| Untracked 
| 274|0x0000000722400000, 0x0000000722600000, 0x0000000722600000|100%| O|  |TAMS 0x0000000722600000| PB 0x0000000722600000| Untracked 
| 275|0x0000000722600000, 0x0000000722800000, 0x0000000722800000|100%| O|  |TAMS 0x0000000722800000| PB 0x0000000722800000| Untracked 
| 276|0x0000000722800000, 0x0000000722a00000, 0x0000000722a00000|100%| O|  |TAMS 0x0000000722a00000| PB 0x0000000722a00000| Untracked 
| 277|0x0000000722a00000, 0x0000000722c00000, 0x0000000722c00000|100%| O|  |TAMS 0x0000000722c00000| PB 0x0000000722c00000| Untracked 
| 278|0x0000000722c00000, 0x0000000722e00000, 0x0000000722e00000|100%| O|  |TAMS 0x0000000722e00000| PB 0x0000000722e00000| Untracked 
| 279|0x0000000722e00000, 0x0000000723000000, 0x0000000723000000|100%| O|  |TAMS 0x0000000723000000| PB 0x0000000723000000| Untracked 
| 280|0x0000000723000000, 0x0000000723200000, 0x0000000723200000|100%| O|  |TAMS 0x0000000723200000| PB 0x0000000723200000| Untracked 
| 281|0x0000000723200000, 0x0000000723400000, 0x0000000723400000|100%| O|  |TAMS 0x0000000723400000| PB 0x0000000723400000| Untracked 
| 282|0x0000000723400000, 0x0000000723600000, 0x0000000723600000|100%| O|  |TAMS 0x0000000723600000| PB 0x0000000723600000| Untracked 
| 283|0x0000000723600000, 0x0000000723800000, 0x0000000723800000|100%| O|  |TAMS 0x0000000723800000| PB 0x0000000723800000| Untracked 
| 284|0x0000000723800000, 0x0000000723a00000, 0x0000000723a00000|100%| O|  |TAMS 0x0000000723a00000| PB 0x0000000723a00000| Untracked 
| 285|0x0000000723a00000, 0x0000000723c00000, 0x0000000723c00000|100%| O|  |TAMS 0x0000000723c00000| PB 0x0000000723c00000| Untracked 
| 286|0x0000000723c00000, 0x0000000723e00000, 0x0000000723e00000|100%| O|  |TAMS 0x0000000723e00000| PB 0x0000000723e00000| Untracked 
| 287|0x0000000723e00000, 0x0000000724000000, 0x0000000724000000|100%| O|  |TAMS 0x0000000724000000| PB 0x0000000724000000| Untracked 
| 288|0x0000000724000000, 0x0000000724200000, 0x0000000724200000|100%| O|  |TAMS 0x0000000724200000| PB 0x0000000724200000| Untracked 
| 289|0x0000000724200000, 0x0000000724400000, 0x0000000724400000|100%| O|  |TAMS 0x0000000724400000| PB 0x0000000724400000| Untracked 
| 290|0x0000000724400000, 0x0000000724600000, 0x0000000724600000|100%| O|  |TAMS 0x0000000724600000| PB 0x0000000724600000| Untracked 
| 291|0x0000000724600000, 0x0000000724800000, 0x0000000724800000|100%| O|  |TAMS 0x0000000724800000| PB 0x0000000724800000| Untracked 
| 292|0x0000000724800000, 0x0000000724a00000, 0x0000000724a00000|100%| O|  |TAMS 0x0000000724a00000| PB 0x0000000724a00000| Untracked 
| 293|0x0000000724a00000, 0x0000000724c00000, 0x0000000724c00000|100%| O|  |TAMS 0x0000000724c00000| PB 0x0000000724c00000| Updating 
| 294|0x0000000724c00000, 0x0000000724e00000, 0x0000000724e00000|100%| O|  |TAMS 0x0000000724e00000| PB 0x0000000724e00000| Untracked 
| 295|0x0000000724e00000, 0x0000000725000000, 0x0000000725000000|100%| O|  |TAMS 0x0000000725000000| PB 0x0000000725000000| Untracked 
| 296|0x0000000725000000, 0x0000000725200000, 0x0000000725200000|100%| O|  |TAMS 0x0000000725200000| PB 0x0000000725200000| Untracked 
| 297|0x0000000725200000, 0x0000000725400000, 0x0000000725400000|100%| O|  |TAMS 0x0000000725400000| PB 0x0000000725400000| Updating 
| 298|0x0000000725400000, 0x0000000725600000, 0x0000000725600000|100%| O|  |TAMS 0x0000000725600000| PB 0x0000000725600000| Updating 
| 299|0x0000000725600000, 0x0000000725800000, 0x0000000725800000|100%| O|  |TAMS 0x0000000725800000| PB 0x0000000725800000| Updating 
| 300|0x0000000725800000, 0x0000000725a00000, 0x0000000725a00000|100%| O|  |TAMS 0x0000000725a00000| PB 0x0000000725a00000| Updating 
| 301|0x0000000725a00000, 0x0000000725c00000, 0x0000000725c00000|100%| O|  |TAMS 0x0000000725c00000| PB 0x0000000725c00000| Untracked 
| 302|0x0000000725c00000, 0x0000000725e00000, 0x0000000725e00000|100%| O|  |TAMS 0x0000000725e00000| PB 0x0000000725e00000| Updating 
| 303|0x0000000725e00000, 0x0000000726000000, 0x0000000726000000|100%| O|  |TAMS 0x0000000726000000| PB 0x0000000726000000| Updating 
| 304|0x0000000726000000, 0x0000000726200000, 0x0000000726200000|100%| O|  |TAMS 0x0000000726200000| PB 0x0000000726200000| Untracked 
| 305|0x0000000726200000, 0x0000000726400000, 0x0000000726400000|100%| O|  |TAMS 0x0000000726400000| PB 0x0000000726400000| Untracked 
| 306|0x0000000726400000, 0x0000000726600000, 0x0000000726600000|100%| O|  |TAMS 0x0000000726600000| PB 0x0000000726600000| Updating 
| 307|0x0000000726600000, 0x0000000726800000, 0x0000000726800000|100%| O|  |TAMS 0x0000000726800000| PB 0x0000000726800000| Untracked 
| 308|0x0000000726800000, 0x0000000726a00000, 0x0000000726a00000|100%| O|  |TAMS 0x0000000726a00000| PB 0x0000000726a00000| Untracked 
| 309|0x0000000726a00000, 0x0000000726c00000, 0x0000000726c00000|100%|HS|  |TAMS 0x0000000726c00000| PB 0x0000000726a00000| Complete 
| 310|0x0000000726c00000, 0x0000000726e00000, 0x0000000726e00000|100%| O|  |TAMS 0x0000000726e00000| PB 0x0000000726e00000| Untracked 
| 311|0x0000000726e00000, 0x0000000727000000, 0x0000000727000000|100%| O|  |TAMS 0x0000000727000000| PB 0x0000000727000000| Untracked 
| 312|0x0000000727000000, 0x0000000727200000, 0x0000000727200000|100%| O|  |TAMS 0x0000000727200000| PB 0x0000000727200000| Untracked 
| 313|0x0000000727200000, 0x0000000727400000, 0x0000000727400000|100%| O|  |TAMS 0x0000000727400000| PB 0x0000000727400000| Untracked 
| 314|0x0000000727400000, 0x0000000727600000, 0x0000000727600000|100%| O|  |TAMS 0x0000000727600000| PB 0x0000000727600000| Untracked 
| 315|0x0000000727600000, 0x0000000727800000, 0x0000000727800000|100%| O|  |TAMS 0x0000000727800000| PB 0x0000000727800000| Untracked 
| 316|0x0000000727800000, 0x0000000727a00000, 0x0000000727a00000|100%| O|  |TAMS 0x0000000727a00000| PB 0x0000000727a00000| Untracked 
| 317|0x0000000727a00000, 0x0000000727c00000, 0x0000000727c00000|100%| O|  |TAMS 0x0000000727c00000| PB 0x0000000727c00000| Untracked 
| 318|0x0000000727c00000, 0x0000000727e00000, 0x0000000727e00000|100%| O|  |TAMS 0x0000000727e00000| PB 0x0000000727e00000| Untracked 
| 319|0x0000000727e00000, 0x0000000728000000, 0x0000000728000000|100%| O|  |TAMS 0x0000000728000000| PB 0x0000000728000000| Untracked 
| 320|0x0000000728000000, 0x0000000728200000, 0x0000000728200000|100%| O|  |TAMS 0x0000000728200000| PB 0x0000000728200000| Untracked 
| 321|0x0000000728200000, 0x0000000728400000, 0x0000000728400000|100%| O|  |TAMS 0x0000000728400000| PB 0x0000000728400000| Untracked 
| 322|0x0000000728400000, 0x0000000728600000, 0x0000000728600000|100%| O|  |TAMS 0x0000000728600000| PB 0x0000000728600000| Updating 
| 323|0x0000000728600000, 0x0000000728800000, 0x0000000728800000|100%| O|  |TAMS 0x0000000728800000| PB 0x0000000728800000| Untracked 
| 324|0x0000000728800000, 0x0000000728a00000, 0x0000000728a00000|100%| O|  |TAMS 0x0000000728a00000| PB 0x0000000728a00000| Untracked 
| 325|0x0000000728a00000, 0x0000000728c00000, 0x0000000728c00000|100%| O|  |TAMS 0x0000000728c00000| PB 0x0000000728c00000| Untracked 
| 326|0x0000000728c00000, 0x0000000728e00000, 0x0000000728e00000|100%| O|  |TAMS 0x0000000728e00000| PB 0x0000000728e00000| Untracked 
| 327|0x0000000728e00000, 0x0000000729000000, 0x0000000729000000|100%| O|  |TAMS 0x0000000729000000| PB 0x0000000729000000| Untracked 
| 328|0x0000000729000000, 0x0000000729200000, 0x0000000729200000|100%| O|  |TAMS 0x0000000729200000| PB 0x0000000729200000| Untracked 
| 329|0x0000000729200000, 0x0000000729400000, 0x0000000729400000|100%| O|  |TAMS 0x0000000729400000| PB 0x0000000729400000| Untracked 
| 330|0x0000000729400000, 0x0000000729600000, 0x0000000729600000|100%| O|  |TAMS 0x0000000729600000| PB 0x0000000729600000| Updating 
| 331|0x0000000729600000, 0x0000000729800000, 0x0000000729800000|100%| O|  |TAMS 0x0000000729800000| PB 0x0000000729800000| Updating 
| 332|0x0000000729800000, 0x0000000729a00000, 0x0000000729a00000|100%| O|  |TAMS 0x0000000729a00000| PB 0x0000000729a00000| Updating 
| 333|0x0000000729a00000, 0x0000000729c00000, 0x0000000729c00000|100%| O|  |TAMS 0x0000000729c00000| PB 0x0000000729c00000| Updating 
| 334|0x0000000729c00000, 0x0000000729e00000, 0x0000000729e00000|100%| O|  |TAMS 0x0000000729e00000| PB 0x0000000729e00000| Untracked 
| 335|0x0000000729e00000, 0x000000072a000000, 0x000000072a000000|100%| O|  |TAMS 0x000000072a000000| PB 0x000000072a000000| Untracked 
| 336|0x000000072a000000, 0x000000072a200000, 0x000000072a200000|100%| O|  |TAMS 0x000000072a200000| PB 0x000000072a200000| Untracked 
| 337|0x000000072a200000, 0x000000072a400000, 0x000000072a400000|100%| O|  |TAMS 0x000000072a400000| PB 0x000000072a400000| Untracked 
| 338|0x000000072a400000, 0x000000072a600000, 0x000000072a600000|100%| O|  |TAMS 0x000000072a600000| PB 0x000000072a600000| Untracked 
| 339|0x000000072a600000, 0x000000072a800000, 0x000000072a800000|100%| O|  |TAMS 0x000000072a800000| PB 0x000000072a800000| Untracked 
| 340|0x000000072a800000, 0x000000072aa00000, 0x000000072aa00000|100%| O|  |TAMS 0x000000072aa00000| PB 0x000000072aa00000| Untracked 
| 341|0x000000072aa00000, 0x000000072ac00000, 0x000000072ac00000|100%| O|  |TAMS 0x000000072ac00000| PB 0x000000072ac00000| Untracked 
| 342|0x000000072ac00000, 0x000000072ae00000, 0x000000072ae00000|100%| O|  |TAMS 0x000000072ae00000| PB 0x000000072ae00000| Untracked 
| 343|0x000000072ae00000, 0x000000072b000000, 0x000000072b000000|100%| O|  |TAMS 0x000000072b000000| PB 0x000000072b000000| Updating 
| 344|0x000000072b000000, 0x000000072b200000, 0x000000072b200000|100%| O|  |TAMS 0x000000072b200000| PB 0x000000072b200000| Untracked 
| 345|0x000000072b200000, 0x000000072b400000, 0x000000072b400000|100%| O|  |TAMS 0x000000072b400000| PB 0x000000072b400000| Untracked 
| 346|0x000000072b400000, 0x000000072b600000, 0x000000072b600000|100%| O|  |TAMS 0x000000072b600000| PB 0x000000072b600000| Untracked 
| 347|0x000000072b600000, 0x000000072b800000, 0x000000072b800000|100%| O|  |TAMS 0x000000072b800000| PB 0x000000072b800000| Untracked 
| 348|0x000000072b800000, 0x000000072ba00000, 0x000000072ba00000|100%| O|  |TAMS 0x000000072ba00000| PB 0x000000072ba00000| Untracked 
| 349|0x000000072ba00000, 0x000000072bc00000, 0x000000072bc00000|100%| O|  |TAMS 0x000000072bc00000| PB 0x000000072bc00000| Untracked 
| 350|0x000000072bc00000, 0x000000072be00000, 0x000000072be00000|100%| O|  |TAMS 0x000000072be00000| PB 0x000000072be00000| Untracked 
| 351|0x000000072be00000, 0x000000072c000000, 0x000000072c000000|100%| O|  |TAMS 0x000000072c000000| PB 0x000000072c000000| Untracked 
| 352|0x000000072c000000, 0x000000072c200000, 0x000000072c200000|100%| O|  |TAMS 0x000000072c200000| PB 0x000000072c200000| Untracked 
| 353|0x000000072c200000, 0x000000072c400000, 0x000000072c400000|100%| O|  |TAMS 0x000000072c400000| PB 0x000000072c400000| Untracked 
| 354|0x000000072c400000, 0x000000072c400000, 0x000000072c600000|  0%| F|  |TAMS 0x000000072c400000| PB 0x000000072c400000| Untracked 
| 355|0x000000072c600000, 0x000000072c800000, 0x000000072c800000|100%| O|  |TAMS 0x000000072c800000| PB 0x000000072c800000| Untracked 
| 356|0x000000072c800000, 0x000000072ca00000, 0x000000072ca00000|100%| O|  |TAMS 0x000000072ca00000| PB 0x000000072ca00000| Untracked 
| 357|0x000000072ca00000, 0x000000072cc00000, 0x000000072cc00000|100%| O|  |TAMS 0x000000072cc00000| PB 0x000000072cc00000| Untracked 
| 358|0x000000072cc00000, 0x000000072ce00000, 0x000000072ce00000|100%| O|  |TAMS 0x000000072ce00000| PB 0x000000072ce00000| Untracked 
| 359|0x000000072ce00000, 0x000000072d000000, 0x000000072d000000|100%| O|  |TAMS 0x000000072d000000| PB 0x000000072d000000| Untracked 
| 360|0x000000072d000000, 0x000000072d200000, 0x000000072d200000|100%| O|  |TAMS 0x000000072d200000| PB 0x000000072d200000| Untracked 
| 361|0x000000072d200000, 0x000000072d400000, 0x000000072d400000|100%| O|  |TAMS 0x000000072d400000| PB 0x000000072d400000| Untracked 
| 362|0x000000072d400000, 0x000000072d600000, 0x000000072d600000|100%| O|  |TAMS 0x000000072d600000| PB 0x000000072d600000| Untracked 
| 363|0x000000072d600000, 0x000000072d800000, 0x000000072d800000|100%| O|  |TAMS 0x000000072d800000| PB 0x000000072d800000| Untracked 
| 364|0x000000072d800000, 0x000000072da00000, 0x000000072da00000|100%| O|  |TAMS 0x000000072da00000| PB 0x000000072da00000| Untracked 
| 365|0x000000072da00000, 0x000000072dc00000, 0x000000072dc00000|100%| O|  |TAMS 0x000000072dc00000| PB 0x000000072dc00000| Untracked 
| 366|0x000000072dc00000, 0x000000072de00000, 0x000000072de00000|100%| O|  |TAMS 0x000000072de00000| PB 0x000000072de00000| Updating 
| 367|0x000000072de00000, 0x000000072e000000, 0x000000072e000000|100%| O|  |TAMS 0x000000072e000000| PB 0x000000072e000000| Untracked 
| 368|0x000000072e000000, 0x000000072e200000, 0x000000072e200000|100%| O|  |TAMS 0x000000072e200000| PB 0x000000072e200000| Updating 
| 369|0x000000072e200000, 0x000000072e400000, 0x000000072e400000|100%| O|  |TAMS 0x000000072e400000| PB 0x000000072e400000| Untracked 
| 370|0x000000072e400000, 0x000000072e600000, 0x000000072e600000|100%| O|  |TAMS 0x000000072e600000| PB 0x000000072e600000| Updating 
| 371|0x000000072e600000, 0x000000072e800000, 0x000000072e800000|100%| O|  |TAMS 0x000000072e800000| PB 0x000000072e800000| Untracked 
| 372|0x000000072e800000, 0x000000072ea00000, 0x000000072ea00000|100%| O|  |TAMS 0x000000072ea00000| PB 0x000000072ea00000| Untracked 
| 373|0x000000072ea00000, 0x000000072ec00000, 0x000000072ec00000|100%| O|  |TAMS 0x000000072ec00000| PB 0x000000072ec00000| Untracked 
| 374|0x000000072ec00000, 0x000000072ee00000, 0x000000072ee00000|100%| O|  |TAMS 0x000000072ee00000| PB 0x000000072ee00000| Untracked 
| 375|0x000000072ee00000, 0x000000072f000000, 0x000000072f000000|100%| O|  |TAMS 0x000000072f000000| PB 0x000000072f000000| Untracked 
| 376|0x000000072f000000, 0x000000072f200000, 0x000000072f200000|100%| O|  |TAMS 0x000000072f200000| PB 0x000000072f200000| Untracked 
| 377|0x000000072f200000, 0x000000072f400000, 0x000000072f400000|100%| O|  |TAMS 0x000000072f400000| PB 0x000000072f400000| Updating 
| 378|0x000000072f400000, 0x000000072f600000, 0x000000072f600000|100%| O|  |TAMS 0x000000072f600000| PB 0x000000072f600000| Updating 
| 379|0x000000072f600000, 0x000000072f800000, 0x000000072f800000|100%| O|  |TAMS 0x000000072f800000| PB 0x000000072f800000| Updating 
| 380|0x000000072f800000, 0x000000072fa00000, 0x000000072fa00000|100%| O|  |TAMS 0x000000072fa00000| PB 0x000000072fa00000| Updating 
| 381|0x000000072fa00000, 0x000000072fc00000, 0x000000072fc00000|100%| O|  |TAMS 0x000000072fc00000| PB 0x000000072fc00000| Updating 
| 382|0x000000072fc00000, 0x000000072fe00000, 0x000000072fe00000|100%| O|  |TAMS 0x000000072fe00000| PB 0x000000072fe00000| Untracked 
| 383|0x000000072fe00000, 0x0000000730000000, 0x0000000730000000|100%| O|  |TAMS 0x0000000730000000| PB 0x0000000730000000| Updating 
| 384|0x0000000730000000, 0x0000000730200000, 0x0000000730200000|100%| O|  |TAMS 0x0000000730200000| PB 0x0000000730200000| Updating 
| 385|0x0000000730200000, 0x0000000730400000, 0x0000000730400000|100%| O|  |TAMS 0x0000000730400000| PB 0x0000000730400000| Untracked 
| 386|0x0000000730400000, 0x0000000730600000, 0x0000000730600000|100%| O|  |TAMS 0x0000000730600000| PB 0x0000000730600000| Updating 
| 387|0x0000000730600000, 0x0000000730800000, 0x0000000730800000|100%| O|  |TAMS 0x0000000730800000| PB 0x0000000730800000| Updating 
| 388|0x0000000730800000, 0x0000000730800000, 0x0000000730a00000|  0%| F|  |TAMS 0x0000000730800000| PB 0x0000000730800000| Untracked 
| 389|0x0000000730a00000, 0x0000000730c00000, 0x0000000730c00000|100%| O|  |TAMS 0x0000000730c00000| PB 0x0000000730c00000| Updating 
| 390|0x0000000730c00000, 0x0000000730c00000, 0x0000000730e00000|  0%| F|  |TAMS 0x0000000730c00000| PB 0x0000000730c00000| Untracked 
| 391|0x0000000730e00000, 0x0000000731000000, 0x0000000731000000|100%| O|  |TAMS 0x0000000731000000| PB 0x0000000731000000| Untracked 
| 392|0x0000000731000000, 0x0000000731200000, 0x0000000731200000|100%| O|  |TAMS 0x0000000731200000| PB 0x0000000731200000| Untracked 
| 393|0x0000000731200000, 0x0000000731400000, 0x0000000731400000|100%| O|  |TAMS 0x0000000731400000| PB 0x0000000731400000| Untracked 
| 394|0x0000000731400000, 0x0000000731600000, 0x0000000731600000|100%|HS|  |TAMS 0x0000000731600000| PB 0x0000000731400000| Complete 
| 395|0x0000000731600000, 0x0000000731800000, 0x0000000731800000|100%|HC|  |TAMS 0x0000000731800000| PB 0x0000000731600000| Complete 
| 396|0x0000000731800000, 0x0000000731a00000, 0x0000000731a00000|100%|HC|  |TAMS 0x0000000731a00000| PB 0x0000000731800000| Complete 
| 397|0x0000000731a00000, 0x0000000731c00000, 0x0000000731c00000|100%|HC|  |TAMS 0x0000000731c00000| PB 0x0000000731a00000| Complete 
| 398|0x0000000731c00000, 0x0000000731e00000, 0x0000000731e00000|100%| O|  |TAMS 0x0000000731e00000| PB 0x0000000731e00000| Untracked 
| 399|0x0000000731e00000, 0x0000000732000000, 0x0000000732000000|100%| O|  |TAMS 0x0000000732000000| PB 0x0000000732000000| Untracked 
| 400|0x0000000732000000, 0x0000000732200000, 0x0000000732200000|100%| O|  |TAMS 0x0000000732200000| PB 0x0000000732200000| Untracked 
| 401|0x0000000732200000, 0x0000000732400000, 0x0000000732400000|100%| O|  |TAMS 0x0000000732400000| PB 0x0000000732400000| Untracked 
| 402|0x0000000732400000, 0x0000000732600000, 0x0000000732600000|100%| O|  |TAMS 0x0000000732600000| PB 0x0000000732600000| Untracked 
| 403|0x0000000732600000, 0x0000000732800000, 0x0000000732800000|100%| O|  |TAMS 0x0000000732800000| PB 0x0000000732800000| Untracked 
| 404|0x0000000732800000, 0x0000000732800000, 0x0000000732a00000|  0%| F|  |TAMS 0x0000000732800000| PB 0x0000000732800000| Untracked 
| 405|0x0000000732a00000, 0x0000000732c00000, 0x0000000732c00000|100%| O|  |TAMS 0x0000000732c00000| PB 0x0000000732c00000| Updating 
| 406|0x0000000732c00000, 0x0000000732e00000, 0x0000000732e00000|100%| O|  |TAMS 0x0000000732e00000| PB 0x0000000732e00000| Updating 
| 407|0x0000000732e00000, 0x0000000733000000, 0x0000000733000000|100%| O|  |TAMS 0x0000000733000000| PB 0x0000000733000000| Updating 
| 408|0x0000000733000000, 0x0000000733200000, 0x0000000733200000|100%| O|  |TAMS 0x0000000733200000| PB 0x0000000733200000| Untracked 
| 409|0x0000000733200000, 0x0000000733400000, 0x0000000733400000|100%| O|  |TAMS 0x0000000733400000| PB 0x0000000733400000| Updating 
| 410|0x0000000733400000, 0x0000000733600000, 0x0000000733600000|100%| O|  |TAMS 0x0000000733600000| PB 0x0000000733600000| Updating 
| 411|0x0000000733600000, 0x0000000733800000, 0x0000000733800000|100%| O|  |TAMS 0x0000000733800000| PB 0x0000000733800000| Untracked 
| 412|0x0000000733800000, 0x0000000733a00000, 0x0000000733a00000|100%| O|  |TAMS 0x0000000733a00000| PB 0x0000000733a00000| Updating 
| 413|0x0000000733a00000, 0x0000000733c00000, 0x0000000733c00000|100%| O|  |TAMS 0x0000000733c00000| PB 0x0000000733c00000| Untracked 
| 414|0x0000000733c00000, 0x0000000733e00000, 0x0000000733e00000|100%| O|  |TAMS 0x0000000733e00000| PB 0x0000000733e00000| Updating 
| 415|0x0000000733e00000, 0x0000000734000000, 0x0000000734000000|100%|HS|  |TAMS 0x0000000734000000| PB 0x0000000733e00000| Complete 
| 416|0x0000000734000000, 0x0000000734200000, 0x0000000734200000|100%|HS|  |TAMS 0x0000000734200000| PB 0x0000000734000000| Complete 
| 417|0x0000000734200000, 0x0000000734400000, 0x0000000734400000|100%|HS|  |TAMS 0x0000000734400000| PB 0x0000000734200000| Complete 
| 418|0x0000000734400000, 0x0000000734600000, 0x0000000734600000|100%|HC|  |TAMS 0x0000000734600000| PB 0x0000000734400000| Complete 
| 419|0x0000000734600000, 0x0000000734800000, 0x0000000734800000|100%|HS|  |TAMS 0x0000000734800000| PB 0x0000000734600000| Complete 
| 420|0x0000000734800000, 0x0000000734a00000, 0x0000000734a00000|100%|HC|  |TAMS 0x0000000734a00000| PB 0x0000000734800000| Complete 
| 421|0x0000000734a00000, 0x0000000734c00000, 0x0000000734c00000|100%| O|  |TAMS 0x0000000734c00000| PB 0x0000000734c00000| Untracked 
| 422|0x0000000734c00000, 0x0000000734e00000, 0x0000000734e00000|100%| O|  |TAMS 0x0000000734e00000| PB 0x0000000734e00000| Untracked 
| 423|0x0000000734e00000, 0x0000000735000000, 0x0000000735000000|100%| O|  |TAMS 0x0000000735000000| PB 0x0000000735000000| Updating 
| 424|0x0000000735000000, 0x0000000735200000, 0x0000000735200000|100%| O|  |TAMS 0x0000000735200000| PB 0x0000000735200000| Updating 
| 425|0x0000000735200000, 0x0000000735400000, 0x0000000735400000|100%| O|  |TAMS 0x0000000735400000| PB 0x0000000735400000| Updating 
| 426|0x0000000735400000, 0x0000000735600000, 0x0000000735600000|100%| O|  |TAMS 0x0000000735600000| PB 0x0000000735600000| Updating 
| 427|0x0000000735600000, 0x0000000735800000, 0x0000000735800000|100%| O|  |TAMS 0x0000000735800000| PB 0x0000000735800000| Updating 
| 428|0x0000000735800000, 0x0000000735800000, 0x0000000735a00000|  0%| F|  |TAMS 0x0000000735800000| PB 0x0000000735800000| Untracked 
| 429|0x0000000735a00000, 0x0000000735a00000, 0x0000000735c00000|  0%| F|  |TAMS 0x0000000735a00000| PB 0x0000000735a00000| Untracked 
| 430|0x0000000735c00000, 0x0000000735c00000, 0x0000000735e00000|  0%| F|  |TAMS 0x0000000735c00000| PB 0x0000000735c00000| Untracked 
| 431|0x0000000735e00000, 0x0000000735e00000, 0x0000000736000000|  0%| F|  |TAMS 0x0000000735e00000| PB 0x0000000735e00000| Untracked 
| 432|0x0000000736000000, 0x0000000736000000, 0x0000000736200000|  0%| F|  |TAMS 0x0000000736000000| PB 0x0000000736000000| Untracked 
| 433|0x0000000736200000, 0x0000000736200000, 0x0000000736400000|  0%| F|  |TAMS 0x0000000736200000| PB 0x0000000736200000| Untracked 
| 434|0x0000000736400000, 0x0000000736400000, 0x0000000736600000|  0%| F|  |TAMS 0x0000000736400000| PB 0x0000000736400000| Untracked 
| 435|0x0000000736600000, 0x0000000736600000, 0x0000000736800000|  0%| F|  |TAMS 0x0000000736600000| PB 0x0000000736600000| Untracked 
| 436|0x0000000736800000, 0x0000000736800000, 0x0000000736a00000|  0%| F|  |TAMS 0x0000000736800000| PB 0x0000000736800000| Untracked 
| 437|0x0000000736a00000, 0x0000000736a00000, 0x0000000736c00000|  0%| F|  |TAMS 0x0000000736a00000| PB 0x0000000736a00000| Untracked 
| 438|0x0000000736c00000, 0x0000000736c00000, 0x0000000736e00000|  0%| F|  |TAMS 0x0000000736c00000| PB 0x0000000736c00000| Untracked 
| 439|0x0000000736e00000, 0x0000000736e00000, 0x0000000737000000|  0%| F|  |TAMS 0x0000000736e00000| PB 0x0000000736e00000| Untracked 
| 440|0x0000000737000000, 0x0000000737000000, 0x0000000737200000|  0%| F|  |TAMS 0x0000000737000000| PB 0x0000000737000000| Untracked 
| 441|0x0000000737200000, 0x0000000737400000, 0x0000000737400000|100%|HS|  |TAMS 0x0000000737400000| PB 0x0000000737200000| Complete 
| 442|0x0000000737400000, 0x0000000737600000, 0x0000000737600000|100%|HC|  |TAMS 0x0000000737600000| PB 0x0000000737400000| Complete 
| 443|0x0000000737600000, 0x0000000737800000, 0x0000000737800000|100%|HC|  |TAMS 0x0000000737800000| PB 0x0000000737600000| Complete 
| 444|0x0000000737800000, 0x0000000737a00000, 0x0000000737a00000|100%| O|  |TAMS 0x0000000737a00000| PB 0x0000000737a00000| Untracked 
| 445|0x0000000737a00000, 0x0000000737c00000, 0x0000000737c00000|100%| O|  |TAMS 0x0000000737c00000| PB 0x0000000737c00000| Updating 
| 446|0x0000000737c00000, 0x0000000737e00000, 0x0000000737e00000|100%| O|  |TAMS 0x0000000737e00000| PB 0x0000000737e00000| Untracked 
| 447|0x0000000737e00000, 0x0000000738000000, 0x0000000738000000|100%| O|  |TAMS 0x0000000738000000| PB 0x0000000738000000| Untracked 
| 448|0x0000000738000000, 0x0000000738200000, 0x0000000738200000|100%| O|  |TAMS 0x0000000738200000| PB 0x0000000738200000| Untracked 
| 449|0x0000000738200000, 0x0000000738400000, 0x0000000738400000|100%| O|  |TAMS 0x0000000738400000| PB 0x0000000738400000| Untracked 
| 450|0x0000000738400000, 0x0000000738600000, 0x0000000738600000|100%| O|  |TAMS 0x0000000738600000| PB 0x0000000738600000| Untracked 
| 451|0x0000000738600000, 0x0000000738800000, 0x0000000738800000|100%| O|  |TAMS 0x0000000738800000| PB 0x0000000738800000| Updating 
| 452|0x0000000738800000, 0x0000000738a00000, 0x0000000738a00000|100%| O|  |TAMS 0x0000000738a00000| PB 0x0000000738a00000| Updating 
| 453|0x0000000738a00000, 0x0000000738c00000, 0x0000000738c00000|100%| O|  |TAMS 0x0000000738c00000| PB 0x0000000738c00000| Untracked 
| 454|0x0000000738c00000, 0x0000000738e00000, 0x0000000738e00000|100%| O|  |TAMS 0x0000000738e00000| PB 0x0000000738e00000| Updating 
| 455|0x0000000738e00000, 0x0000000739000000, 0x0000000739000000|100%| O|  |TAMS 0x0000000739000000| PB 0x0000000739000000| Updating 
| 456|0x0000000739000000, 0x0000000739200000, 0x0000000739200000|100%| O|  |TAMS 0x0000000739200000| PB 0x0000000739200000| Updating 
| 457|0x0000000739200000, 0x0000000739400000, 0x0000000739400000|100%| O|  |TAMS 0x0000000739400000| PB 0x0000000739400000| Updating 
| 458|0x0000000739400000, 0x0000000739600000, 0x0000000739600000|100%| O|  |TAMS 0x0000000739600000| PB 0x0000000739600000| Updating 
| 459|0x0000000739600000, 0x0000000739800000, 0x0000000739800000|100%| O|  |TAMS 0x0000000739800000| PB 0x0000000739800000| Untracked 
| 460|0x0000000739800000, 0x0000000739a00000, 0x0000000739a00000|100%| O|  |TAMS 0x0000000739a00000| PB 0x0000000739a00000| Updating 
| 461|0x0000000739a00000, 0x0000000739c00000, 0x0000000739c00000|100%| O|  |TAMS 0x0000000739c00000| PB 0x0000000739c00000| Untracked 
| 462|0x0000000739c00000, 0x0000000739e00000, 0x0000000739e00000|100%| O|  |TAMS 0x0000000739e00000| PB 0x0000000739e00000| Updating 
| 463|0x0000000739e00000, 0x000000073a000000, 0x000000073a000000|100%| O|  |TAMS 0x000000073a000000| PB 0x000000073a000000| Untracked 
| 464|0x000000073a000000, 0x000000073a200000, 0x000000073a200000|100%| O|  |TAMS 0x000000073a200000| PB 0x000000073a200000| Untracked 
| 465|0x000000073a200000, 0x000000073a400000, 0x000000073a400000|100%| O|  |TAMS 0x000000073a400000| PB 0x000000073a400000| Untracked 
| 466|0x000000073a400000, 0x000000073a600000, 0x000000073a600000|100%| O|  |TAMS 0x000000073a600000| PB 0x000000073a600000| Untracked 
| 467|0x000000073a600000, 0x000000073a800000, 0x000000073a800000|100%| O|  |TAMS 0x000000073a800000| PB 0x000000073a800000| Updating 
| 468|0x000000073a800000, 0x000000073aa00000, 0x000000073aa00000|100%| O|  |TAMS 0x000000073aa00000| PB 0x000000073aa00000| Untracked 
| 469|0x000000073aa00000, 0x000000073ac00000, 0x000000073ac00000|100%| O|  |TAMS 0x000000073ac00000| PB 0x000000073ac00000| Updating 
| 470|0x000000073ac00000, 0x000000073ae00000, 0x000000073ae00000|100%| O|  |TAMS 0x000000073ae00000| PB 0x000000073ae00000| Untracked 
| 471|0x000000073ae00000, 0x000000073b000000, 0x000000073b000000|100%| O|  |TAMS 0x000000073b000000| PB 0x000000073b000000| Updating 
| 472|0x000000073b000000, 0x000000073b200000, 0x000000073b200000|100%| O|  |TAMS 0x000000073b200000| PB 0x000000073b200000| Untracked 
| 473|0x000000073b200000, 0x000000073b400000, 0x000000073b400000|100%| O|  |TAMS 0x000000073b400000| PB 0x000000073b400000| Updating 
| 474|0x000000073b400000, 0x000000073b600000, 0x000000073b600000|100%| O|  |TAMS 0x000000073b600000| PB 0x000000073b600000| Updating 
| 475|0x000000073b600000, 0x000000073b800000, 0x000000073b800000|100%| O|  |TAMS 0x000000073b800000| PB 0x000000073b800000| Untracked 
| 476|0x000000073b800000, 0x000000073ba00000, 0x000000073ba00000|100%| O|  |TAMS 0x000000073ba00000| PB 0x000000073ba00000| Updating 
| 477|0x000000073ba00000, 0x000000073bc00000, 0x000000073bc00000|100%| O|  |TAMS 0x000000073bc00000| PB 0x000000073bc00000| Untracked 
| 478|0x000000073bc00000, 0x000000073be00000, 0x000000073be00000|100%| O|  |TAMS 0x000000073be00000| PB 0x000000073be00000| Updating 
| 479|0x000000073be00000, 0x000000073c000000, 0x000000073c000000|100%| O|  |TAMS 0x000000073c000000| PB 0x000000073c000000| Updating 
| 480|0x000000073c000000, 0x000000073c200000, 0x000000073c200000|100%| O|  |TAMS 0x000000073c200000| PB 0x000000073c200000| Updating 
| 481|0x000000073c200000, 0x000000073c400000, 0x000000073c400000|100%| O|  |TAMS 0x000000073c400000| PB 0x000000073c400000| Updating 
| 482|0x000000073c400000, 0x000000073c600000, 0x000000073c600000|100%| O|  |TAMS 0x000000073c600000| PB 0x000000073c600000| Untracked 
| 483|0x000000073c600000, 0x000000073c800000, 0x000000073c800000|100%| O|  |TAMS 0x000000073c800000| PB 0x000000073c800000| Updating 
| 484|0x000000073c800000, 0x000000073ca00000, 0x000000073ca00000|100%| O|  |TAMS 0x000000073ca00000| PB 0x000000073ca00000| Updating 
| 485|0x000000073ca00000, 0x000000073cc00000, 0x000000073cc00000|100%| O|  |TAMS 0x000000073cc00000| PB 0x000000073cc00000| Updating 
| 486|0x000000073cc00000, 0x000000073ce00000, 0x000000073ce00000|100%| O|  |TAMS 0x000000073ce00000| PB 0x000000073ce00000| Updating 
| 487|0x000000073ce00000, 0x000000073d000000, 0x000000073d000000|100%| O|  |TAMS 0x000000073d000000| PB 0x000000073d000000| Updating 
| 488|0x000000073d000000, 0x000000073d200000, 0x000000073d200000|100%| O|  |TAMS 0x000000073d200000| PB 0x000000073d200000| Updating 
| 489|0x000000073d200000, 0x000000073d400000, 0x000000073d400000|100%| O|  |TAMS 0x000000073d400000| PB 0x000000073d400000| Updating 
| 490|0x000000073d400000, 0x000000073d600000, 0x000000073d600000|100%| O|  |TAMS 0x000000073d600000| PB 0x000000073d600000| Updating 
| 491|0x000000073d600000, 0x000000073d800000, 0x000000073d800000|100%| O|  |TAMS 0x000000073d800000| PB 0x000000073d800000| Untracked 
| 492|0x000000073d800000, 0x000000073da00000, 0x000000073da00000|100%| O|  |TAMS 0x000000073da00000| PB 0x000000073da00000| Updating 
| 493|0x000000073da00000, 0x000000073dc00000, 0x000000073dc00000|100%| O|  |TAMS 0x000000073dc00000| PB 0x000000073dc00000| Updating 
| 494|0x000000073dc00000, 0x000000073de00000, 0x000000073de00000|100%| O|  |TAMS 0x000000073de00000| PB 0x000000073de00000| Untracked 
| 495|0x000000073de00000, 0x000000073e000000, 0x000000073e000000|100%| O|  |TAMS 0x000000073e000000| PB 0x000000073e000000| Untracked 
| 496|0x000000073e000000, 0x000000073e200000, 0x000000073e200000|100%| O|  |TAMS 0x000000073e200000| PB 0x000000073e200000| Untracked 
| 497|0x000000073e200000, 0x000000073e400000, 0x000000073e400000|100%| O|  |TAMS 0x000000073e400000| PB 0x000000073e400000| Untracked 
| 498|0x000000073e400000, 0x000000073e600000, 0x000000073e600000|100%| O|  |TAMS 0x000000073e600000| PB 0x000000073e600000| Updating 
| 499|0x000000073e600000, 0x000000073e800000, 0x000000073e800000|100%| O|  |TAMS 0x000000073e800000| PB 0x000000073e800000| Untracked 
| 500|0x000000073e800000, 0x000000073ea00000, 0x000000073ea00000|100%| O|  |TAMS 0x000000073ea00000| PB 0x000000073ea00000| Updating 
| 501|0x000000073ea00000, 0x000000073ec00000, 0x000000073ec00000|100%| O|  |TAMS 0x000000073ec00000| PB 0x000000073ec00000| Untracked 
| 502|0x000000073ec00000, 0x000000073ee00000, 0x000000073ee00000|100%| O|  |TAMS 0x000000073ee00000| PB 0x000000073ee00000| Updating 
| 503|0x000000073ee00000, 0x000000073f000000, 0x000000073f000000|100%| O|  |TAMS 0x000000073f000000| PB 0x000000073f000000| Untracked 
| 504|0x000000073f000000, 0x000000073f200000, 0x000000073f200000|100%| O|  |TAMS 0x000000073f200000| PB 0x000000073f200000| Updating 
| 505|0x000000073f200000, 0x000000073f400000, 0x000000073f400000|100%| O|  |TAMS 0x000000073f400000| PB 0x000000073f400000| Untracked 
| 506|0x000000073f400000, 0x000000073f600000, 0x000000073f600000|100%| O|  |TAMS 0x000000073f600000| PB 0x000000073f600000| Updating 
| 507|0x000000073f600000, 0x000000073f800000, 0x000000073f800000|100%| O|  |TAMS 0x000000073f800000| PB 0x000000073f800000| Untracked 
| 508|0x000000073f800000, 0x000000073fa00000, 0x000000073fa00000|100%| O|  |TAMS 0x000000073fa00000| PB 0x000000073fa00000| Untracked 
| 509|0x000000073fa00000, 0x000000073fc00000, 0x000000073fc00000|100%| O|  |TAMS 0x000000073fc00000| PB 0x000000073fc00000| Updating 
| 510|0x000000073fc00000, 0x000000073fe00000, 0x000000073fe00000|100%| O|  |TAMS 0x000000073fe00000| PB 0x000000073fe00000| Updating 
| 511|0x000000073fe00000, 0x0000000740000000, 0x0000000740000000|100%| O|  |TAMS 0x0000000740000000| PB 0x0000000740000000| Updating 
| 512|0x0000000740000000, 0x0000000740200000, 0x0000000740200000|100%| O|  |TAMS 0x0000000740200000| PB 0x0000000740200000| Untracked 
| 513|0x0000000740200000, 0x0000000740400000, 0x0000000740400000|100%| O|  |TAMS 0x0000000740400000| PB 0x0000000740400000| Untracked 
| 514|0x0000000740400000, 0x0000000740600000, 0x0000000740600000|100%| O|  |TAMS 0x0000000740600000| PB 0x0000000740600000| Updating 
| 515|0x0000000740600000, 0x0000000740800000, 0x0000000740800000|100%| O|  |TAMS 0x0000000740800000| PB 0x0000000740800000| Updating 
| 516|0x0000000740800000, 0x0000000740a00000, 0x0000000740a00000|100%| O|  |TAMS 0x0000000740a00000| PB 0x0000000740a00000| Updating 
| 517|0x0000000740a00000, 0x0000000740c00000, 0x0000000740c00000|100%| O|  |TAMS 0x0000000740c00000| PB 0x0000000740c00000| Updating 
| 518|0x0000000740c00000, 0x0000000740e00000, 0x0000000740e00000|100%| O|  |TAMS 0x0000000740e00000| PB 0x0000000740e00000| Updating 
| 519|0x0000000740e00000, 0x0000000741000000, 0x0000000741000000|100%| O|  |TAMS 0x0000000741000000| PB 0x0000000741000000| Updating 
| 520|0x0000000741000000, 0x0000000741200000, 0x0000000741200000|100%| O|  |TAMS 0x0000000741200000| PB 0x0000000741200000| Updating 
| 521|0x0000000741200000, 0x0000000741400000, 0x0000000741400000|100%| O|  |TAMS 0x0000000741400000| PB 0x0000000741400000| Untracked 
| 522|0x0000000741400000, 0x0000000741600000, 0x0000000741600000|100%| O|  |TAMS 0x0000000741600000| PB 0x0000000741600000| Updating 
| 523|0x0000000741600000, 0x0000000741800000, 0x0000000741800000|100%| O|  |TAMS 0x0000000741800000| PB 0x0000000741800000| Untracked 
| 524|0x0000000741800000, 0x0000000741a00000, 0x0000000741a00000|100%| O|  |TAMS 0x0000000741a00000| PB 0x0000000741a00000| Untracked 
| 525|0x0000000741a00000, 0x0000000741c00000, 0x0000000741c00000|100%| O|  |TAMS 0x0000000741c00000| PB 0x0000000741c00000| Updating 
| 526|0x0000000741c00000, 0x0000000741e00000, 0x0000000741e00000|100%| O|  |TAMS 0x0000000741e00000| PB 0x0000000741e00000| Updating 
| 527|0x0000000741e00000, 0x0000000742000000, 0x0000000742000000|100%| O|  |TAMS 0x0000000742000000| PB 0x0000000742000000| Untracked 
| 528|0x0000000742000000, 0x0000000742200000, 0x0000000742200000|100%| O|  |TAMS 0x0000000742200000| PB 0x0000000742200000| Updating 
| 529|0x0000000742200000, 0x0000000742400000, 0x0000000742400000|100%| O|  |TAMS 0x0000000742400000| PB 0x0000000742400000| Updating 
| 530|0x0000000742400000, 0x0000000742600000, 0x0000000742600000|100%| O|  |TAMS 0x0000000742600000| PB 0x0000000742600000| Untracked 
| 531|0x0000000742600000, 0x0000000742800000, 0x0000000742800000|100%| O|  |TAMS 0x0000000742800000| PB 0x0000000742800000| Updating 
| 532|0x0000000742800000, 0x0000000742a00000, 0x0000000742a00000|100%| O|  |TAMS 0x0000000742a00000| PB 0x0000000742a00000| Updating 
| 533|0x0000000742a00000, 0x0000000742c00000, 0x0000000742c00000|100%| O|  |TAMS 0x0000000742c00000| PB 0x0000000742c00000| Updating 
| 534|0x0000000742c00000, 0x0000000742e00000, 0x0000000742e00000|100%| O|  |TAMS 0x0000000742e00000| PB 0x0000000742e00000| Updating 
| 535|0x0000000742e00000, 0x0000000743000000, 0x0000000743000000|100%| O|  |TAMS 0x0000000743000000| PB 0x0000000743000000| Untracked 
| 536|0x0000000743000000, 0x0000000743200000, 0x0000000743200000|100%| O|  |TAMS 0x0000000743200000| PB 0x0000000743200000| Updating 
| 537|0x0000000743200000, 0x0000000743400000, 0x0000000743400000|100%| O|  |TAMS 0x0000000743400000| PB 0x0000000743400000| Updating 
| 538|0x0000000743400000, 0x0000000743600000, 0x0000000743600000|100%| O|  |TAMS 0x0000000743600000| PB 0x0000000743600000| Updating 
| 539|0x0000000743600000, 0x0000000743800000, 0x0000000743800000|100%| O|  |TAMS 0x0000000743800000| PB 0x0000000743800000| Updating 
| 540|0x0000000743800000, 0x0000000743a00000, 0x0000000743a00000|100%| O|  |TAMS 0x0000000743a00000| PB 0x0000000743a00000| Updating 
| 541|0x0000000743a00000, 0x0000000743c00000, 0x0000000743c00000|100%| O|  |TAMS 0x0000000743c00000| PB 0x0000000743c00000| Updating 
| 542|0x0000000743c00000, 0x0000000743e00000, 0x0000000743e00000|100%| O|  |TAMS 0x0000000743e00000| PB 0x0000000743e00000| Updating 
| 543|0x0000000743e00000, 0x0000000744000000, 0x0000000744000000|100%| O|  |TAMS 0x0000000744000000| PB 0x0000000744000000| Updating 
| 544|0x0000000744000000, 0x0000000744200000, 0x0000000744200000|100%| O|  |TAMS 0x0000000744200000| PB 0x0000000744200000| Updating 
| 545|0x0000000744200000, 0x0000000744400000, 0x0000000744400000|100%| O|  |TAMS 0x0000000744400000| PB 0x0000000744400000| Untracked 
| 546|0x0000000744400000, 0x0000000744600000, 0x0000000744600000|100%| O|  |TAMS 0x0000000744600000| PB 0x0000000744600000| Updating 
| 547|0x0000000744600000, 0x0000000744800000, 0x0000000744800000|100%| O|  |TAMS 0x0000000744800000| PB 0x0000000744800000| Updating 
| 548|0x0000000744800000, 0x0000000744a00000, 0x0000000744a00000|100%| O|  |TAMS 0x0000000744a00000| PB 0x0000000744a00000| Updating 
| 549|0x0000000744a00000, 0x0000000744c00000, 0x0000000744c00000|100%| O|  |TAMS 0x0000000744c00000| PB 0x0000000744c00000| Untracked 
| 550|0x0000000744c00000, 0x0000000744e00000, 0x0000000744e00000|100%| O|  |TAMS 0x0000000744e00000| PB 0x0000000744e00000| Updating 
| 551|0x0000000744e00000, 0x0000000745000000, 0x0000000745000000|100%| O|  |TAMS 0x0000000745000000| PB 0x0000000745000000| Updating 
| 552|0x0000000745000000, 0x0000000745200000, 0x0000000745200000|100%| O|  |TAMS 0x0000000745200000| PB 0x0000000745200000| Updating 
| 553|0x0000000745200000, 0x0000000745400000, 0x0000000745400000|100%| O|  |TAMS 0x0000000745400000| PB 0x0000000745400000| Updating 
| 554|0x0000000745400000, 0x0000000745600000, 0x0000000745600000|100%| O|  |TAMS 0x0000000745600000| PB 0x0000000745600000| Updating 
| 555|0x0000000745600000, 0x0000000745800000, 0x0000000745800000|100%| O|  |TAMS 0x0000000745800000| PB 0x0000000745800000| Untracked 
| 556|0x0000000745800000, 0x0000000745a00000, 0x0000000745a00000|100%| O|  |TAMS 0x0000000745a00000| PB 0x0000000745a00000| Untracked 
| 557|0x0000000745a00000, 0x0000000745c00000, 0x0000000745c00000|100%| O|  |TAMS 0x0000000745c00000| PB 0x0000000745c00000| Updating 
| 558|0x0000000745c00000, 0x0000000745e00000, 0x0000000745e00000|100%| O|  |TAMS 0x0000000745e00000| PB 0x0000000745e00000| Untracked 
| 559|0x0000000745e00000, 0x0000000746000000, 0x0000000746000000|100%| O|  |TAMS 0x0000000746000000| PB 0x0000000746000000| Updating 
| 560|0x0000000746000000, 0x0000000746200000, 0x0000000746200000|100%| O|  |TAMS 0x0000000746200000| PB 0x0000000746200000| Updating 
| 561|0x0000000746200000, 0x0000000746400000, 0x0000000746400000|100%| O|  |TAMS 0x0000000746400000| PB 0x0000000746400000| Untracked 
| 562|0x0000000746400000, 0x0000000746600000, 0x0000000746600000|100%| O|  |TAMS 0x0000000746600000| PB 0x0000000746600000| Updating 
| 563|0x0000000746600000, 0x0000000746800000, 0x0000000746800000|100%| O|  |TAMS 0x0000000746800000| PB 0x0000000746800000| Updating 
| 564|0x0000000746800000, 0x0000000746a00000, 0x0000000746a00000|100%| O|  |TAMS 0x0000000746a00000| PB 0x0000000746a00000| Updating 
| 565|0x0000000746a00000, 0x0000000746c00000, 0x0000000746c00000|100%| O|  |TAMS 0x0000000746c00000| PB 0x0000000746c00000| Updating 
| 566|0x0000000746c00000, 0x0000000746e00000, 0x0000000746e00000|100%| O|  |TAMS 0x0000000746e00000| PB 0x0000000746e00000| Untracked 
| 567|0x0000000746e00000, 0x0000000747000000, 0x0000000747000000|100%| O|  |TAMS 0x0000000747000000| PB 0x0000000747000000| Updating 
| 568|0x0000000747000000, 0x0000000747000000, 0x0000000747200000|  0%| F|  |TAMS 0x0000000747000000| PB 0x0000000747000000| Untracked 
| 569|0x0000000747200000, 0x0000000747200000, 0x0000000747400000|  0%| F|  |TAMS 0x0000000747200000| PB 0x0000000747200000| Untracked 
| 570|0x0000000747400000, 0x0000000747400000, 0x0000000747600000|  0%| F|  |TAMS 0x0000000747400000| PB 0x0000000747400000| Untracked 
| 571|0x0000000747600000, 0x0000000747600000, 0x0000000747800000|  0%| F|  |TAMS 0x0000000747600000| PB 0x0000000747600000| Untracked 
| 572|0x0000000747800000, 0x0000000747800000, 0x0000000747a00000|  0%| F|  |TAMS 0x0000000747800000| PB 0x0000000747800000| Untracked 
| 573|0x0000000747a00000, 0x0000000747a00000, 0x0000000747c00000|  0%| F|  |TAMS 0x0000000747a00000| PB 0x0000000747a00000| Untracked 
| 574|0x0000000747c00000, 0x0000000747c00000, 0x0000000747e00000|  0%| F|  |TAMS 0x0000000747c00000| PB 0x0000000747c00000| Untracked 
| 575|0x0000000747e00000, 0x0000000747e00000, 0x0000000748000000|  0%| F|  |TAMS 0x0000000747e00000| PB 0x0000000747e00000| Untracked 
| 576|0x0000000748000000, 0x0000000748000000, 0x0000000748200000|  0%| F|  |TAMS 0x0000000748000000| PB 0x0000000748000000| Untracked 
| 577|0x0000000748200000, 0x0000000748200000, 0x0000000748400000|  0%| F|  |TAMS 0x0000000748200000| PB 0x0000000748200000| Untracked 
| 578|0x0000000748400000, 0x0000000748400000, 0x0000000748600000|  0%| F|  |TAMS 0x0000000748400000| PB 0x0000000748400000| Untracked 
| 579|0x0000000748600000, 0x0000000748600000, 0x0000000748800000|  0%| F|  |TAMS 0x0000000748600000| PB 0x0000000748600000| Untracked 
| 580|0x0000000748800000, 0x0000000748800000, 0x0000000748a00000|  0%| F|  |TAMS 0x0000000748800000| PB 0x0000000748800000| Untracked 
| 581|0x0000000748a00000, 0x0000000748a00000, 0x0000000748c00000|  0%| F|  |TAMS 0x0000000748a00000| PB 0x0000000748a00000| Untracked 
| 582|0x0000000748c00000, 0x0000000748c00000, 0x0000000748e00000|  0%| F|  |TAMS 0x0000000748c00000| PB 0x0000000748c00000| Untracked 
| 583|0x0000000748e00000, 0x0000000748e00000, 0x0000000749000000|  0%| F|  |TAMS 0x0000000748e00000| PB 0x0000000748e00000| Untracked 
| 584|0x0000000749000000, 0x0000000749000000, 0x0000000749200000|  0%| F|  |TAMS 0x0000000749000000| PB 0x0000000749000000| Untracked 
| 585|0x0000000749200000, 0x0000000749200000, 0x0000000749400000|  0%| F|  |TAMS 0x0000000749200000| PB 0x0000000749200000| Untracked 
| 586|0x0000000749400000, 0x0000000749400000, 0x0000000749600000|  0%| F|  |TAMS 0x0000000749400000| PB 0x0000000749400000| Untracked 
| 587|0x0000000749600000, 0x0000000749600000, 0x0000000749800000|  0%| F|  |TAMS 0x0000000749600000| PB 0x0000000749600000| Untracked 
| 588|0x0000000749800000, 0x0000000749800000, 0x0000000749a00000|  0%| F|  |TAMS 0x0000000749800000| PB 0x0000000749800000| Untracked 
| 589|0x0000000749a00000, 0x0000000749a00000, 0x0000000749c00000|  0%| F|  |TAMS 0x0000000749a00000| PB 0x0000000749a00000| Untracked 
| 590|0x0000000749c00000, 0x0000000749c00000, 0x0000000749e00000|  0%| F|  |TAMS 0x0000000749c00000| PB 0x0000000749c00000| Untracked 
| 591|0x0000000749e00000, 0x0000000749e00000, 0x000000074a000000|  0%| F|  |TAMS 0x0000000749e00000| PB 0x0000000749e00000| Untracked 
| 592|0x000000074a000000, 0x000000074a000000, 0x000000074a200000|  0%| F|  |TAMS 0x000000074a000000| PB 0x000000074a000000| Untracked 
| 593|0x000000074a200000, 0x000000074a200000, 0x000000074a400000|  0%| F|  |TAMS 0x000000074a200000| PB 0x000000074a200000| Untracked 
| 594|0x000000074a400000, 0x000000074a400000, 0x000000074a600000|  0%| F|  |TAMS 0x000000074a400000| PB 0x000000074a400000| Untracked 
| 595|0x000000074a600000, 0x000000074a600000, 0x000000074a800000|  0%| F|  |TAMS 0x000000074a600000| PB 0x000000074a600000| Untracked 
| 596|0x000000074a800000, 0x000000074a800000, 0x000000074aa00000|  0%| F|  |TAMS 0x000000074a800000| PB 0x000000074a800000| Untracked 
| 597|0x000000074aa00000, 0x000000074aa00000, 0x000000074ac00000|  0%| F|  |TAMS 0x000000074aa00000| PB 0x000000074aa00000| Untracked 
| 598|0x000000074ac00000, 0x000000074ac00000, 0x000000074ae00000|  0%| F|  |TAMS 0x000000074ac00000| PB 0x000000074ac00000| Untracked 
| 599|0x000000074ae00000, 0x000000074ae00000, 0x000000074b000000|  0%| F|  |TAMS 0x000000074ae00000| PB 0x000000074ae00000| Untracked 
| 600|0x000000074b000000, 0x000000074b000000, 0x000000074b200000|  0%| F|  |TAMS 0x000000074b000000| PB 0x000000074b000000| Untracked 
| 601|0x000000074b200000, 0x000000074b200000, 0x000000074b400000|  0%| F|  |TAMS 0x000000074b200000| PB 0x000000074b200000| Untracked 
| 602|0x000000074b400000, 0x000000074b400000, 0x000000074b600000|  0%| F|  |TAMS 0x000000074b400000| PB 0x000000074b400000| Untracked 
| 603|0x000000074b600000, 0x000000074b600000, 0x000000074b800000|  0%| F|  |TAMS 0x000000074b600000| PB 0x000000074b600000| Untracked 
| 604|0x000000074b800000, 0x000000074b800000, 0x000000074ba00000|  0%| F|  |TAMS 0x000000074b800000| PB 0x000000074b800000| Untracked 
| 605|0x000000074ba00000, 0x000000074ba00000, 0x000000074bc00000|  0%| F|  |TAMS 0x000000074ba00000| PB 0x000000074ba00000| Untracked 
| 606|0x000000074bc00000, 0x000000074bc00000, 0x000000074be00000|  0%| F|  |TAMS 0x000000074bc00000| PB 0x000000074bc00000| Untracked 
| 607|0x000000074be00000, 0x000000074be00000, 0x000000074c000000|  0%| F|  |TAMS 0x000000074be00000| PB 0x000000074be00000| Untracked 
| 608|0x000000074c000000, 0x000000074c000000, 0x000000074c200000|  0%| F|  |TAMS 0x000000074c000000| PB 0x000000074c000000| Untracked 
| 609|0x000000074c200000, 0x000000074c200000, 0x000000074c400000|  0%| F|  |TAMS 0x000000074c200000| PB 0x000000074c200000| Untracked 
| 610|0x000000074c400000, 0x000000074c400000, 0x000000074c600000|  0%| F|  |TAMS 0x000000074c400000| PB 0x000000074c400000| Untracked 
| 611|0x000000074c600000, 0x000000074c600000, 0x000000074c800000|  0%| F|  |TAMS 0x000000074c600000| PB 0x000000074c600000| Untracked 
| 612|0x000000074c800000, 0x000000074c800000, 0x000000074ca00000|  0%| F|  |TAMS 0x000000074c800000| PB 0x000000074c800000| Untracked 
| 613|0x000000074ca00000, 0x000000074ca00000, 0x000000074cc00000|  0%| F|  |TAMS 0x000000074ca00000| PB 0x000000074ca00000| Untracked 
| 614|0x000000074cc00000, 0x000000074cc00000, 0x000000074ce00000|  0%| F|  |TAMS 0x000000074cc00000| PB 0x000000074cc00000| Untracked 
| 615|0x000000074ce00000, 0x000000074ce00000, 0x000000074d000000|  0%| F|  |TAMS 0x000000074ce00000| PB 0x000000074ce00000| Untracked 
| 616|0x000000074d000000, 0x000000074d000000, 0x000000074d200000|  0%| F|  |TAMS 0x000000074d000000| PB 0x000000074d000000| Untracked 
| 617|0x000000074d200000, 0x000000074d200000, 0x000000074d400000|  0%| F|  |TAMS 0x000000074d200000| PB 0x000000074d200000| Untracked 
| 618|0x000000074d400000, 0x000000074d400000, 0x000000074d600000|  0%| F|  |TAMS 0x000000074d400000| PB 0x000000074d400000| Untracked 
| 619|0x000000074d600000, 0x000000074d600000, 0x000000074d800000|  0%| F|  |TAMS 0x000000074d600000| PB 0x000000074d600000| Untracked 
| 620|0x000000074d800000, 0x000000074d800000, 0x000000074da00000|  0%| F|  |TAMS 0x000000074d800000| PB 0x000000074d800000| Untracked 
| 621|0x000000074da00000, 0x000000074da00000, 0x000000074dc00000|  0%| F|  |TAMS 0x000000074da00000| PB 0x000000074da00000| Untracked 
| 622|0x000000074dc00000, 0x000000074dc00000, 0x000000074de00000|  0%| F|  |TAMS 0x000000074dc00000| PB 0x000000074dc00000| Untracked 
| 623|0x000000074de00000, 0x000000074de00000, 0x000000074e000000|  0%| F|  |TAMS 0x000000074de00000| PB 0x000000074de00000| Untracked 
| 624|0x000000074e000000, 0x000000074e000000, 0x000000074e200000|  0%| F|  |TAMS 0x000000074e000000| PB 0x000000074e000000| Untracked 
| 625|0x000000074e200000, 0x000000074e200000, 0x000000074e400000|  0%| F|  |TAMS 0x000000074e200000| PB 0x000000074e200000| Untracked 
| 626|0x000000074e400000, 0x000000074e400000, 0x000000074e600000|  0%| F|  |TAMS 0x000000074e400000| PB 0x000000074e400000| Untracked 
| 627|0x000000074e600000, 0x000000074e600000, 0x000000074e800000|  0%| F|  |TAMS 0x000000074e600000| PB 0x000000074e600000| Untracked 
| 628|0x000000074e800000, 0x000000074e800000, 0x000000074ea00000|  0%| F|  |TAMS 0x000000074e800000| PB 0x000000074e800000| Untracked 
| 629|0x000000074ea00000, 0x000000074ea00000, 0x000000074ec00000|  0%| F|  |TAMS 0x000000074ea00000| PB 0x000000074ea00000| Untracked 
| 630|0x000000074ec00000, 0x000000074ec00000, 0x000000074ee00000|  0%| F|  |TAMS 0x000000074ec00000| PB 0x000000074ec00000| Untracked 
| 631|0x000000074ee00000, 0x000000074ee00000, 0x000000074f000000|  0%| F|  |TAMS 0x000000074ee00000| PB 0x000000074ee00000| Untracked 
| 632|0x000000074f000000, 0x000000074f000000, 0x000000074f200000|  0%| F|  |TAMS 0x000000074f000000| PB 0x000000074f000000| Untracked 
| 633|0x000000074f200000, 0x000000074f400000, 0x000000074f400000|100%| O|  |TAMS 0x000000074f400000| PB 0x000000074f400000| Updating 
| 634|0x000000074f400000, 0x000000074f600000, 0x000000074f600000|100%| O|  |TAMS 0x000000074f600000| PB 0x000000074f600000| Updating 
| 635|0x000000074f600000, 0x000000074f800000, 0x000000074f800000|100%| O|  |TAMS 0x000000074f800000| PB 0x000000074f800000| Updating 
| 636|0x000000074f800000, 0x000000074fa00000, 0x000000074fa00000|100%| O|  |TAMS 0x000000074fa00000| PB 0x000000074fa00000| Updating 
| 637|0x000000074fa00000, 0x000000074fc00000, 0x000000074fc00000|100%| O|  |TAMS 0x000000074fc00000| PB 0x000000074fc00000| Updating 
| 638|0x000000074fc00000, 0x000000074fe00000, 0x000000074fe00000|100%| O|  |TAMS 0x000000074fe00000| PB 0x000000074fe00000| Updating 
| 639|0x000000074fe00000, 0x0000000750000000, 0x0000000750000000|100%| O|  |TAMS 0x0000000750000000| PB 0x0000000750000000| Untracked 
| 640|0x0000000750000000, 0x0000000750200000, 0x0000000750200000|100%| O|  |TAMS 0x0000000750200000| PB 0x0000000750200000| Untracked 
| 641|0x0000000750200000, 0x0000000750300000, 0x0000000750400000| 50%| O|  |TAMS 0x0000000750300000| PB 0x0000000750300000| Updating 
| 642|0x0000000750400000, 0x0000000750600000, 0x0000000750600000|100%| S|CS|TAMS 0x0000000750400000| PB 0x0000000750400000| Complete 
| 643|0x0000000750600000, 0x0000000750800000, 0x0000000750800000|100%| S|CS|TAMS 0x0000000750600000| PB 0x0000000750600000| Complete 
| 644|0x0000000750800000, 0x0000000750a00000, 0x0000000750a00000|100%| S|CS|TAMS 0x0000000750800000| PB 0x0000000750800000| Complete 
| 645|0x0000000750a00000, 0x0000000750c00000, 0x0000000750c00000|100%| S|CS|TAMS 0x0000000750a00000| PB 0x0000000750a00000| Complete 
| 646|0x0000000750c00000, 0x0000000750e00000, 0x0000000750e00000|100%| S|CS|TAMS 0x0000000750c00000| PB 0x0000000750c00000| Complete 
| 647|0x0000000750e00000, 0x0000000751000000, 0x0000000751000000|100%| S|CS|TAMS 0x0000000750e00000| PB 0x0000000750e00000| Complete 
| 648|0x0000000751000000, 0x0000000751200000, 0x0000000751200000|100%| S|CS|TAMS 0x0000000751000000| PB 0x0000000751000000| Complete 
| 649|0x0000000751200000, 0x0000000751400000, 0x0000000751400000|100%| S|CS|TAMS 0x0000000751200000| PB 0x0000000751200000| Complete 
| 650|0x0000000751400000, 0x0000000751600000, 0x0000000751600000|100%| S|CS|TAMS 0x0000000751400000| PB 0x0000000751400000| Complete 
| 651|0x0000000751600000, 0x0000000751800000, 0x0000000751800000|100%| S|CS|TAMS 0x0000000751600000| PB 0x0000000751600000| Complete 
| 652|0x0000000751800000, 0x0000000751a00000, 0x0000000751a00000|100%| S|CS|TAMS 0x0000000751800000| PB 0x0000000751800000| Complete 
| 653|0x0000000751a00000, 0x0000000751c00000, 0x0000000751c00000|100%| S|CS|TAMS 0x0000000751a00000| PB 0x0000000751a00000| Complete 
| 654|0x0000000751c00000, 0x0000000751e00000, 0x0000000751e00000|100%| S|CS|TAMS 0x0000000751c00000| PB 0x0000000751c00000| Complete 
| 655|0x0000000751e00000, 0x0000000752000000, 0x0000000752000000|100%| S|CS|TAMS 0x0000000751e00000| PB 0x0000000751e00000| Complete 
| 656|0x0000000752000000, 0x0000000752200000, 0x0000000752200000|100%| S|CS|TAMS 0x0000000752000000| PB 0x0000000752000000| Complete 
| 657|0x0000000752200000, 0x0000000752400000, 0x0000000752400000|100%| S|CS|TAMS 0x0000000752200000| PB 0x0000000752200000| Complete 
| 658|0x0000000752400000, 0x0000000752600000, 0x0000000752600000|100%| S|CS|TAMS 0x0000000752400000| PB 0x0000000752400000| Complete 
| 659|0x0000000752600000, 0x0000000752800000, 0x0000000752800000|100%| S|CS|TAMS 0x0000000752600000| PB 0x0000000752600000| Complete 
| 660|0x0000000752800000, 0x0000000752a00000, 0x0000000752a00000|100%| S|CS|TAMS 0x0000000752800000| PB 0x0000000752800000| Complete 
| 661|0x0000000752a00000, 0x0000000752c00000, 0x0000000752c00000|100%| S|CS|TAMS 0x0000000752a00000| PB 0x0000000752a00000| Complete 
| 662|0x0000000752c00000, 0x0000000752c00000, 0x0000000752e00000|  0%| F|  |TAMS 0x0000000752c00000| PB 0x0000000752c00000| Untracked 
| 663|0x0000000752e00000, 0x0000000752e00000, 0x0000000753000000|  0%| F|  |TAMS 0x0000000752e00000| PB 0x0000000752e00000| Untracked 
| 664|0x0000000753000000, 0x0000000753000000, 0x0000000753200000|  0%| F|  |TAMS 0x0000000753000000| PB 0x0000000753000000| Untracked 
| 665|0x0000000753200000, 0x0000000753200000, 0x0000000753400000|  0%| F|  |TAMS 0x0000000753200000| PB 0x0000000753200000| Untracked 
| 666|0x0000000753400000, 0x0000000753400000, 0x0000000753600000|  0%| F|  |TAMS 0x0000000753400000| PB 0x0000000753400000| Untracked 
| 667|0x0000000753600000, 0x0000000753600000, 0x0000000753800000|  0%| F|  |TAMS 0x0000000753600000| PB 0x0000000753600000| Untracked 
| 668|0x0000000753800000, 0x0000000753800000, 0x0000000753a00000|  0%| F|  |TAMS 0x0000000753800000| PB 0x0000000753800000| Untracked 
| 669|0x0000000753a00000, 0x0000000753a00000, 0x0000000753c00000|  0%| F|  |TAMS 0x0000000753a00000| PB 0x0000000753a00000| Untracked 
| 670|0x0000000753c00000, 0x0000000753c00000, 0x0000000753e00000|  0%| F|  |TAMS 0x0000000753c00000| PB 0x0000000753c00000| Untracked 
| 671|0x0000000753e00000, 0x0000000753e00000, 0x0000000754000000|  0%| F|  |TAMS 0x0000000753e00000| PB 0x0000000753e00000| Untracked 
| 672|0x0000000754000000, 0x0000000754000000, 0x0000000754200000|  0%| F|  |TAMS 0x0000000754000000| PB 0x0000000754000000| Untracked 
| 673|0x0000000754200000, 0x0000000754200000, 0x0000000754400000|  0%| F|  |TAMS 0x0000000754200000| PB 0x0000000754200000| Untracked 
| 674|0x0000000754400000, 0x0000000754400000, 0x0000000754600000|  0%| F|  |TAMS 0x0000000754400000| PB 0x0000000754400000| Untracked 
| 675|0x0000000754600000, 0x0000000754600000, 0x0000000754800000|  0%| F|  |TAMS 0x0000000754600000| PB 0x0000000754600000| Untracked 
| 676|0x0000000754800000, 0x0000000754800000, 0x0000000754a00000|  0%| F|  |TAMS 0x0000000754800000| PB 0x0000000754800000| Untracked 
| 677|0x0000000754a00000, 0x0000000754a00000, 0x0000000754c00000|  0%| F|  |TAMS 0x0000000754a00000| PB 0x0000000754a00000| Untracked 
| 678|0x0000000754c00000, 0x0000000754c00000, 0x0000000754e00000|  0%| F|  |TAMS 0x0000000754c00000| PB 0x0000000754c00000| Untracked 
| 679|0x0000000754e00000, 0x0000000754e00000, 0x0000000755000000|  0%| F|  |TAMS 0x0000000754e00000| PB 0x0000000754e00000| Untracked 
| 680|0x0000000755000000, 0x0000000755000000, 0x0000000755200000|  0%| F|  |TAMS 0x0000000755000000| PB 0x0000000755000000| Untracked 
| 681|0x0000000755200000, 0x0000000755200000, 0x0000000755400000|  0%| F|  |TAMS 0x0000000755200000| PB 0x0000000755200000| Untracked 
| 682|0x0000000755400000, 0x0000000755400000, 0x0000000755600000|  0%| F|  |TAMS 0x0000000755400000| PB 0x0000000755400000| Untracked 
| 683|0x0000000755600000, 0x0000000755600000, 0x0000000755800000|  0%| F|  |TAMS 0x0000000755600000| PB 0x0000000755600000| Untracked 
| 684|0x0000000755800000, 0x0000000755800000, 0x0000000755a00000|  0%| F|  |TAMS 0x0000000755800000| PB 0x0000000755800000| Untracked 
| 685|0x0000000755a00000, 0x0000000755a00000, 0x0000000755c00000|  0%| F|  |TAMS 0x0000000755a00000| PB 0x0000000755a00000| Untracked 
| 686|0x0000000755c00000, 0x0000000755c00000, 0x0000000755e00000|  0%| F|  |TAMS 0x0000000755c00000| PB 0x0000000755c00000| Untracked 
| 687|0x0000000755e00000, 0x0000000755e00000, 0x0000000756000000|  0%| F|  |TAMS 0x0000000755e00000| PB 0x0000000755e00000| Untracked 
| 688|0x0000000756000000, 0x0000000756200000, 0x0000000756200000|100%| S|CS|TAMS 0x0000000756000000| PB 0x0000000756000000| Complete 
| 689|0x0000000756200000, 0x0000000756400000, 0x0000000756400000|100%| S|CS|TAMS 0x0000000756200000| PB 0x0000000756200000| Complete 
| 690|0x0000000756400000, 0x0000000756600000, 0x0000000756600000|100%| S|CS|TAMS 0x0000000756400000| PB 0x0000000756400000| Complete 
| 691|0x0000000756600000, 0x0000000756800000, 0x0000000756800000|100%| S|CS|TAMS 0x0000000756600000| PB 0x0000000756600000| Complete 
| 692|0x0000000756800000, 0x0000000756a00000, 0x0000000756a00000|100%| S|CS|TAMS 0x0000000756800000| PB 0x0000000756800000| Complete 
| 693|0x0000000756a00000, 0x0000000756c00000, 0x0000000756c00000|100%| S|CS|TAMS 0x0000000756a00000| PB 0x0000000756a00000| Complete 
| 694|0x0000000756c00000, 0x0000000756e00000, 0x0000000756e00000|100%| S|CS|TAMS 0x0000000756c00000| PB 0x0000000756c00000| Complete 
| 695|0x0000000756e00000, 0x0000000757000000, 0x0000000757000000|100%| S|CS|TAMS 0x0000000756e00000| PB 0x0000000756e00000| Complete 
| 696|0x0000000757000000, 0x0000000757200000, 0x0000000757200000|100%| S|CS|TAMS 0x0000000757000000| PB 0x0000000757000000| Complete 
| 697|0x0000000757200000, 0x0000000757400000, 0x0000000757400000|100%| S|CS|TAMS 0x0000000757200000| PB 0x0000000757200000| Complete 
| 698|0x0000000757400000, 0x0000000757600000, 0x0000000757600000|100%| S|CS|TAMS 0x0000000757400000| PB 0x0000000757400000| Complete 
| 699|0x0000000757600000, 0x00000007577c62b8, 0x0000000757800000| 88%| E|  |TAMS 0x0000000757600000| PB 0x0000000757600000| Complete 
| 700|0x0000000757800000, 0x0000000757a00000, 0x0000000757a00000|100%| E|CS|TAMS 0x0000000757800000| PB 0x0000000757800000| Complete 
| 701|0x0000000757a00000, 0x0000000757c00000, 0x0000000757c00000|100%| E|CS|TAMS 0x0000000757a00000| PB 0x0000000757a00000| Complete 
| 702|0x0000000757c00000, 0x0000000757e00000, 0x0000000757e00000|100%| E|CS|TAMS 0x0000000757c00000| PB 0x0000000757c00000| Complete 
| 703|0x0000000757e00000, 0x0000000758000000, 0x0000000758000000|100%| E|CS|TAMS 0x0000000757e00000| PB 0x0000000757e00000| Complete 
| 704|0x0000000758000000, 0x0000000758200000, 0x0000000758200000|100%| E|CS|TAMS 0x0000000758000000| PB 0x0000000758000000| Complete 
| 705|0x0000000758200000, 0x0000000758400000, 0x0000000758400000|100%| E|CS|TAMS 0x0000000758200000| PB 0x0000000758200000| Complete 
| 706|0x0000000758400000, 0x0000000758600000, 0x0000000758600000|100%| E|CS|TAMS 0x0000000758400000| PB 0x0000000758400000| Complete 
| 707|0x0000000758600000, 0x0000000758800000, 0x0000000758800000|100%| E|CS|TAMS 0x0000000758600000| PB 0x0000000758600000| Complete 
| 708|0x0000000758800000, 0x0000000758a00000, 0x0000000758a00000|100%| E|CS|TAMS 0x0000000758800000| PB 0x0000000758800000| Complete 
| 709|0x0000000758a00000, 0x0000000758c00000, 0x0000000758c00000|100%| E|CS|TAMS 0x0000000758a00000| PB 0x0000000758a00000| Complete 
| 710|0x0000000758c00000, 0x0000000758e00000, 0x0000000758e00000|100%| E|CS|TAMS 0x0000000758c00000| PB 0x0000000758c00000| Complete 
| 711|0x0000000758e00000, 0x0000000759000000, 0x0000000759000000|100%| E|CS|TAMS 0x0000000758e00000| PB 0x0000000758e00000| Complete 
| 712|0x0000000759000000, 0x0000000759200000, 0x0000000759200000|100%| E|CS|TAMS 0x0000000759000000| PB 0x0000000759000000| Complete 
| 713|0x0000000759200000, 0x0000000759400000, 0x0000000759400000|100%| E|CS|TAMS 0x0000000759200000| PB 0x0000000759200000| Complete 
| 714|0x0000000759400000, 0x0000000759600000, 0x0000000759600000|100%| E|CS|TAMS 0x0000000759400000| PB 0x0000000759400000| Complete 
| 715|0x0000000759600000, 0x0000000759800000, 0x0000000759800000|100%| E|CS|TAMS 0x0000000759600000| PB 0x0000000759600000| Complete 
| 716|0x0000000759800000, 0x0000000759a00000, 0x0000000759a00000|100%| E|CS|TAMS 0x0000000759800000| PB 0x0000000759800000| Complete 
| 717|0x0000000759a00000, 0x0000000759c00000, 0x0000000759c00000|100%| E|CS|TAMS 0x0000000759a00000| PB 0x0000000759a00000| Complete 
| 718|0x0000000759c00000, 0x0000000759e00000, 0x0000000759e00000|100%| E|CS|TAMS 0x0000000759c00000| PB 0x0000000759c00000| Complete 
| 719|0x0000000759e00000, 0x000000075a000000, 0x000000075a000000|100%| E|CS|TAMS 0x0000000759e00000| PB 0x0000000759e00000| Complete 
| 720|0x000000075a000000, 0x000000075a200000, 0x000000075a200000|100%| E|CS|TAMS 0x000000075a000000| PB 0x000000075a000000| Complete 
| 721|0x000000075a200000, 0x000000075a400000, 0x000000075a400000|100%| E|CS|TAMS 0x000000075a200000| PB 0x000000075a200000| Complete 
| 722|0x000000075a400000, 0x000000075a600000, 0x000000075a600000|100%| E|CS|TAMS 0x000000075a400000| PB 0x000000075a400000| Complete 
| 723|0x000000075a600000, 0x000000075a800000, 0x000000075a800000|100%| E|CS|TAMS 0x000000075a600000| PB 0x000000075a600000| Complete 
| 724|0x000000075a800000, 0x000000075aa00000, 0x000000075aa00000|100%| E|CS|TAMS 0x000000075a800000| PB 0x000000075a800000| Complete 
| 725|0x000000075aa00000, 0x000000075ac00000, 0x000000075ac00000|100%| E|CS|TAMS 0x000000075aa00000| PB 0x000000075aa00000| Complete 
| 726|0x000000075ac00000, 0x000000075ae00000, 0x000000075ae00000|100%| E|CS|TAMS 0x000000075ac00000| PB 0x000000075ac00000| Complete 
| 727|0x000000075ae00000, 0x000000075b000000, 0x000000075b000000|100%| E|CS|TAMS 0x000000075ae00000| PB 0x000000075ae00000| Complete 
| 728|0x000000075b000000, 0x000000075b200000, 0x000000075b200000|100%| E|CS|TAMS 0x000000075b000000| PB 0x000000075b000000| Complete 
| 729|0x000000075b200000, 0x000000075b400000, 0x000000075b400000|100%| E|CS|TAMS 0x000000075b200000| PB 0x000000075b200000| Complete 
| 730|0x000000075b400000, 0x000000075b600000, 0x000000075b600000|100%| E|CS|TAMS 0x000000075b400000| PB 0x000000075b400000| Complete 
| 731|0x000000075b600000, 0x000000075b800000, 0x000000075b800000|100%| E|CS|TAMS 0x000000075b600000| PB 0x000000075b600000| Complete 
| 732|0x000000075b800000, 0x000000075ba00000, 0x000000075ba00000|100%| E|CS|TAMS 0x000000075b800000| PB 0x000000075b800000| Complete 
| 733|0x000000075ba00000, 0x000000075bc00000, 0x000000075bc00000|100%| E|CS|TAMS 0x000000075ba00000| PB 0x000000075ba00000| Complete 
| 734|0x000000075bc00000, 0x000000075be00000, 0x000000075be00000|100%| E|CS|TAMS 0x000000075bc00000| PB 0x000000075bc00000| Complete 
| 735|0x000000075be00000, 0x000000075c000000, 0x000000075c000000|100%| E|CS|TAMS 0x000000075be00000| PB 0x000000075be00000| Complete 
| 736|0x000000075c000000, 0x000000075c200000, 0x000000075c200000|100%| E|CS|TAMS 0x000000075c000000| PB 0x000000075c000000| Complete 
| 737|0x000000075c200000, 0x000000075c400000, 0x000000075c400000|100%| E|CS|TAMS 0x000000075c200000| PB 0x000000075c200000| Complete 
| 738|0x000000075c400000, 0x000000075c600000, 0x000000075c600000|100%| E|CS|TAMS 0x000000075c400000| PB 0x000000075c400000| Complete 
| 739|0x000000075c600000, 0x000000075c800000, 0x000000075c800000|100%| E|CS|TAMS 0x000000075c600000| PB 0x000000075c600000| Complete 
| 740|0x000000075c800000, 0x000000075ca00000, 0x000000075ca00000|100%| E|CS|TAMS 0x000000075c800000| PB 0x000000075c800000| Complete 
| 741|0x000000075ca00000, 0x000000075cc00000, 0x000000075cc00000|100%| E|CS|TAMS 0x000000075ca00000| PB 0x000000075ca00000| Complete 
| 742|0x000000075cc00000, 0x000000075ce00000, 0x000000075ce00000|100%| E|CS|TAMS 0x000000075cc00000| PB 0x000000075cc00000| Complete 
| 743|0x000000075ce00000, 0x000000075d000000, 0x000000075d000000|100%| E|CS|TAMS 0x000000075ce00000| PB 0x000000075ce00000| Complete 
| 744|0x000000075d000000, 0x000000075d200000, 0x000000075d200000|100%| E|CS|TAMS 0x000000075d000000| PB 0x000000075d000000| Complete 
| 745|0x000000075d200000, 0x000000075d400000, 0x000000075d400000|100%| E|CS|TAMS 0x000000075d200000| PB 0x000000075d200000| Complete 
| 746|0x000000075d400000, 0x000000075d600000, 0x000000075d600000|100%| E|CS|TAMS 0x000000075d400000| PB 0x000000075d400000| Complete 
| 747|0x000000075d600000, 0x000000075d800000, 0x000000075d800000|100%| E|CS|TAMS 0x000000075d600000| PB 0x000000075d600000| Complete 
| 748|0x000000075d800000, 0x000000075da00000, 0x000000075da00000|100%| E|CS|TAMS 0x000000075d800000| PB 0x000000075d800000| Complete 
| 749|0x000000075da00000, 0x000000075dc00000, 0x000000075dc00000|100%| E|CS|TAMS 0x000000075da00000| PB 0x000000075da00000| Complete 
| 750|0x000000075dc00000, 0x000000075de00000, 0x000000075de00000|100%| E|CS|TAMS 0x000000075dc00000| PB 0x000000075dc00000| Complete 
| 751|0x000000075de00000, 0x000000075e000000, 0x000000075e000000|100%| E|CS|TAMS 0x000000075de00000| PB 0x000000075de00000| Complete 
| 752|0x000000075e000000, 0x000000075e200000, 0x000000075e200000|100%| E|CS|TAMS 0x000000075e000000| PB 0x000000075e000000| Complete 
| 753|0x000000075e200000, 0x000000075e400000, 0x000000075e400000|100%| E|CS|TAMS 0x000000075e200000| PB 0x000000075e200000| Complete 
| 754|0x000000075e400000, 0x000000075e600000, 0x000000075e600000|100%| E|CS|TAMS 0x000000075e400000| PB 0x000000075e400000| Complete 
| 755|0x000000075e600000, 0x000000075e800000, 0x000000075e800000|100%| E|CS|TAMS 0x000000075e600000| PB 0x000000075e600000| Complete 
| 756|0x000000075e800000, 0x000000075ea00000, 0x000000075ea00000|100%| E|CS|TAMS 0x000000075e800000| PB 0x000000075e800000| Complete 
| 757|0x000000075ea00000, 0x000000075ec00000, 0x000000075ec00000|100%| E|CS|TAMS 0x000000075ea00000| PB 0x000000075ea00000| Complete 
| 758|0x000000075ec00000, 0x000000075ee00000, 0x000000075ee00000|100%| E|CS|TAMS 0x000000075ec00000| PB 0x000000075ec00000| Complete 
| 759|0x000000075ee00000, 0x000000075f000000, 0x000000075f000000|100%| E|CS|TAMS 0x000000075ee00000| PB 0x000000075ee00000| Complete 
| 760|0x000000075f000000, 0x000000075f200000, 0x000000075f200000|100%| E|CS|TAMS 0x000000075f000000| PB 0x000000075f000000| Complete 
| 761|0x000000075f200000, 0x000000075f400000, 0x000000075f400000|100%| E|CS|TAMS 0x000000075f200000| PB 0x000000075f200000| Complete 
| 762|0x000000075f400000, 0x000000075f600000, 0x000000075f600000|100%| E|CS|TAMS 0x000000075f400000| PB 0x000000075f400000| Complete 
| 763|0x000000075f600000, 0x000000075f800000, 0x000000075f800000|100%| E|CS|TAMS 0x000000075f600000| PB 0x000000075f600000| Complete 
| 764|0x000000075f800000, 0x000000075fa00000, 0x000000075fa00000|100%| E|CS|TAMS 0x000000075f800000| PB 0x000000075f800000| Complete 
| 765|0x000000075fa00000, 0x000000075fc00000, 0x000000075fc00000|100%| E|CS|TAMS 0x000000075fa00000| PB 0x000000075fa00000| Complete 
| 766|0x000000075fc00000, 0x000000075fe00000, 0x000000075fe00000|100%| E|CS|TAMS 0x000000075fc00000| PB 0x000000075fc00000| Complete 
| 767|0x000000075fe00000, 0x0000000760000000, 0x0000000760000000|100%| E|CS|TAMS 0x000000075fe00000| PB 0x000000075fe00000| Complete 
| 768|0x0000000760000000, 0x0000000760200000, 0x0000000760200000|100%| E|CS|TAMS 0x0000000760000000| PB 0x0000000760000000| Complete 
| 769|0x0000000760200000, 0x0000000760400000, 0x0000000760400000|100%| E|CS|TAMS 0x0000000760200000| PB 0x0000000760200000| Complete 
| 770|0x0000000760400000, 0x0000000760600000, 0x0000000760600000|100%| E|CS|TAMS 0x0000000760400000| PB 0x0000000760400000| Complete 
| 771|0x0000000760600000, 0x0000000760800000, 0x0000000760800000|100%| E|CS|TAMS 0x0000000760600000| PB 0x0000000760600000| Complete 
| 772|0x0000000760800000, 0x0000000760a00000, 0x0000000760a00000|100%| E|CS|TAMS 0x0000000760800000| PB 0x0000000760800000| Complete 
| 773|0x0000000760a00000, 0x0000000760c00000, 0x0000000760c00000|100%| E|CS|TAMS 0x0000000760a00000| PB 0x0000000760a00000| Complete 
| 774|0x0000000760c00000, 0x0000000760e00000, 0x0000000760e00000|100%| E|CS|TAMS 0x0000000760c00000| PB 0x0000000760c00000| Complete 
| 775|0x0000000760e00000, 0x0000000761000000, 0x0000000761000000|100%| E|CS|TAMS 0x0000000760e00000| PB 0x0000000760e00000| Complete 
| 776|0x0000000761000000, 0x0000000761200000, 0x0000000761200000|100%| E|CS|TAMS 0x0000000761000000| PB 0x0000000761000000| Complete 
| 777|0x0000000761200000, 0x0000000761400000, 0x0000000761400000|100%| E|CS|TAMS 0x0000000761200000| PB 0x0000000761200000| Complete 
| 778|0x0000000761400000, 0x0000000761600000, 0x0000000761600000|100%| E|CS|TAMS 0x0000000761400000| PB 0x0000000761400000| Complete 
| 779|0x0000000761600000, 0x0000000761800000, 0x0000000761800000|100%| E|CS|TAMS 0x0000000761600000| PB 0x0000000761600000| Complete 
| 780|0x0000000761800000, 0x0000000761a00000, 0x0000000761a00000|100%| E|CS|TAMS 0x0000000761800000| PB 0x0000000761800000| Complete 
| 781|0x0000000761a00000, 0x0000000761c00000, 0x0000000761c00000|100%| E|CS|TAMS 0x0000000761a00000| PB 0x0000000761a00000| Complete 
| 782|0x0000000761c00000, 0x0000000761e00000, 0x0000000761e00000|100%| E|CS|TAMS 0x0000000761c00000| PB 0x0000000761c00000| Complete 
| 783|0x0000000761e00000, 0x0000000762000000, 0x0000000762000000|100%| E|CS|TAMS 0x0000000761e00000| PB 0x0000000761e00000| Complete 
| 784|0x0000000762000000, 0x0000000762200000, 0x0000000762200000|100%| E|CS|TAMS 0x0000000762000000| PB 0x0000000762000000| Complete 
| 785|0x0000000762200000, 0x0000000762400000, 0x0000000762400000|100%| E|CS|TAMS 0x0000000762200000| PB 0x0000000762200000| Complete 
| 786|0x0000000762400000, 0x0000000762600000, 0x0000000762600000|100%| E|CS|TAMS 0x0000000762400000| PB 0x0000000762400000| Complete 
| 787|0x0000000762600000, 0x0000000762800000, 0x0000000762800000|100%| E|CS|TAMS 0x0000000762600000| PB 0x0000000762600000| Complete 
| 788|0x0000000762800000, 0x0000000762a00000, 0x0000000762a00000|100%| E|CS|TAMS 0x0000000762800000| PB 0x0000000762800000| Complete 
| 789|0x0000000762a00000, 0x0000000762c00000, 0x0000000762c00000|100%| E|CS|TAMS 0x0000000762a00000| PB 0x0000000762a00000| Complete 
| 790|0x0000000762c00000, 0x0000000762e00000, 0x0000000762e00000|100%| E|CS|TAMS 0x0000000762c00000| PB 0x0000000762c00000| Complete 
| 791|0x0000000762e00000, 0x0000000763000000, 0x0000000763000000|100%| E|CS|TAMS 0x0000000762e00000| PB 0x0000000762e00000| Complete 
| 792|0x0000000763000000, 0x0000000763200000, 0x0000000763200000|100%| E|CS|TAMS 0x0000000763000000| PB 0x0000000763000000| Complete 
| 793|0x0000000763200000, 0x0000000763400000, 0x0000000763400000|100%| E|CS|TAMS 0x0000000763200000| PB 0x0000000763200000| Complete 
| 794|0x0000000763400000, 0x0000000763600000, 0x0000000763600000|100%| E|CS|TAMS 0x0000000763400000| PB 0x0000000763400000| Complete 
| 795|0x0000000763600000, 0x0000000763800000, 0x0000000763800000|100%| E|CS|TAMS 0x0000000763600000| PB 0x0000000763600000| Complete 
| 796|0x0000000763800000, 0x0000000763a00000, 0x0000000763a00000|100%| E|CS|TAMS 0x0000000763800000| PB 0x0000000763800000| Complete 
| 797|0x0000000763a00000, 0x0000000763c00000, 0x0000000763c00000|100%| E|CS|TAMS 0x0000000763a00000| PB 0x0000000763a00000| Complete 
| 798|0x0000000763c00000, 0x0000000763e00000, 0x0000000763e00000|100%| E|CS|TAMS 0x0000000763c00000| PB 0x0000000763c00000| Complete 
| 799|0x0000000763e00000, 0x0000000764000000, 0x0000000764000000|100%| E|CS|TAMS 0x0000000763e00000| PB 0x0000000763e00000| Complete 
| 800|0x0000000764000000, 0x0000000764200000, 0x0000000764200000|100%| E|CS|TAMS 0x0000000764000000| PB 0x0000000764000000| Complete 
| 801|0x0000000764200000, 0x0000000764400000, 0x0000000764400000|100%| E|CS|TAMS 0x0000000764200000| PB 0x0000000764200000| Complete 
| 802|0x0000000764400000, 0x0000000764600000, 0x0000000764600000|100%| E|CS|TAMS 0x0000000764400000| PB 0x0000000764400000| Complete 
| 803|0x0000000764600000, 0x0000000764800000, 0x0000000764800000|100%| E|CS|TAMS 0x0000000764600000| PB 0x0000000764600000| Complete 
| 804|0x0000000764800000, 0x0000000764a00000, 0x0000000764a00000|100%| E|CS|TAMS 0x0000000764800000| PB 0x0000000764800000| Complete 
| 805|0x0000000764a00000, 0x0000000764c00000, 0x0000000764c00000|100%| E|CS|TAMS 0x0000000764a00000| PB 0x0000000764a00000| Complete 
| 806|0x0000000764c00000, 0x0000000764e00000, 0x0000000764e00000|100%| E|CS|TAMS 0x0000000764c00000| PB 0x0000000764c00000| Complete 
| 807|0x0000000764e00000, 0x0000000765000000, 0x0000000765000000|100%| E|CS|TAMS 0x0000000764e00000| PB 0x0000000764e00000| Complete 
| 808|0x0000000765000000, 0x0000000765200000, 0x0000000765200000|100%| E|CS|TAMS 0x0000000765000000| PB 0x0000000765000000| Complete 
| 809|0x0000000765200000, 0x0000000765400000, 0x0000000765400000|100%| E|CS|TAMS 0x0000000765200000| PB 0x0000000765200000| Complete 
| 810|0x0000000765400000, 0x0000000765600000, 0x0000000765600000|100%| E|CS|TAMS 0x0000000765400000| PB 0x0000000765400000| Complete 
| 811|0x0000000765600000, 0x0000000765800000, 0x0000000765800000|100%| E|CS|TAMS 0x0000000765600000| PB 0x0000000765600000| Complete 
| 812|0x0000000765800000, 0x0000000765a00000, 0x0000000765a00000|100%| E|CS|TAMS 0x0000000765800000| PB 0x0000000765800000| Complete 
| 813|0x0000000765a00000, 0x0000000765c00000, 0x0000000765c00000|100%| E|CS|TAMS 0x0000000765a00000| PB 0x0000000765a00000| Complete 
| 814|0x0000000765c00000, 0x0000000765e00000, 0x0000000765e00000|100%| E|CS|TAMS 0x0000000765c00000| PB 0x0000000765c00000| Complete 
| 815|0x0000000765e00000, 0x0000000766000000, 0x0000000766000000|100%| E|CS|TAMS 0x0000000765e00000| PB 0x0000000765e00000| Complete 
| 816|0x0000000766000000, 0x0000000766200000, 0x0000000766200000|100%| E|CS|TAMS 0x0000000766000000| PB 0x0000000766000000| Complete 
| 817|0x0000000766200000, 0x0000000766400000, 0x0000000766400000|100%| E|CS|TAMS 0x0000000766200000| PB 0x0000000766200000| Complete 
| 818|0x0000000766400000, 0x0000000766600000, 0x0000000766600000|100%| E|CS|TAMS 0x0000000766400000| PB 0x0000000766400000| Complete 
| 819|0x0000000766600000, 0x0000000766800000, 0x0000000766800000|100%| E|CS|TAMS 0x0000000766600000| PB 0x0000000766600000| Complete 
| 820|0x0000000766800000, 0x0000000766a00000, 0x0000000766a00000|100%| E|CS|TAMS 0x0000000766800000| PB 0x0000000766800000| Complete 
| 821|0x0000000766a00000, 0x0000000766c00000, 0x0000000766c00000|100%| E|CS|TAMS 0x0000000766a00000| PB 0x0000000766a00000| Complete 
| 822|0x0000000766c00000, 0x0000000766e00000, 0x0000000766e00000|100%| E|CS|TAMS 0x0000000766c00000| PB 0x0000000766c00000| Complete 
| 823|0x0000000766e00000, 0x0000000767000000, 0x0000000767000000|100%| E|CS|TAMS 0x0000000766e00000| PB 0x0000000766e00000| Complete 
| 824|0x0000000767000000, 0x0000000767200000, 0x0000000767200000|100%| E|CS|TAMS 0x0000000767000000| PB 0x0000000767000000| Complete 
| 825|0x0000000767200000, 0x0000000767400000, 0x0000000767400000|100%| E|CS|TAMS 0x0000000767200000| PB 0x0000000767200000| Complete 
| 826|0x0000000767400000, 0x0000000767600000, 0x0000000767600000|100%| E|CS|TAMS 0x0000000767400000| PB 0x0000000767400000| Complete 
| 827|0x0000000767600000, 0x0000000767800000, 0x0000000767800000|100%| E|CS|TAMS 0x0000000767600000| PB 0x0000000767600000| Complete 
| 828|0x0000000767800000, 0x0000000767a00000, 0x0000000767a00000|100%| E|CS|TAMS 0x0000000767800000| PB 0x0000000767800000| Complete 
| 829|0x0000000767a00000, 0x0000000767c00000, 0x0000000767c00000|100%| E|CS|TAMS 0x0000000767a00000| PB 0x0000000767a00000| Complete 
| 830|0x0000000767c00000, 0x0000000767e00000, 0x0000000767e00000|100%| E|CS|TAMS 0x0000000767c00000| PB 0x0000000767c00000| Complete 
| 831|0x0000000767e00000, 0x0000000768000000, 0x0000000768000000|100%| E|CS|TAMS 0x0000000767e00000| PB 0x0000000767e00000| Complete 
| 832|0x0000000768000000, 0x0000000768200000, 0x0000000768200000|100%| E|CS|TAMS 0x0000000768000000| PB 0x0000000768000000| Complete 
| 833|0x0000000768200000, 0x0000000768400000, 0x0000000768400000|100%| E|CS|TAMS 0x0000000768200000| PB 0x0000000768200000| Complete 
| 834|0x0000000768400000, 0x0000000768600000, 0x0000000768600000|100%| E|CS|TAMS 0x0000000768400000| PB 0x0000000768400000| Complete 
| 835|0x0000000768600000, 0x0000000768800000, 0x0000000768800000|100%| E|CS|TAMS 0x0000000768600000| PB 0x0000000768600000| Complete 
| 836|0x0000000768800000, 0x0000000768a00000, 0x0000000768a00000|100%| E|CS|TAMS 0x0000000768800000| PB 0x0000000768800000| Complete 
| 837|0x0000000768a00000, 0x0000000768c00000, 0x0000000768c00000|100%| E|CS|TAMS 0x0000000768a00000| PB 0x0000000768a00000| Complete 
| 838|0x0000000768c00000, 0x0000000768e00000, 0x0000000768e00000|100%| E|CS|TAMS 0x0000000768c00000| PB 0x0000000768c00000| Complete 
| 839|0x0000000768e00000, 0x0000000769000000, 0x0000000769000000|100%| E|CS|TAMS 0x0000000768e00000| PB 0x0000000768e00000| Complete 
| 840|0x0000000769000000, 0x0000000769200000, 0x0000000769200000|100%| E|CS|TAMS 0x0000000769000000| PB 0x0000000769000000| Complete 
| 841|0x0000000769200000, 0x0000000769400000, 0x0000000769400000|100%| E|CS|TAMS 0x0000000769200000| PB 0x0000000769200000| Complete 
| 842|0x0000000769400000, 0x0000000769600000, 0x0000000769600000|100%| E|CS|TAMS 0x0000000769400000| PB 0x0000000769400000| Complete 
| 843|0x0000000769600000, 0x0000000769800000, 0x0000000769800000|100%| E|CS|TAMS 0x0000000769600000| PB 0x0000000769600000| Complete 
| 844|0x0000000769800000, 0x0000000769a00000, 0x0000000769a00000|100%| E|CS|TAMS 0x0000000769800000| PB 0x0000000769800000| Complete 
| 845|0x0000000769a00000, 0x0000000769c00000, 0x0000000769c00000|100%| E|CS|TAMS 0x0000000769a00000| PB 0x0000000769a00000| Complete 
| 846|0x0000000769c00000, 0x0000000769e00000, 0x0000000769e00000|100%| E|CS|TAMS 0x0000000769c00000| PB 0x0000000769c00000| Complete 
| 847|0x0000000769e00000, 0x000000076a000000, 0x000000076a000000|100%| E|CS|TAMS 0x0000000769e00000| PB 0x0000000769e00000| Complete 
| 848|0x000000076a000000, 0x000000076a200000, 0x000000076a200000|100%| E|CS|TAMS 0x000000076a000000| PB 0x000000076a000000| Complete 
| 849|0x000000076a200000, 0x000000076a400000, 0x000000076a400000|100%| E|CS|TAMS 0x000000076a200000| PB 0x000000076a200000| Complete 
| 850|0x000000076a400000, 0x000000076a600000, 0x000000076a600000|100%| E|CS|TAMS 0x000000076a400000| PB 0x000000076a400000| Complete 
| 851|0x000000076a600000, 0x000000076a800000, 0x000000076a800000|100%| E|CS|TAMS 0x000000076a600000| PB 0x000000076a600000| Complete 
| 852|0x000000076a800000, 0x000000076aa00000, 0x000000076aa00000|100%| E|CS|TAMS 0x000000076a800000| PB 0x000000076a800000| Complete 
| 853|0x000000076aa00000, 0x000000076ac00000, 0x000000076ac00000|100%| E|CS|TAMS 0x000000076aa00000| PB 0x000000076aa00000| Complete 
| 854|0x000000076ac00000, 0x000000076ae00000, 0x000000076ae00000|100%| E|CS|TAMS 0x000000076ac00000| PB 0x000000076ac00000| Complete 
| 855|0x000000076ae00000, 0x000000076b000000, 0x000000076b000000|100%| E|CS|TAMS 0x000000076ae00000| PB 0x000000076ae00000| Complete 
| 856|0x000000076b000000, 0x000000076b200000, 0x000000076b200000|100%| E|CS|TAMS 0x000000076b000000| PB 0x000000076b000000| Complete 
| 857|0x000000076b200000, 0x000000076b400000, 0x000000076b400000|100%| E|CS|TAMS 0x000000076b200000| PB 0x000000076b200000| Complete 
| 858|0x000000076b400000, 0x000000076b600000, 0x000000076b600000|100%| E|CS|TAMS 0x000000076b400000| PB 0x000000076b400000| Complete 
| 859|0x000000076b600000, 0x000000076b800000, 0x000000076b800000|100%| E|CS|TAMS 0x000000076b600000| PB 0x000000076b600000| Complete 
| 860|0x000000076b800000, 0x000000076ba00000, 0x000000076ba00000|100%| E|CS|TAMS 0x000000076b800000| PB 0x000000076b800000| Complete 
| 861|0x000000076ba00000, 0x000000076bc00000, 0x000000076bc00000|100%| E|CS|TAMS 0x000000076ba00000| PB 0x000000076ba00000| Complete 
| 862|0x000000076bc00000, 0x000000076be00000, 0x000000076be00000|100%| E|CS|TAMS 0x000000076bc00000| PB 0x000000076bc00000| Complete 
| 863|0x000000076be00000, 0x000000076c000000, 0x000000076c000000|100%| E|CS|TAMS 0x000000076be00000| PB 0x000000076be00000| Complete 
| 864|0x000000076c000000, 0x000000076c200000, 0x000000076c200000|100%| E|CS|TAMS 0x000000076c000000| PB 0x000000076c000000| Complete 
| 865|0x000000076c200000, 0x000000076c400000, 0x000000076c400000|100%| E|CS|TAMS 0x000000076c200000| PB 0x000000076c200000| Complete 
| 866|0x000000076c400000, 0x000000076c600000, 0x000000076c600000|100%| E|CS|TAMS 0x000000076c400000| PB 0x000000076c400000| Complete 
| 867|0x000000076c600000, 0x000000076c800000, 0x000000076c800000|100%| E|CS|TAMS 0x000000076c600000| PB 0x000000076c600000| Complete 
| 868|0x000000076c800000, 0x000000076ca00000, 0x000000076ca00000|100%| E|CS|TAMS 0x000000076c800000| PB 0x000000076c800000| Complete 
| 869|0x000000076ca00000, 0x000000076cc00000, 0x000000076cc00000|100%| E|CS|TAMS 0x000000076ca00000| PB 0x000000076ca00000| Complete 
| 870|0x000000076cc00000, 0x000000076ce00000, 0x000000076ce00000|100%| E|CS|TAMS 0x000000076cc00000| PB 0x000000076cc00000| Complete 
| 871|0x000000076ce00000, 0x000000076d000000, 0x000000076d000000|100%| E|CS|TAMS 0x000000076ce00000| PB 0x000000076ce00000| Complete 
| 872|0x000000076d000000, 0x000000076d200000, 0x000000076d200000|100%| E|CS|TAMS 0x000000076d000000| PB 0x000000076d000000| Complete 
| 873|0x000000076d200000, 0x000000076d400000, 0x000000076d400000|100%| E|CS|TAMS 0x000000076d200000| PB 0x000000076d200000| Complete 
| 874|0x000000076d400000, 0x000000076d600000, 0x000000076d600000|100%| E|CS|TAMS 0x000000076d400000| PB 0x000000076d400000| Complete 
| 875|0x000000076d600000, 0x000000076d800000, 0x000000076d800000|100%| E|CS|TAMS 0x000000076d600000| PB 0x000000076d600000| Complete 
| 876|0x000000076d800000, 0x000000076da00000, 0x000000076da00000|100%| E|CS|TAMS 0x000000076d800000| PB 0x000000076d800000| Complete 
| 877|0x000000076da00000, 0x000000076dc00000, 0x000000076dc00000|100%| E|CS|TAMS 0x000000076da00000| PB 0x000000076da00000| Complete 
| 878|0x000000076dc00000, 0x000000076de00000, 0x000000076de00000|100%| E|CS|TAMS 0x000000076dc00000| PB 0x000000076dc00000| Complete 
| 879|0x000000076de00000, 0x000000076e000000, 0x000000076e000000|100%| E|CS|TAMS 0x000000076de00000| PB 0x000000076de00000| Complete 
| 880|0x000000076e000000, 0x000000076e200000, 0x000000076e200000|100%| E|CS|TAMS 0x000000076e000000| PB 0x000000076e000000| Complete 
| 881|0x000000076e200000, 0x000000076e400000, 0x000000076e400000|100%| E|CS|TAMS 0x000000076e200000| PB 0x000000076e200000| Complete 
| 882|0x000000076e400000, 0x000000076e600000, 0x000000076e600000|100%| E|CS|TAMS 0x000000076e400000| PB 0x000000076e400000| Complete 
| 883|0x000000076e600000, 0x000000076e800000, 0x000000076e800000|100%| E|CS|TAMS 0x000000076e600000| PB 0x000000076e600000| Complete 
| 884|0x000000076e800000, 0x000000076ea00000, 0x000000076ea00000|100%| E|CS|TAMS 0x000000076e800000| PB 0x000000076e800000| Complete 
| 885|0x000000076ea00000, 0x000000076ec00000, 0x000000076ec00000|100%| E|CS|TAMS 0x000000076ea00000| PB 0x000000076ea00000| Complete 
| 886|0x000000076ec00000, 0x000000076ee00000, 0x000000076ee00000|100%| E|CS|TAMS 0x000000076ec00000| PB 0x000000076ec00000| Complete 
| 887|0x000000076ee00000, 0x000000076f000000, 0x000000076f000000|100%| E|CS|TAMS 0x000000076ee00000| PB 0x000000076ee00000| Complete 
| 888|0x000000076f000000, 0x000000076f200000, 0x000000076f200000|100%| E|CS|TAMS 0x000000076f000000| PB 0x000000076f000000| Complete 
| 889|0x000000076f200000, 0x000000076f400000, 0x000000076f400000|100%| E|CS|TAMS 0x000000076f200000| PB 0x000000076f200000| Complete 
| 890|0x000000076f400000, 0x000000076f600000, 0x000000076f600000|100%| E|CS|TAMS 0x000000076f400000| PB 0x000000076f400000| Complete 
| 891|0x000000076f600000, 0x000000076f800000, 0x000000076f800000|100%| E|CS|TAMS 0x000000076f600000| PB 0x000000076f600000| Complete 
| 892|0x000000076f800000, 0x000000076fa00000, 0x000000076fa00000|100%| E|CS|TAMS 0x000000076f800000| PB 0x000000076f800000| Complete 
| 893|0x000000076fa00000, 0x000000076fc00000, 0x000000076fc00000|100%| E|CS|TAMS 0x000000076fa00000| PB 0x000000076fa00000| Complete 
| 894|0x000000076fc00000, 0x000000076fe00000, 0x000000076fe00000|100%| E|CS|TAMS 0x000000076fc00000| PB 0x000000076fc00000| Complete 
| 895|0x000000076fe00000, 0x0000000770000000, 0x0000000770000000|100%| E|CS|TAMS 0x000000076fe00000| PB 0x000000076fe00000| Complete 
| 896|0x0000000770000000, 0x0000000770200000, 0x0000000770200000|100%| E|CS|TAMS 0x0000000770000000| PB 0x0000000770000000| Complete 
| 897|0x0000000770200000, 0x0000000770400000, 0x0000000770400000|100%| E|CS|TAMS 0x0000000770200000| PB 0x0000000770200000| Complete 
| 898|0x0000000770400000, 0x0000000770600000, 0x0000000770600000|100%| E|CS|TAMS 0x0000000770400000| PB 0x0000000770400000| Complete 
| 899|0x0000000770600000, 0x0000000770800000, 0x0000000770800000|100%| E|CS|TAMS 0x0000000770600000| PB 0x0000000770600000| Complete 
| 900|0x0000000770800000, 0x0000000770a00000, 0x0000000770a00000|100%| E|CS|TAMS 0x0000000770800000| PB 0x0000000770800000| Complete 
| 901|0x0000000770a00000, 0x0000000770c00000, 0x0000000770c00000|100%| E|CS|TAMS 0x0000000770a00000| PB 0x0000000770a00000| Complete 
| 902|0x0000000770c00000, 0x0000000770e00000, 0x0000000770e00000|100%| E|CS|TAMS 0x0000000770c00000| PB 0x0000000770c00000| Complete 
| 903|0x0000000770e00000, 0x0000000771000000, 0x0000000771000000|100%| E|CS|TAMS 0x0000000770e00000| PB 0x0000000770e00000| Complete 
| 904|0x0000000771000000, 0x0000000771200000, 0x0000000771200000|100%| E|CS|TAMS 0x0000000771000000| PB 0x0000000771000000| Complete 
| 905|0x0000000771200000, 0x0000000771400000, 0x0000000771400000|100%| E|CS|TAMS 0x0000000771200000| PB 0x0000000771200000| Complete 
| 906|0x0000000771400000, 0x0000000771600000, 0x0000000771600000|100%| E|CS|TAMS 0x0000000771400000| PB 0x0000000771400000| Complete 
| 907|0x0000000771600000, 0x0000000771800000, 0x0000000771800000|100%| E|CS|TAMS 0x0000000771600000| PB 0x0000000771600000| Complete 
| 908|0x0000000771800000, 0x0000000771a00000, 0x0000000771a00000|100%| E|CS|TAMS 0x0000000771800000| PB 0x0000000771800000| Complete 
| 909|0x0000000771a00000, 0x0000000771c00000, 0x0000000771c00000|100%| E|CS|TAMS 0x0000000771a00000| PB 0x0000000771a00000| Complete 
| 910|0x0000000771c00000, 0x0000000771e00000, 0x0000000771e00000|100%| E|CS|TAMS 0x0000000771c00000| PB 0x0000000771c00000| Complete 
| 911|0x0000000771e00000, 0x0000000772000000, 0x0000000772000000|100%| E|CS|TAMS 0x0000000771e00000| PB 0x0000000771e00000| Complete 
| 912|0x0000000772000000, 0x0000000772200000, 0x0000000772200000|100%| E|CS|TAMS 0x0000000772000000| PB 0x0000000772000000| Complete 
| 913|0x0000000772200000, 0x0000000772400000, 0x0000000772400000|100%| E|CS|TAMS 0x0000000772200000| PB 0x0000000772200000| Complete 
| 914|0x0000000772400000, 0x0000000772600000, 0x0000000772600000|100%| E|CS|TAMS 0x0000000772400000| PB 0x0000000772400000| Complete 
| 915|0x0000000772600000, 0x0000000772800000, 0x0000000772800000|100%| E|CS|TAMS 0x0000000772600000| PB 0x0000000772600000| Complete 
| 916|0x0000000772800000, 0x0000000772a00000, 0x0000000772a00000|100%| E|CS|TAMS 0x0000000772800000| PB 0x0000000772800000| Complete 
| 917|0x0000000772a00000, 0x0000000772c00000, 0x0000000772c00000|100%| E|CS|TAMS 0x0000000772a00000| PB 0x0000000772a00000| Complete 
| 918|0x0000000772c00000, 0x0000000772e00000, 0x0000000772e00000|100%| E|CS|TAMS 0x0000000772c00000| PB 0x0000000772c00000| Complete 
| 919|0x0000000772e00000, 0x0000000773000000, 0x0000000773000000|100%| E|CS|TAMS 0x0000000772e00000| PB 0x0000000772e00000| Complete 
| 920|0x0000000773000000, 0x0000000773200000, 0x0000000773200000|100%| E|CS|TAMS 0x0000000773000000| PB 0x0000000773000000| Complete 
| 921|0x0000000773200000, 0x0000000773400000, 0x0000000773400000|100%| E|CS|TAMS 0x0000000773200000| PB 0x0000000773200000| Complete 
| 922|0x0000000773400000, 0x0000000773600000, 0x0000000773600000|100%| E|CS|TAMS 0x0000000773400000| PB 0x0000000773400000| Complete 
| 923|0x0000000773600000, 0x0000000773800000, 0x0000000773800000|100%| E|CS|TAMS 0x0000000773600000| PB 0x0000000773600000| Complete 
| 924|0x0000000773800000, 0x0000000773a00000, 0x0000000773a00000|100%| E|CS|TAMS 0x0000000773800000| PB 0x0000000773800000| Complete 
| 925|0x0000000773a00000, 0x0000000773c00000, 0x0000000773c00000|100%| E|CS|TAMS 0x0000000773a00000| PB 0x0000000773a00000| Complete 
| 926|0x0000000773c00000, 0x0000000773e00000, 0x0000000773e00000|100%| E|CS|TAMS 0x0000000773c00000| PB 0x0000000773c00000| Complete 
| 927|0x0000000773e00000, 0x0000000774000000, 0x0000000774000000|100%| E|CS|TAMS 0x0000000773e00000| PB 0x0000000773e00000| Complete 
| 928|0x0000000774000000, 0x0000000774200000, 0x0000000774200000|100%| E|CS|TAMS 0x0000000774000000| PB 0x0000000774000000| Complete 
| 929|0x0000000774200000, 0x0000000774400000, 0x0000000774400000|100%| E|CS|TAMS 0x0000000774200000| PB 0x0000000774200000| Complete 
| 930|0x0000000774400000, 0x0000000774600000, 0x0000000774600000|100%| E|CS|TAMS 0x0000000774400000| PB 0x0000000774400000| Complete 
| 931|0x0000000774600000, 0x0000000774800000, 0x0000000774800000|100%| E|CS|TAMS 0x0000000774600000| PB 0x0000000774600000| Complete 
| 932|0x0000000774800000, 0x0000000774a00000, 0x0000000774a00000|100%| E|CS|TAMS 0x0000000774800000| PB 0x0000000774800000| Complete 
| 933|0x0000000774a00000, 0x0000000774c00000, 0x0000000774c00000|100%| E|CS|TAMS 0x0000000774a00000| PB 0x0000000774a00000| Complete 
| 934|0x0000000774c00000, 0x0000000774e00000, 0x0000000774e00000|100%| E|CS|TAMS 0x0000000774c00000| PB 0x0000000774c00000| Complete 
| 935|0x0000000774e00000, 0x0000000775000000, 0x0000000775000000|100%| E|CS|TAMS 0x0000000774e00000| PB 0x0000000774e00000| Complete 
| 936|0x0000000775000000, 0x0000000775200000, 0x0000000775200000|100%| E|CS|TAMS 0x0000000775000000| PB 0x0000000775000000| Complete 
| 937|0x0000000775200000, 0x0000000775400000, 0x0000000775400000|100%| E|CS|TAMS 0x0000000775200000| PB 0x0000000775200000| Complete 
| 938|0x0000000775400000, 0x0000000775600000, 0x0000000775600000|100%| E|CS|TAMS 0x0000000775400000| PB 0x0000000775400000| Complete 
| 939|0x0000000775600000, 0x0000000775800000, 0x0000000775800000|100%| E|CS|TAMS 0x0000000775600000| PB 0x0000000775600000| Complete 
| 940|0x0000000775800000, 0x0000000775a00000, 0x0000000775a00000|100%| E|CS|TAMS 0x0000000775800000| PB 0x0000000775800000| Complete 
| 941|0x0000000775a00000, 0x0000000775c00000, 0x0000000775c00000|100%| E|CS|TAMS 0x0000000775a00000| PB 0x0000000775a00000| Complete 
| 942|0x0000000775c00000, 0x0000000775e00000, 0x0000000775e00000|100%| E|CS|TAMS 0x0000000775c00000| PB 0x0000000775c00000| Complete 
| 943|0x0000000775e00000, 0x0000000776000000, 0x0000000776000000|100%| E|CS|TAMS 0x0000000775e00000| PB 0x0000000775e00000| Complete 
| 944|0x0000000776000000, 0x0000000776200000, 0x0000000776200000|100%| E|CS|TAMS 0x0000000776000000| PB 0x0000000776000000| Complete 
| 945|0x0000000776200000, 0x0000000776400000, 0x0000000776400000|100%| E|CS|TAMS 0x0000000776200000| PB 0x0000000776200000| Complete 
| 946|0x0000000776400000, 0x0000000776600000, 0x0000000776600000|100%| E|CS|TAMS 0x0000000776400000| PB 0x0000000776400000| Complete 
| 947|0x0000000776600000, 0x0000000776800000, 0x0000000776800000|100%| E|CS|TAMS 0x0000000776600000| PB 0x0000000776600000| Complete 
| 948|0x0000000776800000, 0x0000000776a00000, 0x0000000776a00000|100%| E|CS|TAMS 0x0000000776800000| PB 0x0000000776800000| Complete 
| 949|0x0000000776a00000, 0x0000000776c00000, 0x0000000776c00000|100%| E|CS|TAMS 0x0000000776a00000| PB 0x0000000776a00000| Complete 
| 950|0x0000000776c00000, 0x0000000776e00000, 0x0000000776e00000|100%| E|CS|TAMS 0x0000000776c00000| PB 0x0000000776c00000| Complete 
| 951|0x0000000776e00000, 0x0000000777000000, 0x0000000777000000|100%| E|CS|TAMS 0x0000000776e00000| PB 0x0000000776e00000| Complete 
| 952|0x0000000777000000, 0x0000000777200000, 0x0000000777200000|100%| E|CS|TAMS 0x0000000777000000| PB 0x0000000777000000| Complete 
| 953|0x0000000777200000, 0x0000000777400000, 0x0000000777400000|100%| E|CS|TAMS 0x0000000777200000| PB 0x0000000777200000| Complete 
| 954|0x0000000777400000, 0x0000000777600000, 0x0000000777600000|100%| E|CS|TAMS 0x0000000777400000| PB 0x0000000777400000| Complete 
| 955|0x0000000777600000, 0x0000000777800000, 0x0000000777800000|100%| E|CS|TAMS 0x0000000777600000| PB 0x0000000777600000| Complete 
| 956|0x0000000777800000, 0x0000000777a00000, 0x0000000777a00000|100%| E|CS|TAMS 0x0000000777800000| PB 0x0000000777800000| Complete 
| 957|0x0000000777a00000, 0x0000000777c00000, 0x0000000777c00000|100%| E|CS|TAMS 0x0000000777a00000| PB 0x0000000777a00000| Complete 
| 958|0x0000000777c00000, 0x0000000777e00000, 0x0000000777e00000|100%| E|CS|TAMS 0x0000000777c00000| PB 0x0000000777c00000| Complete 
| 959|0x0000000777e00000, 0x0000000778000000, 0x0000000778000000|100%| E|CS|TAMS 0x0000000777e00000| PB 0x0000000777e00000| Complete 
| 960|0x0000000778000000, 0x0000000778200000, 0x0000000778200000|100%| E|CS|TAMS 0x0000000778000000| PB 0x0000000778000000| Complete 
| 961|0x0000000778200000, 0x0000000778400000, 0x0000000778400000|100%| E|CS|TAMS 0x0000000778200000| PB 0x0000000778200000| Complete 
| 962|0x0000000778400000, 0x0000000778600000, 0x0000000778600000|100%| E|CS|TAMS 0x0000000778400000| PB 0x0000000778400000| Complete 
| 963|0x0000000778600000, 0x0000000778800000, 0x0000000778800000|100%| E|CS|TAMS 0x0000000778600000| PB 0x0000000778600000| Complete 
| 964|0x0000000778800000, 0x0000000778a00000, 0x0000000778a00000|100%| E|CS|TAMS 0x0000000778800000| PB 0x0000000778800000| Complete 
| 965|0x0000000778a00000, 0x0000000778c00000, 0x0000000778c00000|100%| E|CS|TAMS 0x0000000778a00000| PB 0x0000000778a00000| Complete 
| 966|0x0000000778c00000, 0x0000000778e00000, 0x0000000778e00000|100%| E|CS|TAMS 0x0000000778c00000| PB 0x0000000778c00000| Complete 
| 967|0x0000000778e00000, 0x0000000779000000, 0x0000000779000000|100%| E|CS|TAMS 0x0000000778e00000| PB 0x0000000778e00000| Complete 
| 968|0x0000000779000000, 0x0000000779200000, 0x0000000779200000|100%| E|CS|TAMS 0x0000000779000000| PB 0x0000000779000000| Complete 
| 969|0x0000000779200000, 0x0000000779400000, 0x0000000779400000|100%| E|CS|TAMS 0x0000000779200000| PB 0x0000000779200000| Complete 
| 970|0x0000000779400000, 0x0000000779600000, 0x0000000779600000|100%| E|CS|TAMS 0x0000000779400000| PB 0x0000000779400000| Complete 
| 971|0x0000000779600000, 0x0000000779800000, 0x0000000779800000|100%| E|CS|TAMS 0x0000000779600000| PB 0x0000000779600000| Complete 
| 972|0x0000000779800000, 0x0000000779a00000, 0x0000000779a00000|100%| E|CS|TAMS 0x0000000779800000| PB 0x0000000779800000| Complete 
| 973|0x0000000779a00000, 0x0000000779c00000, 0x0000000779c00000|100%| E|CS|TAMS 0x0000000779a00000| PB 0x0000000779a00000| Complete 
| 974|0x0000000779c00000, 0x0000000779e00000, 0x0000000779e00000|100%| E|CS|TAMS 0x0000000779c00000| PB 0x0000000779c00000| Complete 
| 975|0x0000000779e00000, 0x000000077a000000, 0x000000077a000000|100%| E|CS|TAMS 0x0000000779e00000| PB 0x0000000779e00000| Complete 
| 976|0x000000077a000000, 0x000000077a200000, 0x000000077a200000|100%| E|CS|TAMS 0x000000077a000000| PB 0x000000077a000000| Complete 
| 977|0x000000077a200000, 0x000000077a400000, 0x000000077a400000|100%| E|CS|TAMS 0x000000077a200000| PB 0x000000077a200000| Complete 
| 978|0x000000077a400000, 0x000000077a600000, 0x000000077a600000|100%| E|CS|TAMS 0x000000077a400000| PB 0x000000077a400000| Complete 
| 979|0x000000077a600000, 0x000000077a800000, 0x000000077a800000|100%| E|CS|TAMS 0x000000077a600000| PB 0x000000077a600000| Complete 
| 980|0x000000077a800000, 0x000000077aa00000, 0x000000077aa00000|100%| E|CS|TAMS 0x000000077a800000| PB 0x000000077a800000| Complete 
| 981|0x000000077aa00000, 0x000000077ac00000, 0x000000077ac00000|100%| E|CS|TAMS 0x000000077aa00000| PB 0x000000077aa00000| Complete 
| 982|0x000000077ac00000, 0x000000077ae00000, 0x000000077ae00000|100%| E|CS|TAMS 0x000000077ac00000| PB 0x000000077ac00000| Complete 
| 983|0x000000077ae00000, 0x000000077b000000, 0x000000077b000000|100%| E|CS|TAMS 0x000000077ae00000| PB 0x000000077ae00000| Complete 
| 984|0x000000077b000000, 0x000000077b200000, 0x000000077b200000|100%| E|CS|TAMS 0x000000077b000000| PB 0x000000077b000000| Complete 
| 985|0x000000077b200000, 0x000000077b400000, 0x000000077b400000|100%| E|CS|TAMS 0x000000077b200000| PB 0x000000077b200000| Complete 
| 986|0x000000077b400000, 0x000000077b600000, 0x000000077b600000|100%| E|CS|TAMS 0x000000077b400000| PB 0x000000077b400000| Complete 
| 987|0x000000077b600000, 0x000000077b800000, 0x000000077b800000|100%| E|CS|TAMS 0x000000077b600000| PB 0x000000077b600000| Complete 
| 988|0x000000077b800000, 0x000000077ba00000, 0x000000077ba00000|100%| E|CS|TAMS 0x000000077b800000| PB 0x000000077b800000| Complete 
| 989|0x000000077ba00000, 0x000000077bc00000, 0x000000077bc00000|100%| E|CS|TAMS 0x000000077ba00000| PB 0x000000077ba00000| Complete 
| 990|0x000000077bc00000, 0x000000077be00000, 0x000000077be00000|100%| E|CS|TAMS 0x000000077bc00000| PB 0x000000077bc00000| Complete 
| 991|0x000000077be00000, 0x000000077c000000, 0x000000077c000000|100%| E|CS|TAMS 0x000000077be00000| PB 0x000000077be00000| Complete 
| 992|0x000000077c000000, 0x000000077c200000, 0x000000077c200000|100%| E|CS|TAMS 0x000000077c000000| PB 0x000000077c000000| Complete 
| 993|0x000000077c200000, 0x000000077c400000, 0x000000077c400000|100%| E|CS|TAMS 0x000000077c200000| PB 0x000000077c200000| Complete 
| 994|0x000000077c400000, 0x000000077c600000, 0x000000077c600000|100%| E|CS|TAMS 0x000000077c400000| PB 0x000000077c400000| Complete 
| 995|0x000000077c600000, 0x000000077c800000, 0x000000077c800000|100%| E|CS|TAMS 0x000000077c600000| PB 0x000000077c600000| Complete 
| 996|0x000000077c800000, 0x000000077ca00000, 0x000000077ca00000|100%| E|CS|TAMS 0x000000077c800000| PB 0x000000077c800000| Complete 
| 997|0x000000077ca00000, 0x000000077cc00000, 0x000000077cc00000|100%| E|CS|TAMS 0x000000077ca00000| PB 0x000000077ca00000| Complete 
| 998|0x000000077cc00000, 0x000000077ce00000, 0x000000077ce00000|100%| E|CS|TAMS 0x000000077cc00000| PB 0x000000077cc00000| Complete 
| 999|0x000000077ce00000, 0x000000077d000000, 0x000000077d000000|100%| E|CS|TAMS 0x000000077ce00000| PB 0x000000077ce00000| Complete 
|1000|0x000000077d000000, 0x000000077d200000, 0x000000077d200000|100%| E|CS|TAMS 0x000000077d000000| PB 0x000000077d000000| Complete 
|1001|0x000000077d200000, 0x000000077d400000, 0x000000077d400000|100%| E|CS|TAMS 0x000000077d200000| PB 0x000000077d200000| Complete 
|1002|0x000000077d400000, 0x000000077d600000, 0x000000077d600000|100%| E|CS|TAMS 0x000000077d400000| PB 0x000000077d400000| Complete 
|1003|0x000000077d600000, 0x000000077d800000, 0x000000077d800000|100%| E|CS|TAMS 0x000000077d600000| PB 0x000000077d600000| Complete 
|1004|0x000000077d800000, 0x000000077da00000, 0x000000077da00000|100%| E|CS|TAMS 0x000000077d800000| PB 0x000000077d800000| Complete 
|1005|0x000000077da00000, 0x000000077dc00000, 0x000000077dc00000|100%| E|CS|TAMS 0x000000077da00000| PB 0x000000077da00000| Complete 
|1006|0x000000077dc00000, 0x000000077de00000, 0x000000077de00000|100%| E|CS|TAMS 0x000000077dc00000| PB 0x000000077dc00000| Complete 
|1007|0x000000077de00000, 0x000000077e000000, 0x000000077e000000|100%| E|CS|TAMS 0x000000077de00000| PB 0x000000077de00000| Complete 
|1008|0x000000077e000000, 0x000000077e200000, 0x000000077e200000|100%| E|CS|TAMS 0x000000077e000000| PB 0x000000077e000000| Complete 
|1009|0x000000077e200000, 0x000000077e400000, 0x000000077e400000|100%| E|CS|TAMS 0x000000077e200000| PB 0x000000077e200000| Complete 
|1010|0x000000077e400000, 0x000000077e600000, 0x000000077e600000|100%| E|CS|TAMS 0x000000077e400000| PB 0x000000077e400000| Complete 
|1011|0x000000077e600000, 0x000000077e800000, 0x000000077e800000|100%| E|CS|TAMS 0x000000077e600000| PB 0x000000077e600000| Complete 
|1012|0x000000077e800000, 0x000000077ea00000, 0x000000077ea00000|100%| E|CS|TAMS 0x000000077e800000| PB 0x000000077e800000| Complete 
|1013|0x000000077ea00000, 0x000000077ec00000, 0x000000077ec00000|100%| E|CS|TAMS 0x000000077ea00000| PB 0x000000077ea00000| Complete 
|1014|0x000000077ec00000, 0x000000077ee00000, 0x000000077ee00000|100%| E|CS|TAMS 0x000000077ec00000| PB 0x000000077ec00000| Complete 
|1015|0x000000077ee00000, 0x000000077f000000, 0x000000077f000000|100%| E|CS|TAMS 0x000000077ee00000| PB 0x000000077ee00000| Complete 
|1016|0x000000077f000000, 0x000000077f200000, 0x000000077f200000|100%| E|CS|TAMS 0x000000077f000000| PB 0x000000077f000000| Complete 
|1017|0x000000077f200000, 0x000000077f400000, 0x000000077f400000|100%| E|CS|TAMS 0x000000077f200000| PB 0x000000077f200000| Complete 
|1018|0x000000077f400000, 0x000000077f600000, 0x000000077f600000|100%| E|CS|TAMS 0x000000077f400000| PB 0x000000077f400000| Complete 
|1019|0x000000077f600000, 0x000000077f800000, 0x000000077f800000|100%| E|CS|TAMS 0x000000077f600000| PB 0x000000077f600000| Complete 
|1020|0x000000077f800000, 0x000000077fa00000, 0x000000077fa00000|100%| E|CS|TAMS 0x000000077f800000| PB 0x000000077f800000| Complete 
|1021|0x000000077fa00000, 0x000000077fc00000, 0x000000077fc00000|100%| E|CS|TAMS 0x000000077fa00000| PB 0x000000077fa00000| Complete 
|1022|0x000000077fc00000, 0x000000077fe00000, 0x000000077fe00000|100%| E|CS|TAMS 0x000000077fc00000| PB 0x000000077fc00000| Complete 
|1023|0x000000077fe00000, 0x0000000780000000, 0x0000000780000000|100%| E|CS|TAMS 0x000000077fe00000| PB 0x000000077fe00000| Complete 
|1024|0x0000000780000000, 0x0000000780200000, 0x0000000780200000|100%| E|CS|TAMS 0x0000000780000000| PB 0x0000000780000000| Complete 
|1025|0x0000000780200000, 0x0000000780400000, 0x0000000780400000|100%| E|CS|TAMS 0x0000000780200000| PB 0x0000000780200000| Complete 
|1026|0x0000000780400000, 0x0000000780600000, 0x0000000780600000|100%| E|CS|TAMS 0x0000000780400000| PB 0x0000000780400000| Complete 
|1027|0x0000000780600000, 0x0000000780800000, 0x0000000780800000|100%| E|CS|TAMS 0x0000000780600000| PB 0x0000000780600000| Complete 
|1028|0x0000000780800000, 0x0000000780a00000, 0x0000000780a00000|100%| E|CS|TAMS 0x0000000780800000| PB 0x0000000780800000| Complete 
|1029|0x0000000780a00000, 0x0000000780c00000, 0x0000000780c00000|100%| E|CS|TAMS 0x0000000780a00000| PB 0x0000000780a00000| Complete 
|1030|0x0000000780c00000, 0x0000000780e00000, 0x0000000780e00000|100%| E|CS|TAMS 0x0000000780c00000| PB 0x0000000780c00000| Complete 
|1031|0x0000000780e00000, 0x0000000781000000, 0x0000000781000000|100%| E|CS|TAMS 0x0000000780e00000| PB 0x0000000780e00000| Complete 
|1032|0x0000000781000000, 0x0000000781200000, 0x0000000781200000|100%| E|CS|TAMS 0x0000000781000000| PB 0x0000000781000000| Complete 
|1033|0x0000000781200000, 0x0000000781400000, 0x0000000781400000|100%| E|CS|TAMS 0x0000000781200000| PB 0x0000000781200000| Complete 
|1034|0x0000000781400000, 0x0000000781600000, 0x0000000781600000|100%| E|CS|TAMS 0x0000000781400000| PB 0x0000000781400000| Complete 
|1035|0x0000000781600000, 0x0000000781800000, 0x0000000781800000|100%| E|CS|TAMS 0x0000000781600000| PB 0x0000000781600000| Complete 
|1036|0x0000000781800000, 0x0000000781a00000, 0x0000000781a00000|100%| E|CS|TAMS 0x0000000781800000| PB 0x0000000781800000| Complete 
|1037|0x0000000781a00000, 0x0000000781c00000, 0x0000000781c00000|100%| E|CS|TAMS 0x0000000781a00000| PB 0x0000000781a00000| Complete 
|1038|0x0000000781c00000, 0x0000000781e00000, 0x0000000781e00000|100%| E|CS|TAMS 0x0000000781c00000| PB 0x0000000781c00000| Complete 
|1039|0x0000000781e00000, 0x0000000782000000, 0x0000000782000000|100%| E|CS|TAMS 0x0000000781e00000| PB 0x0000000781e00000| Complete 
|1040|0x0000000782000000, 0x0000000782200000, 0x0000000782200000|100%| E|CS|TAMS 0x0000000782000000| PB 0x0000000782000000| Complete 
|1041|0x0000000782200000, 0x0000000782400000, 0x0000000782400000|100%| E|CS|TAMS 0x0000000782200000| PB 0x0000000782200000| Complete 
|1042|0x0000000782400000, 0x0000000782600000, 0x0000000782600000|100%| E|CS|TAMS 0x0000000782400000| PB 0x0000000782400000| Complete 
|1043|0x0000000782600000, 0x0000000782800000, 0x0000000782800000|100%| E|CS|TAMS 0x0000000782600000| PB 0x0000000782600000| Complete 
|1044|0x0000000782800000, 0x0000000782a00000, 0x0000000782a00000|100%| E|CS|TAMS 0x0000000782800000| PB 0x0000000782800000| Complete 
|1045|0x0000000782a00000, 0x0000000782c00000, 0x0000000782c00000|100%| E|CS|TAMS 0x0000000782a00000| PB 0x0000000782a00000| Complete 
|1046|0x0000000782c00000, 0x0000000782e00000, 0x0000000782e00000|100%| E|CS|TAMS 0x0000000782c00000| PB 0x0000000782c00000| Complete 
|1047|0x0000000782e00000, 0x0000000783000000, 0x0000000783000000|100%| E|CS|TAMS 0x0000000782e00000| PB 0x0000000782e00000| Complete 
|1048|0x0000000783000000, 0x0000000783200000, 0x0000000783200000|100%| E|CS|TAMS 0x0000000783000000| PB 0x0000000783000000| Complete 
|1049|0x0000000783200000, 0x0000000783400000, 0x0000000783400000|100%| E|CS|TAMS 0x0000000783200000| PB 0x0000000783200000| Complete 
|1050|0x0000000783400000, 0x0000000783600000, 0x0000000783600000|100%| E|CS|TAMS 0x0000000783400000| PB 0x0000000783400000| Complete 
|1051|0x0000000783600000, 0x0000000783800000, 0x0000000783800000|100%| E|CS|TAMS 0x0000000783600000| PB 0x0000000783600000| Complete 
|1052|0x0000000783800000, 0x0000000783a00000, 0x0000000783a00000|100%| E|CS|TAMS 0x0000000783800000| PB 0x0000000783800000| Complete 
|1053|0x0000000783a00000, 0x0000000783c00000, 0x0000000783c00000|100%| E|CS|TAMS 0x0000000783a00000| PB 0x0000000783a00000| Complete 
|1054|0x0000000783c00000, 0x0000000783e00000, 0x0000000783e00000|100%| E|CS|TAMS 0x0000000783c00000| PB 0x0000000783c00000| Complete 
|1055|0x0000000783e00000, 0x0000000784000000, 0x0000000784000000|100%| E|CS|TAMS 0x0000000783e00000| PB 0x0000000783e00000| Complete 
|1056|0x0000000784000000, 0x0000000784200000, 0x0000000784200000|100%| E|CS|TAMS 0x0000000784000000| PB 0x0000000784000000| Complete 
|1057|0x0000000784200000, 0x0000000784400000, 0x0000000784400000|100%| E|CS|TAMS 0x0000000784200000| PB 0x0000000784200000| Complete 
|1058|0x0000000784400000, 0x0000000784600000, 0x0000000784600000|100%| E|CS|TAMS 0x0000000784400000| PB 0x0000000784400000| Complete 
|1059|0x0000000784600000, 0x0000000784800000, 0x0000000784800000|100%| E|CS|TAMS 0x0000000784600000| PB 0x0000000784600000| Complete 
|1060|0x0000000784800000, 0x0000000784a00000, 0x0000000784a00000|100%| E|CS|TAMS 0x0000000784800000| PB 0x0000000784800000| Complete 
|1061|0x0000000784a00000, 0x0000000784c00000, 0x0000000784c00000|100%| E|CS|TAMS 0x0000000784a00000| PB 0x0000000784a00000| Complete 
|1062|0x0000000784c00000, 0x0000000784e00000, 0x0000000784e00000|100%| E|CS|TAMS 0x0000000784c00000| PB 0x0000000784c00000| Complete 
|1063|0x0000000784e00000, 0x0000000785000000, 0x0000000785000000|100%| E|CS|TAMS 0x0000000784e00000| PB 0x0000000784e00000| Complete 
|1064|0x0000000785000000, 0x0000000785200000, 0x0000000785200000|100%| E|CS|TAMS 0x0000000785000000| PB 0x0000000785000000| Complete 
|1065|0x0000000785200000, 0x0000000785400000, 0x0000000785400000|100%| E|CS|TAMS 0x0000000785200000| PB 0x0000000785200000| Complete 
|1066|0x0000000785400000, 0x0000000785600000, 0x0000000785600000|100%| E|CS|TAMS 0x0000000785400000| PB 0x0000000785400000| Complete 
|1067|0x0000000785600000, 0x0000000785800000, 0x0000000785800000|100%| E|CS|TAMS 0x0000000785600000| PB 0x0000000785600000| Complete 
|1068|0x0000000785800000, 0x0000000785a00000, 0x0000000785a00000|100%| E|CS|TAMS 0x0000000785800000| PB 0x0000000785800000| Complete 
|1069|0x0000000785a00000, 0x0000000785c00000, 0x0000000785c00000|100%| E|CS|TAMS 0x0000000785a00000| PB 0x0000000785a00000| Complete 
|1070|0x0000000785c00000, 0x0000000785e00000, 0x0000000785e00000|100%| E|CS|TAMS 0x0000000785c00000| PB 0x0000000785c00000| Complete 
|1071|0x0000000785e00000, 0x0000000786000000, 0x0000000786000000|100%| E|CS|TAMS 0x0000000785e00000| PB 0x0000000785e00000| Complete 
|1072|0x0000000786000000, 0x0000000786200000, 0x0000000786200000|100%| E|CS|TAMS 0x0000000786000000| PB 0x0000000786000000| Complete 
|1073|0x0000000786200000, 0x0000000786400000, 0x0000000786400000|100%| E|CS|TAMS 0x0000000786200000| PB 0x0000000786200000| Complete 
|1074|0x0000000786400000, 0x0000000786600000, 0x0000000786600000|100%| E|CS|TAMS 0x0000000786400000| PB 0x0000000786400000| Complete 
|1075|0x0000000786600000, 0x0000000786800000, 0x0000000786800000|100%| E|CS|TAMS 0x0000000786600000| PB 0x0000000786600000| Complete 
|1076|0x0000000786800000, 0x0000000786a00000, 0x0000000786a00000|100%| E|CS|TAMS 0x0000000786800000| PB 0x0000000786800000| Complete 
|1077|0x0000000786a00000, 0x0000000786c00000, 0x0000000786c00000|100%| E|CS|TAMS 0x0000000786a00000| PB 0x0000000786a00000| Complete 
|1078|0x0000000786c00000, 0x0000000786e00000, 0x0000000786e00000|100%| E|CS|TAMS 0x0000000786c00000| PB 0x0000000786c00000| Complete 
|1079|0x0000000786e00000, 0x0000000787000000, 0x0000000787000000|100%| E|CS|TAMS 0x0000000786e00000| PB 0x0000000786e00000| Complete 
|1080|0x0000000787000000, 0x0000000787200000, 0x0000000787200000|100%| E|CS|TAMS 0x0000000787000000| PB 0x0000000787000000| Complete 
|1081|0x0000000787200000, 0x0000000787400000, 0x0000000787400000|100%| E|CS|TAMS 0x0000000787200000| PB 0x0000000787200000| Complete 
|1963|0x00000007f5600000, 0x00000007f5800000, 0x00000007f5800000|100%| E|CS|TAMS 0x00000007f5600000| PB 0x00000007f5600000| Complete 
|1964|0x00000007f5800000, 0x00000007f5a00000, 0x00000007f5a00000|100%| E|CS|TAMS 0x00000007f5800000| PB 0x00000007f5800000| Complete 
|1965|0x00000007f5a00000, 0x00000007f5c00000, 0x00000007f5c00000|100%| E|CS|TAMS 0x00000007f5a00000| PB 0x00000007f5a00000| Complete 
|1966|0x00000007f5c00000, 0x00000007f5e00000, 0x00000007f5e00000|100%| O|  |TAMS 0x00000007f5e00000| PB 0x00000007f5e00000| Updating 
|1967|0x00000007f5e00000, 0x00000007f6000000, 0x00000007f6000000|100%| O|  |TAMS 0x00000007f6000000| PB 0x00000007f6000000| Updating 
|1968|0x00000007f6000000, 0x00000007f6200000, 0x00000007f6200000|100%| O|  |TAMS 0x00000007f6200000| PB 0x00000007f6200000| Updating 
|1969|0x00000007f6200000, 0x00000007f6400000, 0x00000007f6400000|100%| O|  |TAMS 0x00000007f6400000| PB 0x00000007f6400000| Updating 
|1970|0x00000007f6400000, 0x00000007f6600000, 0x00000007f6600000|100%| O|  |TAMS 0x00000007f6600000| PB 0x00000007f6600000| Updating 
|1971|0x00000007f6600000, 0x00000007f6800000, 0x00000007f6800000|100%| O|  |TAMS 0x00000007f6800000| PB 0x00000007f6800000| Updating 
|1972|0x00000007f6800000, 0x00000007f6a00000, 0x00000007f6a00000|100%| O|  |TAMS 0x00000007f6a00000| PB 0x00000007f6a00000| Updating 
|1973|0x00000007f6a00000, 0x00000007f6c00000, 0x00000007f6c00000|100%| E|CS|TAMS 0x00000007f6a00000| PB 0x00000007f6a00000| Complete 
|1974|0x00000007f6c00000, 0x00000007f6e00000, 0x00000007f6e00000|100%| E|CS|TAMS 0x00000007f6c00000| PB 0x00000007f6c00000| Complete 
|1975|0x00000007f6e00000, 0x00000007f7000000, 0x00000007f7000000|100%| E|CS|TAMS 0x00000007f6e00000| PB 0x00000007f6e00000| Complete 
|1976|0x00000007f7000000, 0x00000007f7200000, 0x00000007f7200000|100%| E|CS|TAMS 0x00000007f7000000| PB 0x00000007f7000000| Complete 
|1977|0x00000007f7200000, 0x00000007f7400000, 0x00000007f7400000|100%| O|  |TAMS 0x00000007f7400000| PB 0x00000007f7400000| Updating 
|1978|0x00000007f7400000, 0x00000007f7600000, 0x00000007f7600000|100%| O|  |TAMS 0x00000007f7600000| PB 0x00000007f7600000| Untracked 
|1979|0x00000007f7600000, 0x00000007f7800000, 0x00000007f7800000|100%| O|  |TAMS 0x00000007f7800000| PB 0x00000007f7800000| Untracked 
|1980|0x00000007f7800000, 0x00000007f7a00000, 0x00000007f7a00000|100%| O|  |TAMS 0x00000007f7a00000| PB 0x00000007f7a00000| Untracked 
|1981|0x00000007f7a00000, 0x00000007f7c00000, 0x00000007f7c00000|100%| E|CS|TAMS 0x00000007f7a00000| PB 0x00000007f7a00000| Complete 
|1982|0x00000007f7c00000, 0x00000007f7e00000, 0x00000007f7e00000|100%| E|CS|TAMS 0x00000007f7c00000| PB 0x00000007f7c00000| Complete 
|1983|0x00000007f7e00000, 0x00000007f8000000, 0x00000007f8000000|100%| E|CS|TAMS 0x00000007f7e00000| PB 0x00000007f7e00000| Complete 
|1984|0x00000007f8000000, 0x00000007f8200000, 0x00000007f8200000|100%| E|CS|TAMS 0x00000007f8000000| PB 0x00000007f8000000| Complete 
|1985|0x00000007f8200000, 0x00000007f8400000, 0x00000007f8400000|100%| E|CS|TAMS 0x00000007f8200000| PB 0x00000007f8200000| Complete 
|1986|0x00000007f8400000, 0x00000007f8600000, 0x00000007f8600000|100%| E|CS|TAMS 0x00000007f8400000| PB 0x00000007f8400000| Complete 
|1987|0x00000007f8600000, 0x00000007f8800000, 0x00000007f8800000|100%| E|CS|TAMS 0x00000007f8600000| PB 0x00000007f8600000| Complete 
|1988|0x00000007f8800000, 0x00000007f8a00000, 0x00000007f8a00000|100%| E|CS|TAMS 0x00000007f8800000| PB 0x00000007f8800000| Complete 
|1989|0x00000007f8a00000, 0x00000007f8c00000, 0x00000007f8c00000|100%| E|CS|TAMS 0x00000007f8a00000| PB 0x00000007f8a00000| Complete 
|1990|0x00000007f8c00000, 0x00000007f8e00000, 0x00000007f8e00000|100%| E|CS|TAMS 0x00000007f8c00000| PB 0x00000007f8c00000| Complete 
|1991|0x00000007f8e00000, 0x00000007f9000000, 0x00000007f9000000|100%| E|CS|TAMS 0x00000007f8e00000| PB 0x00000007f8e00000| Complete 
|1992|0x00000007f9000000, 0x00000007f9200000, 0x00000007f9200000|100%| E|CS|TAMS 0x00000007f9000000| PB 0x00000007f9000000| Complete 
|1993|0x00000007f9200000, 0x00000007f9400000, 0x00000007f9400000|100%| E|CS|TAMS 0x00000007f9200000| PB 0x00000007f9200000| Complete 
|1994|0x00000007f9400000, 0x00000007f9600000, 0x00000007f9600000|100%| E|CS|TAMS 0x00000007f9400000| PB 0x00000007f9400000| Complete 
|1995|0x00000007f9600000, 0x00000007f9800000, 0x00000007f9800000|100%| E|CS|TAMS 0x00000007f9600000| PB 0x00000007f9600000| Complete 
|1996|0x00000007f9800000, 0x00000007f9a00000, 0x00000007f9a00000|100%| O|  |TAMS 0x00000007f9a00000| PB 0x00000007f9a00000| Updating 
|1997|0x00000007f9a00000, 0x00000007f9c00000, 0x00000007f9c00000|100%| O|  |TAMS 0x00000007f9c00000| PB 0x00000007f9c00000| Updating 
|1998|0x00000007f9c00000, 0x00000007f9e00000, 0x00000007f9e00000|100%| E|CS|TAMS 0x00000007f9c00000| PB 0x00000007f9c00000| Complete 
|1999|0x00000007f9e00000, 0x00000007fa000000, 0x00000007fa000000|100%| O|  |TAMS 0x00000007fa000000| PB 0x00000007fa000000| Updating 
|2000|0x00000007fa000000, 0x00000007fa200000, 0x00000007fa200000|100%| E|CS|TAMS 0x00000007fa000000| PB 0x00000007fa000000| Complete 
|2001|0x00000007fa200000, 0x00000007fa400000, 0x00000007fa400000|100%| E|CS|TAMS 0x00000007fa200000| PB 0x00000007fa200000| Complete 
|2002|0x00000007fa400000, 0x00000007fa600000, 0x00000007fa600000|100%| E|CS|TAMS 0x00000007fa400000| PB 0x00000007fa400000| Complete 
|2003|0x00000007fa600000, 0x00000007fa800000, 0x00000007fa800000|100%| E|CS|TAMS 0x00000007fa600000| PB 0x00000007fa600000| Complete 
|2004|0x00000007fa800000, 0x00000007faa00000, 0x00000007faa00000|100%| E|CS|TAMS 0x00000007fa800000| PB 0x00000007fa800000| Complete 
|2005|0x00000007faa00000, 0x00000007fac00000, 0x00000007fac00000|100%| E|CS|TAMS 0x00000007faa00000| PB 0x00000007faa00000| Complete 
|2006|0x00000007fac00000, 0x00000007fae00000, 0x00000007fae00000|100%| E|CS|TAMS 0x00000007fac00000| PB 0x00000007fac00000| Complete 
|2007|0x00000007fae00000, 0x00000007fb000000, 0x00000007fb000000|100%| E|CS|TAMS 0x00000007fae00000| PB 0x00000007fae00000| Complete 
|2008|0x00000007fb000000, 0x00000007fb200000, 0x00000007fb200000|100%| E|CS|TAMS 0x00000007fb000000| PB 0x00000007fb000000| Complete 
|2009|0x00000007fb200000, 0x00000007fb400000, 0x00000007fb400000|100%| E|CS|TAMS 0x00000007fb200000| PB 0x00000007fb200000| Complete 
|2010|0x00000007fb400000, 0x00000007fb600000, 0x00000007fb600000|100%| E|CS|TAMS 0x00000007fb400000| PB 0x00000007fb400000| Complete 
|2011|0x00000007fb600000, 0x00000007fb800000, 0x00000007fb800000|100%| E|CS|TAMS 0x00000007fb600000| PB 0x00000007fb600000| Complete 
|2012|0x00000007fb800000, 0x00000007fba00000, 0x00000007fba00000|100%| E|CS|TAMS 0x00000007fb800000| PB 0x00000007fb800000| Complete 
|2013|0x00000007fba00000, 0x00000007fbc00000, 0x00000007fbc00000|100%| E|CS|TAMS 0x00000007fba00000| PB 0x00000007fba00000| Complete 
|2014|0x00000007fbc00000, 0x00000007fbe00000, 0x00000007fbe00000|100%| E|CS|TAMS 0x00000007fbc00000| PB 0x00000007fbc00000| Complete 
|2015|0x00000007fbe00000, 0x00000007fc000000, 0x00000007fc000000|100%| E|CS|TAMS 0x00000007fbe00000| PB 0x00000007fbe00000| Complete 
|2016|0x00000007fc000000, 0x00000007fc200000, 0x00000007fc200000|100%| E|CS|TAMS 0x00000007fc000000| PB 0x00000007fc000000| Complete 
|2017|0x00000007fc200000, 0x00000007fc400000, 0x00000007fc400000|100%| E|CS|TAMS 0x00000007fc200000| PB 0x00000007fc200000| Complete 
|2018|0x00000007fc400000, 0x00000007fc600000, 0x00000007fc600000|100%| E|CS|TAMS 0x00000007fc400000| PB 0x00000007fc400000| Complete 
|2019|0x00000007fc600000, 0x00000007fc800000, 0x00000007fc800000|100%| E|CS|TAMS 0x00000007fc600000| PB 0x00000007fc600000| Complete 
|2020|0x00000007fc800000, 0x00000007fca00000, 0x00000007fca00000|100%| E|CS|TAMS 0x00000007fc800000| PB 0x00000007fc800000| Complete 
|2021|0x00000007fca00000, 0x00000007fcc00000, 0x00000007fcc00000|100%| E|CS|TAMS 0x00000007fca00000| PB 0x00000007fca00000| Complete 
|2022|0x00000007fcc00000, 0x00000007fce00000, 0x00000007fce00000|100%| E|CS|TAMS 0x00000007fcc00000| PB 0x00000007fcc00000| Complete 
|2023|0x00000007fce00000, 0x00000007fd000000, 0x00000007fd000000|100%| E|CS|TAMS 0x00000007fce00000| PB 0x00000007fce00000| Complete 
|2024|0x00000007fd000000, 0x00000007fd200000, 0x00000007fd200000|100%| E|CS|TAMS 0x00000007fd000000| PB 0x00000007fd000000| Complete 
|2025|0x00000007fd200000, 0x00000007fd400000, 0x00000007fd400000|100%| E|CS|TAMS 0x00000007fd200000| PB 0x00000007fd200000| Complete 
|2026|0x00000007fd400000, 0x00000007fd600000, 0x00000007fd600000|100%| E|CS|TAMS 0x00000007fd400000| PB 0x00000007fd400000| Complete 
|2027|0x00000007fd600000, 0x00000007fd800000, 0x00000007fd800000|100%| E|CS|TAMS 0x00000007fd600000| PB 0x00000007fd600000| Complete 
|2028|0x00000007fd800000, 0x00000007fda00000, 0x00000007fda00000|100%| E|CS|TAMS 0x00000007fd800000| PB 0x00000007fd800000| Complete 
|2029|0x00000007fda00000, 0x00000007fdc00000, 0x00000007fdc00000|100%| E|CS|TAMS 0x00000007fda00000| PB 0x00000007fda00000| Complete 
|2030|0x00000007fdc00000, 0x00000007fde00000, 0x00000007fde00000|100%| E|CS|TAMS 0x00000007fdc00000| PB 0x00000007fdc00000| Complete 
|2031|0x00000007fde00000, 0x00000007fe000000, 0x00000007fe000000|100%| E|CS|TAMS 0x00000007fde00000| PB 0x00000007fde00000| Complete 
|2032|0x00000007fe000000, 0x00000007fe200000, 0x00000007fe200000|100%| E|CS|TAMS 0x00000007fe000000| PB 0x00000007fe000000| Complete 
|2033|0x00000007fe200000, 0x00000007fe400000, 0x00000007fe400000|100%| E|CS|TAMS 0x00000007fe200000| PB 0x00000007fe200000| Complete 
|2034|0x00000007fe400000, 0x00000007fe600000, 0x00000007fe600000|100%| E|CS|TAMS 0x00000007fe400000| PB 0x00000007fe400000| Complete 
|2035|0x00000007fe600000, 0x00000007fe800000, 0x00000007fe800000|100%| E|CS|TAMS 0x00000007fe600000| PB 0x00000007fe600000| Complete 
|2036|0x00000007fe800000, 0x00000007fea00000, 0x00000007fea00000|100%| O|  |TAMS 0x00000007fea00000| PB 0x00000007fea00000| Updating 
|2037|0x00000007fea00000, 0x00000007fec00000, 0x00000007fec00000|100%| O|  |TAMS 0x00000007fec00000| PB 0x00000007fec00000| Updating 
|2038|0x00000007fec00000, 0x00000007fee00000, 0x00000007fee00000|100%| O|  |TAMS 0x00000007fee00000| PB 0x00000007fee00000| Updating 
|2039|0x00000007fee00000, 0x00000007ff000000, 0x00000007ff000000|100%| E|CS|TAMS 0x00000007fee00000| PB 0x00000007fee00000| Complete 
|2040|0x00000007ff000000, 0x00000007ff200000, 0x00000007ff200000|100%| O|  |TAMS 0x00000007ff200000| PB 0x00000007ff200000| Updating 
|2041|0x00000007ff200000, 0x00000007ff400000, 0x00000007ff400000|100%| E|CS|TAMS 0x00000007ff200000| PB 0x00000007ff200000| Complete 
|2042|0x00000007ff400000, 0x00000007ff600000, 0x00000007ff600000|100%| E|CS|TAMS 0x00000007ff400000| PB 0x00000007ff400000| Complete 
|2043|0x00000007ff600000, 0x00000007ff800000, 0x00000007ff800000|100%| E|CS|TAMS 0x00000007ff600000| PB 0x00000007ff600000| Complete 
|2044|0x00000007ff800000, 0x00000007ffa00000, 0x00000007ffa00000|100%| O|  |TAMS 0x00000007ffa00000| PB 0x00000007ffa00000| Updating 
|2045|0x00000007ffa00000, 0x00000007ffc00000, 0x00000007ffc00000|100%| E|CS|TAMS 0x00000007ffa00000| PB 0x00000007ffa00000| Complete 
|2046|0x00000007ffc00000, 0x00000007ffe00000, 0x00000007ffe00000|100%| E|CS|TAMS 0x00000007ffc00000| PB 0x00000007ffc00000| Complete 
|2047|0x00000007ffe00000, 0x0000000800000000, 0x0000000800000000|100%| O|  |TAMS 0x0000000800000000| PB 0x0000000800000000| Updating 

Card table byte_map: [0x00000211f80d0000,0x00000211f88d0000] _byte_map_base: 0x00000211f48d0000

Marking Bits: (CMBitMap*) 0x00000211ed20d2b0
 Bits: [0x00000211f88d0000, 0x00000211fc8d0000)

Polling page: 0x00000211ece70000

Metaspace:

Usage:
  Non-class:    241.38 MB used.
      Class:     35.55 MB used.
       Both:    276.93 MB used.

Virtual space:
  Non-class space:      256.00 MB reserved,     243.62 MB ( 95%) committed,  4 nodes.
      Class space:      832.00 MB reserved,      37.62 MB (  5%) committed,  1 nodes.
             Both:        1.06 GB reserved,     281.25 MB ( 26%) committed. 

Chunk freelists:
   Non-Class:  12.09 MB
       Class:  10.37 MB
        Both:  22.46 MB

MaxMetaspaceSize: 1.00 GB
CompressedClassSpaceSize: 832.00 MB
Initial GC threshold: 21.00 MB
Current GC threshold: 455.88 MB
CDS: on
 - commit_granule_bytes: 65536.
 - commit_granule_words: 8192.
 - virtual_space_node_default_size: 8388608.
 - enlarge_chunks_in_place: 1.
 - use_allocation_guard: 0.


Internal statistics:

num_allocs_failed_limit: 12.
num_arena_births: 7352.
num_arena_deaths: 148.
num_vsnodes_births: 5.
num_vsnodes_deaths: 0.
num_space_committed: 4494.
num_space_uncommitted: 0.
num_chunks_returned_to_freelist: 240.
num_chunks_taken_from_freelist: 20379.
num_chunk_merges: 111.
num_chunk_splits: 13688.
num_chunks_enlarged: 8862.
num_inconsistent_stats: 0.

CodeHeap 'non-profiled nmethods': size=120000Kb used=20780Kb max_used=28803Kb free=99220Kb
 bounds [0x0000021187ad0000, 0x0000021189700000, 0x000002118f000000]
CodeHeap 'profiled nmethods': size=120000Kb used=30405Kb max_used=51361Kb free=89595Kb
 bounds [0x0000021180000000, 0x0000021183230000, 0x0000021187530000]
CodeHeap 'non-nmethods': size=5760Kb used=3823Kb max_used=3920Kb free=1937Kb
 bounds [0x0000021187530000, 0x0000021187930000, 0x0000021187ad0000]
 total_blobs=18842 nmethods=17456 adapters=1287
 compilation: enabled
              stopped_count=0, restarted_count=0
 full_count=0

Compilation events (20 events):
Event: 1816.471 Thread 0x00000211ff54c880 55167       3       com.android.tools.r8.internal.d00::a (39 bytes)
Event: 1816.471 Thread 0x00000211ff54c880 nmethod 55167 0x0000021181e3db90 code [0x0000021181e3ddc0, 0x0000021181e3e670]
Event: 1816.506 Thread 0x00000211ff54c880 55168       2       com.android.tools.r8.internal.xa::a (41 bytes)
Event: 1816.507 Thread 0x00000211ff54c880 nmethod 55168 0x0000021181e3d510 code [0x0000021181e3d700, 0x0000021181e3d9b0]
Event: 1816.507 Thread 0x00000211ff54c880 55170       3       com.android.tools.r8.internal.xT::b (109 bytes)
Event: 1816.508 Thread 0x00000211ff54c880 nmethod 55170 0x0000021181e3c410 code [0x0000021181e3c6c0, 0x0000021181e3d130]
Event: 1816.508 Thread 0x00000211ff54c880 55169       2       com.android.tools.r8.internal.nB::a (75 bytes)
Event: 1816.508 Thread 0x00000211ff54c880 nmethod 55169 0x0000021181e3ba90 code [0x0000021181e3bca0, 0x0000021181e3c000]
Event: 1816.510 Thread 0x00000211ff54c880 55172       2       com.android.tools.r8.internal.UZ::a (20 bytes)
Event: 1816.510 Thread 0x00000211ff54c880 nmethod 55172 0x000002118244a710 code [0x000002118244a8c0, 0x000002118244aa80]
Event: 1816.510 Thread 0x00000211ff54c880 55173       2       com.android.tools.r8.internal.xT::a (105 bytes)
Event: 1816.511 Thread 0x00000211ff54c880 nmethod 55173 0x0000021182449f90 code [0x000002118244a180, 0x000002118244a540]
Event: 1816.547 Thread 0x00000211d78c18d0 nmethod 54951 0x0000021188da2490 code [0x0000021188da2c80, 0x0000021188da90e0]
Event: 1816.547 Thread 0x00000211d78c18d0 55013       4       com.android.tools.r8.internal.hB::a (597 bytes)
Event: 1816.551 Thread 0x00000211ff54c880 55176       3       com.android.tools.r8.internal.Hp0::a (41 bytes)
Event: 1816.552 Thread 0x00000211ff54c880 nmethod 55176 0x0000021182449290 code [0x00000211824494c0, 0x0000021182449c88]
Event: 1816.556 Thread 0x00000211d78c1fa0 nmethod 55089 0x0000021187d48790 code [0x0000021187d48c20, 0x0000021187d4c0f0]
Event: 1816.556 Thread 0x00000211d78c1fa0 55152       4       com.android.tools.r8.internal.ob::<init> (224 bytes)
Event: 1816.576 Thread 0x00000211d78c1fa0 nmethod 55152 0x0000021188aa5e10 code [0x0000021188aa6060, 0x0000021188aa6f50]
Event: 1816.576 Thread 0x00000211d78c1fa0 54971       4       com.android.tools.r8.internal.qH::a (170 bytes)

GC Heap History (20 events):
Event: 1799.719 GC heap before
{Heap before GC invocations=90 (full 0):
 garbage-first heap   total 1230848K, used 903168K [0x0000000700000000, 0x0000000800000000)
  region size 2048K, 105 young (215040K), 23 survivors (47104K)
 Metaspace       used 222222K, committed 226496K, reserved 1048576K
  class space    used 28638K, committed 30720K, reserved 851968K
}
Event: 1799.756 GC heap after
{Heap after GC invocations=91 (full 0):
 garbage-first heap   total 1230848K, used 785351K [0x0000000700000000, 0x0000000800000000)
  region size 2048K, 21 young (43008K), 21 survivors (43008K)
 Metaspace       used 222222K, committed 226496K, reserved 1048576K
  class space    used 28638K, committed 30720K, reserved 851968K
}
Event: 1801.107 GC heap before
{Heap before GC invocations=92 (full 0):
 garbage-first heap   total 1513472K, used 1080263K [0x0000000700000000, 0x0000000800000000)
  region size 2048K, 163 young (333824K), 21 survivors (43008K)
 Metaspace       used 233725K, committed 238016K, reserved 1114112K
  class space    used 29976K, committed 32064K, reserved 851968K
}
Event: 1801.155 GC heap after
{Heap after GC invocations=93 (full 0):
 garbage-first heap   total 1513472K, used 834560K [0x0000000700000000, 0x0000000800000000)
  region size 2048K, 21 young (43008K), 21 survivors (43008K)
 Metaspace       used 233725K, committed 238016K, reserved 1114112K
  class space    used 29976K, committed 32064K, reserved 851968K
}
Event: 1801.576 GC heap before
{Heap before GC invocations=93 (full 0):
 garbage-first heap   total 1513472K, used 1281024K [0x0000000700000000, 0x0000000800000000)
  region size 2048K, 239 young (489472K), 21 survivors (43008K)
 Metaspace       used 235296K, committed 239616K, reserved 1114112K
  class space    used 30127K, committed 32192K, reserved 851968K
}
Event: 1801.621 GC heap after
{Heap after GC invocations=94 (full 0):
 garbage-first heap   total 1513472K, used 837452K [0x0000000700000000, 0x0000000800000000)
  region size 2048K, 9 young (18432K), 9 survivors (18432K)
 Metaspace       used 235296K, committed 239616K, reserved 1114112K
  class space    used 30127K, committed 32192K, reserved 851968K
}
Event: 1801.770 GC heap before
{Heap before GC invocations=94 (full 0):
 garbage-first heap   total 1513472K, used 1306444K [0x0000000700000000, 0x0000000800000000)
  region size 2048K, 238 young (487424K), 9 survivors (18432K)
 Metaspace       used 235919K, committed 240192K, reserved 1114112K
  class space    used 30183K, committed 32256K, reserved 851968K
}
Event: 1801.782 GC heap after
{Heap after GC invocations=95 (full 0):
 garbage-first heap   total 1941504K, used 845644K [0x0000000700000000, 0x0000000800000000)
  region size 2048K, 13 young (26624K), 13 survivors (26624K)
 Metaspace       used 235919K, committed 240192K, reserved 1114112K
  class space    used 30183K, committed 32256K, reserved 851968K
}
Event: 1803.789 GC heap before
{Heap before GC invocations=96 (full 0):
 garbage-first heap   total 2390016K, used 1634124K [0x0000000700000000, 0x0000000800000000)
  region size 2048K, 390 young (798720K), 13 survivors (26624K)
 Metaspace       used 247343K, committed 251648K, reserved 1114112K
  class space    used 31744K, committed 33856K, reserved 851968K
}
Event: 1803.825 GC heap after
{Heap after GC invocations=97 (full 0):
 garbage-first heap   total 2390016K, used 905036K [0x0000000700000000, 0x0000000800000000)
  region size 2048K, 39 young (79872K), 39 survivors (79872K)
 Metaspace       used 247343K, committed 251648K, reserved 1114112K
  class space    used 31744K, committed 33856K, reserved 851968K
}
Event: 1807.249 GC heap before
{Heap before GC invocations=97 (full 0):
 garbage-first heap   total 2390016K, used 2162508K [0x0000000700000000, 0x0000000800000000)
  region size 2048K, 650 young (1331200K), 39 survivors (79872K)
 Metaspace       used 264731K, committed 269056K, reserved 1114112K
  class space    used 34073K, committed 36160K, reserved 851968K
}
Event: 1807.341 GC heap after
{Heap after GC invocations=98 (full 0):
 garbage-first heap   total 2390016K, used 1008088K [0x0000000700000000, 0x0000000800000000)
  region size 2048K, 82 young (167936K), 82 survivors (167936K)
 Metaspace       used 264731K, committed 269056K, reserved 1114112K
  class space    used 34073K, committed 36160K, reserved 851968K
}
Event: 1808.453 GC heap before
{Heap before GC invocations=98 (full 0):
 garbage-first heap   total 2390016K, used 1618392K [0x0000000700000000, 0x0000000800000000)
  region size 2048K, 382 young (782336K), 82 survivors (167936K)
 Metaspace       used 274657K, committed 278976K, reserved 1114112K
  class space    used 34922K, committed 36992K, reserved 851968K
}
Event: 1808.538 GC heap after
{Heap after GC invocations=99 (full 0):
 garbage-first heap   total 2390016K, used 1076224K [0x0000000700000000, 0x0000000800000000)
  region size 2048K, 33 young (67584K), 33 survivors (67584K)
 Metaspace       used 274657K, committed 278976K, reserved 1114112K
  class space    used 34922K, committed 36992K, reserved 851968K
}
Event: 1811.473 GC heap before
{Heap before GC invocations=100 (full 0):
 garbage-first heap   total 2390016K, used 2069504K [0x0000000700000000, 0x0000000800000000)
  region size 2048K, 514 young (1052672K), 33 survivors (67584K)
 Metaspace       used 279349K, committed 283712K, reserved 1114112K
  class space    used 35755K, committed 37888K, reserved 851968K
}
Event: 1811.544 GC heap after
{Heap after GC invocations=101 (full 0):
 garbage-first heap   total 2390016K, used 1169408K [0x0000000700000000, 0x0000000800000000)
  region size 2048K, 65 young (133120K), 65 survivors (133120K)
 Metaspace       used 279349K, committed 283712K, reserved 1114112K
  class space    used 35755K, committed 37888K, reserved 851968K
}
Event: 1814.696 GC heap before
{Heap before GC invocations=101 (full 0):
 garbage-first heap   total 2390016K, used 2140160K [0x0000000700000000, 0x0000000800000000)
  region size 2048K, 524 young (1073152K), 65 survivors (133120K)
 Metaspace       used 282261K, committed 286656K, reserved 1114112K
  class space    used 36235K, committed 38336K, reserved 851968K
}
Event: 1814.793 GC heap after
{Heap after GC invocations=102 (full 0):
 garbage-first heap   total 2390016K, used 1229824K [0x0000000700000000, 0x0000000800000000)
  region size 2048K, 26 young (53248K), 26 survivors (53248K)
 Metaspace       used 282261K, committed 286656K, reserved 1114112K
  class space    used 36235K, committed 38336K, reserved 851968K
}
Event: 1815.696 GC heap before
{Heap before GC invocations=102 (full 0):
 garbage-first heap   total 2390016K, used 2145280K [0x0000000700000000, 0x0000000800000000)
  region size 2048K, 474 young (970752K), 26 survivors (53248K)
 Metaspace       used 283627K, committed 288000K, reserved 1114112K
  class space    used 36426K, committed 38528K, reserved 851968K
}
Event: 1815.737 GC heap after
{Heap after GC invocations=103 (full 0):
 garbage-first heap   total 2390016K, used 1240064K [0x0000000700000000, 0x0000000800000000)
  region size 2048K, 31 young (63488K), 31 survivors (63488K)
 Metaspace       used 283627K, committed 288000K, reserved 1114112K
  class space    used 36426K, committed 38528K, reserved 851968K
}

Dll operation events (17 events):
Event: 0.006 Loaded shared library C:\Program Files\Java\jdk-21\bin\java.dll
Event: 0.028 Loaded shared library C:\Program Files\Java\jdk-21\bin\jsvml.dll
Event: 0.051 Loaded shared library C:\Program Files\Java\jdk-21\bin\zip.dll
Event: 0.053 Loaded shared library C:\Program Files\Java\jdk-21\bin\instrument.dll
Event: 0.056 Loaded shared library C:\Program Files\Java\jdk-21\bin\net.dll
Event: 0.057 Loaded shared library C:\Program Files\Java\jdk-21\bin\nio.dll
Event: 0.059 Loaded shared library C:\Program Files\Java\jdk-21\bin\zip.dll
Event: 0.158 Loaded shared library C:\Program Files\Java\jdk-21\bin\jimage.dll
Event: 0.222 Loaded shared library C:\Program Files\Java\jdk-21\bin\verify.dll
Event: 0.274 Loaded shared library D:\AndroidStudioProjects\.gradle\native\1def1411415f61bf3af743bc5b6707747c0891f09f0c88961ee8f79bc544acac\windows-amd64\native-platform.dll
Event: 0.282 Loaded shared library D:\AndroidStudioProjects\.gradle\native\0.2.7\x86_64-windows-gnu\gradle-fileevents.dll
Event: 0.764 Loaded shared library C:\Program Files\Java\jdk-21\bin\management.dll
Event: 0.765 Loaded shared library C:\Program Files\Java\jdk-21\bin\management_ext.dll
Event: 0.839 Loaded shared library C:\Program Files\Java\jdk-21\bin\extnet.dll
Event: 0.969 Loaded shared library C:\Program Files\Java\jdk-21\bin\sunmscapi.dll
Event: 1781.329 Loaded shared library C:\Program Files\Java\jdk-21\bin\rmi.dll
Event: 1792.751 Loaded shared library C:\Program Files\Java\jdk-21\bin\awt.dll

Deoptimization events (20 events):
Event: 1816.135 Thread 0x00000211d41cb550 DEOPT PACKING pc=0x0000021181833248 sp=0x000000ed50ffe400
Event: 1816.135 Thread 0x00000211d41cb550 DEOPT UNPACKING pc=0x00000211875888e2 sp=0x000000ed50ffd9b0 mode 0
Event: 1816.140 Thread 0x00000211d41cb550 DEOPT PACKING pc=0x0000021181833248 sp=0x000000ed50ffe400
Event: 1816.140 Thread 0x00000211d41cb550 DEOPT UNPACKING pc=0x00000211875888e2 sp=0x000000ed50ffd9b0 mode 0
Event: 1816.142 Thread 0x00000211ce6fe090 Uncommon trap: trap_request=0xffffff45 fr.pc=0x0000021188ae9e90 relative=0x0000000000007a70
Event: 1816.142 Thread 0x00000211ce6fe090 Uncommon trap: reason=unstable_if action=reinterpret pc=0x0000021188ae9e90 method=com.android.tools.r8.internal.nB.a(Lcom/android/tools/r8/graph/K5;Lcom/android/tools/r8/internal/sX$a;)Lcom/android/tools/r8/internal/sB; @ 177 c2
Event: 1816.142 Thread 0x00000211ce6fe090 DEOPT PACKING pc=0x0000021188ae9e90 sp=0x000000ed52efee80
Event: 1816.142 Thread 0x00000211ce6fe090 DEOPT UNPACKING pc=0x0000021187587da2 sp=0x000000ed52efee90 mode 2
Event: 1816.145 Thread 0x00000211d41cb550 DEOPT PACKING pc=0x0000021181833248 sp=0x000000ed50ffe480
Event: 1816.145 Thread 0x00000211d41cb550 DEOPT UNPACKING pc=0x00000211875888e2 sp=0x000000ed50ffda30 mode 0
Event: 1816.147 Thread 0x00000211d41cb550 DEOPT PACKING pc=0x0000021181833248 sp=0x000000ed50ffe480
Event: 1816.147 Thread 0x00000211d41cb550 DEOPT UNPACKING pc=0x00000211875888e2 sp=0x000000ed50ffda30 mode 0
Event: 1816.151 Thread 0x00000211d41cb550 DEOPT PACKING pc=0x0000021181833248 sp=0x000000ed50ffe480
Event: 1816.151 Thread 0x00000211d41cb550 DEOPT UNPACKING pc=0x00000211875888e2 sp=0x000000ed50ffda30 mode 0
Event: 1816.153 Thread 0x00000211d41cb550 DEOPT PACKING pc=0x0000021181833248 sp=0x000000ed50ffe480
Event: 1816.153 Thread 0x00000211d41cb550 DEOPT UNPACKING pc=0x00000211875888e2 sp=0x000000ed50ffda30 mode 0
Event: 1816.156 Thread 0x00000211d41cb550 DEOPT PACKING pc=0x0000021181833248 sp=0x000000ed50ffe480
Event: 1816.156 Thread 0x00000211d41cb550 DEOPT UNPACKING pc=0x00000211875888e2 sp=0x000000ed50ffda30 mode 0
Event: 1816.159 Thread 0x00000211d41cb550 DEOPT PACKING pc=0x0000021181833248 sp=0x000000ed50ffe480
Event: 1816.159 Thread 0x00000211d41cb550 DEOPT UNPACKING pc=0x00000211875888e2 sp=0x000000ed50ffda30 mode 0

Classes loaded (20 events):
Event: 1807.667 Loading class java/util/Copy
Event: 1807.667 Loading class java/util/Copy done
Event: 1807.667 Loading class java/io/Copy
Event: 1807.667 Loading class java/io/Copy done
Event: 1807.667 Loading class java/net/Copy
Event: 1807.667 Loading class java/net/Copy done
Event: 1808.271 Loading class java/util/EnumMap$Values
Event: 1808.272 Loading class java/util/EnumMap$Values done
Event: 1808.272 Loading class java/util/EnumMap$ValueIterator
Event: 1808.272 Loading class java/util/EnumMap$ValueIterator done
Event: 1808.275 Loading class java/nio/file/ProviderNotFoundException
Event: 1808.275 Loading class java/nio/file/ProviderNotFoundException done
Event: 1812.342 Loading class java/util/IdentityHashMap$EntryIterator
Event: 1812.343 Loading class java/util/IdentityHashMap$EntryIterator done
Event: 1812.345 Loading class java/util/IdentityHashMap$EntryIterator$Entry
Event: 1812.345 Loading class java/util/IdentityHashMap$EntryIterator$Entry done
Event: 1814.095 Loading class java/util/ArrayDeque$DescendingIterator
Event: 1814.096 Loading class java/util/ArrayDeque$DescendingIterator done
Event: 1814.857 Loading class java/util/concurrent/ConcurrentHashMap$KeySpliterator
Event: 1814.859 Loading class java/util/concurrent/ConcurrentHashMap$KeySpliterator done

Classes unloaded (20 events):
Event: 1816.581 Thread 0x00000211ff50d2a0 Unloading class 0x00000211924ce000 'java/lang/invoke/LambdaForm$DMH+0x00000211924ce000'
Event: 1816.581 Thread 0x00000211ff50d2a0 Unloading class 0x00000211924ce400 'java/lang/invoke/LambdaForm$DMH+0x00000211924ce400'
Event: 1816.581 Thread 0x00000211ff50d2a0 Unloading class 0x00000211924cdc00 'java/lang/invoke/LambdaForm$DMH+0x00000211924cdc00'
Event: 1816.581 Thread 0x00000211ff50d2a0 Unloading class 0x00000211924cd800 'java/lang/invoke/LambdaForm$DMH+0x00000211924cd800'
Event: 1816.581 Thread 0x00000211ff50d2a0 Unloading class 0x00000211924cd000 'java/lang/invoke/LambdaForm$DMH+0x00000211924cd000'
Event: 1816.581 Thread 0x00000211ff50d2a0 Unloading class 0x00000211924cd400 'java/lang/invoke/LambdaForm$DMH+0x00000211924cd400'
Event: 1816.581 Thread 0x00000211ff50d2a0 Unloading class 0x00000211924ccc00 'java/lang/invoke/LambdaForm$DMH+0x00000211924ccc00'
Event: 1816.581 Thread 0x00000211ff50d2a0 Unloading class 0x00000211924cc400 'java/lang/invoke/LambdaForm$DMH+0x00000211924cc400'
Event: 1816.581 Thread 0x00000211ff50d2a0 Unloading class 0x00000211924cc000 'java/lang/invoke/LambdaForm$DMH+0x00000211924cc000'
Event: 1816.581 Thread 0x00000211ff50d2a0 Unloading class 0x00000211924c6800 'java/lang/invoke/LambdaForm$DMH+0x00000211924c6800'
Event: 1816.581 Thread 0x00000211ff50d2a0 Unloading class 0x00000211924c6400 'java/lang/invoke/LambdaForm$DMH+0x00000211924c6400'
Event: 1816.581 Thread 0x00000211ff50d2a0 Unloading class 0x00000211924c6000 'java/lang/invoke/LambdaForm$DMH+0x00000211924c6000'
Event: 1816.581 Thread 0x00000211ff50d2a0 Unloading class 0x00000211924c5c00 'java/lang/invoke/LambdaForm$DMH+0x00000211924c5c00'
Event: 1816.581 Thread 0x00000211ff50d2a0 Unloading class 0x00000211924c5800 'java/lang/invoke/LambdaForm$DMH+0x00000211924c5800'
Event: 1816.581 Thread 0x00000211ff50d2a0 Unloading class 0x00000211924c6c00 'java/lang/invoke/LambdaForm$DMH+0x00000211924c6c00'
Event: 1816.581 Thread 0x00000211ff50d2a0 Unloading class 0x00000211924c5400 'java/lang/invoke/LambdaForm$DMH+0x00000211924c5400'
Event: 1816.581 Thread 0x00000211ff50d2a0 Unloading class 0x00000211924c4c00 'java/lang/invoke/LambdaForm$DMH+0x00000211924c4c00'
Event: 1816.581 Thread 0x00000211ff50d2a0 Unloading class 0x00000211924c5000 'java/lang/invoke/LambdaForm$DMH+0x00000211924c5000'
Event: 1816.581 Thread 0x00000211ff50d2a0 Unloading class 0x00000211924c4800 'java/lang/invoke/LambdaForm$DMH+0x00000211924c4800'
Event: 1816.581 Thread 0x00000211ff50d2a0 Unloading class 0x00000211924c4400 'java/lang/invoke/LambdaForm$DMH+0x00000211924c4400'

Classes redefined (0 events):
No events

Internal exceptions (20 events):
Event: 1813.652 Thread 0x00000211eaddd210 Exception <a 'java/lang/IncompatibleClassChangeError'{0x0000000783daa508}: Found class java.lang.Object, but interface was expected> (0x0000000783daa508) 
thrown [s\open\src\hotspot\share\interpreter\linkResolver.cpp, line 840]
Event: 1813.652 Thread 0x00000211d7671940 Exception <a 'java/lang/IncompatibleClassChangeError'{0x00000007824aded0}: Found class java.lang.Object, but interface was expected> (0x00000007824aded0) 
thrown [s\open\src\hotspot\share\interpreter\linkResolver.cpp, line 840]
Event: 1813.652 Thread 0x00000211d41cb550 Exception <a 'java/lang/IncompatibleClassChangeError'{0x00000007839b2a68}: Found class java.lang.Object, but interface was expected> (0x00000007839b2a68) 
thrown [s\open\src\hotspot\share\interpreter\linkResolver.cpp, line 840]
Event: 1813.653 Thread 0x0000021210587710 Exception <a 'java/lang/IncompatibleClassChangeError'{0x00000007843eb830}: Found class java.lang.Object, but interface was expected> (0x00000007843eb830) 
thrown [s\open\src\hotspot\share\interpreter\linkResolver.cpp, line 840]
Event: 1813.653 Thread 0x00000211d7671940 Exception <a 'java/lang/IncompatibleClassChangeError'{0x00000007824b1590}: Found class java.lang.Object, but interface was expected> (0x00000007824b1590) 
thrown [s\open\src\hotspot\share\interpreter\linkResolver.cpp, line 840]
Event: 1813.653 Thread 0x00000211d72c0fc0 Exception <a 'java/lang/IncompatibleClassChangeError'{0x0000000782fef9a0}: Found class java.lang.Object, but interface was expected> (0x0000000782fef9a0) 
thrown [s\open\src\hotspot\share\interpreter\linkResolver.cpp, line 840]
Event: 1813.653 Thread 0x00000211d41cb550 Exception <a 'java/lang/IncompatibleClassChangeError'{0x00000007839b6128}: Found class java.lang.Object, but interface was expected> (0x00000007839b6128) 
thrown [s\open\src\hotspot\share\interpreter\linkResolver.cpp, line 840]
Event: 1813.653 Thread 0x00000211eaddd210 Exception <a 'java/lang/IncompatibleClassChangeError'{0x0000000783dadbc8}: Found class java.lang.Object, but interface was expected> (0x0000000783dadbc8) 
thrown [s\open\src\hotspot\share\interpreter\linkResolver.cpp, line 840]
Event: 1813.654 Thread 0x00000211d72c2370 Exception <a 'java/lang/IncompatibleClassChangeError'{0x00000007826f0558}: Found class java.lang.Object, but interface was expected> (0x00000007826f0558) 
thrown [s\open\src\hotspot\share\interpreter\linkResolver.cpp, line 840]
Event: 1814.033 Thread 0x00000211ce6fe090 Implicit null exception at 0x00000211889b273b to 0x00000211889b3298
Event: 1814.033 Thread 0x00000211d72c2370 Implicit null exception at 0x00000211889b273b to 0x00000211889b3298
Event: 1814.033 Thread 0x00000211eaddd210 Implicit null exception at 0x00000211889b273b to 0x00000211889b3298
Event: 1814.033 Thread 0x00000211ce6fedb0 Implicit null exception at 0x00000211889b273b to 0x00000211889b3298
Event: 1814.033 Thread 0x00000212110937c0 Implicit null exception at 0x00000211889b273b to 0x00000211889b3298
Event: 1814.033 Thread 0x0000021210587710 Implicit null exception at 0x00000211889b273b to 0x00000211889b3298
Event: 1814.033 Thread 0x00000211d540c020 Implicit null exception at 0x00000211889b273b to 0x00000211889b3298
Event: 1814.033 Thread 0x00000211d72c3db0 Implicit null exception at 0x00000211889b273b to 0x00000211889b3298
Event: 1814.062 Thread 0x0000021210587710 Implicit null exception at 0x0000021188cae1a0 to 0x0000021188cae80c
Event: 1814.972 Thread 0x00000211ce6ffad0 Exception <a 'java/lang/IncompatibleClassChangeError'{0x00000007f81a0ac0}: Found class java.lang.Object, but interface was expected> (0x00000007f81a0ac0) 
thrown [s\open\src\hotspot\share\interpreter\linkResolver.cpp, line 840]
Event: 1815.010 Thread 0x0000021210587710 Exception <a 'java/lang/NoSuchMethodError'{0x00000007f82c4f40}: 'java.lang.Object java.lang.invoke.DirectMethodHandle$Holder.invokeStatic(java.lang.Object, java.lang.Object, java.lang.Object, long)'> (0x00000007f82c4f40) 
thrown [s\open\src\hotspot\share\interpreter\linkResolver.cpp, line 773]

ZGC Phase Switch (0 events):
No events

VM Operations (20 events):
Event: 1814.992 Executing VM operation: ICBufferFull done
Event: 1814.992 Executing VM operation: ICBufferFull
Event: 1815.008 Executing VM operation: ICBufferFull done
Event: 1815.008 Executing VM operation: ICBufferFull
Event: 1815.008 Executing VM operation: ICBufferFull done
Event: 1815.008 Executing VM operation: ICBufferFull
Event: 1815.008 Executing VM operation: ICBufferFull done
Event: 1815.009 Executing VM operation: ICBufferFull
Event: 1815.009 Executing VM operation: ICBufferFull done
Event: 1815.009 Executing VM operation: ICBufferFull
Event: 1815.010 Executing VM operation: ICBufferFull done
Event: 1815.010 Executing VM operation: HandshakeAllThreads (Deoptimize)
Event: 1815.010 Executing VM operation: HandshakeAllThreads (Deoptimize) done
Event: 1815.166 Executing VM operation: HandshakeAllThreads (Deoptimize)
Event: 1815.179 Executing VM operation: HandshakeAllThreads (Deoptimize) done
Event: 1815.332 Executing VM operation: ICBufferFull
Event: 1815.334 Executing VM operation: ICBufferFull done
Event: 1815.696 Executing VM operation: G1CollectForAllocation (G1 Evacuation Pause)
Event: 1815.738 Executing VM operation: G1CollectForAllocation (G1 Evacuation Pause) done
Event: 1816.580 Executing VM operation: G1PauseRemark

Events (20 events):
Event: 1816.651 Thread 0x00000211ff50d2a0 flushing nmethod 0x0000021187b27410
Event: 1816.651 Thread 0x00000211ff50d2a0 flushing nmethod 0x0000021187b26a90
Event: 1816.651 Thread 0x00000211ff50d2a0 flushing nmethod 0x0000021187b26790
Event: 1816.651 Thread 0x00000211ff50d2a0 flushing nmethod 0x0000021187b1eb90
Event: 1816.651 Thread 0x00000211ff50d2a0 flushing nmethod 0x0000021187b08410
Event: 1816.651 Thread 0x00000211ff50d2a0 flushing nmethod 0x0000021187b0c690
Event: 1816.651 Thread 0x00000211ff50d2a0 flushing nmethod 0x0000021187b02e10
Event: 1816.651 Thread 0x00000211ff50d2a0 flushing nmethod 0x0000021187b14710
Event: 1816.651 Thread 0x00000211ff50d2a0 flushing nmethod 0x0000021187b01810
Event: 1816.651 Thread 0x00000211ff50d2a0 flushing nmethod 0x0000021187add110
Event: 1816.651 Thread 0x00000211ff50d2a0 flushing nmethod 0x0000021187aef590
Event: 1816.651 Thread 0x00000211ff50d2a0 flushing nmethod 0x0000021187adc510
Event: 1816.651 Thread 0x00000211ff50d2a0 flushing nmethod 0x0000021187ae8390
Event: 1816.651 Thread 0x00000211ff50d2a0 flushing nmethod 0x0000021187ad8c10
Event: 1816.651 Thread 0x00000211ff50d2a0 flushing nmethod 0x0000021187ae7d90
Event: 1816.651 Thread 0x00000211ff50d2a0 flushing nmethod 0x0000021187aeaa90
Event: 1816.651 Thread 0x00000211ff50d2a0 flushing nmethod 0x0000021187ae6490
Event: 1816.651 Thread 0x00000211ff50d2a0 flushing nmethod 0x0000021187ad7690
Event: 1816.651 Thread 0x00000211ff50d2a0 flushing nmethod 0x0000021187adf890
Event: 1816.651 Thread 0x00000211ff50d2a0 flushing nmethod 0x0000021187ae5a90


Dynamic libraries:
0x00007ff701f80000 - 0x00007ff701f90000 	C:\Program Files\Java\jdk-21\bin\java.exe
0x00007ffa75a60000 - 0x00007ffa75cc6000 	C:\WINDOWS\SYSTEM32\ntdll.dll
0x00007ffa747b0000 - 0x00007ffa74879000 	C:\WINDOWS\System32\KERNEL32.DLL
0x00007ffa73010000 - 0x00007ffa7340a000 	C:\WINDOWS\System32\KERNELBASE.dll
0x00007ffa734c0000 - 0x00007ffa7360c000 	C:\WINDOWS\System32\ucrtbase.dll
0x00007ffa47040000 - 0x00007ffa47059000 	C:\Program Files\Java\jdk-21\bin\jli.dll
0x00007ffa44d10000 - 0x00007ffa44d2b000 	C:\Program Files\Java\jdk-21\bin\VCRUNTIME140.dll
0x00007ffa75660000 - 0x00007ffa75716000 	C:\WINDOWS\System32\ADVAPI32.dll
0x00007ffa73b30000 - 0x00007ffa73bd9000 	C:\WINDOWS\System32\msvcrt.dll
0x00007ffa73f00000 - 0x00007ffa73faa000 	C:\WINDOWS\System32\sechost.dll
0x00007ffa749c0000 - 0x00007ffa74ad8000 	C:\WINDOWS\System32\RPCRT4.dll
0x00007ffa73ff0000 - 0x00007ffa741b7000 	C:\WINDOWS\System32\USER32.dll
0x00007ffa72fe0000 - 0x00007ffa73007000 	C:\WINDOWS\System32\win32u.dll
0x00007ffa57fa0000 - 0x00007ffa58232000 	C:\WINDOWS\WinSxS\amd64_microsoft.windows.common-controls_6595b64144ccf1df_6.0.26100.8521_none_3e08b75ce33403b3\COMCTL32.dll
0x00007ffa73fc0000 - 0x00007ffa73feb000 	C:\WINDOWS\System32\GDI32.dll
0x00007ffa736a0000 - 0x00007ffa737cb000 	C:\WINDOWS\System32\gdi32full.dll
0x00007ffa72cf0000 - 0x00007ffa72d93000 	C:\WINDOWS\System32\msvcp_win.dll
0x00007ffa682e0000 - 0x00007ffa682eb000 	C:\WINDOWS\SYSTEM32\VERSION.dll
0x00007ffa737d0000 - 0x00007ffa73802000 	C:\WINDOWS\System32\IMM32.DLL
0x00007ffa6cf50000 - 0x00007ffa6cf5c000 	C:\Program Files\Java\jdk-21\bin\vcruntime140_1.dll
0x00007ffa2dca0000 - 0x00007ffa2dd2e000 	C:\Program Files\Java\jdk-21\bin\msvcp140.dll
0x00007ff99ebe0000 - 0x00007ff99f8f7000 	C:\Program Files\Java\jdk-21\bin\server\jvm.dll
0x00007ffa75990000 - 0x00007ffa75a10000 	C:\WINDOWS\System32\WS2_32.dll
0x00007ffa718c0000 - 0x00007ffa7191e000 	C:\WINDOWS\SYSTEM32\POWRPROF.dll
0x00007ffa63c60000 - 0x00007ffa63c96000 	C:\WINDOWS\SYSTEM32\WINMM.dll
0x00007ffa718a0000 - 0x00007ffa718b4000 	C:\WINDOWS\SYSTEM32\UMPDC.dll
0x00007ffa71ba0000 - 0x00007ffa71bbb000 	C:\WINDOWS\SYSTEM32\kernel.appcore.dll
0x00007ffa69cc0000 - 0x00007ffa69cca000 	C:\Program Files\Java\jdk-21\bin\jimage.dll
0x00007ffa702f0000 - 0x00007ffa70532000 	C:\WINDOWS\SYSTEM32\DBGHELP.DLL
0x00007ffa74b40000 - 0x00007ffa74ec3000 	C:\WINDOWS\System32\combase.dll
0x00007ffa73e20000 - 0x00007ffa73ef9000 	C:\WINDOWS\System32\OLEAUT32.dll
0x00007ffa4b600000 - 0x00007ffa4b63b000 	C:\WINDOWS\SYSTEM32\dbgcore.DLL
0x00007ffa73410000 - 0x00007ffa734b8000 	C:\WINDOWS\System32\bcryptPrimitives.dll
0x00007ffa3efb0000 - 0x00007ffa3efbf000 	C:\Program Files\Java\jdk-21\bin\instrument.dll
0x00007ffa44cf0000 - 0x00007ffa44d0f000 	C:\Program Files\Java\jdk-21\bin\java.dll
0x00007ffa74ed0000 - 0x00007ffa75654000 	C:\WINDOWS\System32\SHELL32.dll
0x00007ffa708a0000 - 0x00007ffa71120000 	C:\WINDOWS\SYSTEM32\windows.storage.dll
0x00007ffa73a30000 - 0x00007ffa73b26000 	C:\WINDOWS\System32\SHCORE.dll
0x00007ffa74940000 - 0x00007ffa749a7000 	C:\WINDOWS\System32\shlwapi.dll
0x00007ffa72c10000 - 0x00007ffa72c39000 	C:\WINDOWS\SYSTEM32\profapi.dll
0x00007ffa28560000 - 0x00007ffa28637000 	C:\Program Files\Java\jdk-21\bin\jsvml.dll
0x00007ffa3efd0000 - 0x00007ffa3efe8000 	C:\Program Files\Java\jdk-21\bin\zip.dll
0x00007ffa4bad0000 - 0x00007ffa4bae0000 	C:\Program Files\Java\jdk-21\bin\net.dll
0x00007ffa6b2c0000 - 0x00007ffa6b3e9000 	C:\WINDOWS\SYSTEM32\WINHTTP.dll
0x00007ffa72110000 - 0x00007ffa7217c000 	C:\WINDOWS\system32\mswsock.dll
0x00007ffa44cd0000 - 0x00007ffa44ce6000 	C:\Program Files\Java\jdk-21\bin\nio.dll
0x00007ffa46f90000 - 0x00007ffa46fa0000 	C:\Program Files\Java\jdk-21\bin\verify.dll
0x00007ffa0c950000 - 0x00007ffa0c977000 	D:\AndroidStudioProjects\.gradle\native\1def1411415f61bf3af743bc5b6707747c0891f09f0c88961ee8f79bc544acac\windows-amd64\native-platform.dll
0x00007ffa0c8d0000 - 0x00007ffa0c948000 	D:\AndroidStudioProjects\.gradle\native\0.2.7\x86_64-windows-gnu\gradle-fileevents.dll
0x00007ffa46920000 - 0x00007ffa4692a000 	C:\Program Files\Java\jdk-21\bin\management.dll
0x00007ffa44cc0000 - 0x00007ffa44ccb000 	C:\Program Files\Java\jdk-21\bin\management_ext.dll
0x00007ffa749b0000 - 0x00007ffa749b8000 	C:\WINDOWS\System32\PSAPI.DLL
0x00007ffa71570000 - 0x00007ffa715a3000 	C:\WINDOWS\SYSTEM32\IPHLPAPI.DLL
0x00007ffa73840000 - 0x00007ffa7384a000 	C:\WINDOWS\System32\NSI.dll
0x00007ffa3efc0000 - 0x00007ffa3efc9000 	C:\Program Files\Java\jdk-21\bin\extnet.dll
0x00007ffa723f0000 - 0x00007ffa7240b000 	C:\WINDOWS\SYSTEM32\CRYPTSP.dll
0x00007ffa71b00000 - 0x00007ffa71b39000 	C:\WINDOWS\system32\rsaenh.dll
0x00007ffa721c0000 - 0x00007ffa721f3000 	C:\WINDOWS\SYSTEM32\USERENV.dll
0x00007ffa72be0000 - 0x00007ffa72c0a000 	C:\WINDOWS\SYSTEM32\bcrypt.dll
0x00007ffa72410000 - 0x00007ffa7241c000 	C:\WINDOWS\SYSTEM32\CRYPTBASE.dll
0x00007ffa3ef40000 - 0x00007ffa3ef4e000 	C:\Program Files\Java\jdk-21\bin\sunmscapi.dll
0x00007ffa72e60000 - 0x00007ffa72fd8000 	C:\WINDOWS\System32\CRYPT32.dll
0x00007ffa72610000 - 0x00007ffa72640000 	C:\WINDOWS\SYSTEM32\ncrypt.dll
0x00007ffa725c0000 - 0x00007ffa725ff000 	C:\WINDOWS\SYSTEM32\NTASN1.dll
0x00007ffa6cf70000 - 0x00007ffa6cf78000 	C:\WINDOWS\system32\wshunix.dll
0x00007ffa71cc0000 - 0x00007ffa71cf6000 	C:\WINDOWS\SYSTEM32\ntmarta.dll
0x00007ffa4bae0000 - 0x00007ffa4bae7000 	C:\Program Files\Java\jdk-21\bin\rmi.dll
0x00007ffa27870000 - 0x00007ffa279ff000 	C:\Program Files\Java\jdk-21\bin\awt.dll
0x00007ffa6bd00000 - 0x00007ffa6bda0000 	C:\WINDOWS\SYSTEM32\apphelp.dll
0x00007ffa6cfe0000 - 0x00007ffa6d08a000 	C:\WINDOWS\system32\uxtheme.dll
0x00007ffa741c0000 - 0x00007ffa7431d000 	C:\WINDOWS\System32\MSCTF.dll
0x00007ffa73c80000 - 0x00007ffa73e18000 	C:\WINDOWS\System32\ole32.dll

dbghelp: loaded successfully - version: 4.0.5 - missing functions: none
symbol engine: initialized successfully - sym options: 0x614 - pdb path: .;C:\Program Files\Java\jdk-21\bin;C:\WINDOWS\SYSTEM32;C:\WINDOWS\WinSxS\amd64_microsoft.windows.common-controls_6595b64144ccf1df_6.0.26100.8521_none_3e08b75ce33403b3;C:\Program Files\Java\jdk-21\bin\server;D:\AndroidStudioProjects\.gradle\native\1def1411415f61bf3af743bc5b6707747c0891f09f0c88961ee8f79bc544acac\windows-amd64;D:\AndroidStudioProjects\.gradle\native\0.2.7\x86_64-windows-gnu

VM Arguments:
jvm_args: --add-opens=java.base/java.lang=ALL-UNNAMED --add-opens=java.base/java.lang.invoke=ALL-UNNAMED --add-opens=java.base/java.util=ALL-UNNAMED --add-opens=java.prefs/java.util.prefs=ALL-UNNAMED --add-exports=jdk.compiler/com.sun.tools.javac.api=ALL-UNNAMED --add-exports=jdk.compiler/com.sun.tools.javac.util=ALL-UNNAMED --add-opens=java.base/java.util=ALL-UNNAMED --add-opens=java.prefs/java.util.prefs=ALL-UNNAMED --add-opens=java.base/java.nio.charset=ALL-UNNAMED --add-opens=java.base/java.net=ALL-UNNAMED --add-opens=java.base/java.util.concurrent.atomic=ALL-UNNAMED --add-opens=java.xml/javax.xml.namespace=ALL-UNNAMED -XX:MaxMetaspaceSize=1024m -Xmx4096m -Dfile.encoding=UTF-8 -Duser.country=IN -Duser.language=en -Duser.variant -javaagent:D:\AndroidStudioProjects\.gradle\wrapper\dists\gradle-8.13-all\54h0s9kvb6g2sinako7ub77ku\gradle-8.13\lib\agents\gradle-instrumentation-agent-8.13.jar 
java_command: org.gradle.launcher.daemon.bootstrap.GradleDaemon 8.13
java_class_path (initial): D:\AndroidStudioProjects\.gradle\wrapper\dists\gradle-8.13-all\54h0s9kvb6g2sinako7ub77ku\gradle-8.13\lib\gradle-daemon-main-8.13.jar
Launcher Type: SUN_STANDARD

[Global flags]
     intx CICompilerCount                          = 4                                         {product} {ergonomic}
   size_t CompressedClassSpaceSize                 = 872415232                                 {product} {ergonomic}
     uint ConcGCThreads                            = 3                                         {product} {ergonomic}
     uint G1ConcRefinementThreads                  = 10                                        {product} {ergonomic}
   size_t G1HeapRegionSize                         = 2097152                                   {product} {ergonomic}
    uintx GCDrainStackTargetSize                   = 64                                        {product} {ergonomic}
   size_t InitialHeapSize                          = 532676608                                 {product} {ergonomic}
   size_t MarkStackSize                            = 4194304                                   {product} {ergonomic}
   size_t MaxHeapSize                              = 4294967296                                {product} {command line}
   size_t MaxMetaspaceSize                         = 1073741824                                {product} {command line}
   size_t MaxNewSize                               = 2575302656                                {product} {ergonomic}
   size_t MinHeapDeltaBytes                        = 2097152                                   {product} {ergonomic}
   size_t MinHeapSize                              = 8388608                                   {product} {ergonomic}
    uintx NonNMethodCodeHeapSize                   = 5839372                                {pd product} {ergonomic}
    uintx NonProfiledCodeHeapSize                  = 122909434                              {pd product} {ergonomic}
    uintx ProfiledCodeHeapSize                     = 122909434                              {pd product} {ergonomic}
    uintx ReservedCodeCacheSize                    = 251658240                              {pd product} {ergonomic}
     bool SegmentedCodeCache                       = true                                      {product} {ergonomic}
   size_t SoftMaxHeapSize                          = 4294967296                             {manageable} {ergonomic}
     bool UseCompressedOops                        = true                           {product lp64_product} {ergonomic}
     bool UseG1GC                                  = true                                      {product} {ergonomic}
     bool UseLargePagesIndividualAllocation        = false                                  {pd product} {ergonomic}

Logging:
Log output configuration:
 #0: stdout all=warning uptime,level,tags foldmultilines=false
 #1: stderr all=off uptime,level,tags foldmultilines=false

Environment Variables:
JAVA_HOME=C:\Program Files\Java\jdk-21
CLASSPATH=D:\Projects\touch\touch-mobile\android\\gradle\wrapper\gradle-wrapper.jar
PATH=C:\ProgramData\miniconda3\condabin;c:\Users\roybe\AppData\Roaming\Code\User\globalStorage\github.copilot-chat\debugCommand;c:\Users\roybe\AppData\Roaming\Code\User\globalStorage\github.copilot-chat\copilotCli;D:\Program Files (x86)\VMware\VMware Workstation\bin\;D:\Program Files\Eclipse Adoptium\jdk-21.0.5.11-hotspot\bin;C:\Program Files\NVIDIA GPU Computing Toolkit\CUDA\v12.5\bin;C:\Program Files\NVIDIA GPU Computing Toolkit\CUDA\v12.5\libnvvp;C:\Program Files\Python\Python312\Scripts\;C:\Program Files\Python\Python312\;C:\Program Files\Java\jdk-21\bin\;C:\Program Files\Common Files\Oracle\Java\javapath;C:\Program Files (x86)\Common Files\Oracle\Java\javapath;C:\Program Files\NVIDIA GPU Computing Toolkit\CUDA\v10.0\bin;C:\Program Files\NVIDIA GPU Computing Toolkit\CUDA\v10.0\libnvvp;C:\Windows\system32;C:\Windows;C:\Windows\System32\Wbem;C:\Windows\System32\WindowsPowerShell\v1.0\;C:\Windows\System32\OpenSSH\;C:\Program Files (x86)\NVIDIA Corporation\PhysX\Common;C:\Program Files\NVIDIA Corporation\NVIDIA NvDLISR;C:\WINDOWS\system32;C:\WINDOWS;C:\WINDOWS\System32\Wbem;C:\WINDOWS\System32\WindowsPowerShell\v1.0\;C:\WINDOWS\System32\OpenSSH\;C:\Users\indranil.roy\Downloads\platform-tools_r34.0.5-windows\platform-tools;C:\Users\indranil.roy\AppData\Roaming\Python\Python312\Scripts;C:\Program Files\dotnet\;C:\Program Files\NVIDIA Corporation\Nsight Compute 2024.2.1\;C:\Users\roybe\AppData\Roaming\Python\Python312\Scripts;C:\Program Files\Git\cmd;D:\AndroidStudioProjects\chocolatey\bin;C:\ProgramData\miniconda3\Scripts;C:\ProgramData\miniconda3;C:\Program Files (x86)\Google\Cloud SDK\google-cloud-sdk\bin;C:\Program Files\PuTTY\;C:\Program Files (x86)\cloudflared\;C:\Program Files (x86)\cloudflared;C:\Program Files\Go\bin;C:\Program Files\PostgreSQL\17\bin;D:\Program Files\nodejs\;C:\Users\roybe\AppData\Local\Programs\Python\Python38\Scripts\;C:\Users\roybe\AppData\Local\Programs\Python\Python38\;;C:\Program Files\Docker\Docker\resources\bin;C:\Users\roybe\AppData\Local\agy\bin;C:\Users\roybe\AppData\Local\Programs\Python\Python310\Scripts\;C:\Users\roybe\AppData\Local\Programs\Python\Python310\;C:\Users\roybe\AppData\Local\Programs\Python\Python38\Scripts\;C:\Users\roybe\AppData\Local\Programs\Python\Python38\;C:\Users\roybe\AppData\Local\Programs\Python\Python311\Scripts\;C:\Users\roybe\AppData\Local\Programs\Python\Python311\;C:\Users\roybe\AppData\Local\Programs\Python\Python312\Scripts\;C:\Users\roybe\AppData\Local\Programs\Python\Python312\;C:\Users\roybe\AppData\Local\Programs\Python\Launcher\;C:\Users\roybe\AppData\Local\Microsoft\WindowsApps;D:\VS Code\Microsoft VS Code\bin;C:\Users\roybe\AppData\Local\Microsoft\WinGet\Packages\Schniz.fnm_Microsoft.Winget.Source_8wekyb3d8bbwe;D:\VS Code\npm-global\bin;C:\Users\roybe\AppData\Local\Programs\Ollama;D:\MinGW\bin;D:\AndroidStudioProjects\Sdk\platform-tools;C:\Program Files\MongoDB\Server\8.0\bin;D:\Users\roybe\AppData\Local\Programs\mongosh\;C:\Users\roybe\AppData\Local\GitHubDesktop\bin;C:\Users\roybe\go\bin;C:\Program Files\PostgreSQL\17\bin;C:\Users\roybe\AppData\Roaming\npm;D:\Users\roybe\AppData\Local\Programs\Antigravity\bin;C:\Users\roybe\.local\bin;D:\VS Code\npm-global;C:\Users\roybe\AppData\Roaming\npm;C:\Users\roybe\AppData\Local\Microsoft\WinGet\Packages\astral-sh.uv_Microsoft.Winget.Source_8wekyb3d8bbwe;C:\Users\roybe\AppData\Local\Programs\MiKTeX\miktex\bin\x64\;D:\AndroidStudioProjects\Sdk\emulator;C:\Users\roybe\AppData\Local\Programs\Antigravity IDE\bin;c:\Users\roybe\.vscode\extensions\vscjava.vscode-java-debug-0.59.0\bundled\scripts\noConfigScripts
USERNAME=roybe
LANG=en_US.UTF-8
OS=Windows_NT
PROCESSOR_IDENTIFIER=Intel64 Family 6 Model 141 Stepping 1, GenuineIntel
TMP=C:\Users\roybe\AppData\Local\Temp
TEMP=C:\Users\roybe\AppData\Local\Temp




Periodic native trim disabled

---------------  S Y S T E M  ---------------

OS:
 Windows 11 , 64 bit Build 26100 (10.0.26100.8521)
OS uptime: 0 days 20:38 hours
Hyper-V role detected

CPU: total 12 (initial active 12) (6 cores per cpu, 2 threads per core) family 6 model 141 stepping 1 microcode 0x50, cx8, cmov, fxsr, ht, mmx, 3dnowpref, sse, sse2, sse3, ssse3, sse4.1, sse4.2, popcnt, lzcnt, tsc, tscinvbit, avx, avx2, aes, erms, clmul, bmi1, bmi2, adx, avx512f, avx512dq, avx512cd, avx512bw, avx512vl, sha, fma, vzeroupper, avx512_vpopcntdq, avx512_vpclmulqdq, avx512_vaes, avx512_vnni, clflush, clflushopt, clwb, avx512_vbmi2, avx512_vbmi, hv, rdtscp, rdpid, fsrm, gfni, avx512_bitalg, f16c, cet_ibt, cet_ss, avx512_ifma
Processor Information for all 12 processors :
  Max Mhz: 2611, Current Mhz: 2611, Mhz Limit: 2611

Memory: 4k page, system-wide physical 32489M (4411M free)
TotalPageFile size 40355M (AvailPageFile size 776M)
current process WorkingSet (physical memory assigned to process): 3124M, peak: 3131M
current process commit charge ("private bytes"): 3182M, peak: 4336M

vm_info: Java HotSpot(TM) 64-Bit Server VM (21.0.2+13-LTS-58) for windows-amd64 JRE (21.0.2+13-LTS-58), built on 2024-01-05T18:32:24Z by "mach5one" with MS VC++ 17.1 (VS2022)

END.
